from_stop,AE,AG,AL,AO,BI,BQ,BY,CK,CV,DC,DN,DP,DY,EC,EF,EK,EO,EQ,ER,ES,EU,EW,FC,FE,FV,FX,GC,GF,GU,HU,IA,IR,IY,JD,KB,KD,KF,KO,KT,LE,LS,MV,NF,NP,OD,OF,OS,PB,PY,QO,RA,RE,RH,RP,RR,RW,RY,SJ,SR,SU,TD,TH,TT,TW,TZ,UG,UL,UP,UQ,UT,UW,VD,VL,VN,VQ,VS,WB,WL,WU,XP,XV,XX,YL,YN,YO,YQ,YW,ZK,ZS,ZX
AE,0.0,327.9,351.2,128.9,77.7,186.4,311.3,240.2,183.3,216.5,197.8,409.8,133.9,365.7,389.2,176.9,215.0,286.6,130.9,50.7,343.5,358.2,215.9,255.5,420.4,172.4,259.4,111.8,421.9,244.0,212.5,343.2,189.9,305.2,299.2,397.5,351.4,226.9,145.6,248.6,338.7,283.3,47.4,275.6,460.0,190.4,360.4,2036.6,143.5,150.0,272.9,332.2,367.9,208.1,261.5,398.9,194.2,402.2,177.9,372.0,58.9,368.1,158.6,221.7,244.5,426.4,474.1,336.8,155.0,132.3,191.2,250.5,165.3,231.2,347.5,392.0,101.0,132.5,355.7,264.7,290.0,272.9,320.8,382.0,376.0,350.7,184.7,247.9,447.9,200.0
AG,366.7,0.0,379.4,421.0,338.5,394.5,294.2,205.8,184.7,207.2,163.5,292.9,426.0,387.5,367.7,378.2,461.6,128.7,248.4,344.4,343.0,277.5,161.6,237.0,331.7,330.1,247.2,293.4,260.2,158.3,199.9,262.5,270.0,247.9,254.1,411.3,255.2,416.3,262.7,360.2,242.5,332.3,328.1,136.2,330.9,454.2,66.5,2204.3,435.6,236.3,118.6,331.7,367.4,185.4,134.4,326.3,426.3,321.5,234.2,371.5,335.7,251.2,443.9,212.6,288.7,345.7,312.2,256.1,447.1,340.4,207.6,345.9,247.4,163.8,354.0,391.5,386.3,310.3,355.2,390.3,220.4,133.2,318.9,342.0,295.3,408.8,392.8,143.2,340.0,408.1
AL,378.7,315.9,0.0,412.5,379.3,429.1,126.1,235.3,431.4,227.0,445.9,116.5,417.5,44.3,107.8,428.8,453.1,372.5,379.0,335.9,106.6,157.3,320.8,216.5,132.8,415.1,207.7,276.3,154.7,348.9,397.9,142.3,252.9,104.3,98.3,115.2,166.2,463.1,303.2,493.1,153.5,162.3,340.1,196.7,172.4,461.9,265.5,2003.6,427.1,357.5,277.1,40.7,104.5,381.9,318.7,115.9,437.9,93.1,426.0,90.6,327.2,167.2,467.8,232.2,289.7,135.3,186.5,135.9,438.6,433.9,190.5,467.6,382.9,405.0,116.4,119.8,416.2,404.3,92.3,503.9,145.0,349.1,194.7,131.6,95.1,29.3,486.3,301.7,160.3,469.9
AO,133.2,366.8,390.1,0.0,170.1,132.8,348.9,283.1,222.3,255.4,260.0,452.8,5.0,404.8,428.1,116.6,42.8,302.2,193.1,89.6,382.4,397.1,254.8,295.9,459.8,102.9,298.3,122.2,460.8,282.9,288.9,382.1,228.8,344.1,338.1,435.5,391.6,101.7,177.1,130.3,377.6,322.2,134.2,315.5,498.9,51.6,380.9,1927.2,14.5,227.0,311.8,371.7,406.7,289.6,300.4,437.8,75.4,441.1,240.1,410.4,95.3,407.5,80.3,260.6,283.4,465.3,512.6,375.7,26.0,169.9,230.1,113.6,242.3,312.5,386.4,430.9,84.0,192.2,394.6,86.0,328.9,283.1,360.3,420.9,414.9,389.6,74.3,286.8,480.0,57.3
BI,86.1,292.3,361.0,118.7,0.0,108.6,403.9,259.7,140.8,226.3,155.3,395.2,123.7,375.5,399.0,99.1,159.3,244.1,95.9,60.5,353.3,392.5,180.3,265.3,434.0,94.6,269.2,121.6,427.2,208.4,152.0,377.5,199.7,357.6,363.8,407.3,375.3,149.1,160.3,170.8,362.6,293.1,120.1,256.5,440.9,168.1,296.2,2046.0,133.3,89.5,254.8,342.0,377.7,152.5,225.9,429.0,144.1,454.5,135.4,381.8,68.7,353.5,202.5,278.2,254.3,448.4,455.0,389.1,144.8,54.5,201.0,172.7,104.8,175.6,357.3,401.8,144.9,54.7,365.5,186.9,333.9,241.0,330.6,444.7,410.3,360.5,106.9,229.8,442.3,122.2
BQ,153.9,375.7,410.8,101.0,116.0,0.0,370.9,343.1,181.3,276.1,195.8,479.9,106.0,425.3,448.8,52.4,173.7,283.6,171.8,110.3,397.9,479.7,263.7,315.1,510.3,38.7,319.0,171.4,514.4,291.8,256.2,460.9,249.5,441.0,440.1,451.9,458.7,97.6,243.7,119.3,446.0,342.9,154.9,331.8,528.1,131.1,379.6,2027.9,115.6,172.9,338.2,386.6,421.9,235.9,309.3,512.4,103.2,537.9,218.8,425.9,118.5,436.9,138.3,354.5,298.9,531.8,538.4,472.5,127.1,115.8,250.8,121.2,188.2,259.0,407.1,458.7,86.7,131.0,422.4,135.4,417.3,270.9,387.5,521.0,493.7,417.4,55.4,306.1,525.7,70.7
BY,356.5,227.5,182.2,390.9,357.1,419.2,0.0,215.2,373.1,204.8,350.5,149.0,395.3,190.5,232.8,406.6,430.9,268.4,308.2,313.7,193.5,80.3,221.0,224.8,146.5,392.9,183.6,285.0,172.5,249.1,291.5,65.3,230.7,55.7,61.9,241.1,41.3,449.8,281.0,471.5,27.3,140.1,317.9,172.6,185.6,441.0,174.7,2128.6,404.9,251.1,188.7,205.9,217.5,267.3,230.3,129.1,417.0,124.3,362.2,215.6,307.3,110.2,445.6,210.0,283.8,148.5,199.3,58.9,416.4,355.2,168.3,473.4,276.5,290.8,156.8,244.8,394.0,325.1,205.7,476.4,120.9,249.3,202.0,144.8,98.1,211.6,407.6,216.9,166.7,422.9
CK,227.2,195.3,300.7,261.6,227.8,289.9,219.2,0.0,292.4,59.3,267.8,259.0,266.0,309.0,268.2,277.3,301.6,182.5,227.5,184.4,226.7,194.8,135.1,147.2,265.0,263.6,142.9,155.7,282.9,163.2,225.6,183.8,101.4,174.2,180.4,312.8,177.8,315.8,151.7,341.6,163.8,162.3,188.6,72.1,296.6,314.6,142.5,2091.0,275.6,168.4,159.2,211.2,250.7,184.6,180.7,243.6,290.6,242.8,274.5,250.5,178.0,213.7,316.3,18.4,105.5,267.0,314.3,177.4,287.1,282.4,70.2,320.3,193.8,208.1,275.3,275.2,264.7,238.4,234.7,347.1,153.1,163.4,225.4,259.3,216.6,229.7,334.8,130.2,295.2,318.4
CV,181.9,242.1,412.2,234.3,160.0,206.1,403.4,282.4,0.0,317.7,14.4,407.5,238.7,498.2,433.2,193.4,328.2,129.4,61.4,157.1,404.5,388.0,117.9,349.0,442.7,145.3,320.4,149.3,370.7,124.8,65.3,373.0,250.9,358.4,364.6,500.9,367.0,213.6,171.9,175.4,353.0,344.3,143.3,268.9,464.6,251.5,179.3,2113.2,248.3,117.5,179.6,393.2,428.5,95.1,142.3,460.0,241.5,432.0,67.8,432.5,150.7,362.2,297.1,305.1,353.5,456.2,422.3,366.6,259.8,150.4,252.2,161.1,81.0,96.2,464.5,453.0,239.5,118.1,416.7,210.8,330.9,89.5,384.6,475.7,405.8,411.7,202.8,177.8,443.7,218.1
DC,212.2,208.7,211.5,246.0,212.8,262.6,230.3,48.0,264.9,0.0,279.4,276.0,251.0,226.0,228.5,262.3,286.6,206.0,212.5,169.4,203.8,208.6,154.3,97.8,274.3,248.6,108.0,109.8,314.2,182.4,257.2,193.6,86.4,184.0,190.2,272.1,186.3,296.6,136.7,326.6,173.6,143.6,173.6,89.5,313.9,295.4,158.3,2076.0,260.6,216.8,169.9,192.5,228.2,215.4,199.9,257.4,271.4,252.6,259.5,232.3,160.7,233.6,301.3,29.5,90.5,276.8,328.0,187.2,272.1,267.4,68.4,301.1,242.2,238.5,207.8,252.3,249.7,237.8,216.0,337.4,162.9,182.6,179.7,273.1,226.4,211.0,319.8,186.3,301.8,303.4
DN,203.1,227.6,397.7,254.9,181.2,225.7,390.2,272.1,21.1,303.2,0.0,388.9,259.9,483.5,418.7,214.6,349.4,110.4,84.8,178.3,390.0,373.5,103.4,333.0,427.7,166.5,305.9,197.9,356.2,110.3,50.8,358.5,236.4,343.9,350.1,462.3,351.2,252.7,157.4,196.6,338.5,329.8,164.5,232.2,426.9,290.6,162.5,2146.1,269.5,104.0,165.1,378.7,414.4,80.1,127.8,422.3,262.7,417.5,70.6,418.5,169.6,347.2,318.3,290.6,315.8,441.7,408.2,352.1,281.0,171.6,237.7,182.3,83.8,58.5,450.0,438.5,260.7,141.5,402.2,226.7,316.4,75.0,367.3,438.0,391.3,397.2,224.0,140.1,436.0,239.3
DP,483.4,337.8,161.9,517.2,463.6,521.2,233.8,332.4,425.6,331.7,404.4,0.0,522.2,170.0,212.5,528.1,557.8,383.0,418.5,440.6,208.5,192.9,331.3,321.2,113.8,505.6,312.3,381.0,34.0,359.4,419.8,180.7,357.6,212.0,206.0,220.8,275.2,560.1,405.8,581.8,261.2,267.0,444.8,263.9,104.7,567.9,287.4,2108.3,531.8,361.4,299.0,185.6,208.8,378.0,340.6,106.0,539.8,218.8,472.5,192.5,431.9,156.7,572.5,334.1,391.6,128.2,88.8,192.3,543.3,465.5,295.2,585.0,386.8,401.1,221.1,224.5,520.9,432.6,194.2,597.9,252.7,359.6,296.6,125.8,202.8,192.6,517.9,324.4,122.1,533.2
DY,138.2,371.8,395.1,5.0,165.1,133.8,355.2,284.1,287.7,260.4,302.2,453.7,0.0,409.6,433.1,170.5,47.8,311.5,220.9,94.6,387.4,402.1,259.8,299.4,464.3,107.9,303.3,155.7,465.8,287.9,284.5,387.1,233.8,349.1,343.1,440.5,395.3,97.3,182.1,125.3,382.6,327.2,139.2,319.5,503.9,56.6,388.3,1922.2,9.5,222.0,316.8,376.1,411.8,285.0,305.4,442.8,80.4,446.1,267.9,415.9,102.8,412.0,85.3,265.6,288.4,470.3,518.0,380.7,21.0,164.9,235.1,109.2,237.3,308.1,391.4,435.9,89.0,187.2,399.6,86.3,333.9,288.1,364.7,425.9,419.9,394.6,69.3,291.8,491.8,52.3
EC,446.1,295.8,124.6,480.5,421.6,479.2,195.2,286.2,441.4,294.4,418.8,76.2,484.9,0.0,175.2,486.1,520.5,336.7,376.5,403.3,173.5,153.2,289.3,283.4,87.9,463.6,278.1,374.6,109.8,317.4,358.8,138.7,320.3,174.7,168.7,182.1,237.9,517.6,370.6,539.8,223.9,229.7,407.5,224.7,128.0,528.3,243.0,2071.0,494.5,319.4,257.0,148.1,171.3,335.6,298.6,71.0,504.8,48.7,430.5,157.5,396.9,114.2,535.2,298.6,356.1,90.9,141.7,150.3,506.0,423.5,257.9,541.2,344.8,358.6,183.8,186.7,483.6,392.4,159.5,566.0,215.4,317.6,261.6,86.7,165.5,153.5,475.9,284.7,109.1,491.2
EF,370.1,327.7,133.9,397.4,364.2,444.6,167.3,247.6,447.4,207.0,403.0,232.1,402.4,148.4,0.0,444.3,486.4,350.2,395.0,320.8,82.6,180.5,298.5,108.6,146.6,430.6,159.8,261.2,244.2,326.6,409.7,165.5,272.5,127.5,121.5,44.4,207.4,478.6,288.1,508.6,194.7,147.2,311.3,208.5,186.2,461.8,277.3,1949.9,412.0,369.3,288.9,114.9,94.1,385.9,344.1,125.1,465.6,224.5,442.0,16.8,312.1,190.4,430.0,229.1,181.8,248.7,200.3,159.1,423.5,418.8,216.6,483.1,394.7,409.0,130.2,25.6,358.6,420.3,81.9,488.8,186.2,326.8,86.8,108.2,198.3,133.4,460.9,313.5,174.1,454.8
EK,172.0,363.5,446.9,113.4,85.8,45.1,475.1,330.9,170.9,390.3,185.4,466.4,118.4,461.4,484.9,0.0,191.3,273.2,136.0,146.4,439.2,463.7,288.9,351.2,505.2,28.3,355.1,207.5,498.4,279.6,223.2,448.7,285.6,428.8,435.0,493.2,446.5,76.3,231.5,106.3,433.8,379.0,197.5,327.7,512.1,148.7,348.0,2040.3,128.0,160.7,326.0,427.9,463.6,223.7,297.1,500.2,120.8,525.7,180.8,467.7,154.6,424.7,150.7,349.4,340.2,519.6,526.2,460.3,139.5,51.3,286.9,80.8,176.0,244.0,443.2,487.7,99.1,125.9,451.4,104.4,405.1,260.5,416.5,515.9,481.5,446.4,80.8,301.0,513.5,96.1
EO,183.2,416.8,440.1,69.9,213.8,182.5,400.2,329.1,336.4,305.4,350.9,498.7,64.9,454.6,478.1,219.2,0.0,356.5,269.6,139.6,432.4,447.1,304.8,344.4,509.3,152.9,348.3,200.7,510.8,332.9,333.2,432.1,278.8,394.1,388.1,486.4,440.3,146.0,227.1,174.0,427.6,372.2,184.2,364.5,548.9,46.6,433.3,2025.9,76.2,270.7,361.8,421.1,456.8,333.7,350.4,487.8,70.4,491.1,316.6,460.9,147.8,457.0,75.3,310.6,333.4,515.3,563.0,425.7,87.7,213.6,280.1,157.9,286.0,356.8,436.4,480.9,127.2,235.9,444.6,135.0,378.9,333.1,409.7,470.9,464.9,439.6,118.0,336.8,536.8,101.0
EQ,264.9,140.5,344.0,281.0,221.2,278.8,331.2,179.2,108.7,242.8,69.6,327.9,285.4,358.7,365.0,285.7,321.0,0.0,154.5,203.8,336.3,321.1,49.7,249.8,363.1,263.2,252.2,175.1,320.5,56.6,101.5,306.1,182.7,286.2,292.4,408.6,303.2,313.2,163.4,266.3,289.2,276.1,215.2,177.4,369.5,363.8,163.9,2092.4,295.0,119.0,111.4,320.5,360.3,92.0,74.1,353.1,301.3,383.1,140.3,359.8,197.4,282.6,332.0,197.4,257.6,377.0,401.3,317.7,306.5,223.1,184.0,252.0,144.4,65.4,340.3,384.8,274.4,193.0,344.0,301.7,262.5,21.3,313.6,368.8,338.9,339.0,275.5,81.9,364.1,290.8
ER,118.2,294.5,353.5,170.6,84.8,146.0,373.9,226.8,64.8,290.4,66.8,370.6,175.0,368.0,391.5,149.3,210.6,160.1,0.0,93.4,345.8,363.8,170.3,257.8,405.3,126.8,261.7,114.1,398.5,177.2,89.4,348.8,192.2,328.9,335.1,398.9,346.6,181.3,115.0,203.0,333.9,285.6,79.6,226.8,412.2,219.4,229.4,2097.3,184.6,60.8,226.1,334.5,369.8,123.4,194.7,400.3,195.4,425.8,46.9,373.8,84.7,324.8,233.4,249.5,246.8,419.7,425.9,360.4,196.1,86.7,193.5,204.9,76.1,125.4,349.8,394.3,175.8,56.6,358.0,224.4,305.2,141.9,323.1,416.0,381.6,353.0,139.1,201.1,413.6,154.4
ES,83.1,277.1,300.4,76.5,43.3,93.1,260.5,189.4,183.2,165.7,197.7,359.0,81.5,314.9,338.4,92.8,117.1,216.8,139.3,0.0,292.7,307.4,165.1,204.7,369.6,79.1,208.6,61.0,371.1,193.2,195.4,292.4,139.1,254.4,248.4,345.8,300.6,127.1,87.4,157.1,287.9,232.5,44.5,224.8,409.2,125.9,293.6,2003.8,91.1,132.9,222.1,281.4,317.1,195.9,210.7,348.1,101.9,351.4,177.8,321.2,8.1,317.3,131.8,170.9,193.7,375.6,423.3,286.0,102.6,97.9,140.4,131.6,148.2,219.0,296.7,341.2,80.2,98.1,304.9,167.9,239.2,193.4,270.0,331.2,325.2,299.9,150.3,197.1,397.1,133.9
EU,352.8,331.3,94.2,386.6,353.4,403.2,163.1,224.8,418.0,201.1,420.0,180.9,391.6,108.9,106.4,402.9,427.2,346.6,353.1,310.0,0.0,194.0,294.9,188.4,137.5,389.2,155.3,281.3,257.7,323.0,418.6,179.0,227.0,141.0,135.0,114.7,204.5,437.2,277.3,467.2,191.8,136.4,314.2,212.1,177.2,436.0,280.9,2002.2,401.2,357.4,292.5,55.0,84.7,355.6,340.5,116.1,412.0,157.5,400.1,88.7,301.3,203.9,513.6,206.3,248.6,199.7,190.9,172.6,412.7,408.0,164.6,441.7,382.8,379.1,90.5,78.5,442.2,378.4,72.9,472.7,180.4,323.2,112.6,99.2,159.5,93.7,460.4,326.9,165.1,444.0
EW,318.5,256.5,199.8,352.3,319.1,368.9,65.4,194.5,371.2,166.8,385.7,149.5,357.3,207.9,170.6,368.6,392.9,308.0,318.8,275.7,124.9,0.0,260.6,188.0,163.6,354.9,148.3,216.1,161.6,288.7,359.3,82.9,192.7,44.9,38.9,178.0,106.8,402.9,243.0,432.9,94.1,102.1,279.9,137.3,195.2,401.7,203.7,2066.4,366.9,298.1,217.7,113.6,149.3,321.7,259.3,146.7,377.7,141.9,365.8,152.9,267.0,107.8,407.6,172.0,245.8,166.1,209.3,76.5,378.4,373.7,130.3,407.4,323.5,344.8,76.4,215.5,356.0,344.1,137.1,438.4,85.6,288.9,164.0,162.4,17.7,132.1,426.1,242.3,191.1,409.7
FC,215.1,111.9,294.2,230.6,171.4,227.4,291.4,163.4,125.6,199.4,104.4,285.1,235.6,379.7,315.2,235.9,271.2,51.6,126.3,154.0,286.5,269.7,0.0,229.2,323.9,213.4,202.4,94.4,317.1,28.0,109.6,254.7,132.9,245.1,251.3,358.8,247.4,267.9,113.6,289.6,234.7,226.3,165.4,128.4,330.8,314.0,119.2,2042.6,245.2,69.2,56.9,275.2,310.9,85.8,45.5,318.5,256.0,313.7,180.3,315.0,145.3,243.4,282.2,181.9,212.3,337.9,344.9,248.3,256.7,173.3,134.2,291.5,94.6,108.9,346.2,335.0,224.6,143.2,298.7,305.7,223.8,28.2,263.8,334.2,287.5,293.7,225.7,31.9,332.2,241.0
FE,307.4,218.0,192.4,291.9,258.1,320.2,151.2,141.4,322.7,97.3,349.3,289.4,296.3,207.1,129.6,307.6,331.9,283.2,257.8,214.7,164.9,217.9,235.8,0.0,262.1,293.9,50.1,186.0,264.6,244.7,320.8,202.9,131.7,146.4,140.4,173.2,196.9,341.9,182.0,371.9,182.9,124.5,248.6,98.8,301.2,398.6,165.2,2016.4,305.9,259.6,179.2,173.4,210.2,275.8,220.8,266.7,402.9,261.9,304.8,146.5,208.3,243.4,367.3,128.4,92.9,286.1,314.9,196.5,317.4,312.7,69.3,346.4,285.0,299.3,188.7,154.8,295.9,283.1,196.9,377.4,172.2,264.1,83.9,224.7,235.7,193.4,365.1,203.8,282.3,348.7
FV,408.2,295.3,86.7,442.6,408.8,463.8,158.5,280.1,428.3,256.5,418.3,90.9,447.0,94.7,137.3,458.3,482.6,340.4,376.0,365.4,136.0,153.1,288.8,245.9,0.0,444.6,240.2,305.7,128.4,316.9,359.2,138.2,282.4,136.8,130.8,144.6,198.6,517.5,332.7,539.3,186.0,191.8,369.6,229.1,58.2,491.4,244.8,2033.1,456.6,318.9,256.5,110.3,133.3,335.4,298.1,33.6,465.6,143.6,430.0,120.0,356.6,114.1,497.3,261.6,319.1,53.0,72.2,149.8,468.1,423.0,220.0,541.1,344.3,358.5,145.9,149.3,445.7,392.9,121.7,533.3,177.5,317.1,224.2,49.3,127.6,116.1,475.4,284.6,46.0,490.7
FX,182.7,384.7,398.5,88.7,96.5,20.4,358.6,341.6,142.5,263.8,157.0,477.1,93.7,413.0,436.5,37.3,166.6,244.8,126.1,98.0,390.8,474.4,260.5,302.8,467.7,0.0,306.7,159.1,509.1,267.4,207.9,459.4,237.2,439.5,346.5,443.9,457.2,42.4,242.2,88.2,444.5,330.6,142.6,338.4,522.8,124.0,319.6,2015.6,103.3,171.4,336.7,379.5,415.2,234.4,284.9,510.9,96.1,536.4,152.4,419.3,106.2,435.4,126.0,269.0,291.8,530.3,536.9,471.0,114.8,88.7,238.5,90.1,186.7,215.6,394.8,439.3,74.4,136.6,403.0,104.3,415.8,232.1,368.1,429.3,492.2,398.0,56.1,311.7,524.2,71.4
GC,321.9,222.0,196.4,295.3,262.1,311.9,156.5,139.1,314.2,115.4,353.3,201.9,300.3,210.9,144.3,311.6,335.9,287.5,261.8,218.7,188.7,150.3,235.8,63.9,216.0,297.9,0.0,159.1,214.0,248.7,304.0,135.3,135.7,97.3,91.3,187.9,199.6,345.9,186.0,375.9,186.9,128.5,263.1,102.8,247.6,344.7,171.6,2043.5,309.9,263.6,183.2,177.4,213.1,280.2,224.8,199.1,320.7,194.3,308.8,161.2,210.0,160.2,395.7,120.6,99.4,218.5,261.7,128.9,321.4,316.7,108.1,350.4,289.0,303.3,192.7,170.0,338.1,287.1,200.9,386.7,176.2,264.1,78.2,214.8,168.1,195.9,369.1,207.8,243.5,352.7
GF,102.3,216.0,239.3,136.7,102.9,165.0,198.1,167.9,167.5,104.6,169.5,302.0,141.1,254.0,277.3,152.4,176.7,151.4,102.6,59.5,260.1,274.8,104.0,145.1,309.0,138.7,147.5,0.0,338.5,132.1,166.9,231.3,78.0,193.3,187.3,284.7,240.8,186.7,26.8,216.7,226.8,171.4,63.7,192.2,376.6,185.5,230.1,2005.7,150.7,106.9,161.0,248.8,255.6,105.1,149.6,315.5,161.5,290.3,149.6,288.6,53.1,256.7,191.4,138.3,161.1,314.5,361.8,224.9,162.2,157.5,79.3,160.3,132.3,128.6,235.6,280.1,139.8,97.0,272.3,222.2,178.1,132.3,208.9,298.6,264.1,267.3,209.9,164.5,329.2,193.5
GU,446.5,300.9,125.0,480.3,426.7,482.7,195.6,291.3,434.0,294.8,423.9,96.5,485.3,133.3,175.6,491.2,520.9,346.1,381.6,403.7,174.4,158.8,294.4,283.8,76.9,468.7,275.4,344.1,0.0,322.5,385.7,143.8,320.7,175.1,169.1,183.0,237.0,523.2,368.9,544.9,224.3,230.1,407.9,229.8,70.6,529.7,248.1,2071.4,494.9,324.5,262.1,148.7,171.9,340.7,303.7,71.9,505.7,181.9,435.6,158.4,395.0,120.3,535.6,300.0,357.5,91.3,51.5,155.4,506.4,428.6,258.3,546.8,349.9,364.2,184.2,187.6,484.0,398.5,160.1,561.0,215.8,322.7,262.5,87.6,165.9,154.4,481.0,290.3,85.2,496.3
HU,258.9,83.8,380.2,274.4,215.2,271.2,300.0,206.6,128.2,208.0,107.0,293.7,279.4,388.3,368.5,279.7,315.0,54.2,170.1,197.8,343.8,278.3,43.7,237.8,332.5,257.2,248.0,138.2,337.9,0.0,143.4,263.3,176.7,253.7,259.9,412.1,256.0,311.7,157.4,303.7,243.3,338.1,209.2,137.0,339.4,357.8,102.0,2086.4,289.0,113.0,119.4,332.5,368.2,128.9,17.4,327.1,299.8,322.3,177.7,372.3,189.1,252.0,326.0,213.4,289.5,346.5,353.5,256.9,300.5,217.1,208.4,289.4,138.4,107.3,354.8,392.3,268.4,187.0,356.0,333.8,232.4,30.8,319.7,342.8,296.1,409.6,269.5,144.0,340.8,284.8
IA,220.3,233.2,464.4,258.5,176.1,232.1,384.9,237.8,99.9,280.6,40.0,356.7,277.1,451.7,424.3,240.6,352.9,136.8,102.0,195.5,387.2,354.0,129.8,320.3,416.3,218.1,340.1,195.6,361.8,136.7,0.0,339.0,242.0,339.9,346.1,460.4,356.8,272.6,121.8,257.5,344.1,424.3,168.1,236.8,402.4,295.5,168.1,2151.7,273.1,73.9,216.3,384.3,411.2,106.5,154.2,411.3,288.4,416.0,77.1,423.6,173.2,335.8,321.9,260.5,321.4,409.9,416.5,371.4,298.2,178.0,234.9,275.4,94.0,64.1,451.3,435.7,264.3,147.9,399.4,292.9,316.2,80.6,364.5,427.0,392.6,402.8,209.6,145.7,417.8,224.9
IR,333.5,271.5,214.8,367.3,334.1,383.9,81.7,205.5,386.2,181.8,400.7,164.5,372.3,222.9,185.6,383.6,407.9,327.3,333.8,290.7,139.9,15.0,275.6,203.0,178.6,369.9,163.3,231.1,176.6,303.7,353.5,0.0,207.7,59.9,53.9,193.9,121.8,417.9,258.0,447.9,109.1,117.1,294.9,152.3,210.2,416.7,221.1,2081.4,381.9,313.1,232.7,128.6,164.3,336.7,274.3,161.7,392.7,156.9,380.8,168.4,282.0,122.8,422.6,187.0,260.8,181.1,224.3,91.5,393.4,388.7,145.3,422.4,338.5,359.8,91.4,230.5,371.0,359.1,152.1,458.7,100.6,303.9,179.0,177.4,32.7,147.1,441.1,257.3,206.1,424.7
IY,168.3,222.4,223.8,202.1,168.9,218.7,183.9,114.1,221.0,173.5,235.5,336.7,207.1,238.3,261.8,218.4,242.7,162.1,168.6,125.5,216.1,269.3,110.4,128.1,293.0,204.7,132.0,65.9,294.5,138.5,213.3,254.3,0.0,244.7,171.8,269.2,247.0,252.7,92.8,282.7,234.3,155.9,129.7,146.6,332.6,251.5,215.4,2032.1,216.7,172.9,167.4,204.8,240.5,171.5,156.0,318.1,227.5,313.3,215.6,244.6,116.8,301.6,257.4,132.6,146.2,337.5,346.7,247.9,228.2,223.5,63.8,257.2,198.3,194.6,220.1,264.6,205.8,193.9,228.3,293.5,223.6,138.7,193.4,254.6,287.1,223.3,275.9,142.4,320.5,259.5
JD,300.7,236.0,154.8,334.5,301.3,351.1,46.2,155.4,353.4,149.0,367.9,104.5,339.5,162.9,205.4,350.8,375.1,294.5,301.0,257.9,137.7,52.9,242.8,167.5,118.6,337.1,127.8,198.3,116.6,270.9,284.2,37.9,174.9,0.0,6.1,212.8,86.3,385.1,225.2,415.1,73.6,84.3,262.1,116.8,150.2,383.9,185.6,2101.2,349.1,243.8,197.2,126.4,162.1,303.9,238.8,101.7,359.9,96.9,348.0,188.2,249.2,62.8,389.8,154.2,228.0,121.1,164.3,31.5,360.6,355.9,112.5,389.6,269.2,327.0,129.4,217.4,338.2,326.3,149.9,425.9,65.1,271.1,146.2,117.4,70.7,184.2,408.3,221.8,146.1,391.9
KB,294.5,229.8,160.8,328.3,295.1,344.9,40.0,149.2,347.2,142.8,361.7,110.5,333.3,168.9,211.4,344.6,368.9,288.3,294.8,251.7,131.5,58.9,236.6,161.3,124.6,330.9,121.6,192.1,122.6,264.7,311.8,43.9,168.7,5.9,0.0,218.8,80.1,378.9,219.0,408.9,67.4,78.1,255.9,110.6,156.2,377.7,179.4,2107.2,342.9,271.4,191.0,120.2,155.9,297.7,232.6,107.7,353.7,102.9,341.8,194.2,243.0,68.8,383.6,148.0,221.8,127.1,170.3,37.5,354.4,349.7,106.3,383.4,296.8,320.8,135.4,180.0,332.0,320.1,143.7,419.7,58.9,264.9,140.0,123.4,76.7,190.2,402.1,215.6,152.1,385.7
KD,371.7,350.2,113.1,407.0,372.3,422.1,183.3,248.6,424.4,220.0,438.9,174.4,411.4,122.8,118.8,421.8,447.0,361.2,372.9,328.9,99.6,204.3,313.8,227.5,102.9,409.0,184.0,300.2,211.3,341.9,416.7,188.4,245.9,150.4,144.4,0.0,224.7,456.1,296.2,486.1,210.7,156.2,333.1,231.0,141.7,454.9,297.4,1969.0,420.1,377.2,312.3,73.9,49.2,375.8,359.4,80.6,430.9,170.2,419.0,102.8,320.2,197.7,460.8,226.1,299.0,98.6,156.7,182.9,431.6,426.9,183.5,460.6,401.7,398.9,109.4,168.3,410.1,397.3,38.3,491.6,204.1,343.0,218.1,64.6,154.2,112.6,480.2,345.8,129.6,462.9
KF,364.6,187.4,198.2,408.9,313.2,370.8,118.7,177.8,333.0,188.3,310.4,111.3,413.3,206.5,248.8,377.7,448.9,228.3,266.8,331.7,210.2,108.6,180.9,219.6,150.6,355.2,161.9,303.0,131.1,209.0,270.9,93.6,248.7,73.7,79.9,255.8,0.0,408.4,255.4,431.4,147.4,158.1,326.0,115.0,155.7,456.4,134.6,2144.6,422.9,211.0,148.6,220.6,234.2,227.2,190.2,145.1,433.7,170.6,322.1,229.8,325.3,70.1,442.0,192.4,260.1,164.5,170.7,105.2,434.4,315.1,186.3,432.0,236.4,249.4,185.1,259.5,384.4,283.7,223.7,452.8,138.9,209.2,218.7,160.8,126.4,226.3,367.5,175.5,151.6,382.8
KO,222.0,395.5,434.3,124.5,135.8,56.2,393.1,362.9,228.6,299.6,243.1,498.4,129.5,448.8,472.3,73.1,160.0,299.6,191.6,133.8,426.6,495.7,283.5,338.6,537.2,50.2,342.5,194.9,530.4,311.6,273.2,480.7,273.0,460.8,467.0,480.6,478.5,0.0,263.5,45.7,465.8,366.4,178.4,358.7,544.1,159.8,408.0,2033.1,120.4,192.7,358.0,415.3,450.6,255.3,329.1,532.2,131.9,557.7,238.6,454.6,139.5,456.7,161.8,381.4,327.6,551.6,557.8,492.3,131.9,124.5,274.3,47.6,208.0,278.8,430.6,475.1,110.2,157.9,438.8,67.1,437.1,318.2,403.9,547.9,513.5,433.8,53.5,333.0,545.5,60.6
KT,124.4,225.9,281.9,158.2,125.0,174.8,242.0,145.2,173.7,204.6,170.3,339.3,163.2,296.4,319.9,174.5,198.8,165.6,121.3,81.6,274.2,300.4,113.9,186.2,378.1,160.8,190.1,42.5,371.3,142.0,120.4,285.4,120.6,275.8,282.0,327.3,278.1,208.8,0.0,238.8,265.4,214.0,85.8,177.7,385.0,207.6,254.6,2072.2,172.8,80.0,198.9,262.9,298.6,78.6,159.5,349.2,183.6,344.4,168.3,302.7,72.9,297.6,213.5,163.7,175.2,368.6,399.1,279.0,184.3,179.6,121.9,213.3,105.4,101.7,278.2,322.7,161.9,146.6,286.4,249.6,254.7,167.1,251.5,364.9,318.2,281.4,232.0,173.9,386.4,215.6
LE,258.6,425.0,485.1,175.3,172.4,107.0,445.2,399.5,182.8,350.4,197.3,535.0,180.3,499.6,523.1,123.9,174.7,295.4,221.1,184.6,477.4,532.3,300.8,389.4,573.8,86.5,393.3,245.7,553.6,307.7,248.2,517.3,323.8,497.4,503.6,531.4,515.1,56.0,300.1,0.0,502.4,417.2,266.1,396.3,580.7,200.4,359.9,2044.2,135.1,229.3,362.5,466.1,501.8,277.5,325.2,568.8,182.7,594.3,250.7,505.9,192.8,493.3,212.6,418.0,378.4,588.2,594.8,528.9,143.0,172.2,325.1,35.8,244.6,255.9,481.4,525.9,161.0,194.5,489.6,30.0,473.7,272.4,454.7,584.5,550.1,484.6,76.6,337.5,582.1,72.2
LS,377.3,200.1,210.9,421.0,325.9,381.9,132.7,194.7,333.2,201.0,323.1,124.0,426.0,219.0,261.5,390.4,461.6,245.3,280.8,344.4,224.2,121.3,193.6,230.8,162.8,367.9,174.6,284.8,145.1,221.7,264.1,106.3,261.4,86.4,92.6,269.8,12.6,422.4,268.1,444.1,0.0,170.8,338.7,130.0,169.7,470.4,149.7,2157.3,435.6,223.7,161.3,234.6,248.6,240.3,202.9,157.8,446.4,183.3,334.8,244.3,335.7,82.3,454.7,206.4,274.1,177.2,183.8,117.9,447.1,327.8,199.0,446.0,249.1,263.4,197.8,273.5,397.1,297.7,236.4,460.2,151.6,221.9,232.7,173.5,139.1,240.3,380.2,189.5,171.1,395.5
MV,326.0,235.7,210.2,359.8,326.6,376.4,27.9,155.1,378.7,137.4,367.0,175.7,364.8,218.3,260.8,376.1,400.4,298.9,326.3,283.2,221.5,108.3,247.2,167.2,174.0,362.4,127.5,223.6,200.5,262.4,317.7,93.3,200.2,83.7,89.9,268.2,68.0,410.4,250.5,440.4,55.3,0.0,287.4,116.5,213.6,409.2,185.3,2156.6,374.4,277.3,196.9,233.9,245.9,293.9,238.5,157.1,385.2,152.3,373.3,243.6,274.5,137.7,415.1,150.7,218.9,176.5,227.7,86.9,385.9,381.2,137.8,414.9,302.7,317.0,184.8,272.8,363.5,351.3,233.7,451.2,64.8,275.5,208.6,172.8,126.1,239.6,433.6,221.5,201.5,417.2
NF,58.7,275.3,298.6,135.1,120.8,182.1,258.7,227.4,136.0,163.9,150.5,357.2,140.1,313.1,336.6,181.8,210.1,239.3,83.6,58.5,290.9,305.6,163.3,202.9,367.8,168.1,206.8,59.2,369.3,191.4,165.2,290.6,137.3,252.6,246.6,344.0,298.8,243.2,98.3,264.9,286.1,230.7,0.0,223.0,407.4,185.5,313.1,2065.0,149.7,102.7,220.3,279.6,315.3,160.8,208.9,346.3,189.3,349.6,130.6,319.4,49.8,315.5,153.7,169.1,191.9,373.8,421.5,284.2,161.2,148.6,138.6,220.6,118.0,183.9,294.9,339.4,96.1,108.9,303.1,226.5,237.4,225.6,268.2,329.4,323.4,298.1,201.0,195.3,395.3,216.3
NP,259.5,118.1,243.1,293.9,260.1,322.2,161.6,65.3,288.5,70.9,249.4,184.7,298.3,252.2,232.4,309.6,333.9,192.7,216.8,216.7,206.7,141.2,141.0,100.7,206.8,296.9,110.9,189.0,216.7,144.8,200.1,126.2,133.7,116.6,122.8,275.0,118.9,358.4,176.8,380.1,106.2,201.0,220.9,0.0,230.4,342.7,65.3,2118.2,307.9,160.7,80.3,195.4,230.4,176.9,120.9,190.0,318.7,185.2,270.8,234.7,208.0,143.5,348.6,76.3,152.4,209.4,244.1,120.8,320.4,264.8,72.3,348.4,185.1,200.4,217.7,256.2,297.0,233.7,218.9,384.7,96.5,169.3,182.6,205.7,160.0,272.5,316.2,103.9,225.0,331.5
OD,457.2,311.6,135.7,491.0,437.4,498.6,206.3,306.2,457.2,305.5,434.6,105.9,496.0,144.8,186.3,501.9,531.6,352.5,392.3,414.4,185.1,169.5,305.1,294.5,88.1,479.4,286.1,385.7,144.1,333.2,396.4,154.5,331.4,185.8,179.8,194.6,249.0,533.9,379.6,555.6,235.0,240.8,418.6,240.5,0.0,540.4,258.8,2082.1,505.6,335.2,272.8,159.4,182.6,351.4,314.4,82.6,516.4,192.6,446.3,168.6,408.0,130.5,546.3,310.7,368.2,102.0,75.0,166.1,517.1,439.3,269.0,557.5,360.6,374.9,194.9,198.3,494.7,409.2,170.8,577.0,226.5,333.4,273.2,98.3,176.6,165.1,491.7,301.0,89.1,507.0
OF,191.0,424.6,447.9,94.2,178.7,200.8,408.0,336.9,253.8,313.2,291.5,506.5,89.2,462.6,485.9,148.1,64.7,360.0,234.5,147.4,440.2,454.9,312.6,352.2,517.0,134.4,356.1,208.5,518.6,340.7,318.9,439.9,286.6,401.9,395.9,493.3,448.1,170.3,234.9,198.3,435.4,380.0,192.0,372.3,556.7,0.0,441.1,2000.3,94.6,235.6,369.6,428.9,464.2,298.6,358.2,495.6,26.8,498.9,281.5,468.2,153.1,464.8,49.7,317.7,341.2,523.1,570.8,433.5,106.1,178.5,287.9,182.2,250.9,321.7,444.2,488.7,83.6,200.8,452.4,154.0,386.7,340.9,417.5,478.7,472.7,447.4,142.3,344.6,544.6,125.3
OS,334.9,65.0,312.8,363.6,283.5,341.1,231.3,135.0,220.7,140.6,181.6,230.4,368.0,321.1,301.1,348.0,403.6,141.7,236.1,286.4,274.1,208.6,151.2,171.9,265.6,325.5,180.6,257.7,225.3,91.7,197.2,195.9,203.4,186.3,192.5,344.7,189.9,377.7,225.7,378.3,175.9,270.7,296.3,66.3,272.0,410.1,0.0,2172.7,377.6,181.3,52.0,265.1,300.4,197.5,67.8,257.4,386.1,254.9,252.3,302.1,277.7,185.1,412.3,143.7,219.8,279.1,274.5,189.5,389.1,285.4,141.0,401.3,206.7,184.3,287.4,322.6,354.7,253.0,288.6,423.1,165.0,122.6,250.0,273.1,228.7,339.9,337.8,74.3,266.6,353.1
PB,1985.8,2169.3,1946.4,1862.4,2013.5,1983.2,2016.6,2035.0,2077.8,2011.3,2092.3,2033.1,1857.4,1960.9,1958.0,1982.9,1905.3,2108.2,2069.3,1952.1,1932.9,2036.7,2057.3,1971.6,1953.4,1969.2,1994.7,2013.2,2071.3,2085.4,2132.9,2021.7,2001.8,1983.7,1977.7,1903.3,2056.7,1956.5,2039.6,1996.3,2044.0,1988.6,1996.7,2064.3,1993.0,1914.1,2133.1,0.0,1843.6,2070.4,2114.3,1907.2,1900.9,2133.4,2102.9,1931.9,1937.9,2009.7,2104.5,1974.9,1960.3,2046.6,1942.8,2016.5,1943.5,2051.9,2007.1,2015.3,1832.6,2013.3,1978.4,1967.3,2085.7,2156.5,1942.7,1983.7,1897.2,2035.6,1888.7,1944.4,2032.6,2085.6,1978.7,1915.0,2011.7,1945.9,1928.5,2089.3,1980.9,1911.5
PY,151.0,384.6,407.9,17.7,152.4,134.7,368.0,296.9,263.3,273.2,277.8,466.5,12.7,422.4,445.9,134.4,60.6,324.3,210.9,107.4,400.2,414.9,272.6,312.2,477.1,120.7,316.1,168.5,478.6,300.7,284.4,399.9,246.6,361.9,355.9,453.3,408.1,111.8,194.9,147.4,395.4,340.0,152.0,332.3,516.7,69.4,401.1,1911.6,0.0,221.9,329.6,388.9,424.6,273.6,318.2,455.6,93.2,458.9,257.9,428.7,115.6,424.8,98.1,278.4,301.2,483.1,530.8,393.5,10.4,164.8,247.9,131.3,237.2,296.7,404.2,448.7,101.8,226.8,412.4,108.4,346.7,300.9,377.5,438.7,432.7,407.4,83.8,304.6,504.6,66.8
QO,153.5,202.7,392.5,205.3,102.1,158.1,314.3,170.1,109.4,229.5,99.3,305.6,210.3,400.6,364.8,166.6,278.9,142.4,57.0,128.7,336.1,302.9,90.7,267.7,344.4,144.1,289.0,144.0,337.6,118.8,62.4,287.9,208.5,268.0,274.2,408.4,285.7,198.6,70.7,220.3,273.0,352.4,114.9,166.9,351.3,242.3,206.6,2092.2,219.9,0.0,165.2,324.8,360.5,62.9,136.3,339.4,214.4,364.9,111.0,364.6,120.0,263.9,268.7,188.6,261.9,358.8,365.4,299.5,231.4,104.0,183.8,222.2,25.3,86.0,379.4,384.6,211.1,73.9,348.3,236.4,244.3,151.4,313.4,355.1,320.7,421.9,156.4,140.2,352.7,171.7
RA,307.3,112.6,314.6,309.9,255.9,311.9,234.4,141.0,189.6,142.4,168.4,228.1,314.9,322.7,302.9,320.4,432.7,115.6,210.8,233.3,278.2,212.7,123.6,172.2,266.9,297.9,182.4,173.7,260.1,92.0,194.1,197.7,205.2,188.1,194.3,346.5,190.4,352.4,198.1,374.1,177.7,272.5,268.7,71.4,273.8,393.3,62.2,2121.9,324.5,153.7,0.0,266.9,302.6,170.3,109.5,261.5,368.2,256.7,264.8,306.7,224.6,186.4,361.5,147.8,223.9,280.9,287.9,191.3,336.0,257.8,142.8,376.0,179.1,193.4,289.2,326.7,303.9,227.7,290.4,390.2,166.8,92.2,254.1,277.2,230.5,344.0,310.2,24.5,275.2,325.5
RE,317.0,295.5,51.3,350.8,317.6,379.7,128.6,193.0,369.7,165.3,384.2,145.1,355.8,72.9,135.3,367.1,391.4,306.5,317.3,274.2,50.5,148.7,259.1,176.2,161.9,353.4,128.4,245.5,183.3,287.2,362.0,133.7,191.2,95.7,89.7,142.7,168.7,401.4,241.5,431.4,156.0,100.6,278.4,176.3,201.0,400.2,242.7,2031.1,365.4,321.6,256.7,0.0,74.5,320.2,304.7,144.5,376.2,121.7,364.3,117.6,265.5,158.6,406.1,170.5,244.3,163.9,214.7,127.3,376.9,372.2,128.8,405.9,347.0,343.3,54.7,113.6,354.5,342.6,62.7,442.2,144.6,287.4,162.5,160.2,123.7,57.9,424.6,291.1,188.9,408.2
RH,405.7,325.7,83.0,439.8,406.3,461.3,135.9,249.1,458.4,227.4,452.5,125.1,444.5,72.3,133.6,455.8,480.1,370.4,406.0,362.9,212.1,166.7,323.0,257.2,53.0,442.1,217.5,303.3,162.0,351.1,393.5,152.1,279.9,114.1,108.1,141.9,177.3,490.1,330.2,520.1,163.3,189.3,367.1,207.8,92.4,488.9,275.3,2029.4,454.1,353.1,286.9,116.3,0.0,369.3,328.5,31.3,464.9,120.9,453.0,116.1,356.5,148.6,494.8,241.0,333.0,49.3,106.1,145.7,465.6,457.2,217.5,494.6,378.5,392.8,159.9,145.6,443.2,427.1,118.1,530.9,154.8,351.3,251.2,14.4,104.9,112.4,509.6,318.9,80.3,496.9
RP,200.3,241.0,417.0,236.1,153.0,210.6,337.5,190.4,130.7,254.0,91.6,334.2,240.5,425.1,389.3,217.5,276.1,99.6,107.4,158.9,351.0,326.9,116.8,293.7,368.9,195.0,267.4,130.2,361.6,123.7,107.2,312.4,215.0,292.5,298.7,433.8,311.5,249.5,77.2,271.2,297.5,376.9,161.7,190.4,375.3,284.4,178.2,2116.7,250.1,50.8,189.7,339.7,375.3,0.0,141.2,363.4,260.9,389.4,161.9,379.5,152.5,288.4,315.5,212.6,285.9,383.3,389.5,324.0,261.6,154.9,199.2,272.6,76.2,23.4,403.9,400.0,257.9,124.8,363.1,292.6,268.8,88.4,328.8,379.1,345.2,445.9,207.3,164.7,370.4,222.6
RR,282.8,66.3,362.7,298.3,239.1,295.1,282.5,189.1,152.1,190.5,130.9,276.2,303.3,370.8,351.0,303.6,338.9,78.1,194.0,221.7,326.3,260.8,67.6,220.3,315.0,281.1,230.5,162.1,307.5,23.8,167.3,245.8,253.3,236.2,242.4,395.5,238.5,335.6,181.3,327.6,225.8,320.6,233.1,119.5,321.9,381.7,84.5,2110.3,312.9,136.9,101.9,315.0,350.7,152.8,0.0,309.6,323.7,304.8,201.6,354.8,213.0,234.5,349.9,195.9,272.0,329.0,336.0,239.4,324.4,241.0,190.9,313.3,162.3,131.2,337.3,374.8,292.3,210.9,338.5,357.7,214.9,54.7,302.2,325.3,278.6,392.1,293.4,126.5,323.3,308.7
RW,374.5,314.7,53.0,408.3,375.1,424.9,123.6,250.5,427.2,222.8,441.7,137.4,413.3,61.3,103.6,424.6,448.9,368.3,374.8,331.7,102.4,156.1,316.6,211.8,21.3,410.9,206.5,272.1,171.5,344.7,362.1,141.1,248.7,103.1,97.1,111.0,165.0,458.9,299.0,488.9,152.3,158.1,335.9,195.5,61.0,457.7,264.3,1999.4,422.9,321.7,275.9,76.7,99.9,377.7,317.5,0.0,433.7,109.9,421.8,85.9,323.0,166.5,463.6,228.0,285.5,19.3,74.7,134.7,434.4,429.7,186.3,463.4,347.1,400.8,112.2,115.6,412.0,400.1,88.1,499.7,143.8,344.9,190.5,15.6,93.9,82.4,482.1,300.5,48.9,465.7
RY,142.0,429.4,452.7,121.5,151.8,133.8,411.5,341.7,226.9,318.0,264.6,512.6,117.1,467.2,428.0,121.2,70.4,352.4,207.6,152.2,445.0,459.7,317.4,357.0,521.9,107.5,360.9,213.3,523.4,345.5,292.0,444.7,291.4,406.7,400.7,471.6,452.9,198.2,239.7,226.2,440.2,384.8,196.8,374.7,561.5,27.8,427.2,1997.9,99.4,208.7,374.4,433.7,469.0,271.3,363.0,500.4,0.0,503.7,254.6,473.0,160.4,469.6,74.5,323.2,346.0,527.9,575.6,438.3,110.9,151.6,292.7,210.1,224.0,294.8,449.0,493.5,56.7,173.9,457.2,181.9,391.5,339.7,422.3,483.5,477.5,452.2,170.2,349.4,549.4,153.2
SJ,424.2,247.0,128.2,483.5,372.8,428.8,200.1,241.6,380.1,247.9,370.0,23.3,488.5,136.3,178.8,437.3,549.6,292.2,327.7,406.9,177.6,104.9,240.5,287.5,80.1,414.8,221.5,347.3,61.5,268.6,311.0,89.9,323.9,113.7,172.3,186.2,240.2,469.3,315.0,491.0,227.5,233.3,385.6,176.9,87.0,513.0,196.6,2074.6,498.1,270.6,208.2,151.9,175.5,287.2,249.8,75.1,485.1,0.0,381.7,161.6,398.2,65.9,501.6,253.3,360.7,94.5,101.1,101.5,509.6,374.7,261.5,492.9,296.0,310.3,187.4,190.8,444.0,344.6,163.3,507.1,176.8,268.8,265.7,90.8,122.7,157.6,427.1,236.4,88.4,442.4
SR,193.3,292.0,498.3,245.1,159.9,215.9,420.1,275.9,66.8,335.3,64.3,411.4,250.1,506.4,470.6,206.5,285.7,170.1,75.0,168.5,420.9,408.7,167.8,373.5,450.2,201.9,394.8,189.2,420.6,174.7,58.3,393.7,314.3,373.8,380.0,514.2,391.5,256.4,176.5,236.9,378.8,458.2,154.7,272.7,457.1,294.5,226.9,2156.7,259.7,105.7,229.5,409.6,445.3,144.5,192.2,445.2,270.5,470.7,0.0,449.4,159.8,369.7,308.5,294.4,367.7,464.6,471.2,405.3,271.2,161.8,268.6,222.6,69.2,122.9,485.2,469.4,250.9,131.7,433.1,267.0,350.1,139.4,398.2,460.9,426.5,527.7,214.2,204.5,458.5,229.5
SU,387.3,344.9,151.6,414.6,381.9,461.8,183.2,264.8,477.6,224.2,420.7,249.8,419.6,166.1,17.1,461.5,504.1,363.6,412.7,338.0,99.8,197.7,315.7,125.8,129.7,448.3,177.0,309.8,261.9,344.3,448.2,182.7,289.7,144.7,138.7,26.6,224.6,496.3,305.3,525.8,211.9,164.9,328.5,225.7,168.8,479.0,292.6,1932.5,429.2,386.5,306.1,132.6,76.6,402.7,361.3,107.7,482.8,241.7,459.2,0.0,329.8,208.1,447.7,246.3,199.0,265.9,182.5,176.3,440.7,436.5,233.8,500.3,411.9,426.7,147.4,29.6,376.3,437.5,64.4,506.5,203.4,344.0,104.0,90.8,216.0,150.6,478.6,330.7,149.9,472.0
TD,74.9,268.9,292.2,85.8,52.0,114.1,251.0,185.2,185.5,157.5,162.1,354.9,90.2,306.9,330.2,101.5,125.8,204.3,97.7,8.6,284.5,299.2,156.9,198.0,361.9,87.8,200.4,24.3,362.9,185.0,224.9,284.2,130.9,246.2,240.2,338.5,293.7,133.5,79.2,165.8,279.7,224.3,36.3,216.6,401.0,132.3,283.0,2012.5,99.8,141.6,213.9,273.2,311.0,157.5,202.5,339.9,108.3,343.2,142.2,315.0,0.0,309.6,140.5,162.7,185.5,367.4,414.7,277.8,111.3,106.6,132.2,138.0,156.9,225.4,288.5,333.0,132.5,111.1,296.7,171.3,231.0,185.2,264.3,323.0,317.0,291.7,159.0,188.9,382.1,142.6
TH,357.5,295.5,158.8,391.9,358.1,420.2,104.4,233.5,422.7,205.8,424.7,128.4,396.3,167.4,209.4,407.6,431.9,347.0,357.3,314.7,163.4,38.4,299.6,228.5,122.6,393.9,187.3,286.0,162.0,327.7,377.0,23.9,231.7,83.9,77.9,216.3,147.1,441.9,282.0,471.9,133.1,141.1,318.9,175.8,161.7,440.7,242.7,2105.2,405.9,337.1,256.7,182.0,187.7,360.3,298.3,105.7,416.7,100.9,404.8,191.7,308.3,0.0,446.6,211.0,284.3,125.1,175.9,35.5,417.4,412.7,169.3,445.9,362.5,383.3,115.4,220.9,395.0,382.6,176.1,477.4,124.6,327.9,202.5,120.9,56.7,187.7,465.1,280.8,143.3,448.7
TT,197.7,431.3,454.6,126.9,194.4,164.1,414.7,343.6,292.7,319.9,307.2,513.2,121.9,469.1,443.5,163.8,72.3,371.0,257.6,154.1,446.9,461.6,319.3,358.9,523.8,150.1,362.8,215.2,525.3,347.4,313.8,446.6,293.3,408.6,402.6,487.1,454.8,203.0,241.6,231.0,442.1,386.7,198.7,379.0,563.4,47.7,447.8,1986.5,101.3,251.3,376.3,435.6,471.3,314.3,364.9,502.3,51.5,505.6,304.6,475.4,162.3,471.5,0.0,325.1,347.9,529.8,577.5,440.2,112.8,194.2,294.6,214.9,266.6,337.4,450.9,495.4,72.2,216.5,459.1,192.0,393.4,347.6,424.2,485.4,479.4,454.1,175.0,351.3,551.3,158.0
TW,208.7,201.9,211.7,242.5,209.3,259.1,222.2,18.4,261.4,40.8,275.9,269.2,247.5,227.2,249.7,258.8,283.1,198.2,209.0,165.9,204.0,201.8,150.8,122.8,267.5,245.1,124.4,106.3,305.4,178.9,248.1,186.8,82.9,177.2,183.4,295.2,179.5,293.1,133.2,323.1,166.8,143.8,170.1,82.7,319.1,291.9,149.1,2072.5,257.1,186.9,177.7,192.7,227.7,211.9,196.4,250.6,267.9,245.8,256.0,232.5,157.2,231.7,297.8,0.0,87.0,270.0,332.8,180.4,268.6,263.9,91.9,297.6,212.3,235.0,278.3,252.5,246.2,234.3,215.6,328.6,156.1,179.1,202.7,266.3,219.6,211.2,316.3,152.7,288.2,299.9
TZ,298.3,278.7,250.8,301.6,268.4,318.2,210.9,121.8,320.5,98.1,314.9,346.0,306.6,266.3,199.7,317.9,342.2,257.8,268.1,225.0,240.1,278.6,210.4,81.9,320.0,304.2,99.5,165.4,313.6,238.5,319.7,263.6,149.7,196.9,190.9,244.2,256.3,352.2,192.3,382.2,243.6,182.9,239.5,160.5,359.6,425.2,225.9,2042.5,316.2,258.5,267.4,231.8,267.1,302.5,256.0,327.4,327.0,322.6,315.1,216.6,218.6,259.8,393.4,103.3,0.0,346.8,373.7,257.2,327.7,323.0,90.8,356.7,283.9,325.6,247.1,225.4,322.0,293.4,255.3,387.7,232.9,238.7,175.5,281.6,296.4,250.3,375.4,242.4,340.7,359.0
UG,355.1,333.6,33.6,388.9,355.7,405.5,159.8,227.1,407.8,203.4,422.3,150.2,393.9,78.0,84.2,405.2,429.5,348.9,355.4,312.3,83.0,186.8,297.2,192.9,76.7,391.5,166.5,252.7,188.4,325.3,400.1,171.8,229.3,133.8,127.8,91.6,199.9,439.5,279.6,469.5,187.2,138.7,316.5,214.4,116.3,438.3,283.2,1980.0,403.5,359.7,294.8,57.3,80.9,358.3,342.8,55.2,414.3,126.8,402.4,67.0,303.6,196.7,444.2,208.6,266.1,0.0,130.4,165.4,415.0,410.3,166.9,444.0,385.1,381.4,92.8,96.2,392.6,380.7,68.7,480.3,178.7,325.5,171.1,38.3,128.8,63.0,462.7,329.2,104.2,446.3
UL,459.8,314.2,138.3,494.2,440.0,497.6,208.9,304.6,455.2,308.1,416.1,112.6,498.6,146.6,188.9,504.5,534.2,355.1,394.9,417.0,187.3,171.7,307.7,297.1,90.7,482.0,288.7,388.3,146.7,335.8,398.6,157.1,334.0,188.4,182.4,195.9,251.6,536.5,382.2,558.2,237.6,243.4,421.2,242.7,83.5,542.6,261.4,2084.7,508.2,337.8,275.4,161.6,185.2,354.0,317.0,84.8,518.6,195.2,448.9,170.8,410.6,133.6,548.9,312.9,370.8,104.6,0.0,168.7,519.7,441.9,271.6,560.1,363.2,377.5,197.5,200.9,497.3,411.4,172.8,579.6,229.1,336.0,275.4,100.5,179.2,162.4,494.3,303.6,91.7,509.6
UP,444.7,312.4,123.2,478.5,445.3,495.1,195.1,316.7,445.5,293.0,435.4,88.7,483.5,131.3,173.8,494.8,519.1,357.6,393.1,401.9,172.6,170.3,305.9,282.5,87.0,481.1,276.7,342.3,126.9,334.0,376.4,155.3,318.9,173.3,167.3,181.2,235.2,534.7,369.2,556.4,222.5,228.3,406.1,265.7,126.6,527.9,262.0,2069.6,493.1,336.0,273.6,146.9,170.5,352.6,315.2,70.1,503.9,65.3,447.1,156.6,393.2,131.3,533.8,298.2,355.7,89.5,140.7,0.0,504.6,440.1,256.5,558.3,361.4,375.7,133.3,185.8,482.2,410.0,158.3,569.9,214.0,334.2,260.7,85.8,164.1,152.6,492.5,301.8,114.5,507.8
UQ,163.0,396.6,419.9,29.7,164.4,146.7,380.0,308.9,275.3,285.2,289.8,478.5,24.7,434.4,457.9,146.4,72.6,336.3,222.9,119.4,412.2,426.9,284.6,324.2,489.1,132.7,328.1,180.5,490.6,312.7,296.4,411.9,258.6,373.9,367.9,466.2,420.1,123.8,206.9,162.2,407.4,352.0,164.0,344.3,528.7,81.4,413.1,1901.1,10.9,233.9,341.6,400.9,436.6,285.6,330.2,467.6,105.2,470.9,269.9,440.7,127.6,436.8,110.1,290.4,313.2,495.1,542.8,405.5,0.0,176.8,259.9,146.1,249.2,308.7,416.2,460.7,113.8,238.8,424.4,123.2,358.7,312.9,389.5,450.7,444.7,419.4,95.8,316.6,516.6,78.8
UT,141.8,315.3,505.1,174.4,55.6,89.5,426.9,282.7,177.5,342.1,192.0,418.2,179.4,513.2,454.7,66.2,210.3,267.1,116.8,116.2,409.0,415.5,203.3,321.0,457.0,75.5,324.9,177.3,450.2,231.4,175.0,400.5,255.4,380.6,386.8,462.1,398.3,130.0,183.3,151.7,385.6,348.8,149.3,279.5,463.9,173.7,319.2,2083.4,170.7,112.5,277.8,397.7,433.4,175.5,248.9,452.0,145.8,477.5,158.4,437.5,154.4,376.5,175.7,301.2,310.0,471.4,478.0,412.1,182.2,0.0,256.7,153.6,127.8,198.6,492.0,457.5,124.1,77.7,421.2,167.8,356.9,264.0,386.3,467.7,433.3,416.2,87.8,252.8,465.3,103.1
UW,188.1,242.2,159.9,221.9,188.7,238.5,120.0,60.1,240.8,36.4,255.3,218.5,226.9,174.4,197.9,238.2,262.5,181.9,188.4,145.3,152.2,166.9,130.2,64.2,229.1,224.5,68.1,85.7,230.6,158.3,233.1,151.9,62.3,113.9,107.9,205.3,160.1,272.5,112.6,302.5,147.4,92.0,149.5,84.3,268.7,271.3,153.1,2085.4,236.5,192.7,187.2,140.9,176.6,191.3,175.8,207.6,247.3,210.9,235.4,180.7,136.6,176.8,277.2,41.6,115.9,235.1,282.8,145.5,248.0,243.3,0.0,277.0,218.1,214.4,156.2,200.7,225.6,213.7,164.4,313.3,98.7,158.5,129.5,190.7,184.7,159.4,295.7,162.2,256.6,279.3
VD,192.3,450.5,449.2,139.4,183.9,83.4,408.0,411.0,208.3,314.5,222.8,546.5,144.4,464.7,487.2,88.0,168.2,320.9,166.0,148.7,441.5,543.8,326.3,353.5,518.9,50.6,357.4,209.8,578.5,333.2,273.7,528.8,287.9,403.2,397.2,494.6,449.4,67.5,311.6,25.4,436.7,381.3,193.3,406.8,592.2,174.7,385.4,2037.7,128.6,240.8,406.1,430.2,465.5,303.4,350.7,580.3,146.8,500.2,186.4,469.5,154.4,504.8,176.7,319.7,342.5,599.7,605.9,434.8,136.5,139.4,289.2,0.0,256.1,281.4,445.5,490.0,125.1,206.0,453.7,28.8,485.2,297.9,418.8,480.0,561.6,448.7,88.1,381.1,545.9,83.7
VL,159.9,239.2,429.0,211.7,108.5,164.5,350.8,206.6,97.8,266.0,73.9,342.1,216.7,437.1,401.3,173.0,285.3,184.4,63.4,135.1,372.6,339.4,127.2,304.2,380.9,150.5,325.5,180.5,374.1,155.3,85.9,324.4,245.0,304.5,310.7,444.9,322.2,205.0,107.2,226.7,309.5,388.9,121.3,203.4,387.8,248.7,236.5,2128.7,226.3,36.4,201.7,361.3,397.0,99.4,172.8,375.9,220.8,401.4,85.6,401.1,126.4,300.4,275.1,225.1,298.4,395.3,401.9,336.0,237.8,110.4,220.3,228.6,0.0,122.5,415.9,421.1,217.5,80.3,384.8,242.8,280.8,149.0,349.9,391.6,357.2,458.4,162.8,176.7,389.2,178.1
VN,221.9,217.9,438.6,257.1,174.6,232.2,360.4,216.2,89.7,275.6,68.5,353.0,262.1,447.2,409.0,239.1,297.7,80.8,129.5,180.5,373.1,349.0,93.7,313.8,390.4,216.6,289.0,141.4,346.5,100.6,104.9,334.0,236.6,314.1,320.3,452.6,331.8,271.1,98.8,265.2,319.1,398.5,183.3,212.0,397.4,306.5,152.8,2136.4,271.7,72.4,155.4,361.8,397.1,21.5,118.1,385.5,282.5,411.0,139.2,401.6,171.8,310.5,337.1,234.7,306.1,404.9,411.5,345.6,283.2,176.5,220.8,294.7,97.8,0.0,425.5,421.6,279.5,146.4,385.3,300.6,290.4,65.3,350.4,401.2,366.8,468.0,228.9,130.4,392.0,244.2
VQ,336.6,315.1,38.2,370.4,337.2,387.0,134.5,208.6,389.3,184.9,403.8,124.9,375.4,52.7,146.1,386.7,411.0,330.4,336.9,293.8,143.0,165.7,278.7,195.8,141.2,373.0,148.0,234.2,163.1,306.8,381.6,150.7,210.8,112.7,106.7,153.5,174.6,421.0,261.1,451.0,161.9,120.2,298.0,195.9,180.8,419.8,264.7,2041.9,385.0,341.2,276.3,79.0,142.8,339.8,324.3,124.3,395.8,101.5,383.9,128.9,285.1,175.6,425.7,190.1,263.9,143.7,194.9,144.3,396.5,391.8,148.4,425.5,366.6,362.9,0.0,158.1,374.1,362.2,130.6,461.8,153.4,307.0,182.1,140.0,103.5,37.7,444.2,310.7,168.7,427.8
VS,386.4,344.0,135.0,413.7,380.5,473.2,182.3,267.9,476.2,223.3,419.3,248.4,418.7,150.0,16.2,460.6,502.7,362.2,411.3,337.1,65.9,196.8,314.8,124.4,200.2,446.9,176.1,308.4,260.5,342.9,426.0,181.8,288.8,143.8,137.8,66.1,225.0,494.9,304.4,524.9,211.0,163.5,327.6,224.8,239.8,478.1,291.2,2003.1,428.3,385.6,305.2,112.0,147.3,401.8,360.4,178.7,481.9,240.8,458.3,39.9,328.4,206.7,446.3,245.4,198.1,265.0,253.5,175.4,439.8,435.1,232.9,499.4,411.0,425.3,131.3,0.0,374.9,436.6,135.5,505.1,202.5,343.1,103.1,161.8,214.6,134.5,477.2,329.8,227.7,471.1
WB,88.5,353.8,377.1,87.3,116.2,85.9,337.2,266.1,214.5,242.4,229.0,478.8,92.3,391.6,415.1,85.6,137.5,316.8,172.0,76.6,369.4,384.1,241.8,281.4,446.3,71.9,285.3,137.7,447.8,269.9,235.6,369.1,215.8,331.1,325.1,414.8,377.3,119.9,164.1,149.9,364.6,309.2,121.2,340.1,485.9,112.9,391.6,1941.1,101.9,173.1,298.8,358.1,393.8,236.1,287.4,424.8,62.8,428.1,219.0,397.9,84.8,437.1,81.1,247.6,270.4,452.3,500.0,362.7,113.4,116.0,217.1,124.4,188.4,259.2,373.4,417.9,0.0,138.3,381.6,148.0,315.9,304.1,346.7,407.9,401.9,376.6,102.2,273.8,473.8,117.5
WL,143.2,270.6,460.4,178.9,78.2,137.2,380.9,233.8,131.6,297.4,133.6,373.5,183.3,468.7,416.5,145.7,258.0,226.9,66.7,110.3,370.8,370.8,158.6,282.8,412.3,123.2,286.7,139.1,405.5,186.7,130.3,355.8,217.2,335.9,342.1,424.8,353.6,177.7,138.6,199.4,340.9,310.6,104.6,233.8,419.2,221.4,272.1,2105.6,192.9,67.8,233.1,359.5,394.8,130.8,204.2,407.3,193.5,432.8,113.7,398.8,101.6,331.8,258.4,256.5,271.8,426.7,432.9,367.4,204.4,83.1,218.5,201.3,83.1,153.9,447.3,419.3,200.8,0.0,383.0,215.5,312.2,219.3,348.1,423.0,388.6,378.0,135.5,208.1,420.6,150.8
WU,417.5,337.5,94.8,451.9,418.1,480.2,146.4,256.9,482.7,239.2,464.3,135.6,456.3,84.1,145.4,467.6,491.9,386.5,417.8,374.7,223.9,178.9,334.8,269.0,64.6,453.9,229.3,315.1,173.8,362.9,426.1,163.9,291.7,125.9,119.9,152.8,187.8,501.9,342.0,531.9,175.1,201.1,378.9,218.3,104.2,500.7,287.1,2041.2,465.9,364.9,298.7,128.1,11.7,381.7,340.3,43.1,476.7,132.7,464.8,128.2,368.3,160.2,506.6,253.1,344.8,61.1,117.9,157.5,477.4,469.0,229.3,506.4,390.3,404.6,171.7,157.4,455.0,438.9,0.0,542.7,166.6,363.1,263.0,26.2,116.7,124.2,521.4,330.7,92.1,508.7
XP,215.2,464.0,472.1,162.9,177.4,106.3,430.9,400.3,198.6,337.4,236.3,544.1,113.7,486.8,510.1,110.9,144.6,338.9,194.2,171.6,464.4,537.3,339.8,377.9,579.3,73.5,380.3,204.2,577.3,346.7,292.5,522.3,310.8,502.4,508.6,517.5,521.4,66.3,305.1,38.9,507.4,404.2,216.2,400.3,585.7,170.3,401.2,2014.1,105.0,234.3,399.6,458.4,488.4,296.9,364.2,579.1,169.7,599.3,209.3,492.9,177.3,498.8,199.6,423.0,365.4,593.2,599.4,533.9,112.9,162.3,312.1,28.1,249.6,300.2,468.4,512.9,148.0,199.5,481.9,0.0,478.7,311.4,441.7,594.8,555.1,471.6,81.6,374.6,580.3,77.2
XV,261.1,170.8,272.6,294.9,261.7,311.5,192.4,90.2,313.8,72.5,302.1,238.1,299.9,280.7,233.0,311.2,335.5,234.0,261.4,218.3,208.3,170.7,182.3,102.3,236.4,297.5,112.5,158.7,276.3,197.5,252.8,155.7,135.3,146.1,152.3,276.6,148.4,345.5,185.6,375.5,135.7,230.5,222.5,51.6,276.0,344.3,120.4,2119.8,309.5,212.4,132.0,197.0,232.7,229.0,173.6,219.5,320.3,214.7,308.4,236.8,209.6,195.7,350.2,85.8,154.0,238.9,290.1,149.3,321.0,316.3,72.9,350.0,237.8,252.1,247.2,256.8,298.6,286.4,220.5,386.3,0.0,210.6,184.2,235.2,188.5,302.0,368.7,156.6,263.9,352.3
XX,243.5,119.1,322.6,259.0,199.8,255.8,341.0,162.0,97.3,254.0,76.1,302.4,264.0,337.1,343.6,264.3,299.6,23.3,154.7,182.4,314.9,324.3,28.3,226.9,341.2,241.8,230.8,122.8,307.0,35.2,138.0,309.3,161.3,294.7,300.9,387.2,302.0,296.3,142.0,272.8,289.3,254.7,193.8,183.0,377.7,342.4,113.3,2071.0,273.6,97.6,90.0,303.6,339.3,114.2,52.7,336.2,284.4,368.3,146.8,343.4,173.7,260.7,310.6,180.5,240.7,355.6,359.0,302.9,285.1,201.7,162.6,319.9,123.0,76.4,318.9,363.4,253.0,171.6,327.1,334.1,267.2,0.0,292.2,351.9,342.1,322.1,254.1,65.0,349.5,269.4
YL,364.9,311.1,174.6,352.5,319.3,369.1,133.4,232.2,371.4,204.5,385.9,226.0,357.5,189.6,104.0,368.8,481.2,345.0,319.0,275.9,113.6,170.3,293.3,102.9,243.8,355.1,89.0,216.3,234.0,321.4,393.1,155.3,192.9,117.3,111.3,147.6,176.1,403.1,243.2,433.1,162.1,106.7,306.1,192.9,283.4,456.6,258.3,2052.9,367.1,352.7,272.3,155.6,190.9,321.5,313.9,219.1,460.4,214.3,366.0,120.9,267.2,180.7,424.8,209.7,185.5,238.5,297.5,148.9,378.6,373.9,130.5,407.6,378.1,345.0,170.9,140.1,353.4,344.3,179.1,443.9,146.3,321.6,0.0,205.4,188.1,174.1,426.3,296.9,264.5,409.9
YN,358.8,337.3,37.3,392.6,359.4,421.5,162.2,234.8,424.0,207.1,426.0,153.9,397.6,81.9,87.9,408.9,433.2,352.6,359.1,316.0,86.7,190.5,300.9,196.1,38.2,395.2,170.2,256.4,192.1,329.0,424.6,175.5,233.0,137.5,131.5,96.2,203.6,443.2,283.3,473.2,190.9,142.4,320.2,218.1,77.9,442.0,284.5,1983.7,407.2,363.4,298.5,61.0,84.2,361.6,346.5,16.8,418.0,130.5,406.1,70.2,307.3,133.9,447.9,212.3,269.8,3.6,91.6,169.1,418.7,414.0,170.6,447.7,388.8,385.1,96.5,99.9,396.3,384.4,72.4,484.0,182.4,329.2,174.8,0.0,132.5,66.7,466.4,332.9,65.8,450.0
YO,300.7,279.2,114.8,334.5,301.3,351.1,112.3,172.7,353.4,149.0,367.9,184.0,339.5,129.3,152.8,350.8,375.1,294.5,301.0,257.9,107.1,132.4,242.8,159.9,198.1,337.1,112.1,198.3,196.1,270.9,345.7,117.4,174.9,79.4,73.4,161.1,152.4,385.1,225.2,415.1,139.7,84.3,262.1,160.0,229.7,383.9,228.8,2048.6,349.1,305.3,240.4,95.8,131.5,303.9,288.4,181.2,359.9,176.4,348.0,135.6,249.2,142.3,389.8,154.2,228.0,200.6,243.8,111.0,360.6,355.9,112.5,389.6,330.7,327.0,58.6,197.7,338.2,326.3,119.3,425.9,128.3,271.1,146.2,196.9,0.0,114.3,408.3,274.8,225.6,391.9
YQ,366.5,286.5,139.6,400.3,367.1,416.9,96.7,205.9,419.2,188.2,417.8,87.1,405.3,14.9,190.2,416.6,440.9,356.0,366.8,323.7,172.9,127.9,308.6,218.0,103.4,402.9,178.3,295.0,125.3,313.2,389.3,112.9,240.7,74.9,68.9,198.5,136.8,450.9,291.0,480.9,124.1,150.1,327.9,167.3,143.0,449.7,233.7,2086.0,414.9,328.1,247.7,163.3,186.5,344.3,289.3,86.5,425.7,63.7,413.8,172.5,315.0,137.8,455.6,201.5,293.8,105.9,162.0,106.5,426.4,421.7,178.3,455.4,353.5,367.8,120.7,202.2,404.0,392.1,174.7,491.7,115.6,336.9,212.0,102.2,65.7,0.0,474.1,272.3,130.9,457.7
YW,181.9,355.4,422.1,112.3,95.7,64.4,467.0,322.8,203.9,287.4,218.4,458.3,117.3,436.6,460.1,115.7,122.4,307.2,151.5,121.6,414.4,455.6,243.4,326.4,497.1,69.4,330.3,182.7,490.3,271.5,215.1,440.6,260.8,420.7,426.9,468.4,438.4,42.5,223.4,63.8,425.7,354.2,189.4,319.6,504.0,147.6,359.3,1995.5,82.8,152.6,317.9,403.1,438.8,215.6,289.0,492.1,119.7,517.6,198.5,442.9,129.8,416.6,149.6,341.3,315.4,511.5,518.1,452.2,94.3,95.5,262.1,65.7,167.9,238.7,418.4,462.9,98.0,117.8,426.6,79.9,397.0,304.1,391.7,507.8,473.4,421.6,0.0,292.9,505.4,15.2
ZK,282.7,151.3,339.6,285.9,231.3,288.9,258.1,140.6,165.0,167.4,143.8,257.2,290.3,347.9,327.9,295.8,408.1,86.7,186.2,208.7,303.2,237.7,99.0,197.2,291.9,273.3,207.4,180.0,285.1,67.4,169.5,222.7,230.2,213.1,219.3,372.4,215.4,327.8,173.5,349.5,202.7,297.5,244.1,96.4,298.8,368.7,84.8,2097.3,299.9,129.1,24.9,291.9,327.2,145.7,84.9,286.5,343.6,281.7,240.2,331.7,200.0,211.4,336.9,172.8,248.9,305.9,312.5,216.3,311.4,233.2,167.8,351.4,154.5,168.8,314.2,351.7,279.3,203.1,315.4,365.6,191.8,67.6,279.1,302.2,255.5,369.0,285.6,0.0,293.4,300.9
ZS,440.9,308.8,119.4,475.3,434.6,492.2,190.0,299.2,454.4,289.2,431.8,107.2,479.7,127.7,170.0,499.1,515.3,349.7,380.8,398.1,168.8,166.7,302.3,278.2,71.8,476.6,272.9,369.4,132.6,330.4,384.9,151.7,315.1,169.5,163.5,169.6,232.7,522.4,365.4,552.8,218.7,224.5,402.3,229.0,63.0,515.4,256.0,2065.8,489.3,332.4,270.0,134.4,166.3,348.6,311.6,57.6,491.4,176.3,443.5,143.6,391.7,128.2,530.0,294.4,351.9,85.7,85.4,163.3,500.8,436.5,252.7,554.7,357.8,363.4,178.6,173.3,478.4,397.7,145.8,560.8,210.2,330.6,256.9,73.3,160.3,140.1,488.9,289.5,0.0,504.2
ZX,198.9,372.4,439.1,81.2,112.7,81.4,484.0,339.8,220.9,304.4,235.4,475.3,76.2,453.6,477.1,133.0,107.1,324.2,168.5,138.6,431.4,472.6,260.4,343.4,514.1,86.4,347.3,199.7,507.3,288.5,232.1,457.6,277.8,437.7,443.9,484.5,455.4,59.8,240.4,81.1,442.7,371.2,206.4,336.6,521.0,132.8,376.3,1980.2,67.5,169.6,334.9,420.1,455.8,232.6,306.0,509.1,136.7,534.6,215.5,459.9,146.8,433.6,165.3,358.3,332.4,528.5,535.1,469.2,79.0,112.5,279.1,83.0,184.9,255.7,435.4,479.9,115.0,134.8,443.6,95.9,414.0,321.1,408.7,524.8,490.4,438.6,16.9,309.9,522.4,0.0
