from_stop,AL,AT,CA,CO,CP,CV,CW,DK,DU,DZ,EK,FG,FJ,FZ,GH,GK,GL,GZ,HE,HH,HJ,HL,HM,HO,HQ,IG,IW,JG,JL,JQ,KG,KK,KQ,KS,KT,KV,LB,LL,LZ,MH,MT,MX,ND,NI,NJ,NP,NQ,NU,NW,OX,PD,PT,PU,PW,QB,QM,QO,RF,RG,RI,SA,SB,SD,SI,ST,SU,TA,TG,TN,TY,UD,VF,VG,VH,VL,VP,WE,WG,WW,XB,XN,XV,XY,YE,YO,YT,ZT,ZY
AL,0.0,108.6,345.3,410.1,324.8,91.8,28.0,212.5,288.9,207.3,129.9,144.8,340.5,345.6,264.0,309.2,328.7,154.0,279.3,234.4,342.3,277.4,294.6,298.8,231.0,298.8,305.7,275.5,297.9,361.7,357.7,240.0,1940.9,391.0,289.6,330.9,223.8,135.3,352.8,105.5,354.5,270.8,369.7,197.9,279.9,371.8,76.4,405.8,232.7,119.9,261.4,275.3,146.8,343.6,240.4,335.8,360.4,353.3,307.5,229.7,242.9,344.7,289.3,278.8,261.1,387.8,117.7,385.3,201.7,378.5,291.2,380.3,315.9,147.9,305.2,330.6,97.6,285.4,230.7,272.0,354.9,321.8,84.3,256.1,278.6,238.7,103.1,223.3
AT,99.8,0.0,245.2,295.9,234.0,88.0,77.8,151.3,160.7,138.0,65.7,80.6,226.0,241.9,148.7,195.0,214.5,89.8,175.6,120.2,238.6,208.1,225.3,183.5,161.7,194.8,177.5,161.3,228.6,257.7,234.3,176.1,1900.0,267.1,161.4,211.2,109.6,82.3,258.3,41.3,254.4,156.3,269.6,128.6,164.6,252.5,31.3,294.2,168.8,99.1,148.3,160.0,33.2,229.4,133.8,241.9,251.7,224.8,193.3,165.0,134.2,224.7,169.6,167.3,167.6,273.3,83.9,285.2,150.4,250.3,177.0,256.4,200.7,83.7,177.0,202.4,90.7,181.7,117.7,143.5,240.7,221.7,75.4,141.9,193.7,169.4,10.1,154.0
CA,316.7,257.0,0.0,125.9,97.1,308.8,298.3,158.0,129.2,124.2,242.9,209.1,58.4,129.7,132.5,94.2,76.5,199.9,169.1,122.2,137.5,203.0,48.8,104.2,101.3,166.9,74.8,115.3,178.5,113.6,24.9,132.5,2157.9,86.9,101.6,146.0,132.0,233.2,121.5,238.0,9.1,97.7,24.3,133.5,117.2,65.9,270.1,60.4,139.8,250.0,211.0,121.7,210.4,66.0,144.9,3.2,38.5,79.0,98.8,249.8,113.7,140.7,203.0,160.8,161.1,78.6,261.1,39.9,165.1,104.2,74.0,97.6,90.4,251.0,83.8,56.3,275.8,175.2,169.2,114.2,57.1,19.8,301.3,100.5,60.4,162.5,267.1,109.0
CO,421.6,315.9,113.9,0.0,205.1,398.9,403.2,216.9,188.1,238.2,364.8,378.3,87.9,234.7,191.4,153.1,88.0,369.1,289.2,181.1,242.5,305.4,162.8,227.4,215.3,271.9,199.1,144.8,280.9,218.6,127.3,191.4,2210.9,189.3,160.5,248.4,190.9,347.2,226.5,352.2,104.7,156.6,99.0,247.5,176.1,51.7,342.2,117.1,198.7,363.6,313.4,180.6,268.6,77.5,218.1,117.2,69.1,205.0,128.3,352.2,172.6,243.1,292.3,274.8,257.7,39.0,383.0,77.6,224.0,230.2,132.9,200.0,119.9,321.4,142.7,170.3,397.7,283.1,283.2,187.4,68.6,133.8,391.4,159.4,174.4,276.5,326.0,223.0
CP,320.5,240.8,100.0,224.2,0.0,301.9,293.5,143.4,130.8,123.2,237.7,231.8,160.4,77.8,117.1,143.7,120.3,227.5,112.2,130.3,81.1,154.4,41.3,78.7,100.2,121.4,49.3,163.5,136.4,67.6,70.8,168.2,2152.7,69.1,104.3,109.1,121.0,228.0,75.5,232.8,109.3,140.8,124.4,132.5,101.8,164.3,264.9,117.7,160.8,244.8,162.4,99.9,198.8,136.0,125.8,96.8,131.9,33.5,133.7,200.7,142.1,98.6,146.0,103.9,52.9,178.9,255.9,140.0,150.5,58.7,123.5,58.4,141.4,240.3,126.3,33.7,268.9,118.3,94.3,97.3,137.9,87.4,296.1,150.1,59.3,88.0,251.0,101.5
CV,96.2,89.3,319.9,385.0,299.4,0.0,75.9,205.1,249.8,181.9,104.5,119.4,315.4,320.2,237.8,284.1,303.6,128.6,253.9,209.3,316.9,252.0,269.2,276.2,205.6,273.4,266.6,250.4,272.5,336.3,323.4,232.6,1884.5,365.6,250.5,305.5,198.7,126.2,331.1,80.1,329.1,245.7,344.3,172.5,253.7,346.7,88.1,380.4,225.3,142.6,242.9,249.1,121.7,321.5,222.9,314.6,335.3,314.2,282.4,203.8,221.1,319.3,263.9,253.4,235.7,362.7,122.7,359.9,194.3,339.4,266.1,354.9,290.1,122.5,266.1,291.5,130.1,260.0,205.3,232.9,329.8,296.4,7.4,224.8,253.2,213.3,78.0,197.9
CW,25.2,84.3,315.8,380.9,297.5,61.4,0.0,184.4,258.5,176.9,100.4,115.3,310.4,315.2,234.5,280.0,298.6,124.5,249.8,206.6,312.8,247.0,264.2,268.4,200.6,268.4,275.3,245.4,267.5,331.3,320.7,211.9,1911.4,360.6,259.2,302.8,193.7,121.2,322.4,76.0,326.4,240.7,340.2,167.5,250.4,338.9,84.0,376.3,203.2,138.0,233.3,244.9,117.6,317.4,210.9,313.9,330.3,322.9,277.4,199.8,215.1,306.9,258.9,249.3,246.0,357.7,118.6,355.8,174.6,349.0,262.0,352.2,288.1,117.5,275.7,302.5,122.9,255.9,201.2,241.6,324.8,293.7,56.2,228.3,249.1,209.2,73.0,192.9
DK,213.6,174.5,160.8,232.5,153.9,216.0,188.3,0.0,74.4,202.0,232.8,247.7,144.4,189.5,103.4,112.8,130.4,245.3,234.6,37.4,192.8,266.1,128.5,119.5,179.1,224.5,91.2,93.0,242.2,173.4,161.3,29.1,2063.8,180.8,75.1,210.4,64.5,255.8,178.6,208.4,171.2,68.8,185.2,213.3,88.1,177.6,206.2,214.2,20.1,270.9,276.6,90.7,132.6,147.2,27.8,151.3,164.3,138.8,109.2,208.2,65.7,197.8,268.5,226.3,209.5,193.6,251.0,200.8,7.7,165.9,94.8,170.1,116.9,216.9,92.6,116.1,265.7,239.8,234.7,57.5,156.6,139.5,207.2,69.3,140.1,228.0,185.0,197.4
DU,289.7,178.6,128.5,210.4,128.2,261.6,264.4,74.7,0.0,171.6,239.3,254.2,131.8,159.1,71.1,34.9,104.3,247.7,213.6,49.9,162.4,235.7,96.2,89.1,148.7,194.1,60.8,91.0,211.8,143.0,124.1,100.8,2073.6,150.4,44.7,178.1,53.6,261.0,148.2,214.9,137.7,68.3,152.9,181.0,55.8,155.5,204.9,199.7,93.5,277.4,249.0,60.3,132.0,119.2,58.5,123.1,151.7,108.4,81.4,282.5,78.8,173.4,222.6,208.2,192.9,171.5,257.5,168.5,83.8,133.6,66.8,139.7,89.1,201.1,60.3,85.7,264.3,207.5,220.9,27.1,130.5,105.0,254.1,77.3,107.8,214.2,183.7,156.4
DZ,201.4,145.7,137.9,263.9,128.9,184.5,174.8,197.9,187.2,0.0,118.6,122.8,196.4,137.4,145.1,193.9,168.3,113.6,71.1,186.1,134.1,111.5,87.2,130.8,23.6,90.6,111.6,220.1,113.6,153.5,144.6,224.0,2033.6,177.8,166.6,146.6,176.8,108.9,144.6,113.7,147.1,197.4,162.3,7.9,157.7,209.0,145.8,198.4,216.7,125.7,96.6,156.4,103.5,183.2,181.7,128.4,176.5,135.8,190.3,147.8,194.6,160.4,105.0,62.8,63.1,225.0,136.8,177.9,200.3,161.0,173.7,167.1,198.7,133.0,182.2,113.1,151.5,77.2,71.5,151.0,194.5,114.4,177.0,200.2,71.2,64.5,155.9,15.9
EK,100.3,69.1,261.9,387.9,243.6,92.4,81.9,231.1,256.6,123.9,0.0,61.4,305.1,262.2,186.9,276.3,292.3,70.6,195.9,194.9,254.4,194.0,211.2,218.2,147.6,213.2,235.6,236.0,214.9,278.3,268.6,258.6,1941.5,307.6,218.0,247.5,184.3,68.2,270.4,21.6,271.1,231.3,286.3,114.6,202.8,327.9,53.7,322.4,251.3,85.0,184.9,198.2,107.3,306.4,208.5,258.6,300.5,259.8,254.7,146.3,203.4,261.3,205.9,195.4,193.0,340.6,18.1,301.9,221.3,285.0,256.1,296.9,262.4,46.5,233.6,237.1,32.8,202.0,147.3,220.4,318.5,238.4,84.9,216.6,195.2,155.3,58.2,139.9
FG,127.9,92.2,238.1,364.1,219.8,120.0,109.5,254.0,249.4,100.1,54.1,0.0,296.6,233.1,189.0,284.4,268.5,9.1,166.8,222.5,225.3,170.2,187.4,156.7,123.8,184.1,194.9,263.6,191.1,249.2,244.8,281.5,1969.1,278.5,220.1,223.7,211.9,26.4,241.3,49.2,247.3,258.9,262.5,90.8,204.9,304.1,81.3,298.6,274.2,43.2,161.1,200.3,147.4,282.6,243.9,234.8,276.7,242.5,256.8,122.5,231.0,237.5,182.1,158.5,169.2,316.8,72.3,278.1,244.2,267.7,258.2,267.8,264.5,76.1,235.7,219.8,87.0,172.9,123.5,213.2,294.7,214.6,112.5,244.2,171.4,131.5,85.8,116.1
FJ,331.4,226.4,68.4,86.1,164.2,314.5,304.0,134.3,120.4,192.7,279.1,292.6,0.0,197.6,105.7,85.4,56.7,283.4,252.1,96.7,200.9,265.4,117.3,141.7,169.8,232.6,113.4,56.8,241.5,181.5,96.0,108.4,2126.5,152.2,74.8,208.4,106.5,313.9,186.7,267.8,58.0,88.9,49.7,202.1,90.4,26.1,257.8,67.8,117.4,330.7,273.4,94.9,184.2,43.5,132.4,71.7,19.8,161.0,40.3,312.1,82.7,203.1,252.3,229.3,217.2,47.2,297.3,65.3,142.7,186.2,65.2,162.9,32.6,235.7,57.0,138.3,312.0,246.0,237.7,101.7,37.3,88.3,307.0,81.2,128.9,231.0,236.6,177.5
FZ,319.1,250.8,130.8,251.1,64.1,302.2,291.7,172.8,162.1,129.3,236.3,227.9,188.2,0.0,147.9,170.6,145.0,218.7,54.4,161.0,3.3,114.1,78.5,115.9,131.0,34.9,86.5,196.8,114.8,16.0,88.4,200.6,2132.5,45.3,141.5,71.9,151.7,226.6,10.8,231.4,140.0,174.1,155.2,138.7,132.6,196.2,263.5,147.7,191.6,243.4,122.1,137.1,209.3,162.9,156.6,121.3,168.3,39.6,167.0,160.9,186.7,85.0,106.2,101.4,114.0,212.2,254.5,170.8,181.2,47.3,150.4,34.6,174.7,238.1,157.1,64.5,269.2,48.3,108.4,125.9,171.2,112.9,294.7,176.9,90.1,101.7,261.0,138.7
GH,253.4,165.7,132.8,204.3,130.8,257.2,235.0,81.6,69.6,140.0,173.3,186.8,118.1,141.9,0.0,89.3,106.9,177.6,166.9,68.5,134.1,208.7,110.2,82.1,137.4,184.2,65.1,109.6,209.8,147.3,126.7,106.4,2060.7,154.7,31.0,162.1,59.2,213.0,150.1,186.4,142.0,92.8,157.2,149.3,15.9,144.3,192.0,186.0,99.1,229.8,220.2,11.3,118.4,121.0,64.1,129.5,138.0,112.7,67.7,255.5,77.0,168.5,200.8,158.6,123.4,157.0,191.5,172.8,88.7,137.9,69.1,144.0,75.4,129.9,46.6,90.0,206.2,173.0,167.0,33.4,133.1,109.3,249.7,95.6,94.2,160.3,175.8,129.7
GK,298.3,192.6,100.4,175.4,161.5,275.6,279.9,93.6,34.9,206.4,253.3,268.2,98.5,194.1,106.1,0.0,69.3,276.0,248.6,57.8,201.9,267.2,131.0,124.1,183.5,231.3,95.8,56.0,242.7,178.0,89.1,68.1,2087.6,151.1,79.1,210.2,67.6,275.0,185.9,228.9,109.6,33.3,124.8,215.7,90.8,115.4,218.9,166.4,75.4,291.8,275.2,95.3,146.0,83.4,93.5,97.1,118.4,143.4,48.1,314.0,49.3,204.9,254.1,257.0,227.9,128.1,271.5,140.4,100.7,168.6,31.8,161.8,55.8,236.1,61.3,120.7,278.3,242.5,255.9,62.1,95.5,102.0,268.1,36.1,142.6,249.2,202.7,191.2
GL,342.5,227.8,50.5,106.0,118.7,310.8,317.2,128.8,100.0,156.5,276.7,290.2,56.5,146.6,103.3,65.0,0.0,281.0,201.1,121.4,149.9,217.3,81.1,139.3,133.6,181.6,111.0,91.2,193.4,130.5,39.2,101.6,2122.8,101.2,72.4,160.3,102.8,265.5,135.7,264.1,59.7,68.5,74.9,165.9,88.0,46.0,254.1,105.7,110.6,281.9,225.3,92.5,181.2,14.9,130.0,47.2,57.7,116.9,61.4,256.1,81.1,149.0,204.2,193.1,169.6,67.1,294.9,90.5,135.9,142.1,44.8,111.9,69.1,233.3,54.6,88.6,309.6,195.0,211.4,99.3,26.2,50.8,303.3,71.3,92.7,204.7,232.9,141.3
GZ,146.1,77.9,242.4,368.4,216.0,129.2,118.7,244.8,240.2,109.3,63.3,9.1,298.0,223.9,179.8,275.2,272.8,0.0,157.6,191.3,220.6,179.4,191.7,147.5,128.1,177.1,185.7,232.4,199.9,240.0,258.3,272.3,1978.3,269.3,210.9,232.9,180.7,35.6,231.1,58.4,251.6,227.7,266.8,99.9,195.7,308.4,90.5,302.9,265.0,52.4,163.1,191.1,138.9,290.7,234.7,232.9,281.0,233.3,247.6,131.7,199.8,239.3,191.3,149.3,149.6,329.5,81.5,282.4,234.0,258.5,249.0,258.6,256.0,66.9,226.5,210.6,96.2,163.7,132.7,204.0,299.0,218.9,121.7,206.8,175.7,140.7,88.1,120.4
HE,255.6,201.4,197.1,317.4,128.7,247.7,237.2,240.4,228.4,74.8,181.8,173.4,254.5,66.2,195.7,236.9,211.3,164.2,0.0,227.3,58.4,59.6,144.8,181.4,92.2,17.3,152.8,263.1,60.7,82.3,163.9,265.2,2078.0,111.6,207.8,93.3,218.0,172.1,74.4,176.9,206.3,240.4,221.5,84.1,198.9,257.4,209.0,214.0,257.9,188.5,67.6,203.4,154.8,225.4,222.9,193.8,234.6,105.9,233.3,106.4,235.8,107.1,51.7,46.9,65.8,270.1,200.0,237.1,247.5,113.6,216.7,100.9,241.0,183.6,223.4,130.8,214.7,6.1,53.9,192.2,237.5,180.5,240.2,243.2,139.8,47.2,211.5,84.5
HH,234.6,129.3,124.0,175.6,117.1,240.8,208.0,48.8,38.8,166.4,195.4,210.3,106.0,153.9,66.6,74.5,115.4,218.1,207.4,0.0,157.2,230.5,91.0,83.9,143.5,189.6,56.3,41.0,206.6,137.8,123.2,69.4,2029.7,145.2,40.2,173.6,9.7,217.1,143.0,171.0,134.4,36.3,148.4,176.5,51.3,137.3,161.0,173.9,78.4,233.9,245.6,55.1,105.4,130.3,32.6,114.5,146.5,103.2,76.9,163.0,11.8,168.9,217.4,199.1,173.9,173.9,213.6,164.0,57.9,129.1,56.7,134.5,84.6,195.9,55.8,80.5,220.4,203.0,207.5,21.9,120.4,102.7,233.3,15.5,103.3,200.8,139.8,151.2
HJ,315.8,247.5,134.1,254.4,65.3,298.9,288.4,176.1,165.4,126.0,233.0,224.6,191.5,3.3,151.2,173.9,148.3,215.4,51.1,164.3,0.0,110.8,81.8,119.2,134.3,31.6,89.8,200.1,111.5,19.4,100.9,202.2,2129.2,48.6,144.8,67.9,155.0,223.3,10.4,228.1,143.3,177.4,158.5,135.4,135.9,194.4,260.2,151.0,194.9,240.1,136.2,140.4,206.0,163.2,159.9,130.8,171.6,42.9,170.3,262.2,172.8,74.3,102.9,98.1,117.0,215.5,251.2,174.1,184.5,50.6,153.7,37.9,178.0,234.8,160.4,67.8,265.9,45.0,105.1,129.2,174.5,116.2,291.4,180.2,93.4,98.4,257.7,142.0
HL,258.0,204.5,201.2,319.7,139.8,241.1,230.6,250.2,239.5,83.0,175.2,181.6,256.0,112.3,203.9,239.2,213.6,172.4,46.0,225.4,109.0,0.0,155.9,189.6,100.4,65.5,163.9,265.4,20.4,113.3,157.0,275.8,2018.3,140.7,218.9,53.4,229.1,165.5,118.5,170.3,210.4,242.7,225.6,92.4,210.0,264.8,202.4,215.5,269.0,182.3,7.9,214.5,163.0,228.5,234.0,195.9,236.1,117.0,235.6,46.7,256.4,67.2,11.8,55.1,67.7,280.8,193.4,241.2,258.6,124.7,219.0,130.0,243.3,191.8,228.8,141.9,208.1,52.1,62.1,203.3,239.8,181.5,233.6,251.7,148.0,55.4,214.7,92.7
HM,276.8,209.4,50.6,176.6,66.7,259.9,249.4,110.6,99.9,75.3,194.0,160.2,109.1,111.9,85.7,106.6,81.0,151.0,120.2,98.8,108.6,162.0,0.0,53.7,52.4,139.7,24.3,132.8,162.7,83.1,57.3,136.7,2109.0,90.5,79.3,132.8,89.5,184.3,88.3,189.1,59.8,110.1,75.0,84.7,70.4,121.7,221.2,111.1,129.4,201.1,177.8,74.9,167.2,98.9,94.4,41.1,89.2,48.5,103.0,208.8,122.7,138.5,154.1,111.9,112.2,137.7,212.2,90.6,119.7,73.7,86.4,79.8,110.7,215.7,94.9,25.8,226.9,126.3,120.3,63.7,107.2,27.1,252.4,112.9,11.5,113.6,219.6,60.1
HO,304.7,201.8,105.8,231.8,95.1,287.8,277.3,103.3,92.6,138.9,221.9,167.7,159.1,136.4,78.4,127.6,136.2,158.5,165.8,78.5,135.6,207.6,73.5,0.0,136.3,171.4,38.1,132.6,189.1,120.3,131.7,129.4,2136.9,127.7,72.0,159.1,82.2,194.2,129.2,217.0,115.0,133.8,130.2,146.8,63.1,171.8,233.5,166.3,122.1,211.0,233.3,67.6,160.6,151.1,87.1,96.3,144.4,85.7,108.7,253.9,91.7,165.5,199.7,157.5,156.4,192.9,240.1,145.8,111.7,110.9,110.1,117.0,116.4,195.9,87.6,63.0,254.8,171.9,165.9,56.4,162.4,82.3,280.3,107.0,91.2,159.2,212.3,128.6
HQ,224.3,131.8,114.2,240.2,132.0,207.4,196.9,174.2,163.5,22.8,141.5,107.7,172.7,134.0,99.2,170.2,144.6,98.5,67.7,162.4,130.7,109.5,63.5,117.3,0.0,87.2,87.9,196.4,110.2,150.1,130.1,200.3,2056.5,154.1,142.9,143.9,153.1,131.8,141.2,136.6,123.4,173.7,138.6,32.2,134.0,180.2,168.7,174.7,193.0,148.6,118.4,138.5,120.1,162.5,158.0,104.7,152.8,112.1,166.6,156.8,186.4,149.6,101.6,59.4,59.7,201.3,159.7,154.2,182.6,137.3,150.0,143.4,174.3,149.6,158.5,89.4,174.4,73.8,67.8,127.3,170.8,90.7,199.9,176.5,47.5,61.1,142.0,7.6
IG,284.1,215.5,177.6,297.9,109.3,267.2,256.7,219.6,208.9,94.3,201.3,192.9,235.0,46.7,147.7,217.4,191.8,183.7,19.5,194.8,43.4,79.1,125.3,162.7,100.2,0.0,133.3,243.6,79.8,62.8,135.2,247.4,2097.5,92.1,188.3,112.8,198.5,191.6,53.9,196.4,186.8,220.9,202.0,103.7,179.4,237.9,228.5,194.5,238.4,208.0,104.5,183.9,174.3,209.7,203.4,168.1,215.1,86.4,213.8,126.4,233.6,119.2,71.2,66.4,79.0,259.0,219.5,217.6,228.0,94.1,197.2,81.4,221.5,203.1,203.9,111.3,234.2,13.3,73.4,172.7,218.0,161.0,259.7,229.9,136.9,66.7,226.0,107.9
IW,301.2,184.7,67.6,193.6,65.2,273.1,273.8,86.2,75.5,110.7,234.7,197.1,126.1,98.2,61.3,110.5,98.0,187.9,152.7,74.4,101.5,174.8,35.3,29.3,87.8,133.2,0.0,115.5,150.9,82.1,74.3,112.3,2085.1,89.5,54.9,117.2,65.1,223.6,91.0,226.4,76.8,116.7,92.0,120.1,46.0,138.7,216.4,128.1,105.0,240.4,188.1,50.5,142.8,112.9,70.0,64.3,106.2,47.5,91.6,221.1,82.9,112.5,161.7,147.3,132.0,154.7,252.9,107.6,94.6,72.7,93.0,78.8,99.3,191.3,70.5,24.8,267.6,146.6,160.0,39.3,124.2,44.1,265.6,96.1,46.9,153.3,195.2,95.5
JG,274.5,169.5,102.3,134.5,157.0,257.6,247.1,88.7,86.7,207.0,235.3,250.2,64.9,194.5,106.5,51.7,71.2,258.0,247.3,39.8,197.8,269.1,131.6,116.2,184.1,229.5,96.2,0.0,245.2,178.4,100.2,66.4,2069.6,153.0,80.1,211.5,49.6,257.0,183.6,210.9,111.5,33.3,126.7,216.4,91.2,96.2,200.9,132.8,75.4,273.8,291.3,95.7,128.0,86.1,72.5,92.8,84.8,143.8,50.0,315.9,25.8,200.8,256.0,239.0,214.5,112.2,253.5,142.3,97.1,169.0,33.7,163.7,57.7,228.3,63.2,121.1,260.3,242.9,247.4,62.5,97.4,102.6,250.1,18.1,143.2,240.7,179.7,191.8
JL,281.9,192.9,180.7,299.2,118.9,265.0,256.6,229.7,219.0,107.1,199.1,168.8,235.5,108.9,158.0,218.7,193.1,159.6,76.4,204.9,112.2,23.8,135.4,172.8,110.5,56.9,143.4,244.9,0.0,92.8,145.7,255.3,2042.2,120.2,198.4,32.9,208.6,189.4,98.0,194.2,191.1,222.2,205.1,116.5,189.5,244.3,226.3,195.0,248.5,206.2,38.4,194.0,186.4,208.0,213.5,171.2,215.6,96.5,215.1,71.1,232.7,46.7,10.7,79.2,81.4,260.3,217.3,220.7,238.8,104.2,198.5,109.5,223.5,181.9,208.3,121.4,232.0,70.3,86.2,182.8,219.3,162.3,257.5,225.0,147.0,79.5,203.1,118.2
JQ,335.2,255.2,114.7,235.0,41.4,318.3,307.8,156.7,146.0,137.8,252.4,244.0,172.1,16.0,131.8,154.5,128.9,234.8,70.5,144.9,19.4,130.2,62.4,99.8,114.9,51.0,70.4,180.7,108.6,0.0,72.3,184.5,2148.6,29.2,125.4,88.0,135.6,242.7,8.9,247.5,123.9,158.0,139.1,147.2,116.5,180.1,279.6,131.6,175.5,259.1,138.2,121.0,213.3,143.8,140.5,105.2,152.2,23.5,150.9,176.9,168.5,64.2,122.3,117.5,98.9,196.1,270.6,154.7,165.1,31.2,134.3,18.5,158.6,254.2,141.0,48.4,285.3,64.4,124.5,109.8,155.1,96.8,310.8,160.8,74.0,117.8,265.7,122.6
KG,322.4,230.3,34.9,153.4,72.8,305.5,295.8,135.4,107.9,120.9,239.6,205.8,113.1,98.1,111.2,72.9,47.3,196.6,161.8,129.3,101.4,168.8,45.5,100.9,98.0,133.1,80.7,99.1,154.1,82.0,0.0,109.5,2154.6,52.7,80.3,120.4,110.7,229.9,96.4,234.7,45.3,76.4,59.3,130.3,95.9,98.5,262.0,69.6,118.5,255.5,191.3,100.4,198.3,65.2,137.9,25.4,73.5,75.7,69.3,264.0,89.0,106.5,164.9,157.5,130.3,114.5,257.8,74.9,144.5,100.9,52.7,72.6,77.7,241.2,62.5,62.2,272.5,155.7,165.9,107.2,73.5,15.2,298.0,85.4,57.1,159.2,240.8,105.7
KK,240.8,186.9,135.9,205.0,163.3,240.2,212.5,24.1,80.8,206.7,258.3,273.2,117.1,194.2,106.2,85.3,103.1,270.8,248.7,40.2,197.5,272.5,131.3,125.9,185.5,229.2,97.6,67.9,248.6,178.1,133.8,0.0,2089.3,184.9,81.5,213.2,67.3,280.0,183.3,233.9,146.3,41.5,160.3,217.8,90.9,150.1,218.6,186.7,7.2,296.8,284.1,97.1,146.7,121.0,30.6,126.4,137.0,145.2,81.9,220.6,68.5,208.5,257.7,251.8,214.2,164.4,276.5,175.9,33.2,168.7,67.3,174.8,89.6,236.2,95.4,120.8,291.2,242.6,256.0,62.2,129.3,142.3,232.7,72.1,142.9,249.3,197.4,193.2
KQ,1679.5,1683.1,1903.1,2021.6,1847.2,1653.0,1683.4,1812.6,1849.4,1793.7,1751.2,1754.7,1970.9,1823.0,1837.4,1883.7,1915.5,1763.9,1756.7,1808.9,1815.2,1728.4,1863.3,1900.3,1803.6,1774.0,1871.3,1850.0,1761.1,1820.7,1868.1,1840.1,0.0,1848.1,1850.1,1782.1,1798.3,1741.5,1828.6,1687.6,1912.3,1845.3,1927.5,1770.6,1853.3,1961.6,1650.9,1938.7,1832.8,1757.9,1736.4,1848.7,1721.3,1929.6,1822.5,1899.8,1951.0,1824.4,1937.5,1696.3,1817.4,1801.3,1740.5,1765.8,1800.0,1974.3,1723.5,1943.1,1802.8,1832.1,1920.9,1837.4,1945.2,1730.0,1865.7,1849.3,1703.4,1762.8,1760.7,1832.5,1941.7,1884.7,1655.4,1830.6,1851.2,1766.1,1672.2,1795.9
KS,364.5,288.0,87.2,205.7,68.8,347.6,337.9,184.1,160.2,165.2,281.7,273.3,142.8,45.3,159.2,125.2,99.6,264.1,99.8,153.2,48.6,139.9,89.8,127.2,142.3,80.3,97.8,151.4,116.0,29.2,43.0,161.8,2158.3,0.0,132.6,82.9,163.0,272.0,34.4,276.8,96.4,128.7,111.6,174.6,143.9,145.7,308.9,102.3,170.8,288.8,147.9,148.4,240.7,114.5,167.9,77.7,122.9,50.9,121.6,186.6,139.2,71.6,126.8,146.8,140.1,166.8,299.9,127.2,192.5,58.6,105.0,10.6,130.0,283.5,114.8,75.8,314.6,93.7,153.8,137.2,125.8,67.5,340.1,131.5,101.4,147.1,293.1,150.0
KT,288.7,177.6,106.2,173.2,99.3,260.6,261.3,73.7,63.0,149.3,204.2,217.7,87.0,136.8,30.8,58.2,75.8,208.5,191.3,48.9,140.1,213.4,73.9,66.8,126.4,171.8,38.5,84.4,189.5,120.7,104.8,96.5,2072.6,128.1,0.0,155.8,52.6,243.9,129.6,213.9,115.4,61.7,130.6,158.7,15.5,113.2,203.9,154.9,92.5,260.3,226.7,20.0,131.0,90.7,57.5,100.8,106.9,86.1,36.6,259.7,72.2,145.1,200.3,189.5,170.6,134.3,222.4,146.2,82.1,111.3,38.0,117.4,44.3,160.8,15.6,63.4,237.1,185.2,197.9,26.8,102.0,82.7,253.1,64.5,85.5,191.2,182.7,134.1
KV,315.6,225.7,147.7,266.2,81.4,298.1,288.4,196.7,185.3,140.8,232.2,201.9,201.8,75.2,171.8,185.7,160.1,192.7,103.2,171.9,79.2,56.9,101.7,139.8,154.2,65.1,109.7,211.9,33.0,59.1,103.5,222.3,2075.3,86.5,164.7,0.0,174.9,222.5,64.3,227.3,158.1,188.5,172.1,149.6,156.5,211.3,259.4,162.0,215.5,239.3,70.2,160.3,219.5,175.0,180.5,138.2,181.9,62.8,181.4,104.2,201.8,5.7,44.4,112.3,131.8,226.6,250.4,187.7,205.1,71.2,165.5,76.5,189.8,215.6,175.3,88.4,265.1,78.5,119.3,149.8,185.6,128.0,290.6,198.2,114.0,112.6,236.2,161.9
LB,224.8,119.5,135.5,186.2,135.2,207.9,198.2,40.3,51.0,170.7,185.6,200.5,116.6,166.1,89.1,85.3,104.8,208.3,197.6,10.5,169.4,250.7,103.2,96.1,168.1,201.1,67.8,51.6,240.1,150.0,133.8,66.4,2019.9,157.4,51.7,209.5,0.0,207.3,155.2,161.2,144.7,46.9,159.9,188.9,62.8,142.8,151.2,184.5,59.1,224.1,234.7,67.3,78.3,119.7,24.1,130.2,136.5,115.4,83.6,285.9,19.0,174.4,231.5,189.3,186.1,163.9,203.8,175.5,48.7,140.6,67.3,146.7,91.3,178.6,67.3,92.7,210.6,203.7,197.7,34.1,131.0,112.0,200.4,32.2,141.6,191.0,130.0,160.4
LL,122.9,88.2,244.1,370.1,225.8,106.0,96.3,244.7,275.1,106.1,40.1,25.6,302.6,244.4,214.7,300.1,274.5,34.8,178.1,208.5,241.1,176.2,193.4,182.4,129.8,197.6,217.8,249.6,196.7,260.5,250.8,272.2,1955.1,289.8,245.8,229.7,197.9,0.0,255.3,35.2,253.3,244.9,268.5,96.7,230.6,315.2,67.3,304.6,264.9,16.8,160.2,226.0,121.8,289.4,222.1,234.6,282.7,242.0,282.5,128.5,220.3,243.5,188.1,177.6,159.9,331.2,58.3,284.1,233.9,267.2,279.9,279.1,290.2,78.1,261.4,219.3,73.0,184.2,129.5,238.9,300.7,220.6,98.5,224.0,177.4,137.5,77.2,122.1
LZ,326.3,257.7,123.6,240.2,46.6,313.1,298.9,161.9,154.9,136.5,243.5,235.1,177.3,10.8,137.0,163.4,134.1,225.9,65.3,137.1,10.4,121.3,67.6,105.0,120.1,45.8,75.6,185.9,122.0,8.9,77.5,193.4,2139.7,34.4,130.6,78.4,140.8,233.8,0.0,242.3,129.1,163.2,144.3,149.6,121.7,180.2,274.4,136.8,184.4,250.2,129.3,129.9,218.5,155.7,145.7,110.4,161.1,32.4,156.1,168.6,160.9,69.4,117.1,112.3,121.6,201.3,265.4,163.6,170.3,40.1,139.5,27.4,163.8,249.0,146.2,53.6,280.1,59.2,115.6,115.0,160.3,102.0,301.9,166.0,82.9,108.9,268.2,131.5
MH,78.6,47.4,239.7,365.7,221.4,70.7,60.2,209.4,252.4,101.7,24.3,39.2,298.2,240.0,182.7,248.0,270.1,48.4,173.7,173.2,232.2,171.8,189.0,196.0,125.4,191.0,213.4,214.3,192.7,256.1,246.4,236.9,1919.8,285.4,213.8,225.3,162.6,46.0,248.2,0.0,248.9,209.6,264.1,92.4,198.6,305.7,32.0,300.2,229.6,62.4,162.7,194.0,86.5,284.2,186.8,236.4,278.3,237.6,250.5,124.1,181.7,239.1,183.7,173.2,170.8,318.4,42.5,279.7,199.6,262.8,251.9,274.7,258.2,42.3,229.4,214.9,57.2,179.8,125.1,216.2,296.3,216.2,63.2,194.9,173.0,133.1,36.5,117.7
MT,336.1,275.4,9.1,116.7,101.4,318.0,308.3,165.9,138.4,134.6,252.1,218.3,48.0,138.9,155.0,103.4,66.1,209.1,178.3,145.5,142.2,212.2,58.0,113.4,110.5,173.9,84.0,104.9,188.3,122.8,43.3,140.0,2167.1,96.1,122.9,154.6,154.6,242.4,128.0,247.2,0.0,106.9,15.1,142.8,139.7,61.8,279.3,51.2,149.0,258.8,230.1,144.2,233.0,52.9,154.1,18.6,28.1,88.2,88.4,281.3,134.1,151.1,212.2,170.0,158.9,76.6,270.3,30.7,175.0,113.4,83.2,106.8,80.7,260.2,106.3,65.5,285.0,184.4,178.4,123.4,46.7,27.7,311.7,130.5,69.6,171.7,284.7,118.2
MX,273.9,177.8,92.6,167.6,160.8,275.0,248.6,58.9,77.0,198.6,243.6,258.5,90.7,188.7,102.2,42.0,61.5,279.9,243.2,48.1,192.0,259.4,123.2,138.2,175.7,223.7,109.9,26.3,235.5,172.6,81.3,33.0,2124.1,143.3,71.3,201.8,57.9,265.3,177.8,219.2,101.8,0.0,117.0,208.0,86.9,112.7,209.2,158.6,42.0,282.1,272.7,91.4,136.3,76.4,65.4,89.3,110.6,157.5,40.3,305.7,34.1,197.1,246.3,235.2,225.5,128.7,261.8,132.6,67.3,182.7,24.0,154.0,48.0,232.2,53.5,134.8,268.6,237.1,253.5,70.8,87.7,92.9,267.5,32.6,134.8,246.8,188.0,183.4
ND,339.9,280.2,23.1,91.9,120.3,332.0,321.5,181.2,152.4,147.4,266.1,232.3,58.5,152.9,155.7,117.4,76.6,223.1,192.3,145.4,160.7,226.2,72.0,127.4,124.5,190.1,98.0,115.4,201.7,136.8,48.1,155.7,2181.1,110.1,124.8,169.2,155.2,256.4,144.7,261.2,13.9,120.9,0.0,156.7,140.4,66.0,293.3,40.5,163.0,273.2,234.2,144.9,232.9,66.1,168.1,26.4,38.6,102.2,98.9,273.0,136.9,163.9,226.2,184.0,172.9,73.9,284.3,15.5,188.3,127.4,97.2,120.8,90.5,274.2,107.0,79.5,299.0,198.4,192.4,137.4,57.2,43.0,324.5,123.7,83.6,185.7,290.3,132.2
NI,192.0,99.5,147.3,273.3,138.3,175.1,164.6,207.3,196.6,7.9,109.2,75.4,205.8,146.8,154.5,203.3,177.7,66.2,80.5,195.5,143.5,102.1,96.6,140.2,33.0,100.0,121.0,229.5,122.6,162.9,163.2,233.4,2024.2,187.2,176.0,155.6,186.2,99.5,154.0,104.3,157.7,206.8,171.7,0.0,167.1,213.3,136.4,207.8,226.1,116.3,86.1,165.8,113.6,192.6,191.1,141.9,185.9,145.2,199.7,140.4,219.4,162.0,114.0,72.2,72.5,234.4,127.4,187.3,209.7,170.4,183.1,176.5,207.4,88.5,191.6,122.5,142.1,86.6,62.1,160.4,203.9,123.8,167.6,209.6,80.6,70.1,109.7,25.3
NJ,268.7,168.3,116.9,188.4,114.9,251.3,250.3,65.7,53.7,155.3,188.6,202.1,102.2,147.5,15.2,73.4,91.0,192.9,182.2,52.6,149.4,224.0,84.6,77.5,137.1,184.7,49.2,93.7,199.6,131.4,110.8,90.5,2063.3,138.8,15.1,177.4,43.3,228.3,139.3,201.7,126.1,76.9,141.3,164.6,0.0,128.4,194.6,170.1,83.2,245.1,235.5,4.4,121.7,105.1,48.2,113.6,122.1,96.8,51.8,270.8,61.1,161.8,216.1,173.9,167.5,141.1,206.8,156.9,72.8,122.0,53.2,128.1,59.5,145.2,30.7,74.1,221.5,188.3,182.3,17.5,117.2,93.4,243.8,79.7,109.5,175.6,178.4,145.0
NP,378.8,264.1,65.9,59.9,148.4,352.2,352.2,163.8,136.3,195.3,313.0,326.5,41.2,188.0,139.6,101.3,36.2,322.4,237.4,157.7,186.2,258.7,114.8,175.6,167.3,217.9,152.4,98.1,229.7,171.9,84.7,137.9,2159.1,137.5,113.8,196.0,139.1,304.3,172.0,300.4,55.5,104.8,47.2,199.6,124.3,0.0,290.4,65.3,146.9,321.1,266.9,128.8,221.9,28.1,166.3,77.3,17.3,153.2,81.6,292.4,117.4,185.3,240.5,226.8,205.9,15.9,331.2,62.8,172.9,178.4,81.1,153.3,68.8,274.7,90.9,122.3,345.9,231.3,247.7,140.7,16.8,84.5,344.7,113.8,126.4,241.0,269.2,180.1
NQ,81.3,32.1,282.9,333.6,268.2,73.4,62.9,189.0,198.4,148.5,71.1,86.0,264.0,279.6,186.4,232.7,252.2,95.2,213.3,157.9,271.8,218.6,235.8,221.2,172.2,230.6,215.2,199.0,239.5,295.7,272.0,213.8,1868.6,304.8,199.1,272.1,147.3,97.0,287.8,46.7,292.1,194.3,307.3,139.2,202.3,290.2,0.0,331.9,206.5,81.2,209.5,197.7,70.3,266.3,171.5,279.6,283.9,262.8,231.0,170.9,166.4,285.9,230.5,205.0,217.6,302.9,79.4,322.9,188.1,288.0,214.7,294.1,238.7,89.1,214.7,240.1,59.3,219.4,171.9,181.5,278.4,259.4,65.9,179.6,219.8,179.9,21.2,164.5
NU,361.2,293.4,44.4,129.3,129.0,353.3,342.8,197.5,178.3,168.7,287.4,253.6,61.8,158.6,167.6,143.3,79.9,244.4,213.1,158.6,166.4,229.3,93.3,148.7,145.8,195.8,119.3,118.7,204.8,142.5,69.4,172.0,2202.4,113.2,136.7,172.3,168.4,277.7,150.4,282.5,35.2,146.8,45.7,178.0,152.3,69.3,319.7,0.0,179.3,294.1,237.3,156.8,246.1,69.4,194.3,47.7,41.9,123.5,102.2,276.1,150.1,161.0,216.2,205.3,195.4,82.0,305.6,61.3,204.6,148.7,123.1,123.9,93.8,297.6,118.9,100.8,320.3,207.0,213.7,163.6,60.5,64.3,345.8,136.9,104.9,207.0,303.5,153.5
NW,222.8,185.0,143.2,212.3,154.3,232.9,204.4,18.1,71.8,199.4,251.0,265.9,126.1,186.9,98.9,92.6,112.1,263.5,241.4,49.3,194.7,263.5,124.0,116.9,176.5,224.1,88.6,76.9,239.0,170.8,131.9,7.2,2082.0,178.2,72.5,206.5,60.0,272.7,178.7,226.6,152.4,50.5,167.6,208.7,83.6,152.3,211.3,194.0,0.0,289.5,271.5,88.1,138.4,126.2,23.3,139.9,146.0,136.2,90.9,310.3,57.8,201.2,250.4,244.5,206.9,165.0,269.2,183.2,25.2,161.4,74.6,167.5,98.6,228.9,88.1,113.5,283.9,235.3,248.7,54.9,138.3,132.8,225.4,71.0,135.6,242.0,195.1,184.2
OX,138.7,98.5,259.9,385.5,241.5,121.8,111.3,260.5,290.5,121.9,55.5,41.4,318.0,259.8,230.5,315.9,290.3,50.6,193.5,224.3,256.9,192.0,209.2,198.2,145.6,213.0,233.6,265.4,212.5,275.9,266.6,288.0,1970.9,305.6,261.2,245.5,213.7,15.7,267.4,51.0,269.1,260.3,283.9,112.5,246.4,325.9,82.7,320.4,280.7,0.0,176.0,241.8,136.7,305.2,237.9,256.6,298.5,257.8,298.3,144.4,232.4,259.3,203.9,193.4,175.7,346.6,74.1,299.9,249.3,282.6,295.3,294.9,306.3,93.5,277.2,235.1,88.8,200.0,145.3,254.3,316.5,236.4,113.7,239.8,193.2,152.9,92.6,137.5
PD,243.4,159.5,216.1,334.6,148.9,233.1,218.1,267.5,248.6,97.9,161.9,131.6,265.1,128.3,218.8,254.1,228.5,122.4,60.9,254.4,123.9,9.0,170.8,198.7,109.5,74.6,178.8,281.4,36.4,128.2,182.2,292.3,2005.0,149.8,233.8,69.4,238.2,150.9,128.6,157.0,226.4,257.6,240.5,101.5,224.9,275.7,189.1,230.4,283.9,167.7,0.0,229.4,171.4,237.6,248.9,213.9,251.0,131.9,250.5,33.9,271.3,68.9,26.7,70.0,83.7,289.9,180.1,256.1,274.6,139.6,233.9,139.1,259.3,144.7,243.7,151.0,200.1,67.0,77.0,212.4,248.9,198.8,225.6,261.5,162.9,71.4,164.6,107.6
PT,273.2,167.5,121.5,193.0,114.6,268.0,245.8,69.0,58.3,150.8,184.1,197.6,106.8,152.1,10.8,78.0,95.6,188.4,177.7,57.2,149.4,219.5,89.2,82.1,148.2,187.1,53.8,98.3,204.8,136.0,115.4,96.8,2067.9,143.4,19.7,172.9,47.9,223.8,144.9,197.2,130.7,81.5,145.9,160.2,4.6,138.1,199.2,174.7,87.8,240.6,224.1,0.0,125.6,110.5,52.8,116.1,126.7,101.4,56.4,265.8,65.7,160.4,211.6,169.4,169.7,154.1,202.3,161.5,77.4,126.6,57.8,132.7,64.1,140.7,35.3,78.7,217.0,183.8,177.8,22.1,121.8,98.0,260.5,72.7,105.0,171.1,178.0,140.5
PU,146.4,41.4,212.5,262.3,200.7,129.5,121.8,117.3,128.0,119.9,107.2,122.1,192.7,209.2,115.1,161.4,180.9,131.3,142.0,91.6,205.9,172.3,177.0,150.8,113.4,162.4,144.8,128.6,192.8,225.3,200.7,143.4,1942.2,234.4,128.7,226.5,76.9,128.9,215.5,83.5,222.9,123.0,236.0,111.2,131.0,224.9,72.8,260.6,136.1,145.7,163.2,126.4,0.0,196.7,100.2,208.3,212.6,192.4,160.6,206.5,100.6,232.2,184.2,133.7,149.3,240.0,125.4,252.5,115.8,216.7,144.3,222.8,168.3,125.2,144.3,168.8,132.2,148.1,132.3,111.1,208.0,190.3,122.0,103.0,161.0,140.3,51.6,104.8
PW,353.6,233.8,61.6,88.1,129.8,321.9,328.3,139.9,111.1,169.7,289.9,301.3,38.6,157.7,114.4,76.1,10.4,292.1,212.2,132.5,163.1,228.4,92.2,152.5,144.7,192.7,122.1,95.5,204.5,141.6,50.3,114.4,2133.9,109.9,83.5,170.8,113.9,276.6,148.9,275.2,70.8,79.6,69.7,177.0,99.1,33.2,265.2,87.8,121.7,293.4,236.4,103.6,192.3,0.0,141.1,58.3,39.8,128.0,72.5,275.1,92.2,160.1,215.3,204.2,194.5,49.2,306.0,85.3,147.0,153.2,55.9,123.0,71.3,244.4,65.7,99.7,322.8,206.1,224.6,110.4,8.3,64.0,314.4,82.4,103.8,217.9,244.0,152.4
QB,222.1,161.6,132.9,201.6,130.9,232.2,203.7,17.4,48.4,176.0,222.3,237.2,136.2,163.5,75.5,83.4,125.0,252.1,218.0,25.9,171.3,240.1,100.6,93.5,153.1,200.7,65.2,67.0,215.6,147.4,144.8,42.2,2081.3,154.8,49.1,183.1,36.6,244.0,155.3,197.9,142.1,62.3,157.3,185.3,60.2,162.4,187.9,204.1,34.9,260.4,248.1,64.7,115.0,139.1,0.0,129.6,156.1,112.8,85.8,286.9,34.4,177.8,227.0,212.6,197.3,175.1,240.5,172.9,24.5,138.0,87.2,144.1,93.5,205.5,64.7,90.1,247.3,211.9,225.3,31.5,151.2,109.4,224.7,47.6,112.2,218.6,171.7,160.8
QM,320.4,248.3,3.2,129.2,91.8,305.5,295.0,153.4,123.8,114.7,239.6,205.8,67.9,124.3,129.2,90.9,79.8,194.6,165.8,133.0,129.7,193.5,43.4,94.7,96.0,155.2,65.3,120.6,169.6,108.2,30.8,127.5,2154.6,77.4,96.3,142.1,128.7,227.9,109.3,234.7,13.7,88.2,27.6,128.2,113.9,74.3,266.8,63.7,136.5,240.5,217.6,116.3,204.3,68.7,141.6,0.0,48.0,73.6,81.1,244.4,104.9,129.4,193.5,157.5,140.2,96.5,257.8,43.2,162.5,100.9,70.7,92.3,83.0,245.6,80.5,46.8,272.5,171.9,165.9,104.7,62.5,15.2,291.8,97.2,57.1,157.1,256.8,105.7
QO,351.3,251.4,48.5,87.3,139.8,334.4,323.9,154.2,138.0,172.8,299.0,312.5,19.8,177.7,125.6,103.0,37.9,303.3,232.2,116.6,181.0,245.5,97.4,161.6,149.9,212.7,133.3,76.7,221.6,161.6,77.2,128.3,2146.4,132.3,94.7,187.9,126.4,281.8,170.5,287.7,38.1,106.5,29.8,182.2,110.3,32.4,277.7,47.9,137.3,298.6,258.8,114.8,204.1,24.7,152.3,53.9,0.0,127.6,60.2,291.8,102.6,177.2,232.4,209.4,197.3,48.4,317.2,45.4,162.6,152.8,82.8,143.0,51.8,255.6,76.9,104.9,331.9,226.1,217.8,121.6,18.5,67.1,326.9,101.1,109.0,211.1,256.5,157.6
RF,315.7,231.6,91.1,217.1,17.8,298.8,288.3,133.1,122.4,114.2,232.9,244.0,149.6,50.6,108.2,157.4,127.2,234.8,105.1,121.3,53.9,127.2,38.8,76.2,91.3,85.6,46.8,162.4,103.3,34.5,70.6,160.9,2145.6,41.9,101.8,69.6,112.0,223.2,43.4,228.0,100.3,156.3,115.5,123.6,92.9,162.2,263.3,126.8,151.9,240.0,140.5,97.4,189.7,142.1,116.9,81.6,129.7,0.0,138.5,265.3,129.8,64.9,114.1,136.4,75.3,178.2,251.1,131.1,141.5,25.1,132.6,31.2,146.2,238.2,117.4,24.8,265.8,99.0,117.1,86.2,153.4,67.6,291.3,136.8,50.4,110.4,242.1,99.0
RG,322.5,202.4,73.7,136.5,133.8,290.8,297.2,107.5,80.0,179.7,238.7,252.2,50.3,169.8,65.3,45.0,42.6,243.0,224.3,73.0,173.1,240.5,104.3,101.3,156.8,204.8,73.0,77.5,216.6,153.7,62.4,81.6,2102.8,124.4,34.4,182.9,82.8,278.4,162.6,244.1,82.9,48.5,98.1,189.1,50.0,81.6,234.1,118.2,90.6,294.8,248.5,54.5,161.2,57.5,92.0,64.2,70.2,120.6,0.0,287.8,64.5,178.2,227.4,224.0,205.1,97.6,256.9,113.7,115.9,145.8,24.8,135.1,7.7,195.3,16.6,97.9,271.6,218.2,232.4,61.3,68.8,74.0,283.3,57.5,115.9,225.7,212.9,164.5
RI,210.7,148.7,248.9,367.3,187.0,193.8,184.3,298.7,287.7,130.7,128.4,124.6,266.0,160.0,251.5,286.8,260.8,97.2,93.7,285.6,156.6,47.5,203.6,223.2,148.6,234.8,211.6,312.6,68.0,160.9,213.4,323.5,1971.5,306.8,201.1,100.6,276.8,118.8,166.7,123.5,257.6,289.9,273.3,140.0,257.6,306.9,155.6,263.2,316.6,135.6,33.2,261.7,210.2,269.1,281.6,243.5,283.3,164.6,233.0,0.0,303.0,107.4,59.0,102.8,219.6,313.3,146.6,288.9,305.8,172.4,266.6,178.2,290.9,137.8,276.4,189.5,160.8,99.8,109.8,250.9,288.0,230.0,186.3,292.7,195.7,103.0,28.6,166.5
SA,243.1,141.5,113.5,163.8,133.9,226.2,221.2,61.9,48.0,175.6,207.2,222.1,97.5,163.1,78.4,62.9,80.2,226.6,219.2,11.7,166.4,239.7,100.2,84.8,152.7,201.5,64.8,29.1,218.1,147.0,102.2,59.3,2041.5,157.8,48.7,186.0,18.2,225.6,158.2,182.8,122.7,24.4,137.9,188.3,63.1,120.4,172.8,162.1,66.6,247.5,256.4,64.3,99.9,95.1,44.4,108.1,111.9,112.4,64.5,289.3,0.0,171.4,226.6,210.9,186.5,139.3,225.4,153.5,69.0,140.9,44.9,143.7,66.7,196.9,67.6,93.1,228.9,214.8,219.3,33.4,106.4,114.5,221.0,9.9,115.1,212.7,153.8,160.4
SB,320.3,281.4,141.3,259.8,67.6,309.4,292.9,184.2,179.6,145.5,243.5,213.2,188.7,69.5,165.4,179.3,146.3,198.0,116.6,178.5,65.4,68.2,96.0,133.4,141.1,97.1,104.0,198.1,44.3,53.4,89.7,216.4,2080.6,73.4,151.6,10.6,161.8,233.8,51.2,232.6,143.1,182.8,165.7,154.9,142.7,192.4,264.7,155.6,209.1,250.2,70.2,154.6,224.8,161.2,166.7,128.6,176.2,57.1,168.3,266.7,193.3,0.0,49.1,123.6,130.2,213.5,261.7,181.3,192.0,64.8,151.7,70.1,176.0,226.3,168.9,82.0,276.4,117.9,130.6,136.0,179.9,121.6,295.9,184.4,107.6,117.9,291.9,148.8
SD,271.1,182.1,189.3,307.8,128.0,254.2,243.7,238.3,227.6,96.3,188.3,158.0,244.1,117.5,166.6,227.3,201.7,148.8,59.3,226.5,120.8,13.0,144.0,181.4,119.1,65.5,152.0,253.5,8.5,101.4,154.3,264.4,2031.4,128.8,207.0,41.5,217.2,178.6,106.6,183.4,198.5,230.8,213.7,105.7,198.1,247.8,215.5,203.6,257.1,194.8,21.0,202.6,176.3,219.6,222.1,186.0,224.2,105.1,223.7,59.7,243.5,47.9,0.0,68.4,87.3,268.9,206.5,229.3,246.7,112.8,207.1,118.1,231.4,171.1,216.9,130.0,221.2,78.9,75.4,191.4,227.9,169.6,246.7,233.6,155.6,68.7,192.3,126.8
SI,261.4,191.7,196.8,322.8,122.0,253.5,243.0,251.0,253.4,65.1,187.6,163.7,255.3,91.8,186.0,262.5,236.9,154.5,25.5,229.0,84.0,67.3,146.1,171.7,82.5,42.8,177.8,270.1,68.4,107.9,189.5,278.5,2085.7,137.2,217.1,101.0,218.4,177.9,100.0,182.7,206.0,266.0,221.2,74.4,201.9,262.8,214.8,239.6,271.2,194.7,75.3,197.3,145.1,251.0,247.9,193.5,235.4,131.5,253.8,114.1,237.5,114.8,59.4,0.0,71.4,275.5,205.8,236.8,241.2,137.2,242.3,126.5,261.5,173.9,232.7,155.8,220.5,31.6,44.2,217.2,263.1,173.3,246.0,250.7,130.1,37.5,201.8,74.8
ST,267.9,201.6,165.9,290.1,65.7,237.2,226.7,192.6,197.2,66.8,171.3,165.4,208.8,75.8,129.2,194.3,168.7,156.2,45.8,167.8,108.8,87.6,98.3,135.7,66.4,65.3,106.3,220.5,88.3,128.2,136.6,218.7,2086.3,141.4,161.3,135.1,171.5,161.6,119.3,166.4,159.8,197.8,175.0,76.2,167.7,214.8,198.5,168.3,226.7,178.4,95.6,172.2,160.1,186.6,176.4,160.6,204.2,99.4,206.0,134.9,189.3,135.1,79.7,37.5,0.0,235.9,203.3,205.9,201.0,124.6,174.1,130.7,198.4,175.6,192.2,84.3,204.2,65.7,41.7,145.7,194.9,136.6,229.7,200.6,109.9,21.2,211.8,74.1
SU,399.5,279.4,86.6,38.8,174.0,367.8,372.1,184.5,157.0,210.9,333.7,347.2,56.8,203.6,160.3,122.0,56.9,338.0,258.1,178.4,206.9,274.3,135.5,196.3,188.0,238.6,168.0,113.7,250.4,187.5,96.2,160.3,2179.8,158.2,129.4,216.7,159.8,319.9,192.7,321.1,76.2,125.5,67.9,220.3,145.0,15.5,311.1,86.0,167.6,336.7,288.9,149.5,238.2,45.8,187.0,102.1,38.0,173.9,97.2,313.1,138.1,206.0,261.2,247.5,226.6,0.0,351.9,83.5,192.9,199.1,101.8,168.9,88.8,290.3,111.6,143.0,366.6,252.0,268.4,156.3,37.5,105.2,360.3,128.3,147.1,261.7,289.9,195.7
TA,125.2,94.0,286.8,412.8,268.5,117.3,106.8,256.0,281.5,148.8,24.8,86.3,330.0,287.1,211.8,301.2,317.2,95.5,220.8,219.8,279.3,218.9,236.1,243.1,172.5,238.1,260.5,260.9,239.8,303.2,293.5,283.5,1966.4,332.5,242.9,272.4,209.2,93.1,295.3,46.5,296.0,256.2,311.2,139.5,227.7,352.8,78.6,347.3,276.2,80.0,209.8,223.1,132.2,331.3,233.4,283.5,325.4,284.7,279.6,171.2,228.3,278.8,230.8,220.3,217.9,365.5,0.0,326.8,246.2,309.9,281.0,321.8,288.0,71.4,258.5,262.0,14.6,226.9,172.2,245.3,343.4,263.3,109.8,241.5,220.1,180.2,83.1,164.8
TG,353.0,293.3,36.2,76.3,133.4,345.1,334.6,194.3,165.5,160.5,279.2,245.4,71.6,166.0,168.8,130.5,89.7,236.2,205.4,158.5,173.8,239.3,85.1,140.5,137.6,203.2,111.1,139.3,214.8,149.9,61.2,168.8,2194.2,123.2,137.9,182.3,168.3,269.5,157.8,274.3,27.0,134.0,13.0,169.8,153.5,71.0,306.4,53.6,176.1,285.9,247.3,158.0,246.0,79.2,181.2,39.5,51.7,115.3,124.2,286.1,150.0,177.0,239.3,197.1,197.4,58.3,297.4,0.0,201.4,140.5,110.3,133.9,115.8,287.3,120.1,92.6,312.1,211.5,205.5,150.5,70.3,56.1,337.6,136.8,96.7,198.8,303.4,145.3
TN,205.8,167.4,170.6,242.3,163.7,206.9,179.9,11.7,86.1,200.6,225.7,240.6,156.1,201.2,108.7,122.6,142.1,237.5,227.5,47.2,204.5,268.6,138.3,131.2,197.3,236.2,102.9,104.7,253.9,185.1,171.1,38.9,2056.7,192.5,86.8,229.1,74.3,246.7,194.0,201.3,181.0,80.5,195.0,221.9,97.9,187.4,199.1,224.0,29.9,263.8,269.5,102.4,125.5,160.0,37.6,161.1,176.0,150.5,120.9,201.1,75.4,216.5,261.4,219.2,218.8,203.4,243.9,210.6,0.0,175.7,104.6,181.8,128.6,208.5,102.4,128.8,257.9,233.6,227.6,69.2,168.3,149.3,200.1,79.1,161.2,220.2,177.9,189.6
TY,323.5,253.8,107.9,233.9,39.5,315.6,305.1,151.2,139.2,131.0,249.7,260.8,166.4,69.9,125.0,174.2,144.0,251.6,124.4,138.1,77.7,146.5,55.6,93.0,108.1,107.1,63.6,179.2,122.0,53.8,96.6,176.0,2164.7,61.2,118.6,89.5,128.8,240.0,61.7,244.8,117.1,173.1,132.3,140.3,109.7,173.9,280.1,143.6,168.7,256.8,154.5,114.2,206.5,158.1,133.7,104.6,146.5,16.7,155.3,193.3,146.6,84.2,133.4,111.2,105.9,186.6,267.9,147.9,158.3,0.0,149.4,50.5,163.0,255.0,134.2,41.6,282.6,118.3,133.9,103.0,170.2,84.4,308.1,159.8,67.2,127.2,263.9,115.8
UD,288.6,182.9,68.5,143.5,135.0,265.9,270.2,83.9,55.1,174.5,243.6,258.5,66.6,164.6,78.1,20.1,37.4,255.8,219.1,48.1,172.4,235.3,99.1,114.1,151.6,201.8,85.8,46.3,210.8,148.5,57.2,58.4,2077.9,119.2,47.2,178.3,57.9,265.3,156.4,219.2,77.7,23.6,92.9,183.8,62.8,83.5,209.2,134.5,65.7,282.1,243.3,67.3,136.3,51.5,89.1,65.2,86.5,133.4,16.2,282.1,39.6,173.0,222.2,211.1,201.4,96.2,261.8,108.5,91.0,158.6,0.0,129.9,23.9,208.1,29.4,110.7,268.6,213.0,229.4,70.8,63.6,70.1,258.4,26.4,110.7,222.7,193.0,159.3
VF,353.8,268.4,97.9,216.4,58.1,336.9,323.4,173.4,162.7,154.5,271.0,262.6,153.5,34.6,148.5,135.9,110.3,253.4,89.1,163.9,37.9,129.2,79.1,116.5,131.6,69.6,87.1,162.1,105.3,18.5,53.7,172.5,2147.6,10.6,142.1,71.6,152.3,261.3,23.7,266.1,107.1,139.4,122.3,163.9,133.2,161.5,298.2,113.0,181.5,278.1,137.2,137.7,230.7,128.2,157.2,88.4,133.6,40.2,132.3,172.5,152.0,66.9,116.1,136.1,129.4,177.5,289.2,137.9,181.8,47.9,115.7,0.0,140.0,272.8,125.5,65.1,303.9,83.0,143.1,126.5,136.5,78.2,329.4,142.2,90.7,136.4,282.4,139.3
VG,330.2,216.2,81.4,128.8,141.5,298.5,302.8,115.9,87.7,187.4,246.4,259.9,41.9,177.5,73.7,52.7,50.3,251.4,232.0,91.1,180.8,248.9,112.0,109.0,164.5,212.5,80.7,63.7,224.3,161.4,70.8,91.0,2110.5,132.8,42.1,191.3,90.5,286.8,166.6,251.8,91.8,56.2,91.7,196.8,57.7,68.8,241.8,109.8,98.3,302.5,256.2,62.2,168.9,65.2,99.7,71.9,61.8,128.3,7.7,294.5,66.7,179.9,235.8,231.7,199.0,89.2,264.6,107.3,124.3,153.5,32.5,142.8,0.0,203.0,24.3,105.6,279.3,225.9,240.1,69.7,76.5,81.7,291.0,65.9,123.6,233.4,220.6,172.9
VH,144.1,70.4,270.0,344.7,240.9,127.2,116.7,220.7,210.0,138.7,43.3,76.2,258.5,251.5,140.3,229.7,247.3,85.4,185.2,201.3,248.2,161.1,219.3,193.1,155.7,204.7,205.5,242.4,181.6,267.6,267.1,248.5,1976.3,295.1,171.4,214.6,199.6,83.0,258.7,56.4,280.4,233.2,294.4,129.3,156.2,289.8,88.5,326.4,239.5,99.8,152.0,151.6,116.7,262.2,204.5,264.7,278.4,253.1,208.1,160.6,209.8,228.4,173.0,176.9,192.5,305.8,61.5,310.0,212.5,278.3,209.5,284.4,215.8,0.0,187.0,230.4,76.2,191.3,162.1,173.8,273.5,248.7,119.7,216.8,203.3,170.1,80.9,148.0
VL,297.5,195.4,91.3,157.6,122.0,278.4,279.1,92.8,80.8,167.1,222.0,235.5,71.4,154.6,48.6,42.6,60.2,226.3,209.1,70.6,162.4,231.2,91.7,84.6,144.2,191.8,56.3,68.8,206.7,138.5,80.0,80.9,2090.4,142.0,17.7,174.2,70.4,261.7,146.4,231.7,100.5,46.1,115.7,176.4,33.3,97.6,221.7,139.3,88.2,278.5,239.2,37.8,148.8,74.3,75.3,88.0,91.3,103.9,21.0,278.0,62.1,168.9,218.1,207.3,174.6,110.3,240.2,131.3,99.9,129.1,22.4,135.2,28.7,178.6,0.0,81.2,254.9,203.0,215.7,44.6,86.4,100.5,270.9,48.9,103.3,209.0,205.5,151.9
VP,290.8,206.7,66.2,192.2,35.8,273.9,263.4,108.2,97.5,89.3,208.0,219.1,124.7,73.3,83.3,132.5,96.6,209.9,127.8,96.4,76.6,149.9,13.9,51.3,66.4,108.3,21.9,137.5,126.0,57.2,68.6,136.0,2123.0,64.6,76.9,92.9,87.1,198.3,66.1,203.1,75.4,138.7,90.6,98.7,68.0,137.3,238.4,124.8,127.0,214.7,163.2,72.5,164.8,111.5,92.0,62.9,104.8,22.6,113.6,196.2,104.9,81.6,136.8,125.9,93.3,153.3,226.2,106.2,116.6,47.8,115.0,53.9,121.3,213.3,92.5,0.0,240.9,121.7,134.3,61.3,122.8,42.7,266.4,118.1,25.5,127.6,217.2,74.1
WE,154.3,114.1,299.5,425.5,288.6,137.4,129.0,276.1,301.6,161.5,44.9,106.4,350.1,307.2,231.9,321.3,329.9,115.6,240.9,244.9,303.9,230.7,248.8,263.2,185.2,260.4,273.2,281.0,251.2,323.3,306.2,305.3,1986.5,352.6,263.0,284.2,229.3,81.1,314.4,66.6,308.7,276.3,323.9,152.1,247.8,370.6,98.7,360.0,296.3,65.3,221.6,243.2,152.3,344.8,253.5,296.2,338.1,297.4,299.7,100.7,251.8,290.6,242.6,224.4,238.0,386.6,20.1,339.5,265.3,322.6,301.1,341.9,307.4,91.5,278.6,274.7,0.0,247.0,192.3,265.4,356.1,276.0,129.9,261.6,232.8,200.3,108.6,177.5
WG,261.7,207.5,191.0,311.3,122.6,253.8,243.3,234.3,222.3,80.9,187.9,179.5,248.4,60.1,201.8,230.8,205.2,170.3,6.1,221.2,52.3,65.7,138.7,176.1,98.3,11.2,146.7,257.0,66.8,76.2,157.8,259.1,2084.1,105.5,201.7,99.4,211.9,178.2,68.3,183.0,200.2,234.3,215.4,90.2,192.8,251.3,215.1,207.9,251.8,195.0,73.7,197.3,160.9,219.3,216.8,187.7,228.5,99.8,227.2,112.5,229.7,105.8,57.8,53.0,65.6,264.0,206.1,231.0,241.4,107.5,210.6,94.8,234.9,189.7,217.3,124.7,220.8,0.0,60.0,186.1,231.4,174.4,246.3,237.1,150.3,53.3,217.6,90.6
WW,217.1,183.9,189.0,320.5,96.2,209.2,198.7,239.6,227.6,57.3,143.3,146.8,254.5,122.6,178.2,240.0,214.4,146.7,56.3,221.2,114.8,96.5,144.0,163.9,74.7,73.6,152.0,262.3,99.2,138.7,167.0,264.4,2058.3,168.0,207.0,131.8,217.2,133.6,130.8,138.4,198.2,243.5,213.4,66.6,194.1,260.5,170.5,214.0,257.1,150.0,87.4,189.5,137.3,228.5,222.1,185.7,234.6,129.8,236.4,131.8,229.7,145.6,90.2,48.0,45.6,273.2,161.5,229.0,233.4,155.0,219.8,157.3,244.1,166.1,222.6,130.0,176.2,62.4,0.0,191.4,240.6,165.5,201.7,246.3,122.3,7.9,175.0,67.0
XB,261.8,145.6,101.3,190.8,98.9,233.7,234.4,48.1,36.1,144.4,211.4,226.3,104.6,131.9,43.9,71.1,93.4,220.5,186.4,35.0,135.2,208.5,69.0,61.9,121.5,166.9,33.6,76.1,184.6,115.8,113.2,72.9,2045.7,123.2,17.5,150.9,25.7,233.1,121.0,187.0,110.5,79.3,125.7,153.8,28.6,130.8,177.0,172.5,65.6,249.5,216.5,33.1,103.4,108.3,30.6,96.0,124.5,81.2,54.2,255.2,43.5,146.2,195.4,181.0,151.9,151.9,229.6,141.3,55.9,106.4,55.6,112.5,61.9,173.9,33.1,58.5,236.4,180.3,193.7,0.0,119.6,80.0,226.2,56.7,80.6,187.0,155.8,129.2
XN,361.9,241.8,69.9,79.8,131.5,330.2,336.6,146.9,119.4,175.9,296.1,309.6,30.3,166.0,122.7,84.4,19.3,300.4,220.5,112.4,169.3,236.7,100.5,158.7,153.0,201.0,130.4,87.2,212.8,149.9,58.6,121.0,2142.2,120.6,91.8,179.7,122.2,284.9,155.1,283.5,80.3,87.9,61.4,185.3,107.4,24.9,273.5,79.5,130.0,301.3,250.0,111.9,200.6,6.1,149.4,64.6,31.5,136.3,70.7,283.0,98.4,168.4,223.6,212.5,202.8,40.9,314.3,77.0,155.3,161.5,64.2,131.3,62.3,252.7,74.0,108.0,329.0,214.4,230.8,118.7,0.0,70.2,322.7,96.9,112.1,224.1,252.3,160.7
XV,305.8,236.8,23.4,149.4,72.3,288.9,280.5,141.9,112.2,104.3,223.0,189.2,81.9,109.8,117.7,79.4,51.6,180.0,149.2,116.4,113.1,186.4,28.9,84.3,81.4,144.8,56.2,103.4,162.5,93.7,39.3,116.0,2138.0,101.1,84.6,128.8,115.0,213.3,98.9,218.1,33.8,80.7,47.8,113.7,102.4,94.5,250.2,83.9,125.0,229.7,201.0,104.7,193.4,69.5,125.0,13.9,59.8,59.1,73.6,252.2,93.4,124.1,184.4,140.9,129.8,108.3,241.2,63.4,151.0,84.3,59.2,90.4,81.3,245.5,69.0,37.7,257.2,155.3,149.3,94.3,80.0,0.0,281.4,91.9,40.5,142.6,245.1,89.1
XY,95.8,76.0,312.4,377.5,294.0,7.4,68.4,197.6,242.3,174.4,97.0,111.9,307.9,312.7,230.3,276.6,296.1,121.1,246.4,201.8,309.4,244.5,261.7,268.7,198.1,265.9,259.1,242.9,265.0,328.8,325.1,225.1,1877.0,358.1,243.0,298.0,191.2,118.7,319.9,72.6,321.6,238.2,336.8,165.0,246.2,334.1,80.6,372.9,217.8,134.9,228.5,241.6,114.2,311.0,215.4,302.9,327.8,306.7,274.9,196.3,212.6,304.4,256.4,245.9,228.2,355.2,115.2,352.4,187.8,331.9,258.6,347.4,282.6,115.0,258.6,284.0,129.9,252.5,197.8,225.4,322.3,288.9,0.0,217.3,245.7,205.8,70.5,190.4
YE,256.3,151.0,103.6,153.9,138.8,233.2,229.7,73.6,61.2,188.8,217.1,232.0,90.5,176.3,88.3,53.0,72.5,233.6,229.1,45.7,173.4,252.9,113.4,100.1,165.9,205.1,78.0,19.3,222.8,160.2,101.5,47.7,2051.4,161.4,61.9,195.3,25.2,232.6,162.9,192.7,114.0,20.8,128.0,192.0,73.0,115.6,182.7,152.2,56.7,255.6,267.3,77.5,102.9,90.4,54.3,100.3,104.2,125.6,57.5,184.7,9.8,184.6,233.6,220.8,190.1,131.6,235.3,143.6,82.7,150.8,35.0,150.7,65.2,210.1,77.5,96.7,242.1,224.7,229.2,44.3,104.9,124.4,225.7,0.0,125.0,216.3,161.5,173.6
YO,255.2,176.8,65.6,191.6,92.0,247.3,236.8,126.9,114.9,62.7,181.4,147.6,124.1,99.3,100.7,121.6,96.0,138.4,107.6,113.8,91.5,149.4,14.9,68.7,39.8,124.9,39.3,147.8,150.5,98.1,72.3,151.7,2096.4,105.5,94.3,119.5,104.5,171.7,107.5,176.5,74.8,125.1,90.0,72.0,85.4,131.6,208.6,126.1,144.4,188.1,165.2,89.9,160.7,110.1,109.4,62.3,104.2,63.5,118.0,196.2,122.3,125.9,141.5,99.3,99.6,144.3,199.6,105.6,134.0,88.7,101.4,94.8,125.7,189.5,109.9,40.8,214.3,113.7,107.7,78.7,122.2,42.1,239.8,127.9,0.0,101.0,186.9,47.5
YT,232.8,170.5,181.0,312.5,88.7,215.9,205.4,230.3,219.6,49.3,150.0,147.9,246.5,114.6,170.2,232.0,206.4,138.7,48.3,205.5,111.3,103.2,136.0,155.9,66.7,67.8,144.0,254.3,90.8,130.7,159.0,256.4,2065.0,160.0,199.0,124.5,209.2,140.3,121.8,145.1,191.4,235.5,205.4,58.7,186.1,257.6,177.2,206.0,249.1,156.7,87.2,181.5,129.3,224.3,214.1,171.5,226.6,121.8,228.4,138.6,224.0,130.2,82.2,40.0,22.3,273.6,168.2,221.0,224.4,147.0,211.8,149.3,236.1,158.1,214.6,122.0,182.9,54.4,6.7,183.4,232.6,174.3,208.4,228.7,114.3,0.0,181.0,59.0
ZT,94.7,5.5,270.9,306.9,259.0,77.8,67.3,161.0,171.7,132.9,55.5,70.4,237.3,252.9,159.7,206.0,225.5,79.6,186.6,131.2,249.6,203.0,220.2,194.5,156.6,206.1,188.5,172.3,223.5,269.0,245.3,188.8,1889.8,278.1,172.4,256.5,120.6,77.2,260.1,31.1,280.1,167.6,295.3,123.5,175.6,263.5,21.1,305.2,179.8,93.6,193.9,171.0,43.6,240.4,144.8,265.6,257.2,236.1,204.3,154.8,145.2,262.9,214.9,178.3,186.7,284.6,73.7,310.9,160.4,261.3,188.0,267.4,212.0,73.5,188.0,213.4,80.5,192.7,156.3,154.8,251.7,249.6,70.3,152.9,204.2,164.3,0.0,148.9
ZY,216.6,129.2,121.9,247.9,115.7,199.7,189.2,181.9,171.2,15.1,133.8,100.0,180.4,126.3,106.9,177.9,152.3,90.8,60.0,170.1,123.0,101.8,71.2,125.0,7.6,79.5,95.6,204.1,102.5,142.4,128.6,208.0,2048.8,171.7,150.6,136.2,160.8,124.1,137.2,128.9,131.1,181.4,146.3,24.5,141.7,193.0,161.0,182.4,200.7,140.9,117.6,146.2,113.1,167.2,165.7,116.5,160.5,119.8,174.3,163.0,194.1,141.9,93.9,51.7,67.3,209.0,152.0,161.9,190.3,145.0,157.7,161.0,182.7,141.9,166.2,97.1,166.7,66.1,60.1,135.0,178.5,98.4,192.2,184.2,55.2,53.4,134.3,0.0
