from_stop,AD,AH,AN,AS,AX,BA,BC,BD,BK,BS,CF,CG,CI,CL,CR,DB,DC,DF,DK,DT,DV,DZ,EA,EG,EM,EO,FF,FH,FX,GC,GS,GV,HA,HK,HM,HO,HQ,HW,HX,II,IR,IT,IW,IZ,JE,JF,JG,JI,JK,JM,JV,JW,JZ,KG,KI,KO,KP,KW,KY,LH,LI,LJ,LZ,ME,MH,MJ,MR,MV,MX,NB,NI,NK,NS,NT,OU,PK,PM,PT,PU,PV,PW,PZ,QD,QH,QO,QS,RG,RJ,RK,RM,RN,RS,RT,RV,SC,SG,SN,TB,TQ,UF,UQ,UT,UV,VD,VE,VU,VY,WA,WJ,WM,XN,XT,YA,YF,ZA,ZJ,ZO,ZT,ZV
AD,0.0,80.4,188.7,189.9,131.4,87.2,149.9,164.7,232.3,204.2,85.3,76.7,253.6,142.8,161.5,215.9,220.0,95.3,168.8,10.1,87.0,207.5,259.2,147.8,183.5,2007.7,144.2,88.2,116.9,171.1,92.0,234.0,146.8,67.8,172.1,116.3,296.9,65.1,121.6,176.7,76.2,149.1,174.5,96.3,160.3,156.5,167.5,146.8,111.4,185.3,208.3,254.8,240.0,168.2,276.1,141.3,121.0,165.9,117.9,180.6,28.1,217.7,246.7,55.7,312.2,169.2,109.3,192.8,192.0,97.3,157.3,88.3,109.3,88.1,191.0,126.3,188.8,76.3,187.8,139.3,183.4,137.5,84.9,77.3,137.1,272.2,184.4,193.4,99.8,172.8,224.6,177.5,149.7,138.0,141.3,256.1,129.3,67.7,284.3,175.6,103.0,240.4,187.5,73.8,187.3,177.2,159.6,220.9,115.5,130.8,166.9,117.9,97.3,208.7,148.2,213.3,133.8,156.5,26.5
AH,127.0,0.0,171.8,140.9,50.9,81.8,77.4,114.6,148.1,125.8,111.5,53.1,203.5,62.3,102.0,165.8,136.8,71.7,185.6,110.2,165.7,131.5,181.0,88.7,109.4,1957.9,115.5,187.8,36.5,172.7,11.5,150.8,97.9,70.1,122.0,120.7,218.7,122.1,71.8,98.2,35.6,68.6,122.9,101.0,106.0,80.0,118.6,97.9,141.7,100.5,159.4,204.7,191.1,112.4,226.0,43.9,38.3,103.6,77.9,102.2,66.1,141.7,231.3,92.7,234.0,88.7,11.9,143.9,113.8,68.6,81.3,203.6,80.6,47.8,96.4,45.8,108.3,150.3,115.8,99.0,197.9,137.4,155.7,148.1,116.4,194.0,119.0,114.9,27.1,88.0,146.4,92.8,126.5,180.6,91.2,206.0,159.6,158.9,228.6,194.5,22.5,162.2,204.3,80.0,137.2,128.3,62.2,147.6,127.8,83.2,92.8,109.2,16.8,167.5,166.6,164.4,31.2,108.6,153.6
AN,180.8,199.7,0.0,174.7,251.2,166.6,245.9,169.4,247.6,168.1,229.9,221.3,290.8,262.9,302.6,244.3,290.9,239.9,82.1,184.0,138.2,258.3,186.5,289.3,310.0,2128.8,243.0,119.4,237.1,67.6,212.1,304.9,131.4,179.6,188.7,210.1,226.1,181.0,266.2,266.7,196.3,269.2,193.5,81.8,180.8,280.6,152.3,131.6,56.7,261.9,218.7,246.1,224.1,146.1,280.7,230.4,163.6,158.6,121.8,160.1,190.7,246.6,236.5,200.3,236.8,289.3,253.9,177.6,119.3,241.9,224.5,88.0,253.9,153.9,223.8,246.4,308.9,158.9,204.4,122.5,124.5,68.4,144.3,161.1,281.7,199.5,319.6,283.4,231.5,256.5,151.9,297.6,294.3,52.5,174.2,284.5,67.9,150.3,269.1,81.1,223.1,168.6,100.8,218.4,174.2,160.6,248.0,245.2,88.1,116.9,261.0,67.1,217.4,353.3,35.7,198.1,231.6,142.3,159.8
AS,190.4,153.7,172.2,0.0,204.8,138.0,215.5,86.7,137.4,96.0,224.1,206.9,82.3,234.9,256.6,95.3,177.7,225.5,181.4,167.7,166.0,133.3,82.4,242.5,263.2,1987.5,269.4,181.6,190.4,173.1,165.3,163.7,44.4,144.4,80.0,257.8,63.7,206.1,225.6,221.1,149.6,222.4,116.5,102.1,98.8,233.8,21.1,43.6,142.0,181.3,65.6,65.5,50.1,64.1,105.9,201.8,116.9,96.1,96.3,119.6,159.7,160.5,58.4,173.3,79.3,242.6,183.2,48.8,129.3,222.5,129.2,150.2,234.5,107.1,115.0,199.7,262.2,183.0,96.4,118.1,205.8,159.9,156.1,180.9,270.3,77.4,272.9,203.6,181.0,193.8,106.4,246.6,280.4,151.4,111.6,121.1,160.0,192.4,94.4,202.4,176.3,90.1,200.2,182.3,65.5,11.9,182.8,116.4,128.2,58.9,231.8,109.6,170.7,321.4,178.9,45.0,231.7,32.7,217.7
AX,127.3,61.6,189.6,202.7,0.0,158.3,124.6,176.3,179.7,187.5,111.8,71.4,216.5,26.3,84.0,227.5,109.6,90.0,134.6,117.2,166.0,181.6,242.7,70.7,91.4,1906.9,105.8,188.1,58.2,170.5,49.5,123.6,159.6,138.9,174.1,138.4,280.4,122.4,20.8,118.0,119.5,50.6,184.6,167.4,167.7,62.0,180.3,159.6,181.6,160.0,197.9,204.8,252.8,174.1,239.0,147.8,100.0,165.3,139.3,163.9,117.2,169.9,293.0,93.0,295.7,73.4,115.8,205.6,175.5,58.6,143.0,169.8,70.6,109.5,139.0,8.3,90.3,150.6,158.4,161.5,254.5,208.6,156.0,148.4,98.4,255.7,102.6,134.7,74.5,147.5,208.1,74.8,108.5,129.6,148.6,267.7,228.6,159.2,248.5,251.1,38.1,223.9,153.3,80.3,188.6,190.0,166.1,197.7,148.2,143.6,108.2,170.1,86.4,95.9,241.2,226.1,108.5,170.3,153.9
BA,87.2,70.6,133.6,155.7,121.6,0.0,117.8,150.4,228.6,118.8,136.3,123.8,253.6,133.0,172.7,215.9,184.2,142.4,142.9,84.5,42.7,223.8,174.0,159.4,180.1,2028.6,186.5,64.8,107.2,151.1,82.2,198.2,112.6,61.3,169.7,170.0,211.7,116.1,142.5,140.9,66.4,139.3,174.5,64.5,160.3,150.7,133.3,112.6,106.0,153.2,199.7,222.0,205.8,134.0,261.7,117.5,33.7,78.6,70.6,95.2,76.6,212.1,212.5,90.1,226.5,162.1,85.5,158.6,106.8,139.3,173.6,82.9,151.3,40.8,204.8,116.5,179.0,77.7,185.4,92.0,149.2,103.3,32.7,75.5,187.1,187.0,189.7,157.6,97.8,140.7,139.4,163.5,197.2,112.1,123.3,256.1,123.3,86.3,250.1,145.8,93.2,155.2,161.6,99.2,155.2,143.0,135.8,220.9,89.6,96.6,131.1,112.5,87.5,238.2,135.9,179.1,101.9,122.3,113.8
BC,143.7,37.1,209.0,178.2,121.4,119.0,0.0,133.9,128.9,163.0,128.2,69.8,217.3,88.6,172.6,179.6,89.2,88.4,246.5,133.6,182.4,126.0,207.9,158.9,144.1,2018.8,146.9,204.5,94.8,209.9,87.6,103.2,135.1,107.3,118.5,137.4,245.6,138.8,132.7,51.0,72.8,103.3,123.0,138.2,129.5,114.7,155.8,135.1,178.9,35.3,147.1,169.7,228.3,156.5,239.8,51.3,75.5,132.2,114.8,139.4,133.6,136.2,254.9,109.4,260.9,123.4,49.1,181.1,151.0,108.4,81.4,220.3,120.4,85.0,83.4,116.3,143.0,167.0,102.8,136.2,270.9,174.6,172.4,164.8,148.2,220.9,195.5,67.7,43.8,22.8,183.6,131.7,160.8,187.5,82.8,219.8,196.8,175.6,217.6,267.5,57.2,199.4,265.2,96.7,133.0,165.5,69.6,142.1,169.2,120.4,45.6,152.7,33.5,219.8,203.8,179.3,15.1,144.8,170.3
BD,149.4,109.0,189.0,89.5,160.5,130.8,121.2,0.0,110.4,112.3,195.3,189.9,135.6,179.6,211.9,89.1,147.5,208.5,198.3,152.6,155.3,114.9,135.4,198.6,219.3,2077.1,257.4,177.4,185.8,189.9,121.4,161.5,83.9,82.5,45.3,229.0,175.0,178.3,181.7,142.0,127.5,178.5,24.0,157.4,11.3,189.9,66.4,84.1,158.9,118.5,81.5,115.2,138.2,32.7,149.3,105.7,68.7,69.2,108.3,132.6,159.3,103.2,178.4,151.2,185.7,198.6,121.0,91.7,144.2,210.5,69.9,182.8,222.5,78.2,80.4,155.7,218.2,121.9,61.0,129.4,243.8,189.6,145.3,119.7,250.3,148.4,228.9,144.4,168.9,131.0,126.5,206.9,262.9,168.7,49.5,129.3,217.9,130.5,183.2,240.4,132.4,143.0,217.0,153.6,60.5,74.7,104.6,94.1,149.2,113.6,136.6,132.7,154.8,321.9,222.6,103.1,136.6,56.4,176.0
BK,213.6,155.7,257.7,87.1,187.5,216.8,117.7,111.9,0.0,198.3,200.4,187.6,100.8,155.0,290.4,54.3,85.5,206.2,267.0,196.8,249.3,14.5,157.4,276.7,300.7,2075.3,265.0,271.4,188.7,258.6,181.5,71.5,169.9,176.5,74.9,234.1,133.2,190.7,208.7,128.8,134.1,216.8,96.6,186.9,106.2,228.2,124.2,170.1,227.6,83.5,28.9,80.4,136.5,144.6,114.5,94.1,154.8,155.2,194.4,218.7,203.5,25.7,125.6,157.8,143.9,236.9,126.1,96.7,224.2,220.8,64.0,272.2,232.8,164.3,67.9,182.7,256.0,215.9,59.2,215.5,331.8,267.5,239.3,213.7,266.0,145.0,266.7,112.1,165.4,96.0,189.0,245.2,278.6,237.4,105.8,94.5,245.5,224.5,179.1,328.4,191.0,171.9,285.7,158.7,89.4,120.4,75.8,46.9,217.9,144.5,139.5,201.4,151.3,283.8,300.5,50.3,133.1,117.0,229.9
BS,199.1,135.8,163.4,103.4,186.8,130.9,156.6,126.3,198.8,0.0,230.7,226.5,215.2,215.0,237.9,177.5,220.7,245.1,172.7,149.7,172.6,185.4,85.6,224.6,245.3,2096.7,251.7,194.7,172.4,164.3,147.4,234.7,60.3,135.9,133.7,264.4,123.3,219.5,207.7,177.4,162.9,204.5,136.1,92.6,117.7,215.9,81.0,60.3,133.3,179.7,169.9,169.7,153.5,74.8,237.7,141.1,122.1,69.3,87.5,23.6,141.8,192.5,135.9,186.6,138.6,224.6,156.4,106.3,70.8,204.5,135.2,175.2,216.5,114.9,168.8,181.7,244.2,175.3,149.4,61.2,161.2,115.3,162.6,173.1,252.3,98.6,256.5,194.1,200.5,167.2,51.0,228.7,262.4,141.9,84.9,217.7,117.3,183.9,197.8,157.8,158.4,66.8,193.1,189.0,144.0,90.7,159.4,182.5,119.4,50.2,172.0,100.8,190.2,303.4,147.1,126.8,171.8,70.0,225.7
CF,105.3,78.9,222.8,238.9,129.9,136.3,134.4,208.4,212.0,249.8,0.0,61.2,294.2,141.3,146.0,256.5,200.7,79.8,219.9,88.5,135.5,202.9,284.8,132.3,168.0,1992.2,66.5,136.7,101.4,177.4,90.5,214.7,195.9,116.9,195.4,33.6,322.5,64.1,106.1,161.2,97.5,147.6,197.5,145.4,199.8,141.0,216.6,195.9,159.9,164.4,230.2,295.4,289.1,217.3,316.7,107.8,120.2,206.7,159.5,184.1,95.2,213.1,335.1,71.0,337.3,156.6,75.8,241.9,195.7,81.8,155.9,136.8,93.8,129.7,160.3,124.8,187.3,124.8,179.7,180.9,232.5,186.6,134.0,126.4,121.6,297.8,168.9,177.9,84.3,151.9,264.0,171.8,134.2,214.9,157.3,296.7,177.8,116.2,333.4,224.1,101.5,279.8,240.3,40.3,209.9,226.3,126.1,219.0,177.1,179.9,151.4,160.2,95.8,193.2,196.7,262.4,118.5,205.6,94.5
CG,96.7,87.5,208.3,230.3,97.5,127.7,76.0,205.2,205.0,195.2,81.2,0.0,302.2,105.3,105.6,255.7,164.1,18.5,179.5,79.9,135.4,202.1,284.0,91.9,127.6,1951.8,77.3,157.5,61.0,228.8,58.4,178.1,187.1,108.3,194.6,67.5,323.6,91.8,65.7,120.8,88.9,112.0,203.3,137.5,196.6,100.6,208.0,187.3,196.4,111.4,233.9,281.8,279.8,201.8,315.9,117.2,107.7,206.4,147.3,171.6,86.6,190.4,330.7,62.4,334.3,118.9,85.2,233.3,183.2,41.4,157.5,173.3,53.4,117.2,159.5,92.7,155.2,120.0,178.9,168.4,223.9,181.6,125.4,117.8,81.2,297.0,128.5,137.5,22.1,98.9,215.8,139.3,93.8,174.5,158.9,295.9,198.0,128.6,324.8,220.5,69.4,232.5,198.2,49.7,209.1,216.3,135.5,218.2,193.1,172.6,111.0,196.7,37.8,152.8,210.6,253.8,59.9,198.0,123.3
CI,248.3,251.8,251.0,110.7,226.5,229.7,214.6,116.8,100.5,211.2,291.1,284.5,0.0,193.7,310.8,36.1,136.5,303.1,260.3,238.2,254.2,113.8,177.3,297.5,313.7,1987.1,356.3,276.3,282.9,251.9,220.3,122.5,122.5,181.4,107.2,324.8,154.2,277.2,247.4,223.0,226.4,277.4,146.6,180.2,128.2,288.8,137.2,122.4,220.9,180.4,71.6,25.0,83.6,139.8,22.4,184.8,167.6,168.1,206.9,231.5,258.2,131.2,148.8,250.1,96.6,297.5,216.8,103.1,237.2,309.4,156.4,281.7,321.4,177.1,142.3,221.4,269.0,220.8,122.9,228.3,284.6,238.7,244.2,218.6,349.2,167.9,279.7,206.3,258.5,192.9,202.0,301.6,306.5,229.5,148.4,61.8,238.8,229.4,53.8,281.2,229.7,185.8,279.0,249.4,102.4,128.2,166.5,121.2,207.0,137.8,233.7,194.7,248.2,322.5,257.7,73.2,229.8,110.3,274.9
CL,160.1,60.2,222.4,200.5,32.4,141.3,84.1,174.1,153.3,185.3,144.6,104.2,198.9,0.0,101.8,225.3,83.2,122.8,167.4,143.3,198.8,191.0,240.5,88.5,109.2,1939.7,138.3,220.9,91.0,203.3,47.3,97.2,157.2,171.7,181.5,171.2,280.1,155.2,53.6,86.2,95.1,68.4,178.2,200.9,165.5,79.8,178.1,157.4,201.2,119.5,217.7,251.4,249.9,171.9,212.6,103.4,97.8,163.1,137.4,161.7,150.0,179.3,290.5,125.8,290.8,88.5,71.4,203.4,173.3,91.4,140.8,202.6,103.4,107.3,155.9,27.6,108.1,183.4,175.3,158.5,287.3,193.1,188.8,181.2,87.1,253.5,118.8,102.9,103.5,107.0,205.9,96.8,99.7,162.4,150.7,265.5,261.4,192.0,222.1,283.9,35.9,222.6,186.1,113.1,196.7,186.4,121.7,207.1,181.0,142.7,76.4,196.7,73.8,128.7,226.1,223.9,68.0,168.1,186.7
CR,167.4,158.2,279.0,254.5,72.4,198.4,164.7,227.4,292.1,238.6,151.9,111.5,297.5,98.5,0.0,278.6,201.4,130.1,192.7,150.6,206.1,283.0,293.8,35.7,58.2,1945.5,145.6,228.2,98.3,314.5,100.6,215.4,210.5,179.0,275.5,178.5,333.4,162.5,75.3,158.1,159.6,55.8,231.5,208.2,218.8,44.4,231.4,210.7,267.1,200.1,271.0,304.7,303.2,225.2,311.2,187.9,151.1,216.4,190.7,215.0,157.3,271.3,343.8,133.1,344.1,13.2,155.9,256.7,226.6,98.7,234.7,244.0,110.7,160.6,240.4,80.5,80.5,190.7,259.8,211.8,294.6,252.3,196.1,188.5,14.3,306.8,59.1,174.8,110.8,187.6,259.2,69.2,24.4,187.7,237.4,318.8,268.7,199.3,320.7,291.2,128.4,275.9,211.4,120.4,290.0,239.7,206.2,299.1,206.3,196.0,148.3,222.0,126.5,65.4,281.3,277.2,148.6,221.4,194.0
DB,212.1,216.4,244.4,73.8,240.0,193.5,178.4,80.6,64.3,175.0,254.9,248.3,46.4,207.5,274.6,0.0,149.9,266.9,253.7,215.3,218.0,72.1,141.1,261.3,282.0,2020.9,320.1,240.1,246.7,245.3,184.1,135.9,146.6,145.2,71.0,288.6,119.9,241.0,261.2,186.8,190.2,241.2,104.7,173.6,92.0,252.6,101.0,146.8,214.3,144.2,35.4,26.0,93.1,113.3,60.1,148.6,131.4,131.9,171.0,195.3,222.0,83.3,112.3,213.9,130.6,261.3,180.6,66.9,201.0,273.2,120.2,245.5,285.2,140.9,106.1,235.2,282.8,184.6,86.7,192.1,306.5,244.3,208.0,182.4,313.0,131.7,293.5,170.1,226.1,156.7,165.8,269.6,320.3,224.1,112.2,40.1,232.2,193.2,124.7,303.1,195.1,148.7,272.4,213.2,66.2,90.6,130.3,85.0,204.6,131.2,197.5,188.1,212.0,336.3,277.3,37.0,193.8,137.1,238.7
DC,221.9,108.8,279.9,163.7,128.2,189.9,88.0,139.0,95.5,218.2,199.1,157.9,149.5,95.7,217.4,149.9,0.0,176.5,263.2,205.1,260.6,99.6,181.5,203.7,194.0,2106.0,182.1,282.7,103.1,280.8,95.9,13.9,189.8,203.6,92.1,215.0,221.1,217.0,149.4,43.2,169.3,153.2,131.8,209.1,141.4,164.6,141.4,190.0,249.8,53.8,124.4,176.0,213.2,171.7,163.2,92.8,146.4,175.1,186.0,210.3,211.8,87.9,221.2,187.6,231.8,173.3,120.0,160.1,221.9,135.2,99.2,298.4,147.2,155.9,57.0,123.4,226.3,243.0,76.4,207.1,349.0,284.7,250.6,240.8,193.0,194.5,237.0,26.5,135.7,66.3,206.2,181.6,205.6,258.2,125.7,187.0,267.7,251.6,172.7,345.6,131.7,189.1,281.9,157.4,106.6,149.7,74.5,115.7,276.8,191.3,53.9,223.6,121.6,264.6,317.7,145.9,103.4,149.3,248.5
DF,115.3,106.9,255.6,248.9,116.4,146.3,94.6,223.8,223.6,213.8,71.9,18.5,312.0,123.9,124.2,274.3,182.7,0.0,198.1,105.2,154.0,220.7,302.6,110.5,146.2,1970.4,58.7,169.5,79.6,210.2,77.0,196.7,205.9,126.9,213.2,48.9,340.3,96.9,84.3,139.4,107.5,130.6,217.7,156.0,216.2,119.2,226.6,205.9,192.7,130.0,241.8,264.4,299.1,227.3,334.5,135.8,126.3,225.0,165.9,190.2,105.2,209.0,349.6,81.0,355.1,137.5,103.8,251.9,201.8,60.0,176.1,169.6,72.0,135.8,178.1,111.3,173.8,138.6,197.5,187.0,242.5,196.6,144.0,136.4,99.8,315.6,147.1,156.1,44.5,117.5,234.4,158.2,112.4,193.1,177.5,314.5,210.6,147.2,336.6,239.1,88.0,250.2,216.8,68.3,227.7,236.3,154.1,236.8,209.9,189.9,129.6,193.0,56.4,171.4,229.2,272.4,78.7,216.6,127.3
DK,164.7,178.0,122.9,186.4,229.5,150.5,257.6,181.1,259.3,189.2,199.4,205.2,302.5,241.2,280.9,256.0,302.6,223.8,0.0,167.9,134.9,270.0,300.9,267.6,288.3,2090.2,206.8,116.1,215.4,110.3,190.4,316.6,143.1,163.5,200.4,173.9,292.9,177.7,250.1,278.4,174.6,247.5,205.2,93.5,192.5,258.9,164.0,143.3,171.1,273.6,230.4,257.8,235.8,157.8,292.4,242.1,141.9,170.3,141.3,165.6,174.6,258.3,318.1,184.2,282.2,267.6,237.8,189.3,233.7,225.8,236.2,84.7,237.8,132.2,235.5,224.7,287.2,155.2,216.1,162.4,238.9,182.8,128.2,153.0,265.6,313.9,297.9,295.1,209.8,268.2,266.3,275.9,278.2,44.5,185.9,296.2,182.3,147.0,280.8,195.5,201.4,283.0,18.6,202.3,185.9,172.3,259.7,256.9,63.1,128.6,273.0,78.8,195.7,337.2,150.1,209.8,209.9,154.0,156.5
DT,10.1,58.9,152.2,174.2,109.9,77.1,106.1,149.1,221.6,194.1,89.7,81.1,238.0,121.3,161.0,200.3,172.5,99.7,161.5,0.0,79.3,211.9,249.1,147.7,168.4,2012.1,148.9,101.4,95.5,187.7,70.5,186.5,131.2,57.7,162.0,123.4,281.3,69.5,126.0,129.2,54.7,139.0,164.4,83.1,144.7,139.0,151.9,136.7,134.1,141.5,210.3,244.7,224.4,152.6,260.5,145.7,57.1,150.3,96.4,170.5,6.6,215.3,236.6,60.1,296.6,150.4,113.7,177.2,176.4,101.7,161.7,111.0,113.7,66.6,191.6,104.8,178.7,63.9,172.2,118.6,173.3,121.9,69.3,61.7,141.5,256.6,179.6,145.9,89.7,129.0,209.0,151.7,154.1,130.7,125.7,240.5,139.4,72.5,261.9,164.4,81.5,224.8,181.9,78.2,177.2,161.6,164.0,210.8,108.2,115.2,156.8,89.6,75.8,213.1,154.5,197.7,90.2,140.9,49.2
DV,74.9,112.6,140.5,163.4,164.1,42.7,188.6,158.1,236.3,177.7,124.0,115.4,268.3,175.8,200.2,221.8,258.7,134.0,120.6,78.1,0.0,246.2,232.7,186.5,222.2,2046.4,163.6,22.0,150.0,108.3,125.0,272.7,120.1,73.7,177.4,130.7,272.3,101.6,160.3,215.4,109.2,182.1,174.7,70.5,162.0,193.5,141.0,120.3,63.2,224.0,207.4,234.8,212.8,134.8,269.4,180.0,76.5,121.4,144.8,154.1,84.8,234.5,219.9,94.4,283.0,202.2,148.0,166.3,165.5,136.0,196.0,40.1,148.0,109.2,212.5,159.3,221.8,65.4,193.1,134.8,156.9,114.6,10.0,63.2,175.8,245.7,223.1,232.1,134.7,211.5,198.1,210.5,188.4,91.0,147.2,262.0,81.1,70.9,257.8,127.4,136.0,214.8,139.3,112.5,162.9,149.3,198.3,226.8,104.0,105.6,205.6,63.5,130.3,247.4,100.0,186.8,172.5,131.0,80.4
DZ,199.0,159.8,258.2,111.8,191.6,202.2,121.8,102.8,24.7,183.7,202.1,191.7,122.5,159.1,243.8,79.1,89.6,210.3,267.5,182.2,237.7,0.0,149.7,230.5,251.2,2065.7,266.9,257.5,192.8,259.1,185.6,75.6,155.3,171.8,60.3,234.0,158.0,176.1,212.8,132.9,119.5,210.4,82.0,187.4,91.6,221.8,109.6,155.5,228.1,87.6,53.6,102.1,151.2,135.5,136.2,95.8,140.2,140.6,179.8,204.1,188.9,11.1,150.4,143.2,168.7,230.5,127.8,82.1,209.6,224.9,49.4,257.6,236.9,149.7,53.3,186.8,260.1,211.2,44.6,200.9,317.2,252.9,227.7,209.0,266.1,162.7,270.8,116.2,169.5,100.1,174.4,238.8,278.7,237.9,91.2,98.2,246.0,219.8,132.4,313.8,195.1,157.3,286.2,160.4,74.8,105.8,77.5,32.3,218.4,185.1,143.6,201.9,155.4,287.9,285.9,75.1,137.2,159.3,215.3
EA,249.3,194.3,191.1,138.8,245.3,200.1,217.6,137.8,161.2,86.0,294.1,287.5,195.6,260.5,296.4,157.9,212.4,306.1,229.7,252.5,222.8,175.8,0.0,283.1,303.8,2011.0,309.9,244.9,230.9,216.3,205.9,226.4,91.9,202.4,110.2,327.8,37.6,278.2,266.2,226.0,229.5,263.0,167.6,149.6,149.2,274.4,105.9,91.8,190.3,183.4,132.3,145.9,164.9,160.8,218.1,187.8,188.6,138.5,144.5,109.6,200.3,168.1,50.2,253.2,52.9,283.1,219.8,117.1,69.6,263.0,159.4,222.9,275.0,184.1,145.3,240.2,302.7,239.8,125.9,96.3,177.2,116.7,212.8,237.6,350.2,12.9,313.4,209.3,261.5,195.9,34.4,291.4,362.8,200.1,154.1,198.1,185.5,248.4,171.6,173.8,216.9,18.2,248.4,252.4,95.7,96.6,169.5,177.0,176.4,107.2,236.7,164.1,251.2,361.9,145.9,111.7,232.8,80.9,275.9
EG,153.7,144.5,265.3,240.9,58.7,184.7,151.0,214.6,278.4,225.8,138.2,97.8,283.8,84.8,55.7,265.8,187.7,116.4,179.0,136.9,192.4,269.3,281.0,0.0,77.7,1956.8,131.9,214.5,84.6,300.8,87.8,201.7,197.7,165.3,261.8,164.8,320.6,148.8,65.2,144.4,145.9,20.1,218.7,194.5,206.0,8.6,218.6,197.9,253.4,186.4,258.2,291.9,290.4,212.4,297.5,174.2,138.3,203.6,177.9,202.2,143.6,257.6,331.0,119.4,331.3,69.0,142.2,243.9,213.8,85.0,221.0,230.3,97.0,147.8,226.7,66.8,91.8,177.0,246.1,199.0,280.9,238.6,182.4,174.8,31.3,294.0,78.6,161.1,97.1,173.9,246.4,80.5,43.9,174.0,223.7,306.0,255.0,185.6,307.0,277.5,114.7,263.1,197.7,106.7,276.3,226.9,192.5,285.4,192.6,183.2,134.6,208.3,112.8,102.9,267.6,264.4,134.9,208.6,180.3
EM,191.8,117.3,303.4,257.6,96.8,222.8,141.2,231.2,264.7,242.4,176.3,135.9,321.9,122.9,40.6,282.4,225.8,154.5,217.1,175.0,230.5,248.1,297.6,60.1,0.0,1927.6,170.0,252.6,122.7,338.9,104.4,239.8,214.3,203.4,238.6,202.9,337.2,186.9,117.7,182.5,184.0,80.2,235.3,232.6,222.6,68.8,235.2,214.5,291.5,176.6,274.8,308.5,307.0,229.0,335.6,160.5,154.9,220.2,194.5,218.8,181.7,236.4,347.6,157.5,347.9,53.9,128.5,260.5,230.4,123.1,197.9,268.4,135.1,164.4,213.0,104.9,62.6,215.1,232.4,215.6,319.0,276.7,220.5,212.9,38.7,310.6,53.3,199.2,135.2,164.1,263.0,11.7,25.2,212.1,207.8,322.6,293.1,223.7,345.1,315.6,93.0,279.7,235.8,144.8,253.8,243.5,178.8,264.2,230.7,199.8,172.7,246.4,150.9,107.8,305.7,281.0,125.1,225.2,218.4
EO,2001.9,1922.0,1941.7,2023.5,1859.8,1987.7,1945.9,2018.3,2039.3,2026.4,1957.3,1916.9,2044.3,1885.9,1904.2,2093.2,1969.2,1935.5,1886.7,1956.0,1972.1,2041.2,1953.8,1890.5,1926.2,0.0,1951.0,1953.3,1903.7,1922.6,1909.1,1983.2,1980.3,2000.7,2037.6,2011.1,1914.8,1967.9,1837.4,1939.8,1965.0,1910.2,2042.4,1930.7,2029.7,1899.2,2001.2,1980.5,1933.7,1978.7,2067.6,1950.8,2073.0,1995.0,2058.0,1965.2,1979.1,2007.5,1978.5,2002.8,1962.7,2029.5,1940.0,1938.5,1904.1,1917.5,1933.2,2026.5,2014.4,1904.1,2002.6,1921.9,1916.1,1969.4,1998.6,1867.9,1949.9,1992.4,2053.3,1999.6,2035.1,1992.8,1965.4,1990.2,1879.8,1941.4,1927.1,1956.5,1916.2,1966.2,2040.9,1937.9,1892.4,1881.7,2023.1,2133.4,1951.6,1984.2,2067.5,1997.9,1897.7,2057.6,1905.4,1925.8,2023.1,2009.5,1983.5,2094.1,1900.3,1965.8,1938.2,1916.0,1931.9,1901.0,1970.5,2047.0,1929.8,1991.2,1993.7
FF,137.8,134.8,239.5,284.1,141.5,192.2,144.1,264.3,267.9,259.9,55.5,68.0,349.8,145.3,145.6,312.4,186.1,49.4,219.5,147.9,152.2,258.8,340.7,131.9,167.6,1991.8,0.0,153.4,83.0,194.1,126.5,200.1,241.1,172.5,251.3,32.8,378.1,80.8,105.7,142.8,140.2,152.0,253.1,193.3,259.9,140.6,262.1,241.4,176.6,179.5,279.2,350.5,334.6,262.8,372.6,163.7,172.4,262.6,212.0,236.3,151.1,269.0,341.0,113.7,392.9,156.2,131.7,287.4,247.9,53.9,211.8,153.5,42.6,181.9,216.2,136.4,198.9,141.5,235.6,233.9,283.9,242.5,162.2,143.7,121.2,353.7,170.1,159.5,93.7,166.7,319.9,183.6,133.8,215.4,213.2,352.6,194.2,132.6,372.1,240.8,113.1,335.4,239.9,96.2,265.8,271.5,182.0,274.9,193.8,225.4,133.0,183.1,105.9,192.8,213.4,307.9,128.2,251.1,111.2
FH,87.9,134.4,131.6,172.0,185.9,64.5,210.4,166.7,244.9,199.5,137.1,137.2,288.1,197.6,222.0,241.6,280.5,155.8,112.6,99.9,21.7,255.6,251.7,208.3,244.0,2068.2,144.5,0.0,171.8,86.2,146.8,294.5,128.7,95.5,186.0,111.6,236.1,82.5,182.1,237.2,131.0,203.9,190.8,79.1,178.1,215.3,149.6,128.9,64.1,245.8,216.0,243.4,221.4,143.4,278.0,201.8,98.3,143.2,166.6,175.9,106.6,243.9,228.5,115.4,246.8,224.0,169.8,174.9,184.5,157.8,217.0,41.0,169.8,117.8,221.1,181.1,243.6,60.4,201.7,148.0,171.7,133.6,31.7,62.6,197.6,264.7,244.9,253.9,156.5,233.3,217.1,232.3,210.2,83.0,169.0,281.8,82.0,51.8,266.4,128.3,157.8,233.8,131.3,134.3,171.5,157.9,220.1,242.5,81.9,114.2,227.4,64.4,152.1,269.2,100.9,195.4,194.3,139.6,61.3
FX,118.7,51.7,230.3,192.0,58.1,149.7,113.5,197.2,198.6,176.8,103.2,62.8,293.1,69.8,109.5,246.6,103.0,81.4,188.1,101.9,157.4,193.0,274.9,96.2,116.9,1960.4,78.9,179.5,0.0,265.8,38.8,117.0,148.7,130.3,185.5,111.8,314.5,113.8,74.3,59.7,110.9,76.1,190.5,159.5,188.6,87.5,169.6,148.9,218.4,116.6,227.5,272.7,241.4,163.4,306.8,114.6,89.3,195.5,128.9,153.2,108.6,181.3,324.3,84.4,325.2,96.2,107.2,194.9,164.8,32.0,144.7,195.3,44.0,98.8,150.4,53.3,115.8,142.0,169.8,150.0,245.9,203.6,147.4,139.8,89.8,287.9,126.5,76.4,62.1,104.1,197.4,104.5,102.4,183.1,146.1,286.8,220.0,150.6,275.8,242.5,30.0,214.1,206.8,71.7,200.0,177.9,132.9,209.1,201.7,134.2,49.9,217.4,77.8,161.4,232.6,249.0,99.9,159.6,145.3
GC,164.1,166.3,45.3,174.7,217.8,152.2,245.9,169.4,247.6,191.0,169.7,222.5,290.8,229.5,309.7,244.3,290.9,203.9,62.1,185.6,109.4,258.3,209.4,296.0,276.6,2108.8,177.1,87.6,203.7,0.0,178.7,304.9,131.4,183.2,188.7,144.2,249.0,154.5,269.8,266.7,162.9,235.8,193.5,81.8,180.8,247.2,152.3,131.6,79.6,261.9,218.7,246.1,224.1,146.1,280.7,230.4,130.2,158.6,144.7,183.0,192.3,246.6,259.4,187.4,259.7,255.9,245.6,177.6,142.2,230.8,224.5,110.9,219.8,120.5,223.8,213.0,275.5,147.4,204.4,145.4,147.4,91.3,119.4,149.6,285.3,222.4,286.2,283.4,198.1,256.5,174.8,264.2,297.9,32.5,174.2,284.5,90.8,138.8,269.1,104.0,189.7,191.5,80.8,210.1,174.2,160.6,248.0,245.2,51.4,116.9,261.3,67.1,184.0,356.9,58.6,198.1,282.0,142.3,137.5
GS,143.7,12.8,183.9,153.1,39.0,93.9,36.7,126.7,160.2,137.9,128.2,87.8,224.4,50.7,90.4,177.9,126.0,106.4,174.0,126.9,136.7,143.6,193.1,77.1,97.8,1946.3,103.9,158.8,24.9,184.8,0.0,140.0,109.8,82.2,134.1,136.8,232.7,138.8,60.2,87.8,47.7,57.0,130.8,113.1,118.1,68.4,130.7,110.0,153.8,72.1,170.3,204.0,202.5,124.5,238.1,56.0,50.4,115.7,90.0,114.3,78.2,131.9,243.1,109.4,243.4,77.1,24.0,156.0,125.9,57.0,93.4,209.2,69.0,59.9,108.5,34.2,96.7,121.6,127.9,111.1,210.0,145.7,126.7,119.4,104.8,206.1,107.4,104.5,40.5,59.6,158.5,85.4,114.9,169.0,103.3,218.1,171.7,130.2,247.5,206.6,10.9,175.2,192.7,96.7,149.3,139.0,74.3,159.7,187.6,95.3,82.4,127.6,26.4,155.9,178.7,176.5,20.6,120.7,170.3
GV,235.9,122.8,293.9,168.7,142.2,203.9,102.0,153.0,81.5,232.2,213.1,171.9,135.5,109.7,231.4,135.9,13.9,190.5,277.2,219.1,274.6,95.4,195.5,217.7,208.0,2092.0,196.1,296.7,117.1,294.8,109.9,0.0,203.8,217.6,106.1,229.0,214.8,231.0,163.4,57.2,183.3,167.2,145.8,223.1,155.4,178.6,155.4,204.0,263.8,67.8,110.4,162.0,218.1,185.7,149.2,106.8,160.4,189.1,200.0,224.3,225.8,101.9,207.2,201.6,225.5,187.3,134.0,174.1,235.9,149.2,113.2,312.4,161.2,169.9,71.0,137.4,212.3,257.0,90.4,221.1,363.0,298.7,264.6,254.8,207.0,208.5,223.0,40.5,149.7,80.3,220.2,195.6,219.6,272.2,139.7,173.0,281.7,265.6,158.7,359.6,145.7,203.1,295.9,171.4,120.6,163.7,88.5,127.8,290.8,205.3,67.9,237.6,135.6,278.6,331.7,131.9,117.4,163.3,262.5
HA,187.2,110.0,128.4,42.9,161.0,94.2,159.0,37.7,115.9,51.5,180.3,163.2,150.3,207.3,212.1,112.6,159.2,181.8,137.7,177.1,122.3,126.6,100.3,198.8,219.5,2031.3,225.6,137.9,146.6,129.3,121.6,173.2,0.0,120.3,57.0,214.0,138.0,162.4,181.9,172.8,105.8,178.7,67.5,57.6,50.1,190.1,20.6,0.0,98.3,130.2,97.7,109.3,93.1,14.4,149.0,134.6,106.5,52.3,52.2,75.1,116.0,123.5,99.8,129.5,152.8,198.8,158.8,45.9,85.5,178.7,106.2,106.5,190.7,63.4,92.1,155.9,218.4,159.7,72.7,73.6,162.0,116.1,112.3,157.5,226.5,113.3,229.1,156.1,137.2,142.7,65.7,202.9,236.6,108.1,87.3,152.8,116.2,168.3,130.6,158.6,132.6,81.5,156.4,138.6,42.5,30.3,116.3,113.5,84.4,15.2,174.4,65.8,126.9,277.6,135.1,66.4,174.4,10.6,213.8
HK,66.8,59.6,145.6,167.7,110.6,65.0,145.1,96.8,169.3,156.2,115.9,107.3,185.7,122.0,161.7,148.0,206.4,125.9,154.9,56.7,72.7,173.8,194.3,148.4,169.1,2017.6,174.8,94.8,96.2,181.1,71.2,220.4,124.6,0.0,104.2,149.6,232.0,95.7,131.5,165.9,55.4,128.3,106.6,74.7,88.2,139.7,145.3,124.6,123.3,168.2,140.4,186.9,217.8,129.5,208.2,129.6,38.5,113.1,77.8,102.4,65.6,162.1,237.6,79.1,246.8,148.4,74.5,154.9,114.0,127.9,123.7,100.2,139.9,48.0,139.3,105.5,168.0,39.3,119.9,99.2,161.2,115.3,62.7,37.1,167.7,207.3,178.7,182.6,86.8,155.7,170.4,152.5,180.3,124.1,73.4,188.2,135.3,47.9,262.1,157.8,82.2,186.2,173.6,88.2,119.4,155.0,147.9,153.0,105.8,108.6,160.5,83.0,76.5,227.2,147.9,162.0,90.7,134.3,93.4
HM,178.3,144.5,197.8,71.5,183.0,159.7,107.3,46.8,82.3,141.2,183.8,177.2,98.7,150.2,278.0,61.0,102.1,195.8,207.1,168.2,184.2,69.5,89.3,264.3,241.0,2059.9,250.4,206.3,175.6,198.7,168.4,116.1,113.0,111.4,0.0,217.5,127.0,175.8,203.9,115.7,119.2,200.2,76.6,127.0,58.2,211.6,49.2,113.0,167.7,73.1,64.1,99.9,121.7,69.8,121.2,77.5,97.6,98.1,136.9,161.5,188.2,57.8,139.6,142.9,141.8,220.3,109.5,67.9,149.2,207.7,49.1,211.7,219.7,107.1,35.0,177.9,239.9,150.8,15.7,158.3,256.8,196.3,174.2,148.6,253.6,102.3,250.6,99.0,151.2,85.6,114.0,224.4,266.2,176.3,78.4,101.2,185.6,159.4,166.0,253.4,186.2,97.8,225.8,142.1,14.4,58.9,59.2,66.0,153.8,84.6,126.4,141.5,140.9,279.0,225.5,75.0,122.7,57.1,204.9
HO,104.9,101.9,206.6,251.6,152.9,159.3,154.3,231.4,235.0,272.8,22.9,78.2,317.2,164.3,169.0,279.5,219.0,59.6,187.6,115.0,119.3,225.9,307.8,155.3,191.0,2015.2,32.8,120.5,115.9,161.2,113.5,233.0,208.5,139.9,218.4,0.0,345.5,47.9,129.1,175.7,107.3,170.6,220.5,160.4,227.0,164.0,229.2,208.5,143.7,187.4,263.9,317.9,301.7,223.0,339.7,130.8,143.2,229.7,182.8,207.1,118.2,236.1,308.4,80.8,360.8,179.6,98.8,254.5,218.7,86.5,178.9,120.6,75.5,197.4,183.3,147.8,210.3,108.6,202.7,203.9,251.3,209.6,129.3,110.8,144.6,320.8,193.5,192.4,104.2,174.9,287.0,194.8,157.2,158.0,180.3,319.7,161.6,100.0,339.2,207.9,124.5,302.8,208.0,63.3,232.9,238.9,149.1,242.0,160.9,192.5,165.9,144.0,116.1,216.2,180.5,275.0,138.2,218.2,78.3
HQ,286.4,231.4,228.2,101.9,309.7,237.2,254.7,174.9,154.5,123.1,331.2,324.6,125.0,276.9,333.5,137.3,219.7,343.2,259.5,289.6,259.9,169.1,37.0,320.2,340.9,1973.3,347.3,282.0,268.0,251.1,243.0,205.7,121.7,239.5,147.3,364.9,0.0,315.3,330.6,263.0,266.6,300.1,204.7,179.4,186.3,311.5,99.2,121.6,220.1,220.5,136.3,108.2,127.2,141.4,147.5,224.9,225.7,175.6,174.0,146.7,237.4,195.6,23.5,290.3,15.2,320.2,256.9,126.8,106.7,300.1,196.5,260.0,312.1,221.2,182.4,304.6,352.2,276.9,163.0,133.4,214.3,153.8,249.9,274.7,387.3,24.6,362.9,246.3,298.6,233.0,71.5,324.3,389.7,228.7,191.2,163.0,222.6,285.5,133.9,210.9,254.0,55.3,278.2,289.5,132.8,89.9,206.6,193.2,206.2,137.0,273.7,193.9,288.3,399.0,183.0,105.0,270.1,109.5,313.0
HW,65.7,90.1,181.8,212.4,141.6,116.1,145.0,193.6,209.4,233.1,80.4,71.8,291.3,153.3,156.6,244.8,215.1,90.4,161.9,68.3,80.1,184.6,284.5,142.9,178.6,2002.8,90.7,81.3,112.0,161.4,102.5,229.1,169.1,96.7,195.1,57.8,276.5,0.0,116.7,171.8,59.3,159.6,180.2,119.5,185.0,151.6,190.0,169.3,104.5,180.4,237.2,270.9,261.8,183.8,305.0,136.4,149.9,194.8,149.0,209.5,75.0,172.9,268.9,32.8,287.2,169.9,104.4,215.3,220.9,92.4,134.4,81.4,104.4,158.2,168.1,136.8,199.3,69.4,179.4,170.1,212.1,170.0,90.1,71.6,132.2,297.5,179.5,188.5,91.1,167.9,253.5,188.0,144.8,132.3,153.8,282.9,122.4,60.8,306.8,168.7,113.5,270.2,180.6,68.9,209.6,198.3,154.7,200.7,157.1,154.6,162.0,104.8,106.8,203.8,141.3,235.8,128.9,180.0,39.1
HX,135.3,83.7,168.7,250.6,22.0,166.3,108.4,198.4,201.8,209.6,119.8,79.4,238.6,48.4,66.7,249.6,131.7,98.0,113.7,125.2,199.1,203.7,264.8,53.0,88.7,1886.0,113.5,180.3,66.2,149.6,71.6,145.7,207.5,146.9,196.2,146.4,302.5,130.4,0.0,102.3,127.5,72.7,206.7,159.4,194.0,61.7,228.2,207.5,160.7,141.2,220.0,226.9,300.7,228.9,261.1,127.7,122.1,187.4,161.7,186.0,125.2,192.0,307.4,101.0,317.3,80.0,95.7,253.5,197.6,66.6,165.1,148.9,78.6,131.6,161.1,30.4,112.4,158.6,180.5,182.8,262.1,216.2,192.4,156.4,42.3,277.8,89.6,119.0,82.5,128.7,230.2,96.9,54.9,108.7,170.7,289.8,178.6,211.2,274.8,224.9,60.2,246.0,132.4,88.3,250.1,237.9,146.0,219.8,131.3,192.8,100.7,149.2,94.4,113.9,197.5,274.0,92.3,217.2,161.9
II,178.6,64.7,236.6,189.8,104.4,146.6,49.8,133.5,138.8,174.9,160.5,119.7,222.4,71.6,174.1,184.7,43.2,138.3,239.1,168.5,217.3,131.2,215.1,160.4,150.7,2011.4,138.8,239.4,59.8,237.5,52.6,57.2,146.7,163.1,125.7,171.7,252.8,173.7,125.3,0.0,128.7,109.9,122.6,165.8,129.1,121.3,167.4,146.7,206.5,52.9,157.0,172.3,239.9,161.2,244.9,50.9,103.1,131.8,142.4,167.0,168.5,141.4,264.8,144.3,267.6,130.0,76.7,191.6,178.6,91.9,81.0,255.2,103.9,112.6,90.6,99.3,149.6,201.9,110.0,163.8,305.8,202.2,207.3,199.7,149.7,228.1,197.0,16.6,93.7,40.4,189.1,138.3,162.3,234.1,82.4,224.9,224.4,210.5,216.0,302.4,107.6,204.9,257.8,118.8,140.2,177.1,69.2,147.3,192.6,146.7,10.6,180.3,83.4,221.3,231.4,189.2,65.0,156.4,205.2
IR,79.4,30.7,191.0,153.4,82.2,110.4,114.4,141.6,150.0,137.5,94.7,84.7,243.2,93.9,133.6,196.7,175.8,103.3,217.2,62.6,118.1,125.2,225.1,120.3,141.0,1989.5,147.1,137.9,68.1,218.0,43.1,189.8,109.4,91.0,135.7,114.4,264.7,56.5,103.4,135.2,0.0,100.2,120.8,120.2,130.4,111.6,130.3,109.6,161.1,137.5,178.9,222.8,202.1,124.1,256.9,98.9,50.0,143.8,89.6,113.9,69.3,113.5,275.1,23.6,275.4,120.3,46.4,191.1,125.5,100.2,75.0,138.0,112.2,59.5,108.7,77.4,139.9,102.7,120.0,110.7,206.6,164.3,108.1,100.5,146.5,238.1,150.6,151.9,62.5,125.0,201.1,128.6,158.1,212.2,94.4,223.5,179.0,111.3,247.1,203.2,54.1,217.8,235.9,60.1,150.2,138.6,117.2,141.3,151.2,94.9,129.8,161.4,48.4,199.1,193.3,200.4,62.6,120.3,95.7
IT,173.8,79.8,285.4,221.6,78.5,204.8,104.5,194.5,228.0,205.7,158.3,117.9,283.4,104.9,65.4,245.7,149.9,136.5,199.1,163.7,212.5,211.4,260.9,20.1,72.8,1936.7,152.0,234.6,104.7,320.9,67.7,163.9,177.8,185.4,201.9,184.9,298.6,168.9,85.3,106.6,166.0,0.0,202.8,213.9,186.9,11.4,198.5,177.8,273.5,139.9,238.1,283.4,271.0,192.3,305.9,123.8,118.2,183.5,157.5,182.1,163.7,199.7,311.2,139.5,313.4,52.1,91.8,223.8,193.7,105.1,161.2,250.4,117.1,127.7,176.3,86.9,71.7,197.1,195.7,178.9,301.0,255.1,202.5,194.9,51.4,273.9,82.4,123.3,121.0,127.4,226.3,56.1,64.0,194.1,171.1,285.9,275.1,205.7,308.5,297.6,56.3,242.1,217.8,126.8,217.1,208.2,142.1,227.5,212.7,161.8,96.8,228.4,132.9,123.0,287.7,244.3,88.6,187.5,200.4
IW,174.4,159.1,214.0,113.7,213.1,155.8,121.9,24.9,115.4,137.3,196.0,191.8,131.8,180.3,234.5,94.1,147.7,210.4,223.3,164.3,180.3,97.1,140.4,221.2,241.9,2102.1,257.6,202.4,186.5,214.9,179.3,161.7,109.1,107.5,50.3,224.7,178.1,166.8,234.0,142.7,110.2,201.1,0.0,181.7,10.6,212.5,91.4,109.1,183.9,118.7,97.2,133.0,163.9,47.9,154.3,106.4,93.7,94.2,133.3,157.6,179.6,107.3,183.7,133.9,192.9,221.2,121.7,101.0,169.2,217.0,40.1,207.8,229.0,103.2,80.6,208.0,240.8,146.9,66.0,154.4,268.8,218.4,170.3,144.7,256.8,153.4,251.5,144.6,165.8,131.2,151.5,225.3,269.4,192.5,74.5,134.3,242.9,155.5,201.4,265.4,155.0,148.9,242.0,154.3,65.5,101.1,104.8,99.1,170.0,137.3,137.3,151.4,155.5,328.4,247.6,108.1,137.3,80.4,201.0
IZ,120.1,85.2,70.7,92.8,136.2,67.7,162.3,87.5,165.7,125.1,153.8,138.4,198.4,147.6,187.3,162.4,209.0,155.3,80.0,111.7,64.6,176.4,129.2,174.0,194.7,2081.1,201.1,80.2,121.8,71.6,96.8,223.0,49.8,74.2,105.1,189.3,155.0,137.6,155.4,184.8,81.0,154.0,117.3,0.0,103.1,165.3,70.4,48.0,40.6,180.0,154.4,159.8,143.0,71.1,198.8,148.5,48.3,76.7,92.2,101.5,91.2,173.3,147.9,104.7,169.8,176.7,98.4,95.7,112.9,152.2,140.9,48.8,164.2,38.6,141.9,129.4,193.6,115.3,122.5,69.6,104.3,58.4,54.6,113.1,201.7,141.5,205.9,201.5,110.7,172.9,145.5,178.1,211.8,50.4,92.3,202.6,58.5,124.6,180.4,100.9,107.9,161.3,100.4,112.1,90.6,80.8,166.1,161.6,26.7,33.7,177.7,8.1,102.1,252.9,77.4,116.2,116.5,59.4,148.4
JE,160.6,121.0,201.0,100.7,172.0,142.8,132.4,11.9,102.4,123.5,206.5,201.9,121.2,187.6,223.9,81.1,139.5,219.7,210.3,164.6,167.3,106.9,129.8,210.6,231.3,2089.1,269.4,189.4,197.8,201.9,133.4,153.5,96.1,96.9,36.5,238.9,164.3,184.2,192.9,152.3,127.6,189.7,14.2,171.1,0.0,201.9,78.4,96.1,170.9,110.5,84.2,119.2,153.3,44.6,141.3,114.9,80.7,81.2,120.3,144.6,171.3,95.2,170.7,151.3,179.6,210.6,132.2,88.0,156.2,224.9,54.3,194.8,233.7,90.2,72.4,170.1,232.6,133.9,53.0,141.4,258.2,204.6,157.3,131.7,262.3,140.4,240.9,136.4,176.3,122.2,138.5,217.0,274.9,180.7,61.5,121.3,232.3,141.7,195.2,252.4,144.4,135.9,229.0,168.0,51.7,87.3,96.6,88.5,161.2,125.6,147.8,144.7,166.8,336.3,234.6,95.1,148.6,68.4,188.0
JF,162.4,92.0,274.0,232.3,67.4,193.4,159.7,205.9,239.4,217.1,146.9,106.5,292.5,93.5,64.4,257.1,196.4,125.1,187.7,145.6,201.1,222.8,272.3,8.6,84.2,1948.1,140.6,223.2,93.3,309.5,79.1,210.4,189.0,174.0,213.3,173.5,311.9,157.5,73.9,153.1,154.6,11.4,210.0,203.2,197.3,0.0,209.9,189.2,262.1,195.1,249.5,283.2,281.7,203.7,306.2,135.2,129.6,194.9,169.2,193.5,152.3,211.1,322.3,128.1,322.6,63.5,103.2,235.2,205.1,93.7,172.6,239.0,105.7,139.1,187.7,75.5,83.1,185.7,207.1,190.3,289.6,247.3,191.1,183.5,40.0,285.3,87.3,169.8,105.8,182.6,237.7,71.8,52.6,182.7,182.5,297.3,263.7,194.3,315.7,286.2,67.7,254.4,206.4,115.4,228.5,218.2,153.5,238.9,201.3,174.5,143.3,217.0,121.5,111.6,276.3,255.7,143.6,199.9,189.0
JG,169.1,131.7,150.9,23.0,183.2,116.7,204.2,106.4,95.2,74.0,202.8,185.7,138.4,247.1,234.6,91.9,180.8,204.3,160.2,146.4,144.8,109.8,60.4,221.3,242.0,2010.6,248.1,160.4,169.1,151.8,144.1,166.8,22.6,123.2,96.8,236.5,100.0,184.9,204.4,212.6,128.3,201.2,130.5,80.1,117.8,212.6,0.0,22.3,120.8,170.0,66.3,93.7,71.7,42.1,128.3,174.4,95.6,74.8,75.0,97.6,138.5,121.0,110.4,152.0,110.7,221.3,206.4,25.2,108.0,201.2,146.0,129.0,213.2,85.9,131.9,178.4,240.9,161.8,112.5,96.1,184.5,142.2,134.8,159.6,249.0,73.4,251.6,195.9,163.5,182.5,85.1,229.6,259.1,130.6,90.4,132.1,138.7,170.4,116.7,181.1,155.1,68.0,178.9,161.1,44.2,8.2,156.1,92.8,111.1,37.7,177.5,94.6,149.4,300.1,157.6,45.7,219.6,10.2,195.7
JI,187.2,110.1,128.5,43.0,161.1,94.3,159.0,37.7,115.9,51.6,180.4,163.3,150.3,207.3,212.2,112.6,159.2,181.9,137.8,177.1,122.4,126.6,100.4,198.9,219.6,2031.3,225.7,138.0,146.7,129.4,121.7,173.2,0.0,120.3,57.0,214.1,138.1,162.5,182.0,172.8,105.9,178.8,67.5,57.7,49.1,190.2,20.6,0.0,98.4,130.2,104.6,109.3,93.1,21.3,149.0,134.6,106.5,52.4,52.6,75.2,116.1,114.9,99.8,129.6,152.9,201.6,158.8,45.9,85.6,178.8,106.2,106.6,190.8,63.5,92.1,156.0,218.5,159.7,72.7,73.7,162.1,116.2,112.4,157.5,226.6,113.4,229.2,156.1,137.3,142.7,65.8,202.9,236.7,107.0,87.3,152.8,116.3,168.3,137.4,158.7,132.7,81.6,156.5,138.7,42.5,30.3,116.3,113.5,88.7,16.5,174.4,72.2,127.0,277.7,135.2,66.4,174.2,9.6,213.8
JK,129.6,187.3,71.1,151.6,238.8,124.2,222.1,145.6,223.8,142.3,178.8,196.1,267.0,250.5,280.9,220.5,267.1,213.0,80.4,151.1,81.4,234.5,187.5,267.2,297.6,2127.1,186.2,62.6,224.7,72.0,199.7,281.1,107.6,142.5,164.9,153.3,227.1,124.2,241.0,242.9,183.6,256.8,169.7,58.0,157.0,268.2,128.5,107.8,0.0,238.1,194.9,222.3,200.3,122.3,256.9,206.6,151.2,134.8,109.4,118.7,157.8,222.8,237.5,157.1,237.8,276.9,228.7,153.8,120.3,216.7,200.7,31.2,228.7,141.5,200.0,234.0,296.5,102.1,180.6,123.5,107.5,69.4,91.4,104.3,256.5,200.5,303.8,259.6,215.4,232.7,152.9,285.2,269.1,50.8,150.4,260.7,17.8,93.5,245.3,64.1,210.7,169.6,99.1,193.2,150.4,136.8,224.2,221.4,31.3,93.1,237.5,43.3,205.0,328.1,36.7,174.3,253.2,118.5,103.0
JM,177.9,72.1,243.2,154.7,134.4,195.7,34.1,130.0,93.5,177.2,162.4,104.0,190.7,101.9,206.8,144.2,53.8,122.6,269.4,161.1,216.6,90.6,172.5,193.1,178.3,2111.3,181.4,238.7,116.7,244.1,109.5,67.8,148.8,165.4,83.1,171.6,212.1,173.0,155.6,67.4,131.0,137.5,122.8,172.4,127.2,148.9,132.4,149.0,213.1,0.0,122.4,170.3,204.2,162.7,204.4,53.2,109.7,134.1,149.3,173.6,167.8,78.9,219.2,143.6,222.8,157.6,83.3,151.1,185.2,142.6,83.3,254.5,154.6,119.2,48.0,129.6,177.2,201.2,67.4,170.4,305.1,205.0,206.6,199.0,182.4,185.5,229.7,50.7,81.8,12.4,191.4,165.9,195.0,264.4,84.7,184.4,231.0,209.8,178.0,301.7,91.4,180.1,288.1,121.1,97.6,140.7,65.5,106.7,203.4,154.6,67.5,186.9,67.7,254.0,238.0,143.9,49.5,159.7,204.5
JV,224.9,166.2,239.5,58.2,199.1,195.9,129.0,93.7,18.2,195.0,229.3,205.8,73.8,173.2,308.6,36.1,103.7,224.4,248.8,215.0,231.1,32.7,128.5,294.9,312.0,2057.1,283.2,253.2,206.9,240.4,199.7,89.7,100.3,147.6,73.4,263.0,102.4,208.9,226.9,147.0,152.3,228.1,103.7,168.7,106.1,246.4,114.1,100.2,209.4,101.7,0.0,64.3,119.0,126.4,96.3,112.3,144.5,145.0,184.1,208.4,221.7,43.9,97.0,176.0,128.4,255.1,137.4,80.0,208.9,232.1,75.3,258.6,261.7,154.0,86.1,200.9,274.2,197.7,77.4,205.2,305.8,256.0,221.1,195.5,284.2,126.8,284.9,130.3,172.9,114.2,173.7,259.2,296.8,219.2,117.1,76.3,216.6,195.6,160.9,313.1,209.2,164.4,267.5,176.9,68.6,105.1,94.0,65.1,199.7,126.3,168.4,183.2,169.5,312.7,285.2,32.1,151.3,98.8,241.2
JW,266.8,187.1,240.8,68.5,201.4,270.0,149.9,124.6,71.8,163.9,241.8,219.8,11.6,168.6,296.8,43.9,111.4,238.4,250.1,256.7,305.5,67.7,139.9,257.2,288.6,1976.9,293.9,325.3,214.6,241.7,207.4,97.4,112.3,189.2,128.1,275.5,102.8,243.9,222.3,154.7,187.3,237.1,145.6,170.0,156.2,248.5,89.8,112.2,210.7,115.7,100.7,0.0,73.4,147.6,34.1,135.5,208.0,208.4,164.9,187.5,256.7,94.2,126.4,211.0,86.4,257.2,167.5,149.9,197.9,246.7,117.2,218.9,258.7,217.5,117.7,196.3,243.9,228.6,112.4,186.8,274.4,228.5,295.5,226.4,294.9,127.5,256.2,138.0,193.8,128.2,174.4,300.3,281.4,219.3,159.0,107.9,228.6,237.2,43.6,271.0,204.6,158.2,268.8,200.1,142.6,80.5,117.2,100.1,201.0,128.8,165.4,184.5,183.5,297.4,247.5,122.2,165.3,100.1,283.1
JZ,296.0,270.8,225.5,53.3,285.1,277.4,233.6,164.5,148.2,148.6,325.5,303.5,99.6,252.3,380.5,83.8,195.1,322.1,234.8,299.2,301.9,151.4,135.0,295.9,372.3,2010.0,377.3,324.0,298.3,226.4,291.1,181.1,97.0,229.1,154.9,359.2,117.1,324.9,306.0,238.4,271.0,275.8,194.3,154.7,180.1,287.2,74.5,96.9,195.4,199.4,130.0,83.6,0.0,197.2,122.1,219.2,215.3,215.8,149.6,172.2,213.1,162.6,111.7,294.7,131.9,295.9,251.2,150.8,182.6,330.4,200.9,203.6,342.4,224.8,190.0,280.0,327.6,268.5,170.6,170.7,259.1,213.2,291.9,266.3,378.6,130.8,338.3,221.7,277.5,211.9,159.7,388.0,365.1,205.2,196.1,109.5,213.3,277.1,109.3,255.7,288.3,143.5,255.2,283.8,150.1,65.2,200.9,168.9,185.7,112.3,249.1,162.9,267.2,381.1,232.2,120.9,248.8,84.8,322.6
KG,172.7,133.1,156.3,56.0,184.1,154.1,144.5,23.3,129.0,128.7,218.6,213.2,143.2,202.9,235.2,112.4,170.8,224.9,165.6,162.6,178.6,138.2,91.8,221.9,242.6,2044.4,281.0,200.7,209.1,157.2,144.7,184.8,37.5,105.8,68.6,245.4,128.0,201.6,205.0,165.3,150.8,194.9,46.1,85.5,38.8,213.2,33.7,27.7,126.2,141.8,117.7,122.4,106.2,0.0,162.1,129.0,92.0,92.5,80.1,149.0,182.6,127.4,112.9,174.5,133.6,224.6,144.3,59.0,113.4,233.8,86.3,206.1,245.8,101.5,103.7,179.0,241.5,145.2,84.3,102.3,189.9,144.0,168.6,143.0,273.6,104.8,253.8,167.7,188.4,154.3,93.6,225.9,286.2,134.8,72.8,152.6,144.1,153.8,143.7,186.5,155.7,100.3,186.0,176.9,65.3,43.4,127.9,117.4,112.3,44.3,153.0,93.7,178.1,345.2,163.0,79.5,159.7,22.7,199.3
KI,286.3,290.6,289.0,148.0,264.2,267.7,252.6,154.8,138.5,249.2,329.1,322.5,23.2,231.7,348.8,74.1,174.5,341.1,298.3,289.5,292.2,147.4,215.3,335.5,351.7,2025.1,394.3,314.3,320.9,289.9,258.3,160.5,160.7,219.4,145.2,362.8,149.1,315.2,285.4,261.0,264.4,315.4,178.9,218.2,166.2,326.8,175.2,160.4,258.9,218.4,109.6,50.1,122.5,187.5,0.0,222.8,205.6,206.1,245.2,269.5,296.2,158.6,186.5,288.1,138.4,335.5,254.8,141.1,275.2,347.4,194.4,319.7,359.4,215.1,180.3,259.4,307.0,258.8,160.9,266.3,322.6,318.5,282.2,256.6,387.2,205.9,317.7,244.3,300.3,230.9,240.0,343.8,344.5,268.7,186.4,99.8,276.8,267.4,64.5,319.2,267.7,222.9,317.0,287.4,140.4,164.8,204.5,159.2,249.2,175.8,271.7,232.7,286.2,360.5,295.7,111.2,268.0,148.3,312.9
KO,139.7,88.1,208.7,153.5,141.0,157.1,50.1,97.2,104.1,138.6,106.2,115.6,194.9,108.5,200.4,148.4,92.8,134.2,218.0,122.9,178.4,94.9,176.9,186.7,163.4,2122.8,172.8,200.5,114.7,209.6,107.5,106.8,110.2,126.8,87.5,139.9,216.5,134.8,160.5,70.9,92.4,122.6,90.5,180.5,88.6,134.0,131.1,110.4,178.6,63.8,133.0,174.5,202.9,124.9,208.6,0.0,75.2,95.5,114.8,139.1,129.6,83.2,226.9,105.4,227.2,142.7,31.9,155.3,150.7,136.2,44.7,216.3,148.2,84.7,52.4,136.2,162.3,163.0,71.8,135.9,266.9,170.5,168.4,160.8,176.0,189.9,173.0,87.6,97.8,60.7,152.8,151.0,188.6,188.4,46.1,188.6,241.0,171.6,189.5,263.5,76.5,169.5,236.7,64.5,102.0,139.4,18.2,111.0,168.9,120.1,65.5,152.4,83.7,247.6,203.5,154.5,65.5,121.1,166.3
KP,73.4,36.0,133.4,102.6,87.5,43.4,84.0,97.3,175.5,87.4,107.1,90.0,218.7,99.2,138.9,172.2,150.4,108.6,142.7,50.7,100.3,186.2,142.6,125.6,146.3,1994.8,152.4,122.4,73.4,134.3,48.4,164.4,59.3,27.5,116.6,140.8,182.2,89.2,108.7,107.1,32.6,105.5,121.4,102.4,108.7,116.9,80.2,59.5,103.3,119.4,146.6,174.0,152.0,74.0,208.6,83.7,0.0,65.2,39.5,63.8,42.8,174.5,192.6,56.3,192.9,125.6,51.7,105.5,75.4,105.5,98.3,127.8,117.5,9.4,151.7,82.7,145.2,66.9,132.3,60.6,188.8,95.2,90.3,64.7,153.3,155.6,155.9,123.8,67.8,106.9,108.0,133.9,163.4,113.1,102.1,212.4,162.9,75.5,197.0,185.4,59.4,124.7,161.4,65.4,102.1,88.5,102.0,173.1,93.6,44.8,97.3,77.1,53.7,204.4,128.2,126.0,67.9,70.2,100.0
KW,148.8,94.5,169.5,107.0,146.0,61.5,116.3,86.0,158.5,92.1,190.4,186.2,183.7,174.7,197.4,137.2,180.4,204.8,178.8,152.0,104.3,145.1,140.9,184.1,204.8,2095.3,210.9,126.4,131.9,212.7,106.9,194.4,63.7,95.6,93.4,224.1,180.5,177.7,167.2,137.1,122.6,164.0,90.1,124.4,77.4,175.4,84.6,63.9,167.6,139.4,129.6,163.3,156.4,78.4,197.4,100.8,81.8,0.0,75.6,99.9,101.3,133.4,190.9,146.3,191.2,184.1,116.1,109.9,111.5,164.0,94.9,144.5,176.0,45.5,128.5,141.2,203.7,135.0,109.1,96.7,210.8,168.5,94.3,132.8,249.7,153.9,214.4,153.8,164.0,126.9,106.3,192.4,262.3,149.2,44.6,177.4,184.9,143.6,201.4,207.4,117.9,123.0,197.5,148.7,106.5,92.9,119.1,142.2,129.7,80.9,131.7,113.2,149.9,262.9,197.5,130.4,131.7,74.6,175.4
KY,113.9,77.6,114.0,102.9,128.3,61.5,124.5,97.9,176.1,46.8,147.9,130.8,210.5,140.0,179.7,172.8,191.2,149.4,123.3,104.1,104.6,186.8,102.0,166.4,187.1,2113.1,193.2,126.7,114.2,114.9,89.2,205.2,59.8,68.3,116.9,181.3,139.7,130.0,149.5,147.9,73.4,146.3,127.4,42.9,113.5,157.7,80.8,59.8,83.9,160.2,164.8,169.5,153.3,81.5,209.2,124.5,40.7,116.2,0.0,24.5,83.6,183.7,153.6,97.1,155.8,169.1,92.5,106.1,34.8,146.3,182.1,92.1,158.0,31.0,152.3,123.2,185.7,107.7,132.9,20.8,147.6,101.4,94.6,105.5,194.1,115.0,198.3,164.6,104.8,147.7,67.4,170.4,204.2,92.5,131.8,213.0,101.5,116.0,190.8,144.2,99.9,83.2,143.7,105.9,102.4,90.5,142.8,173.7,70.0,44.1,137.8,51.4,94.5,244.9,120.7,126.6,108.9,69.8,140.8
LH,175.5,112.2,169.5,127.7,163.2,96.4,180.2,149.9,222.4,23.6,224.6,165.4,238.8,238.6,214.3,201.1,244.3,184.0,182.4,165.4,149.0,209.0,109.2,201.0,221.7,2120.3,227.8,171.1,148.8,174.0,123.8,258.3,83.9,102.9,157.3,258.3,146.9,204.4,184.1,201.0,108.0,180.9,159.7,116.2,145.5,192.3,104.6,83.9,120.3,203.3,193.5,193.3,177.1,105.3,261.3,164.7,75.3,92.9,33.5,0.0,118.2,216.1,159.5,131.7,161.7,201.0,180.0,129.9,52.4,180.9,158.8,151.6,192.9,65.6,192.4,158.1,220.6,166.0,173.0,37.6,137.6,91.7,139.0,163.8,228.7,122.2,232.9,217.7,139.4,190.8,74.6,205.0,238.8,152.8,108.5,241.3,93.7,174.6,221.4,134.2,134.8,90.4,201.1,140.8,167.6,114.3,183.0,206.1,129.1,73.8,195.6,116.8,129.1,279.8,124.3,150.4,195.6,93.6,202.1
LI,30.5,51.4,160.1,182.1,102.9,79.5,99.4,157.0,229.5,137.9,97.6,89.0,254.7,114.6,154.3,208.2,165.8,107.6,169.4,7.8,87.2,163.9,193.1,141.0,161.7,2010.2,156.5,109.3,88.8,195.6,63.8,179.8,138.9,60.1,164.4,131.3,232.7,77.4,124.1,122.5,48.0,120.9,161.1,89.3,148.4,132.3,159.8,139.1,142.0,134.8,200.6,234.3,231.6,153.6,268.4,99.1,50.4,158.2,90.0,114.3,0.0,152.2,238.7,68.0,243.4,141.0,67.1,185.1,125.9,109.6,113.7,118.9,121.6,59.9,147.4,98.1,160.6,71.8,180.1,111.1,175.7,133.4,77.2,69.6,149.4,206.1,171.3,139.2,83.2,122.3,158.5,149.3,162.0,139.8,133.6,248.4,149.8,80.4,276.6,172.3,74.8,175.2,188.1,80.8,179.6,168.1,117.4,213.2,120.3,124.4,112.7,142.3,69.1,219.8,162.4,205.6,83.3,149.8,57.1
LJ,187.8,169.6,247.0,108.7,208.1,200.2,114.4,91.6,36.4,172.5,208.9,184.3,104.4,157.3,232.6,82.0,101.3,202.9,256.3,177.7,226.5,11.6,138.5,219.3,240.0,2077.4,255.4,246.3,182.7,247.9,175.5,87.3,153.5,160.6,49.1,240.8,161.7,164.9,211.0,122.8,108.3,199.2,66.6,168.9,77.2,210.6,98.4,144.3,216.9,80.2,47.7,120.9,143.5,114.6,142.2,84.6,129.0,129.4,168.3,192.9,177.7,0.0,162.4,132.0,176.5,222.0,116.6,70.9,198.4,232.8,38.2,246.4,226.8,138.5,42.1,185.0,256.9,200.0,33.4,190.5,313.2,245.5,216.5,197.8,254.9,151.5,284.1,106.1,176.3,92.7,163.2,223.3,267.5,225.5,80.0,109.9,234.8,208.6,148.3,302.6,193.3,156.3,276.7,149.2,72.9,96.0,66.3,5.9,203.0,172.6,133.5,184.4,148.0,344.5,274.7,86.8,129.6,147.1,204.1
LZ,288.8,216.2,230.6,83.7,267.2,239.6,256.7,173.2,138.9,125.5,286.5,269.4,173.3,294.0,318.3,135.6,224.5,288.0,243.9,278.7,262.3,153.5,39.4,305.0,325.7,2006.7,331.8,284.4,252.8,235.5,227.8,210.5,106.1,237.8,149.7,320.2,33.3,268.6,288.1,265.5,212.0,284.9,203.0,163.8,185.6,296.3,83.6,106.0,204.5,222.5,110.0,141.6,160.6,132.7,195.8,227.3,224.0,178.0,158.7,149.1,222.2,180.0,0.0,235.7,48.6,305.0,259.3,111.2,109.1,284.9,198.9,212.7,296.9,169.6,184.8,262.1,324.6,277.2,165.4,135.8,216.7,156.2,252.3,275.0,332.7,27.0,336.9,248.8,243.4,235.0,73.9,313.3,342.8,213.1,193.6,175.8,222.4,285.8,167.3,213.3,238.8,57.7,264.3,244.8,135.2,74.3,209.0,177.6,194.8,121.4,276.2,178.3,233.1,383.8,185.4,89.4,271.9,93.9,315.4
ME,55.7,57.2,167.3,189.4,108.7,86.7,135.6,164.2,176.5,203.7,71.0,62.4,261.9,120.4,147.2,215.4,202.3,81.0,221.1,38.9,94.4,151.7,251.6,133.5,167.5,1993.4,123.6,114.2,94.6,194.3,69.6,216.3,146.1,67.3,162.2,90.7,291.2,32.8,107.3,161.7,26.4,126.7,147.3,96.5,155.6,138.1,167.0,146.3,137.4,164.0,205.4,241.5,238.8,160.8,275.6,125.4,120.5,165.4,116.1,180.1,45.6,140.0,245.9,0.0,301.9,146.8,95.0,192.3,191.5,83.0,101.5,114.3,95.0,86.0,135.2,103.9,166.4,79.0,146.5,137.2,182.9,140.6,84.4,76.8,122.8,264.6,170.1,178.4,81.7,151.5,224.1,155.1,135.4,147.0,120.9,250.0,155.3,87.6,283.8,179.5,80.6,240.8,239.8,59.5,176.7,175.3,143.7,167.8,127.5,131.6,152.6,137.7,74.9,194.4,169.6,212.8,119.5,157.0,72.0
MH,301.2,280.6,243.5,86.3,293.3,252.0,241.8,189.7,163.7,137.9,333.7,313.3,108.6,260.5,341.4,120.9,203.3,330.3,267.0,291.6,274.7,161.2,52.3,328.1,380.5,1956.9,385.5,296.8,306.5,258.6,250.9,189.3,129.2,254.8,162.1,369.0,15.2,330.6,314.2,248.2,279.2,308.0,219.5,186.9,201.6,321.0,106.7,129.1,227.6,209.2,158.0,91.8,112.4,148.9,131.1,227.4,240.5,190.4,181.8,161.5,245.3,170.8,38.8,302.9,0.0,328.1,259.4,134.3,121.5,338.6,209.1,274.8,352.2,236.5,197.2,288.2,337.4,291.7,177.8,148.2,229.1,168.6,264.7,289.5,386.8,39.4,348.1,229.9,289.5,220.1,86.3,332.2,373.3,236.2,206.0,146.6,237.4,300.8,121.7,225.7,296.5,70.6,289.0,292.0,147.6,97.4,209.1,192.0,217.9,144.5,257.3,195.1,275.4,389.3,197.8,120.3,257.2,119.8,328.3
MJ,178.0,99.4,292.3,240.4,82.7,211.7,124.1,214.1,247.6,225.3,162.5,124.8,299.3,111.8,13.2,265.3,169.5,140.7,206.0,170.6,219.4,231.0,280.5,49.0,68.3,1932.2,159.2,241.5,111.6,327.8,87.3,183.5,197.4,192.3,224.2,189.1,318.2,175.8,88.6,168.7,172.9,66.4,225.1,223.2,209.7,57.7,218.1,200.1,280.4,159.5,258.9,290.3,290.6,218.8,324.5,143.4,137.8,203.1,177.1,201.7,170.6,241.2,333.5,146.4,333.5,0.0,114.1,243.4,213.3,112.0,180.8,257.3,121.3,147.3,195.9,91.1,67.2,204.0,215.3,199.3,305.2,259.3,209.4,201.8,27.6,293.5,74.0,142.9,125.2,147.0,245.9,51.6,37.7,201.9,190.7,305.5,282.0,209.9,328.1,304.5,75.9,264.4,226.4,131.0,236.7,227.8,161.7,249.8,223.6,181.4,116.4,229.7,139.8,76.0,294.6,263.9,108.2,207.1,207.3
MR,107.7,21.9,176.7,145.9,72.9,86.7,65.4,119.5,136.1,130.7,74.2,83.6,208.4,123.8,168.4,170.7,124.8,102.2,186.0,97.6,146.4,127.0,185.9,154.7,131.4,2014.6,140.8,168.5,58.5,177.6,33.5,138.8,102.8,119.3,119.5,107.9,223.6,102.8,128.5,86.2,40.5,90.6,121.6,104.3,110.9,102.0,123.5,102.8,146.6,88.5,163.1,209.6,196.0,124.2,230.9,31.9,43.2,108.5,82.8,107.1,97.6,137.2,236.2,73.4,238.9,113.4,0.0,148.8,118.7,104.2,80.0,184.3,116.2,52.7,84.4,67.8,130.3,131.0,103.8,104.7,234.9,142.3,136.4,128.8,144.0,198.9,141.0,102.9,49.1,76.0,151.3,114.8,156.6,155.2,81.4,210.9,209.0,139.6,240.3,231.5,44.5,167.1,204.7,32.5,134.0,133.2,50.2,143.1,136.9,88.1,80.8,120.4,38.8,215.6,171.5,169.3,80.8,112.5,134.3
MV,212.6,216.9,184.0,37.6,254.3,194.0,178.9,81.1,101.8,107.1,255.4,248.8,127.0,221.8,275.1,80.5,173.7,267.4,193.3,215.8,218.5,116.4,93.5,261.8,282.5,2026.0,320.6,240.6,247.2,184.9,184.6,173.4,55.7,145.7,71.5,289.1,101.8,241.5,275.5,187.3,190.7,241.7,105.2,113.2,92.5,253.1,33.0,55.4,153.9,144.7,72.9,106.6,87.1,113.8,140.7,149.1,131.9,132.4,108.1,130.7,222.5,108.9,94.2,214.4,112.5,261.8,181.1,0.0,141.1,273.7,120.7,246.0,285.7,141.4,106.6,249.5,281.4,185.1,87.2,129.2,217.6,175.3,208.5,182.9,313.5,106.5,292.1,170.6,226.6,157.2,118.2,270.1,326.1,163.7,112.7,120.7,171.8,193.7,132.1,214.2,195.6,101.1,212.0,213.7,66.7,23.6,130.8,67.5,144.2,70.8,198.0,127.7,212.5,385.1,190.7,61.1,194.3,43.3,239.2
MX,179.6,123.8,121.4,135.3,175.3,108.8,188.5,158.2,223.1,48.7,228.7,220.1,248.3,246.9,226.7,201.8,242.2,238.7,186.5,182.8,153.1,209.6,67.1,213.4,234.1,2078.2,240.2,175.2,161.2,146.6,136.2,256.2,121.9,115.3,140.0,262.4,106.7,208.5,196.5,209.3,120.4,193.3,162.3,124.5,149.6,204.7,112.9,121.6,121.9,211.6,194.2,218.2,184.7,106.7,262.0,173.0,87.7,101.2,45.9,72.3,130.6,197.9,117.1,144.1,117.4,213.4,188.3,138.2,0.0,193.3,167.1,153.2,205.3,78.0,175.1,170.5,233.0,170.1,155.7,26.6,107.5,43.2,143.1,167.9,280.5,80.1,243.7,226.0,155.6,199.1,32.5,221.7,293.1,156.9,116.8,242.0,115.8,178.7,229.7,104.1,147.2,49.2,205.2,153.2,125.5,165.1,191.3,206.8,137.4,82.1,203.9,120.9,141.5,292.2,76.2,178.9,203.9,109.5,206.2
NB,116.4,108.0,220.8,250.1,87.8,147.4,113.7,224.9,228.0,206.2,100.9,60.5,313.7,91.6,91.9,276.0,132.4,79.1,165.8,106.3,155.1,222.4,304.3,78.2,113.9,1938.1,46.8,177.2,29.3,241.0,96.1,146.4,207.0,128.0,214.9,79.7,342.0,111.5,52.0,89.1,108.6,98.3,215.7,158.9,216.3,86.9,227.7,207.0,216.1,146.0,256.9,261.5,300.2,228.4,336.2,136.9,118.7,224.9,158.0,182.6,106.3,232.6,306.9,82.1,356.8,105.2,104.9,253.0,194.2,0.0,174.1,193.0,12.0,128.2,179.8,82.7,145.2,139.7,199.2,179.4,243.6,197.7,145.1,137.5,67.5,317.3,114.8,105.8,63.6,133.5,226.8,129.6,80.1,160.8,175.5,316.2,217.7,148.3,344.5,240.2,59.4,242.6,184.5,69.4,229.4,237.4,155.2,238.5,179.4,192.3,79.3,201.3,75.5,139.1,230.3,273.5,97.6,216.7,143.0
NI,149.5,118.9,224.2,132.3,172.9,152.7,81.7,66.5,74.9,134.2,155.8,151.6,159.4,140.1,194.3,121.7,100.7,170.2,233.5,132.7,188.2,50.1,150.0,181.0,201.7,2115.9,217.1,208.0,146.3,225.1,139.1,114.7,106.0,122.4,60.6,184.5,187.7,126.6,193.8,102.5,70.0,160.9,41.5,192.0,52.1,172.3,109.9,106.0,231.2,71.7,103.8,160.6,182.4,99.2,181.9,66.2,90.7,91.1,130.3,154.6,139.4,38.4,200.3,93.7,202.5,181.0,81.5,116.0,166.2,176.8,0.0,208.1,188.8,100.2,33.6,167.8,200.6,161.8,44.9,151.4,275.8,215.3,178.2,159.6,216.6,163.0,211.3,97.6,125.6,84.2,148.4,185.0,229.2,202.7,41.7,148.4,249.1,170.4,226.7,272.4,114.8,158.5,252.2,114.1,75.1,119.6,57.8,66.2,180.2,134.3,97.1,161.6,115.3,288.2,244.5,125.3,96.9,115.7,165.8
NK,98.3,122.5,100.3,130.8,174.0,92.9,202.1,125.6,203.8,165.4,147.5,149.7,247.0,185.7,225.4,200.5,247.1,168.3,80.4,112.4,50.1,214.5,210.6,212.1,232.8,2119.2,154.9,31.3,159.9,72.0,134.9,261.1,87.6,108.0,144.9,122.0,195.0,92.9,194.6,222.9,119.1,192.0,149.7,38.0,137.0,203.4,108.5,87.8,23.0,218.1,174.9,202.3,180.3,102.3,236.9,186.6,86.4,114.8,85.8,141.8,119.1,202.8,187.4,125.8,205.7,212.1,182.3,133.8,143.4,170.3,180.7,0.0,182.3,76.7,180.0,169.2,231.7,70.8,160.6,106.9,130.6,92.5,60.1,73.0,210.1,223.6,242.4,239.6,154.3,212.7,176.0,220.4,222.7,50.8,130.4,240.7,40.9,62.2,225.3,87.2,145.9,192.7,99.1,146.8,130.4,116.8,204.2,201.4,31.3,73.1,217.5,23.3,140.2,281.7,59.8,154.3,154.4,98.5,71.7
NS,127.4,119.0,274.4,261.1,98.8,158.4,124.7,235.9,239.0,217.2,90.7,71.5,324.7,102.6,102.9,287.0,143.4,84.3,176.8,117.3,166.1,233.4,315.3,89.2,124.9,1949.1,34.8,188.2,40.3,229.0,107.1,157.4,218.0,139.0,225.9,67.7,353.0,115.7,63.0,100.1,119.6,109.3,226.7,167.5,227.3,97.9,238.7,218.0,211.5,157.0,257.2,272.5,311.2,232.5,347.2,147.9,129.7,235.9,169.3,193.6,117.3,243.6,317.9,93.1,367.8,113.5,115.9,264.0,205.2,10.9,185.1,188.4,0.0,139.2,190.8,93.7,156.2,150.7,210.2,190.4,254.6,208.7,156.1,148.5,78.5,328.3,125.8,116.8,74.6,144.5,237.8,140.6,91.1,171.8,186.5,327.2,228.7,159.3,355.5,251.2,70.4,253.6,195.5,80.4,240.4,248.4,166.2,249.5,194.4,202.0,90.3,212.3,86.5,150.1,241.3,284.5,108.8,227.7,146.1
NT,83.1,45.7,123.9,93.0,97.2,30.7,93.7,87.8,166.0,77.9,116.8,99.7,209.2,108.9,148.6,162.7,160.1,118.3,133.2,60.4,73.5,176.7,133.1,135.3,156.0,2081.4,162.1,95.6,83.1,124.8,58.1,174.1,49.8,37.2,107.1,150.5,172.7,98.9,118.4,116.8,42.3,115.2,111.9,93.6,99.2,126.6,70.7,50.0,136.8,129.1,137.1,164.5,142.5,64.5,199.1,93.4,9.6,77.0,30.0,54.3,52.5,165.0,183.1,66.0,183.4,135.3,61.4,96.0,65.9,115.2,142.9,113.7,127.2,0.0,142.2,92.4,154.9,76.6,122.8,51.1,180.0,85.7,63.5,74.4,163.0,146.1,165.6,133.5,77.5,116.6,98.5,143.6,173.1,103.6,92.6,202.9,154.1,85.2,187.5,176.6,69.1,115.2,151.9,75.1,92.6,79.0,111.7,163.6,84.1,35.3,107.0,67.6,63.4,214.1,118.7,116.5,77.6,60.7,109.7
OU,182.2,110.2,232.9,106.7,147.6,194.8,72.2,81.9,67.3,176.3,148.7,142.1,142.6,115.1,242.9,96.1,67.0,160.7,282.6,165.4,219.3,42.5,124.4,229.2,205.9,2095.0,215.3,241.4,140.5,233.8,133.3,81.0,147.9,146.5,35.0,182.4,164.0,168.8,168.8,80.6,112.2,165.1,74.7,162.1,84.3,176.5,84.3,148.1,202.8,38.0,88.5,122.2,156.1,114.6,156.3,42.4,117.7,133.2,157.3,181.6,172.1,30.8,174.4,135.9,174.7,185.2,74.4,103.0,184.3,172.6,42.1,246.8,184.6,127.2,0.0,142.8,204.8,185.9,19.3,178.4,291.9,227.6,209.3,183.7,218.5,137.4,215.5,63.9,119.9,50.5,149.1,193.5,231.1,212.6,83.9,136.3,220.7,194.5,201.1,288.5,151.1,132.0,301.3,107.0,49.5,92.6,24.1,58.6,193.1,162.6,91.3,176.6,105.8,243.9,260.6,110.1,87.6,92.2,208.0
PK,132.4,53.2,194.7,194.2,5.0,163.4,77.9,167.9,171.3,179.1,116.9,76.5,208.1,17.9,75.6,219.1,101.2,95.1,139.7,122.3,171.1,173.2,234.3,62.3,83.0,1912.0,110.9,193.2,63.3,175.6,41.1,115.2,151.2,144.0,165.7,143.5,272.0,127.5,25.9,71.8,124.6,42.2,176.2,172.5,160.3,53.6,171.9,151.2,186.7,110.7,200.2,196.4,244.4,172.6,230.6,97.2,91.6,156.9,130.9,155.5,122.3,161.5,284.6,98.1,286.8,65.0,65.2,197.2,167.1,63.7,134.6,174.9,75.7,101.1,130.6,0.0,81.9,155.7,150.0,152.3,259.6,213.7,161.1,153.5,90.0,247.3,92.6,88.5,79.6,98.2,199.7,66.4,100.1,134.7,140.2,259.3,233.7,164.3,240.1,256.2,29.7,215.5,160.1,85.4,180.2,181.6,115.5,189.3,153.3,136.5,113.3,169.0,91.5,141.1,246.3,217.7,61.8,160.9,159.0
PM,204.0,195.6,315.6,337.7,108.7,235.0,201.3,312.5,328.7,287.1,188.5,148.1,325.3,135.1,52.8,363.7,238.0,166.7,229.3,193.9,242.7,319.6,342.3,72.3,44.6,2008.1,182.5,264.8,134.9,351.1,183.7,252.0,294.6,215.6,312.1,215.1,380.0,199.1,129.9,194.7,196.2,92.4,312.9,244.1,304.9,81.0,315.3,294.6,303.7,236.7,346.9,313.6,387.8,316.0,347.8,224.5,199.6,264.9,238.9,263.5,193.9,329.8,392.6,169.7,394.8,66.1,192.5,340.6,275.1,135.3,271.3,280.6,147.3,209.1,277.0,117.1,0.0,227.3,296.4,260.3,331.2,285.3,232.7,225.1,50.9,355.3,10.6,211.4,151.2,224.2,307.7,56.3,37.4,224.3,274.0,403.9,305.3,235.9,361.5,327.8,165.0,323.5,248.0,157.0,326.6,325.0,242.8,335.7,242.9,278.6,184.9,258.6,163.1,120.0,317.9,361.1,185.2,304.3,230.6
PT,59.5,99.2,161.2,180.4,150.7,77.7,173.2,137.2,209.7,194.7,108.6,100.0,234.9,162.4,184.8,188.4,243.3,118.6,141.3,62.7,59.5,214.2,234.7,171.1,206.8,2031.0,152.9,60.7,136.6,147.0,111.6,257.3,137.1,40.3,144.6,120.0,274.3,88.4,144.9,200.0,95.8,168.7,141.3,87.5,128.6,179.8,158.0,137.3,83.9,208.6,180.8,214.5,229.8,151.8,248.6,164.6,111.5,153.5,161.8,171.1,69.4,202.5,277.7,79.0,285.0,188.8,132.6,183.3,182.5,120.6,164.1,60.8,132.6,126.2,179.7,145.9,208.4,0.0,160.3,139.6,173.9,131.6,69.5,2.1,160.4,247.7,207.7,216.7,119.3,196.1,210.8,197.1,173.0,111.7,113.8,228.6,101.8,8.6,274.8,148.1,122.6,227.5,160.0,97.1,159.8,166.3,182.9,193.4,92.2,122.6,190.2,84.2,116.9,232.0,120.7,202.4,157.1,148.0,69.7
PU,183.0,129.6,213.5,87.2,167.0,175.4,91.6,62.5,78.6,156.9,168.1,161.5,123.2,134.5,262.3,76.7,86.4,180.1,222.8,166.2,199.9,53.8,105.0,248.6,225.3,2075.6,234.7,222.0,159.9,214.4,152.7,100.4,128.5,127.1,15.7,201.8,144.6,160.1,188.2,100.0,103.5,184.5,66.0,142.7,73.9,195.9,64.9,128.7,183.4,57.4,69.1,102.8,136.7,95.2,136.9,61.8,113.3,113.8,152.9,177.2,172.9,42.1,155.0,127.2,155.3,204.6,93.8,83.6,164.9,192.0,33.4,227.4,204.0,122.8,19.3,162.2,224.2,166.5,0.0,174.0,272.5,208.2,189.9,164.3,237.9,118.0,234.9,83.3,139.3,69.9,129.7,212.9,250.5,193.2,75.2,116.9,201.3,175.1,181.7,269.1,170.5,112.6,241.5,126.4,30.1,73.2,43.5,69.9,173.7,100.3,110.7,157.2,125.2,263.3,241.2,90.7,107.0,72.8,199.3
PV,134.8,98.2,113.0,124.5,150.0,82.4,145.4,118.5,196.7,94.9,168.5,151.4,231.1,160.6,200.3,193.4,211.8,170.8,143.9,124.7,125.2,207.4,131.3,187.0,207.7,2140.8,214.1,147.3,134.8,135.5,109.8,225.8,80.7,88.9,137.8,202.2,169.8,150.6,170.9,168.5,94.0,166.9,148.3,64.6,134.1,178.3,101.4,80.7,104.5,180.8,185.4,190.9,173.9,102.1,229.8,145.1,61.3,148.2,20.8,46.8,104.2,204.3,182.4,117.7,183.8,189.7,113.1,126.7,35.0,166.9,160.5,144.8,178.9,51.6,172.9,144.1,206.6,128.3,153.5,0.0,99.9,38.6,115.2,126.1,214.7,145.1,218.9,185.2,125.4,168.3,97.5,191.0,224.8,113.1,163.8,233.6,97.7,136.9,211.4,95.7,120.8,112.5,164.3,126.8,123.3,111.9,163.4,194.3,90.6,64.7,158.7,72.0,115.1,265.8,67.8,147.2,129.5,90.4,161.4
PW,183.8,221.5,143.6,224.2,272.5,169.6,297.5,218.2,296.4,186.7,232.9,224.3,368.4,283.9,309.1,330.7,367.6,242.9,190.7,187.0,157.3,350.0,207.5,295.4,331.0,2237.4,291.8,179.4,258.1,168.8,233.1,381.6,180.4,182.6,280.4,266.6,245.2,212.7,269.2,324.3,217.3,290.2,289.3,129.9,275.1,301.6,201.1,180.4,135.9,332.9,267.5,289.8,273.6,201.8,329.5,288.9,184.6,241.6,144.1,163.1,193.7,345.7,257.8,203.3,260.5,313.0,256.9,226.4,140.3,244.9,304.9,167.2,256.9,174.9,315.5,267.4,329.9,174.3,296.1,144.3,0.0,85.8,147.3,172.1,284.7,220.5,332.0,341.0,247.4,320.4,172.9,314.4,297.3,161.1,256.1,370.9,120.0,182.9,317.9,54.3,244.1,188.7,209.4,221.4,265.9,210.8,307.2,335.7,137.4,164.4,314.5,125.1,238.4,356.3,98.4,246.9,281.4,190.1,210.4
PZ,132.5,135.6,74.3,161.2,186.6,118.3,182.8,155.9,277.6,103.2,181.6,173.0,294.0,198.0,237.7,256.3,249.2,191.6,139.4,122.4,106.0,264.1,121.6,224.4,245.1,2132.7,240.5,128.1,172.2,99.5,147.2,263.2,118.1,126.3,194.5,215.3,159.3,161.4,207.5,205.9,131.4,204.3,222.5,101.2,204.1,215.7,138.8,118.1,74.8,218.2,259.4,267.6,211.3,139.5,267.2,182.5,98.7,155.7,56.9,111.8,141.6,252.4,171.9,152.0,174.6,224.4,150.5,164.1,54.4,193.6,221.6,106.1,205.6,89.0,229.6,181.5,244.0,123.0,210.2,57.6,60.4,0.0,96.0,120.8,233.4,134.6,256.3,222.6,162.8,205.7,87.0,228.5,246.0,108.6,171.3,296.5,68.7,131.6,248.8,57.0,158.2,102.8,158.1,164.2,180.0,148.5,200.8,261.3,90.3,136.6,196.1,73.8,152.5,303.2,29.1,184.6,166.9,164.0,159.1
QD,64.9,102.6,150.5,153.4,154.1,32.7,178.6,148.1,226.3,167.7,114.0,105.4,258.3,165.8,190.2,211.8,248.7,124.0,130.6,68.1,10.0,236.2,222.7,176.5,212.2,2036.4,172.9,32.0,140.0,118.3,115.0,262.7,110.1,63.7,167.4,140.7,262.3,93.8,150.3,205.4,99.2,172.1,164.7,60.5,152.0,183.5,131.0,110.3,73.2,214.0,197.4,224.8,202.8,124.8,259.4,170.0,66.5,111.4,134.8,144.1,74.8,224.5,209.9,84.4,273.0,192.2,138.0,156.3,155.5,126.0,186.0,50.1,138.0,99.2,202.5,149.3,211.8,55.4,183.1,124.8,146.9,104.6,0.0,53.2,165.8,235.7,213.1,222.1,124.7,201.5,188.1,200.5,178.4,101.0,137.2,252.0,91.1,64.0,247.8,137.4,126.0,204.8,149.3,102.5,152.9,139.3,188.3,216.8,114.0,95.6,195.6,73.5,120.3,237.4,110.0,176.8,162.5,121.0,90.4
QH,57.3,97.0,163.4,178.2,148.5,75.5,171.0,135.0,207.5,192.5,106.4,97.8,232.7,160.2,182.6,186.2,241.1,116.4,143.5,60.5,61.7,212.0,232.5,168.9,204.6,2028.8,155.1,62.9,134.4,149.2,109.4,255.1,134.9,38.1,142.4,122.2,272.1,86.2,142.7,197.8,93.6,166.5,139.1,85.3,126.4,177.6,155.8,135.1,86.1,206.4,178.6,212.3,227.6,149.6,246.4,162.4,109.3,151.3,159.6,168.9,67.2,200.3,275.5,76.8,282.8,186.6,130.4,181.1,180.3,118.4,161.9,63.0,130.4,124.0,177.5,143.7,206.2,2.1,158.1,137.4,171.7,129.4,71.7,0.0,158.2,245.5,205.5,214.5,117.1,193.9,208.6,194.9,170.8,113.9,111.6,226.4,104.0,10.8,272.6,150.3,120.4,225.3,162.2,94.9,157.6,164.1,180.7,191.2,94.4,120.4,188.0,86.4,114.7,229.8,122.9,200.2,154.9,145.8,71.9
QO,153.0,143.8,264.6,287.4,58.0,184.0,150.3,261.5,277.7,245.3,137.5,97.1,283.1,84.1,24.3,312.7,187.0,115.7,178.3,136.2,191.7,268.6,300.5,21.3,46.3,1969.9,131.2,213.8,83.9,300.1,132.7,201.0,243.4,164.6,261.1,164.1,340.1,148.1,81.4,143.7,145.2,41.4,265.6,193.8,252.9,30.0,264.3,243.6,252.7,185.7,305.1,338.8,336.1,258.1,296.8,173.5,157.8,262.7,197.4,221.7,142.9,256.9,343.2,118.7,350.8,37.6,141.5,289.6,233.3,84.3,220.3,229.6,96.3,167.3,226.0,66.1,104.9,176.3,245.4,218.5,280.2,237.9,181.7,174.1,0.0,313.5,47.2,160.4,96.4,173.2,265.9,58.0,12.5,173.3,223.0,352.9,254.3,184.9,306.3,276.8,114.0,282.6,197.0,106.0,275.6,272.6,191.8,284.7,191.9,228.9,133.9,207.6,112.1,71.5,266.9,310.1,134.2,254.3,179.6
QS,261.7,205.9,203.5,126.6,257.4,212.5,230.0,150.2,148.2,98.4,306.5,299.9,191.4,272.9,308.8,144.9,224.8,318.5,242.1,264.9,235.2,162.8,12.3,295.5,316.2,1998.0,322.3,257.3,243.3,228.7,218.3,219.8,104.5,214.8,122.6,340.2,26.5,290.6,278.6,238.4,241.9,275.4,174.3,162.0,161.6,286.8,92.9,104.2,202.7,195.8,119.3,138.0,152.8,124.0,205.1,200.2,201.0,150.9,156.9,122.0,212.7,174.0,36.9,265.6,37.2,295.5,232.2,120.5,82.0,275.4,171.8,235.3,287.4,196.5,157.7,252.6,315.1,252.2,138.3,108.7,189.6,125.3,225.2,250.0,362.6,0.0,325.8,221.7,277.7,208.3,46.8,303.8,375.2,212.5,166.5,185.1,197.9,260.8,158.6,186.2,229.3,29.7,260.8,264.8,108.1,84.9,181.9,186.9,193.0,119.6,249.1,176.5,263.6,374.3,158.3,98.7,245.4,92.1,288.3
RG,316.3,266.3,323.4,403.6,204.6,369.4,289.4,400.0,384.4,390.6,300.8,262.0,419.6,231.0,249.3,474.9,314.3,280.6,273.8,307.8,353.8,386.3,441.0,235.6,271.3,1997.4,296.4,335.0,248.8,304.3,254.2,328.3,362.2,329.5,417.7,327.4,466.0,313.0,180.9,283.3,310.1,253.7,428.2,314.1,415.6,244.3,382.9,360.6,315.4,323.8,395.7,409.5,455.4,383.6,443.7,310.3,304.7,389.2,344.0,368.6,307.8,396.5,488.0,283.6,449.6,259.9,276.7,408.2,380.2,249.2,346.1,303.6,259.6,351.1,343.7,211.4,293.4,374.1,363.1,366.2,416.8,369.3,347.1,371.9,224.9,490.7,0.0,301.6,265.1,309.7,412.8,279.4,237.5,264.3,353.3,515.1,331.7,364.3,492.9,379.6,241.2,427.0,294.2,269.3,403.2,392.6,328.6,400.8,286.0,346.2,281.7,303.9,277.0,244.5,352.2,428.7,275.1,371.9,375.4
RJ,195.3,82.2,253.3,180.7,120.8,163.3,66.5,150.2,122.1,191.6,177.2,136.4,216.6,88.3,190.8,170.1,26.5,155.0,255.8,178.5,234.0,116.5,198.4,177.1,167.4,2028.1,155.5,256.1,76.5,254.2,69.3,40.5,163.2,179.8,109.0,188.4,238.0,190.4,142.0,16.6,145.4,126.6,143.5,182.5,141.6,138.0,158.3,163.4,223.2,69.6,151.0,196.2,230.1,177.9,230.3,67.6,119.8,148.5,159.4,183.7,185.2,104.8,247.8,161.0,248.7,146.7,93.4,177.0,195.3,108.6,97.7,271.9,120.6,129.3,73.9,116.0,166.3,218.6,93.3,180.5,322.5,215.1,224.0,216.4,166.4,211.4,213.7,0.0,114.2,57.1,205.8,155.0,179.0,250.8,99.1,210.3,241.1,227.2,199.3,319.1,124.3,206.0,274.5,135.5,123.5,166.6,85.9,132.6,213.5,164.7,27.3,197.0,100.1,238.0,248.1,172.5,81.9,174.1,221.9
RK,99.8,43.3,211.4,184.3,71.8,130.8,50.0,184.0,179.0,169.2,84.3,25.9,267.4,83.2,122.9,229.7,139.3,44.5,202.6,89.7,138.5,176.1,258.0,109.6,130.3,1974.9,103.0,160.6,57.4,246.9,32.4,153.3,141.3,111.4,168.6,93.5,295.7,94.9,88.8,101.1,92.0,89.5,173.1,139.9,175.4,100.9,162.0,141.3,199.5,85.4,197.2,219.8,234.5,155.8,289.9,101.4,81.7,182.3,121.3,145.6,89.7,186.3,305.0,65.5,310.5,112.3,88.3,187.3,157.2,64.5,131.5,176.4,76.5,91.2,133.5,66.7,129.2,123.1,152.9,142.4,227.0,181.1,128.5,120.9,104.3,271.0,139.9,117.8,0.0,72.9,189.8,113.7,116.9,197.6,132.9,269.9,201.1,131.7,267.7,223.6,43.4,205.6,221.3,52.8,183.1,171.7,119.7,192.2,216.2,125.3,95.7,148.8,11.8,175.9,213.7,229.4,33.9,152.0,126.4
RM,165.4,58.8,230.7,167.3,130.8,183.2,21.6,123.3,106.0,164.7,149.9,91.5,194.4,98.0,194.3,156.7,66.3,110.1,265.5,155.3,204.1,103.1,185.0,180.6,165.8,2123.8,168.9,226.2,104.2,231.6,97.0,80.3,136.5,152.9,95.6,159.1,222.7,160.5,151.7,60.4,118.5,125.0,112.4,159.9,114.7,136.4,144.9,136.5,200.6,12.4,124.2,146.8,217.4,146.3,216.9,40.7,97.2,121.6,136.8,161.1,155.3,113.3,232.0,131.1,237.5,145.1,70.8,163.6,172.7,130.1,70.8,242.0,142.1,106.7,60.5,125.7,164.7,188.7,79.9,157.9,292.6,196.3,194.1,186.5,169.9,198.0,217.2,63.2,65.5,0.0,178.9,153.4,182.5,209.2,72.2,196.9,218.5,197.3,194.7,289.2,78.9,193.5,284.2,108.6,110.1,154.6,59.0,119.2,186.7,140.8,55.0,168.1,55.2,241.5,225.5,156.4,36.8,146.2,192.0
RN,214.8,159.0,156.6,111.4,210.5,165.6,191.3,135.0,190.5,51.5,263.9,255.3,215.7,249.7,261.9,169.2,209.6,273.9,207.4,218.0,188.3,177.0,34.5,248.6,269.3,2045.6,275.4,210.4,196.4,181.8,171.4,223.6,89.3,170.6,107.4,297.6,74.1,243.7,231.7,212.1,197.6,228.5,159.1,127.3,146.4,239.9,89.0,89.0,157.1,180.6,161.6,185.6,200.4,108.8,229.4,175.8,156.8,104.0,122.2,75.1,165.8,165.3,84.5,221.3,84.8,248.6,191.1,114.3,35.1,228.5,156.6,188.4,240.5,149.6,142.5,205.7,268.2,205.3,123.1,61.8,142.7,78.4,178.3,203.1,315.7,47.5,278.9,206.5,190.8,193.1,0.0,256.9,328.3,177.8,119.6,209.4,151.0,213.9,205.8,139.3,182.4,16.6,226.1,223.7,92.9,132.5,166.7,174.2,158.3,84.9,206.7,141.8,176.7,327.4,111.4,146.3,206.7,76.9,241.4
RS,208.4,100.8,272.7,241.8,108.9,235.2,129.5,215.5,249.0,226.7,192.9,152.5,304.4,83.5,57.2,266.7,170.9,171.1,233.7,191.6,247.1,232.4,281.8,76.7,16.5,1911.9,186.6,269.2,139.3,355.5,88.7,184.9,198.8,220.1,226.9,219.6,323.6,203.5,130.1,131.6,200.6,96.8,223.8,249.2,210.9,85.4,219.5,202.8,308.1,160.9,263.1,305.6,292.0,213.3,326.9,144.8,139.2,204.5,178.8,203.1,198.3,220.7,332.2,174.1,334.9,70.5,112.8,244.8,214.7,139.7,182.2,285.0,147.5,148.7,197.3,121.5,46.8,231.7,216.7,199.9,331.4,289.7,237.1,229.5,55.3,294.9,57.6,144.3,155.7,152.4,247.3,0.0,41.8,228.7,192.1,306.9,305.5,236.1,336.3,332.2,81.3,263.1,252.4,161.4,242.1,229.2,163.1,248.5,247.3,184.1,121.8,216.4,167.5,120.2,322.3,265.3,109.4,209.5,235.0
RT,166.5,157.3,278.1,300.2,71.5,197.5,163.8,275.0,291.2,254.0,151.0,110.6,296.6,97.6,15.3,326.2,200.5,129.2,191.8,149.7,205.2,282.1,309.2,34.8,33.7,1960.9,144.7,227.3,97.4,313.6,146.2,214.5,256.9,178.1,274.6,177.6,348.8,161.6,92.4,157.2,158.7,54.9,279.1,207.3,266.4,43.5,277.8,257.1,266.2,199.2,318.6,352.3,349.6,271.6,310.3,187.0,166.5,276.2,206.1,230.4,156.4,270.4,356.7,132.2,359.5,28.6,155.0,303.1,242.0,97.8,233.8,243.1,109.8,176.0,239.5,79.6,95.9,189.8,258.9,227.2,293.7,251.4,195.2,187.6,13.4,322.2,34.6,173.9,109.9,186.7,274.6,45.4,0.0,186.8,236.5,366.4,267.8,198.4,319.8,290.3,127.5,291.3,210.5,119.5,289.1,286.1,205.3,298.2,205.4,242.4,147.4,221.1,125.6,82.5,280.4,323.6,147.7,267.8,193.1
RV,120.1,134.2,59.9,140.8,185.2,105.9,212.1,136.5,214.7,143.7,153.9,160.6,248.2,196.6,236.3,211.4,258.0,178.3,29.5,110.0,90.3,225.4,176.6,223.0,243.7,2076.2,161.9,71.5,170.8,40.8,145.8,272.0,98.7,118.0,154.9,128.4,203.1,133.1,204.6,232.9,130.0,202.9,165.4,50.6,152.1,214.3,119.4,97.8,51.9,229.0,203.4,208.1,191.9,120.1,247.8,197.5,97.3,125.7,96.4,120.1,130.0,222.3,197.7,139.6,218.8,225.7,192.3,144.7,132.6,180.3,190.7,40.1,192.3,87.6,190.9,179.2,241.7,110.6,171.5,118.6,152.4,106.5,83.6,108.4,221.0,190.5,254.9,250.5,160.5,222.7,159.1,227.0,233.6,0.0,141.3,251.6,68.9,101.5,229.4,116.1,155.9,174.9,49.9,156.8,140.4,128.2,215.1,211.4,22.5,82.7,227.5,40.4,151.1,291.7,88.7,165.2,165.5,108.4,111.9
SC,147.5,109.6,187.3,107.3,162.5,110.9,71.6,51.0,123.5,92.4,145.7,141.5,148.7,130.0,239.9,102.2,135.7,160.1,196.6,140.6,153.4,100.4,141.2,226.2,202.9,2095.6,212.3,175.5,136.2,188.2,129.0,149.7,64.0,80.6,58.4,179.4,180.8,134.5,183.7,92.4,77.9,162.1,55.1,155.5,42.4,173.5,84.9,64.2,157.2,94.7,94.6,128.3,156.7,78.7,162.4,56.1,66.8,49.3,106.4,116.0,147.3,88.7,191.2,101.6,191.5,182.2,71.4,109.1,126.4,168.3,50.2,180.9,180.3,76.3,83.9,157.7,201.8,120.0,74.1,127.5,234.0,169.7,143.4,117.8,215.5,154.2,212.5,109.1,119.3,82.2,106.6,190.5,228.1,167.0,0.0,142.4,209.8,128.6,201.7,230.6,116.0,123.3,215.3,104.0,73.6,93.2,74.4,107.2,147.5,111.7,87.0,131.0,105.2,287.1,202.7,116.2,87.0,74.9,173.7
SG,242.3,246.6,218.0,45.8,275.7,223.7,208.6,110.8,93.9,141.1,285.1,278.5,82.1,243.2,304.8,30.1,178.8,297.1,227.3,245.5,248.2,89.8,171.3,291.5,312.2,2014.6,350.3,270.3,276.9,218.9,214.3,164.8,89.7,175.4,101.2,318.8,150.1,266.0,296.9,217.0,209.4,271.4,134.9,147.2,122.2,282.8,67.0,89.4,187.9,174.4,65.6,61.7,52.9,143.5,95.8,178.8,161.6,162.1,142.1,164.7,252.2,101.0,142.5,233.1,160.8,291.5,210.8,97.1,175.1,303.4,139.3,275.7,315.4,171.1,136.3,270.9,318.5,214.8,116.9,163.2,251.6,209.3,238.2,212.6,343.2,161.9,329.2,200.3,256.3,186.9,196.0,299.8,355.8,197.7,142.4,0.0,205.8,223.4,120.7,248.2,225.3,178.9,246.0,243.4,96.4,59.0,160.5,115.2,178.2,104.8,227.7,161.7,242.2,414.8,224.7,67.2,224.0,77.3,268.9
SN,139.5,170.2,77.1,177.5,221.2,125.3,253.2,172.2,250.4,124.4,188.6,180.0,324.1,232.6,264.8,286.4,323.3,198.6,107.0,129.4,108.0,261.1,187.4,251.1,279.7,2153.7,212.5,89.2,206.8,98.6,181.8,337.3,134.4,138.3,191.5,179.9,225.1,150.8,224.9,280.0,166.0,238.9,245.0,83.9,226.6,250.3,155.1,134.4,26.5,288.6,232.2,243.8,227.6,155.8,283.5,244.6,133.3,193.8,91.5,100.8,149.4,249.4,237.7,159.0,240.4,259.0,212.6,180.4,120.2,200.6,259.7,57.8,212.6,123.6,226.6,216.1,278.6,128.7,207.2,115.6,107.4,65.7,103.0,127.8,240.4,200.4,289.3,296.7,197.4,276.1,152.8,267.3,253.0,76.2,209.4,326.6,0.0,120.1,265.1,64.0,192.8,168.6,125.7,177.1,177.0,164.8,262.9,291.4,57.9,118.4,270.2,80.8,187.1,312.0,36.6,200.9,237.3,144.1,129.6
TB,68.1,108.6,152.6,183.2,159.6,86.3,181.8,145.8,218.3,203.3,117.2,108.6,234.7,171.0,193.4,197.0,251.9,127.2,132.7,58.0,50.9,222.8,243.3,179.7,215.4,2039.6,144.3,52.1,145.2,138.4,120.2,265.9,140.1,48.9,153.2,111.4,281.0,82.3,153.5,208.6,104.4,177.3,155.6,90.2,137.2,188.4,160.8,140.1,75.3,217.2,200.1,235.9,233.3,161.5,257.2,173.2,120.1,162.1,170.4,179.7,78.0,211.1,240.0,87.6,295.8,200.1,141.2,186.1,191.1,129.2,172.7,52.2,141.2,129.0,188.3,154.5,217.0,8.6,168.9,148.2,182.5,136.6,60.9,10.8,169.0,256.3,216.3,225.3,131.7,204.7,219.4,201.5,181.6,101.9,122.4,237.2,93.2,0.0,277.6,139.5,131.2,235.2,153.1,105.7,168.4,170.5,191.5,202.0,83.6,124.1,198.8,81.8,125.5,240.6,112.1,206.6,165.7,149.8,61.1
TQ,329.6,258.5,274.2,101.9,272.8,306.8,266.9,198.1,170.0,197.3,354.7,291.2,77.0,240.0,368.2,117.4,182.8,355.4,283.5,319.5,335.5,165.9,180.1,328.6,360.0,2010.3,365.3,357.6,286.0,275.1,278.8,168.8,145.7,258.5,184.3,384.2,136.2,342.1,300.5,226.1,285.5,354.5,227.9,203.4,209.5,319.9,123.2,152.4,244.1,187.1,170.5,114.7,106.8,221.1,43.2,248.4,248.9,249.4,198.0,227.7,339.5,192.4,159.8,309.2,128.2,331.3,280.4,184.4,231.3,369.8,211.2,252.3,330.1,258.4,219.3,274.5,322.1,302.1,204.2,220.2,314.6,268.7,325.5,299.9,366.3,160.9,327.6,209.4,265.2,245.2,207.8,375.8,352.8,252.7,229.7,143.1,268.8,306.5,0.0,304.4,282.8,198.4,303.9,313.0,179.5,120.7,230.1,194.1,230.2,162.2,288.5,211.6,254.9,368.8,280.9,154.5,236.5,134.7,356.2
UF,149.4,186.3,99.0,189.8,237.8,135.2,263.1,183.8,262.0,152.3,198.5,189.9,342.8,249.5,274.7,296.3,333.2,208.5,156.3,152.6,122.9,315.6,173.1,261.0,296.6,2203.0,257.4,144.2,223.7,124.2,198.7,347.2,145.8,148.2,246.0,232.2,212.7,178.3,234.8,289.9,182.9,255.8,249.2,96.2,236.5,267.2,166.7,146.0,81.5,298.5,233.1,260.5,238.5,160.5,295.1,254.5,150.2,207.2,108.4,128.7,159.3,303.9,223.1,168.9,223.4,275.9,222.5,192.0,105.9,210.5,270.5,112.8,222.5,140.5,281.1,233.0,295.5,139.9,261.7,109.1,43.3,55.0,112.9,137.7,250.3,186.1,297.6,306.6,209.2,286.0,138.5,284.2,262.9,126.7,221.7,336.5,85.6,148.5,283.5,0.0,209.7,155.2,175.0,187.0,231.5,175.0,272.8,301.3,107.2,131.3,280.1,90.7,204.0,321.9,64.0,212.5,247.0,156.7,176.0
UQ,155.7,23.4,195.3,164.5,28.3,105.3,48.1,138.1,171.6,149.3,140.2,99.8,227.0,39.7,79.4,189.3,93.5,118.4,163.0,145.6,148.1,155.0,204.5,66.1,86.8,1935.3,133.9,170.2,36.5,196.2,11.3,107.5,121.4,93.6,145.5,166.8,242.2,150.8,49.2,50.2,59.1,46.0,146.4,124.5,129.5,57.4,142.1,121.4,165.2,83.5,181.7,228.2,214.6,142.8,249.5,67.4,61.8,127.1,101.1,125.7,89.6,165.2,254.8,121.4,257.5,66.1,35.4,167.4,137.3,87.0,104.8,198.2,99.0,71.3,119.9,23.2,85.7,133.0,139.3,122.5,221.4,160.9,138.1,130.8,93.8,217.5,96.4,66.9,48.1,71.0,169.9,70.1,103.9,158.9,114.7,229.5,183.1,141.6,258.9,218.0,0.0,185.7,181.7,108.7,160.7,151.8,85.7,171.1,176.6,105.4,40.4,139.0,37.8,144.9,190.1,187.9,32.0,131.1,182.3
UT,231.0,176.0,172.8,96.3,227.0,181.8,199.0,119.2,174.7,67.7,275.5,268.9,191.1,241.9,278.1,153.4,193.8,287.5,211.1,234.2,204.5,161.2,18.7,264.8,285.5,2029.8,291.9,226.6,212.6,198.0,187.6,207.8,73.3,183.8,91.6,309.2,56.4,259.9,247.9,207.4,210.9,244.7,149.0,131.0,131.6,256.1,73.2,73.2,171.7,164.8,163.4,164.7,183.7,93.0,213.6,169.2,170.0,120.2,125.6,91.3,182.0,168.4,69.0,234.6,71.7,264.8,201.2,98.5,51.3,244.7,140.8,204.6,256.7,165.8,126.7,221.9,284.4,221.5,107.3,78.0,158.9,98.4,194.5,219.3,331.9,31.7,296.7,190.7,242.9,177.3,16.1,268.9,344.5,180.3,135.8,193.6,167.2,230.1,190.0,155.5,198.6,0.0,229.8,233.8,77.1,115.4,150.9,158.4,162.0,89.8,218.1,145.5,232.6,343.6,127.6,130.5,214.2,61.1,257.6
UV,177.7,191.8,104.2,199.4,242.8,163.5,270.6,194.1,272.3,262.1,212.4,218.2,306.7,254.2,293.9,269.0,315.6,236.8,12.9,167.6,147.9,283.0,280.5,280.6,301.3,2103.2,219.5,129.1,228.4,91.6,203.4,329.6,157.5,176.5,213.4,186.9,307.8,190.7,264.3,291.4,187.6,260.5,225.1,108.2,209.7,271.9,177.0,156.3,152.4,286.6,261.0,265.7,249.5,177.7,305.4,255.1,154.9,183.3,218.8,254.1,187.6,279.9,331.4,197.2,291.4,283.3,250.8,202.3,215.0,240.0,249.2,97.7,250.8,145.2,248.5,237.7,300.2,168.2,229.1,219.0,218.5,160.5,141.2,166.0,278.6,295.2,312.5,308.1,219.0,281.2,247.6,284.6,291.2,58.4,198.9,309.2,161.9,160.0,287.0,176.8,214.4,261.7,0.0,216.5,200.1,186.7,272.7,269.9,80.1,140.3,286.0,98.0,208.7,350.2,131.4,222.8,223.1,166.0,169.5
VD,75.1,38.5,186.7,208.7,89.5,106.1,100.9,168.0,171.6,209.4,41.6,51.0,253.8,100.9,135.8,216.1,160.3,69.6,209.7,65.0,113.8,162.5,244.4,122.1,148.0,1982.0,107.9,135.9,75.1,219.1,50.1,174.3,165.7,86.7,155.0,75.3,282.1,70.2,95.9,121.7,67.3,107.2,157.1,115.9,160.4,118.6,186.4,165.7,174.8,124.0,200.5,255.0,258.9,187.1,276.3,67.4,79.8,166.3,119.1,143.7,65.0,172.7,294.7,40.8,296.9,130.0,35.4,211.7,155.3,71.6,115.5,151.7,83.6,89.3,119.9,84.4,146.9,98.4,139.3,140.5,202.3,156.4,103.8,96.2,111.4,257.4,157.6,138.4,65.7,111.5,223.6,131.4,124.0,204.7,116.9,256.3,176.4,107.0,296.4,198.9,61.1,239.4,228.4,0.0,169.5,196.1,85.7,178.6,146.9,149.7,116.3,124.1,55.4,183.0,189.0,222.0,108.3,176.4,101.7
VE,173.5,159.0,183.3,57.1,197.5,154.9,121.8,42.0,97.5,136.4,198.3,191.7,113.9,164.7,236.0,76.2,116.6,210.3,192.6,176.7,179.4,84.0,74.8,222.7,243.4,2045.4,264.9,201.5,190.1,184.2,182.9,130.6,54.8,106.6,14.4,232.0,112.5,190.3,218.4,130.2,133.7,202.6,71.8,112.5,57.6,214.0,34.7,54.7,153.2,87.6,68.6,115.1,107.2,65.0,136.4,92.0,92.8,93.3,132.1,156.7,183.4,72.3,125.1,157.4,127.3,225.4,124.0,60.0,134.7,222.2,63.6,206.9,234.2,102.3,49.5,192.4,242.3,146.0,30.1,153.5,242.3,181.8,169.4,143.8,268.1,87.8,253.0,113.5,165.7,100.1,99.5,226.8,280.7,161.8,73.6,116.4,171.1,154.6,144.7,238.9,200.7,83.3,211.3,156.6,0.0,44.4,73.7,81.2,139.3,70.1,140.9,120.7,155.4,293.5,211.0,80.5,137.2,42.6,200.1
VU,178.4,141.8,160.2,12.6,192.8,126.0,203.3,74.7,85.5,83.3,212.1,195.0,119.9,240.6,243.9,82.2,171.1,213.6,169.5,168.3,154.1,100.1,69.7,230.6,251.3,2000.9,257.4,169.7,178.4,161.1,153.4,157.1,31.7,132.5,110.2,245.8,107.4,194.2,213.7,214.4,137.6,210.5,104.5,89.4,86.1,221.9,9.2,31.6,130.1,169.1,67.3,78.9,62.7,51.4,118.6,179.7,104.9,84.1,84.3,106.9,147.8,126.6,69.4,161.3,122.2,233.3,211.7,36.8,117.3,210.5,149.6,138.3,222.5,95.2,145.3,187.7,250.2,171.1,125.9,105.4,193.8,147.9,144.1,168.9,258.3,82.7,260.9,197.7,169.0,181.6,94.4,234.7,268.4,139.9,99.7,122.4,148.0,179.7,100.2,190.4,164.4,78.2,188.2,170.4,53.5,0.0,161.4,124.2,120.4,48.2,225.1,97.6,158.7,309.4,166.9,36.0,218.5,19.5,205.0
VY,158.0,106.4,227.0,140.9,155.1,175.4,68.4,115.5,85.8,156.9,124.5,133.9,176.8,122.6,218.7,130.3,74.5,152.5,236.3,141.2,196.7,76.7,158.6,205.0,181.7,2104.5,191.1,218.8,133.0,227.9,125.8,88.5,128.5,145.1,69.2,158.2,198.2,153.1,176.3,88.1,110.7,140.9,108.8,198.8,106.9,152.3,118.5,128.7,196.9,45.5,114.7,156.4,190.3,143.2,190.5,18.2,93.5,113.8,133.1,157.4,147.9,65.0,208.6,123.7,208.9,161.0,50.2,137.2,169.0,154.5,63.0,234.6,166.5,103.0,34.1,150.3,180.6,181.3,53.5,154.2,285.2,188.8,186.7,179.1,194.3,171.6,191.3,71.4,116.1,58.0,171.1,169.3,206.9,206.7,64.4,170.5,259.3,189.9,171.2,281.8,94.8,166.2,255.0,82.8,83.7,126.8,0.0,92.8,187.2,138.4,83.8,170.7,102.0,265.9,221.8,136.2,83.8,139.4,184.6
WA,212.9,179.6,233.8,87.4,218.1,194.3,142.4,81.4,77.8,175.8,218.9,212.3,98.5,185.3,260.6,60.8,137.2,230.9,243.1,202.8,218.8,53.0,141.9,247.3,268.0,2075.8,283.4,240.9,210.7,234.7,203.5,128.7,147.6,146.0,71.8,250.8,155.8,192.9,239.0,150.8,136.3,227.2,94.6,163.0,97.0,238.6,101.8,147.6,203.7,108.2,53.2,99.7,137.6,104.4,121.0,112.6,132.2,132.7,171.8,196.1,205.7,41.3,150.4,160.0,170.6,250.0,144.6,49.7,201.8,242.8,66.2,246.3,254.8,141.7,70.1,213.0,266.9,185.4,61.4,192.9,307.3,248.9,208.8,183.2,282.9,154.9,277.6,134.1,186.3,120.7,166.6,251.4,295.5,212.3,108.0,101.0,221.6,194.0,181.9,303.9,221.3,150.4,261.8,177.2,67.0,74.8,94.3,0.0,194.0,120.6,161.5,177.5,176.0,354.5,278.1,74.8,157.8,136.9,232.1
WJ,97.5,111.6,39.7,123.1,162.6,83.3,194.4,117.9,196.1,122.0,146.6,142.0,226.5,178.0,217.7,192.8,239.4,160.6,49.0,91.4,71.7,206.8,154.9,204.4,225.1,2095.7,176.2,52.9,152.2,40.6,127.2,253.4,76.1,96.3,137.2,139.6,185.4,114.5,186.9,211.2,111.4,180.3,143.7,32.0,133.5,195.7,100.8,80.1,33.3,210.4,184.8,185.5,173.3,101.5,229.2,178.9,78.7,107.1,77.8,98.4,111.4,203.7,176.0,121.0,196.7,207.1,170.6,126.1,114.0,162.6,169.0,21.5,170.6,69.0,172.3,161.5,224.0,92.0,152.9,100.0,168.5,104.6,65.0,89.8,202.4,171.9,236.3,231.9,142.8,201.0,140.5,208.4,215.0,18.2,122.7,233.0,51.2,83.8,210.8,120.9,138.2,152.3,69.4,139.1,122.7,106.5,196.5,193.7,0.0,64.1,209.8,21.8,132.5,274.0,75.5,146.6,146.9,89.8,93.3
WM,130.1,93.5,113.1,58.4,145.7,104.5,128.9,52.4,130.6,83.9,203.0,147.9,165.0,187.3,196.8,127.3,173.9,165.3,122.4,165.0,146.0,141.3,139.1,183.5,204.2,2046.0,210.6,122.6,131.3,114.0,106.3,187.9,14.6,108.2,73.0,236.7,121.2,191.8,165.4,149.7,135.2,162.2,82.2,42.3,68.0,174.8,35.3,14.6,83.0,144.9,119.3,124.0,107.8,36.0,163.7,113.4,94.4,41.6,36.9,60.3,100.7,138.2,115.8,158.9,134.7,186.2,128.7,60.6,73.1,162.2,107.5,91.2,174.2,87.2,106.8,139.4,201.9,147.6,87.4,59.1,145.5,99.6,136.0,145.4,211.2,106.4,215.4,166.4,120.7,139.5,105.7,187.5,221.3,91.6,57.2,167.5,99.7,156.2,145.3,143.3,116.1,120.3,142.8,161.3,57.2,45.0,131.0,128.2,69.1,0.0,144.3,50.5,111.6,261.1,119.8,81.1,144.1,24.3,201.7
XN,167.9,54.0,225.9,195.1,98.1,135.9,63.5,147.2,148.6,179.9,152.4,112.0,234.3,65.3,163.4,196.6,53.0,130.6,232.8,157.8,206.6,143.0,224.9,149.7,140.0,2005.1,128.1,228.7,49.1,226.8,41.9,67.0,152.0,124.2,135.5,161.0,262.6,163.0,119.0,9.7,89.7,99.2,136.3,155.1,138.6,110.6,172.7,152.0,195.8,66.6,177.5,182.1,245.2,170.2,256.8,64.6,92.4,145.5,131.7,156.3,157.8,153.2,274.6,133.6,277.4,122.0,66.0,198.0,167.9,81.2,94.7,244.5,93.2,101.9,100.4,93.0,138.9,191.2,119.8,153.1,295.1,191.5,196.6,189.0,139.0,237.9,186.3,26.4,107.4,54.1,200.5,123.3,151.6,227.8,96.1,236.8,213.7,199.8,225.8,291.7,53.1,216.3,251.5,120.9,150.0,182.4,82.9,159.1,186.1,136.0,0.0,169.6,97.1,210.6,220.7,199.0,62.8,161.7,194.5
XT,85.8,99.9,56.2,101.3,150.9,71.6,178.7,102.2,180.4,104.1,128.7,126.3,208.6,162.3,202.0,177.1,223.7,144.9,65.5,75.7,59.3,191.1,137.0,188.7,209.4,2112.2,194.1,81.4,136.5,57.1,111.5,237.7,64.4,84.6,121.5,168.6,163.5,114.7,171.2,193.3,95.7,162.4,132.0,16.3,117.8,180.0,85.1,64.4,26.1,194.7,169.1,173.8,151.4,85.8,213.5,163.2,63.0,91.4,62.1,80.5,95.7,188.0,164.3,105.3,178.8,191.4,152.7,110.4,98.3,146.9,151.1,34.3,152.7,53.3,156.6,145.8,208.3,76.3,137.2,84.3,140.0,98.3,49.3,74.1,186.7,156.2,220.6,216.2,120.9,189.3,124.8,192.7,199.3,34.7,107.0,217.3,50.3,78.7,195.1,90.3,122.5,140.6,85.9,123.4,107.0,88.6,180.8,178.0,12.2,48.4,194.1,0.0,116.8,258.3,62.9,130.9,131.2,74.1,112.4
YA,110.1,32.2,221.7,172.5,59.6,141.1,38.1,172.1,167.1,157.3,94.6,36.2,264.3,71.3,111.0,217.8,127.4,54.8,194.6,93.3,148.8,164.2,246.1,97.7,118.4,1966.9,113.6,170.9,45.5,257.2,20.5,141.4,129.2,121.7,156.7,103.8,285.7,105.2,80.8,89.2,102.3,77.6,165.4,150.9,163.5,89.0,150.1,129.4,209.8,73.5,196.0,243.9,221.9,143.9,278.0,89.5,69.8,170.4,109.4,133.7,100.0,152.5,292.8,75.8,296.4,97.7,43.4,175.4,145.3,74.8,119.6,186.7,86.8,79.3,121.6,54.8,117.3,133.4,141.0,130.5,237.3,195.0,138.8,131.2,114.6,259.1,128.0,105.9,14.0,61.0,177.9,106.0,127.2,189.6,121.0,258.0,211.4,142.0,251.6,233.9,31.5,194.6,213.3,63.1,171.2,158.4,107.8,180.3,208.2,114.7,83.8,210.1,0.0,176.5,224.0,217.5,22.0,140.1,136.7
YF,228.8,164.7,258.2,305.7,103.0,259.8,226.1,279.4,282.8,290.6,213.3,172.9,319.6,129.4,59.6,330.6,212.7,191.5,203.2,218.7,267.5,284.7,345.8,97.1,99.6,2005.2,207.3,289.6,159.7,239.1,152.6,226.7,262.7,240.4,277.2,239.9,383.5,223.9,80.9,219.5,221.0,117.2,287.7,269.5,275.0,105.8,283.4,262.7,328.5,261.5,301.0,307.9,355.9,284.1,342.1,249.3,203.1,268.4,242.7,267.0,218.7,273.0,396.1,194.5,398.3,72.9,217.3,308.7,278.6,160.1,246.1,238.4,172.1,212.6,242.1,111.4,140.2,252.1,261.5,264.6,356.0,310.1,257.5,249.9,75.7,358.8,100.5,236.2,176.0,249.0,311.2,115.4,65.8,198.2,251.7,370.8,330.1,260.7,355.8,352.6,141.2,327.0,221.9,181.8,291.7,293.1,267.6,300.8,216.8,248.0,209.7,232.5,187.9,0.0,342.7,329.2,210.2,272.4,255.4
ZA,145.0,163.9,45.1,185.4,215.4,130.8,211.9,179.4,257.6,132.3,194.1,185.5,331.9,227.1,266.8,285.4,278.3,204.1,126.1,148.2,118.5,293.2,150.7,253.5,274.2,2172.8,231.9,108.3,201.3,70.3,176.3,292.3,141.4,143.8,223.6,199.0,190.3,169.9,230.4,235.0,160.5,233.4,244.8,130.3,232.1,244.8,162.3,141.6,45.6,247.3,228.7,256.1,234.1,156.1,290.7,250.1,127.8,184.8,86.0,124.3,154.9,281.5,200.7,164.5,201.0,253.5,218.1,187.6,83.5,206.1,250.7,76.9,218.1,118.1,258.7,210.6,273.1,135.5,239.3,86.7,92.9,32.6,108.5,133.3,245.9,163.7,283.8,251.7,195.7,234.8,116.1,261.8,258.5,96.5,200.4,325.6,56.8,139.2,279.1,50.0,187.3,132.8,134.6,182.6,209.1,170.6,268.4,290.4,77.0,165.7,225.2,86.3,181.6,317.5,0.0,208.1,195.8,193.1,148.7
ZJ,215.2,205.2,207.3,36.7,237.0,196.6,167.2,83.7,49.4,130.4,249.9,237.1,92.6,204.5,277.7,46.1,135.0,255.7,216.6,218.4,221.1,64.0,107.0,264.4,285.1,2025.0,314.5,243.2,238.2,208.2,231.0,121.0,79.0,148.3,74.1,283.6,82.8,240.2,258.2,178.3,183.6,244.3,107.8,136.5,95.1,255.7,56.3,78.7,177.2,133.0,20.5,72.2,86.1,116.4,106.3,143.6,134.5,135.0,174.1,198.4,225.1,75.2,75.2,207.3,93.5,264.4,175.6,70.0,176.7,270.3,113.5,248.6,282.3,144.0,109.2,232.2,305.5,187.7,89.8,195.2,284.3,220.0,211.1,185.5,315.5,94.6,316.2,161.6,214.9,145.5,141.5,272.7,328.1,187.0,115.3,86.3,195.1,196.3,131.1,280.9,240.5,124.4,235.3,208.2,69.3,48.3,125.3,88.1,167.5,94.1,189.0,151.0,200.8,333.3,253.0,0.0,182.6,66.6,241.8
ZO,128.3,21.7,193.6,162.7,70.4,103.8,16.0,136.4,145.0,147.6,112.8,54.4,225.3,104.7,157.2,187.6,105.3,73.2,231.1,118.2,167.0,142.1,202.8,143.5,128.7,2003.4,131.5,189.1,55.8,194.5,30.8,119.3,119.7,91.9,134.4,122.0,240.7,123.4,117.5,66.9,57.4,87.9,138.9,123.0,132.0,99.3,140.4,119.9,163.5,51.4,156.3,226.5,213.1,141.1,247.8,65.7,60.1,125.4,99.4,124.2,118.2,152.3,253.1,94.0,256.0,110.7,33.7,165.7,135.6,93.2,97.5,204.9,105.0,69.6,99.5,65.3,127.8,151.6,118.9,121.6,255.7,159.4,157.0,149.4,132.8,215.8,181.7,83.8,28.4,38.7,168.2,112.0,145.4,172.1,98.9,227.8,181.4,160.2,250.4,252.1,41.8,184.0,251.5,81.5,148.9,150.3,84.0,158.0,149.6,103.7,61.5,131.0,18.1,204.6,188.4,186.2,0.0,129.4,154.9
ZT,157.6,121.0,140.6,33.0,172.0,105.2,153.7,73.9,105.2,62.5,230.2,175.4,139.6,196.6,224.3,101.9,148.5,192.8,149.9,148.7,134.5,115.9,112.5,211.0,231.7,2020.6,238.1,150.1,158.8,141.5,133.8,162.5,10.9,138.5,46.3,264.9,94.5,174.6,192.9,162.1,118.0,189.7,103.7,68.6,86.3,202.3,9.9,10.8,110.5,119.5,93.9,98.6,82.4,38.7,138.3,123.9,124.7,64.5,64.4,86.1,128.2,112.8,89.1,141.7,109.3,213.7,156.9,35.2,97.7,189.7,96.5,118.7,202.9,75.6,81.4,168.1,229.4,177.9,62.0,86.6,173.0,128.3,124.5,175.7,238.7,125.5,242.9,145.4,148.2,132.0,77.9,215.0,248.8,119.1,105.5,142.1,128.4,186.5,119.9,170.8,144.8,93.7,170.3,188.5,32.8,19.6,105.6,102.8,96.6,27.4,172.8,78.0,139.1,288.6,147.3,55.7,168.9,0.0,185.4
ZV,26.5,106.2,162.1,192.6,157.7,103.2,176.5,187.0,258.9,227.2,111.9,103.3,284.7,169.4,188.1,238.2,246.6,121.9,142.2,48.0,60.4,234.1,272.4,174.4,210.1,2034.3,122.6,61.6,143.5,144.5,118.6,260.6,149.4,90.1,194.4,89.7,256.8,60.6,148.2,203.3,102.8,175.7,191.1,99.8,178.4,183.1,170.3,149.6,84.8,211.9,230.6,264.1,242.1,164.1,298.4,167.9,137.0,176.6,144.8,203.6,54.7,222.4,249.2,82.3,267.5,195.8,135.9,195.6,205.2,123.9,183.9,61.7,135.9,138.5,217.6,152.9,215.4,49.7,210.1,165.9,192.4,154.3,70.4,51.9,163.7,285.4,211.0,220.0,122.6,199.4,237.8,204.1,176.3,112.6,163.6,278.4,102.7,41.1,287.1,149.0,129.6,254.5,160.9,100.4,192.2,178.6,186.2,243.2,93.1,134.9,193.5,85.1,123.9,235.3,121.6,216.1,160.4,160.3,0.0
