from_stop,AB,AE,AH,AV,AW,AX,BK,BS,CA,CM,CN,CT,CX,CY,CZ,DA,DB,DC,DN,DW,EH,EK,EL,ET,FQ,FS,GL,GX,HA,HH,HM,HO,HQ,HU,IA,IG,IL,JA,JH,JP,JR,JT,KC,KG,KJ,KL,KT,LB,LL,LP,LR,MC,MJ,MS,MT,NB,NE,NJ,NK,NP,NS,NT,NW,OB,OF,OK,OV,PJ,PK,PN,PV,QB,QC,QD,QI,QM,QO,QQ,QR,QT,QW,RB,RJ,RV,RY,SB,SC,SM,TE,TF,TI,TR,TT,UA,UQ,UZ,VB,VC,VF,VI,VL,VR,WA,WC,WI,WM,WR,XC,XO,XZ,YF,YM,YN,YV,ZA,ZH,ZK,ZN,ZP,ZR,ZS,ZU
AB,0.0,275.4,207.9,256.4,234.8,194.5,43.5,238.8,168.5,65.5,266.6,113.8,141.6,160.2,229.1,209.8,196.3,255.0,110.1,228.9,154.0,143.4,208.7,13.6,225.4,214.1,24.2,262.3,167.1,159.1,172.0,138.6,105.5,176.2,238.5,285.7,253.9,227.4,149.3,182.9,368.2,281.8,183.2,121.7,217.2,264.0,313.2,91.5,128.1,271.7,68.5,89.9,163.2,254.8,249.8,174.5,186.5,218.4,224.1,286.0,282.3,229.6,106.8,113.7,65.8,210.5,225.7,356.7,187.9,154.2,224.9,112.1,266.7,145.6,206.5,208.6,153.0,235.5,137.6,242.9,306.2,215.0,1892.4,271.7,321.8,109.7,187.6,393.1,72.5,98.6,98.3,299.9,221.9,242.7,134.7,167.7,265.3,184.6,194.2,336.3,137.5,133.2,209.0,129.0,253.9,154.2,261.9,335.2,172.6,158.3,176.9,243.8,178.9,290.5,87.2,250.8,275.0,102.2,58.9,330.2,147.2,233.7
AE,265.4,0.0,322.3,304.1,349.2,239.2,173.9,351.2,211.7,124.5,231.9,229.1,254.0,280.7,347.9,320.1,328.7,247.3,165.8,274.5,84.0,177.1,236.5,276.0,345.1,269.8,286.7,381.1,279.5,291.5,84.0,194.3,228.1,217.1,333.7,404.5,366.3,340.7,263.7,228.2,266.4,328.0,227.9,234.1,347.5,223.9,273.1,203.9,241.4,322.0,209.1,145.6,93.2,220.1,225.6,219.2,200.1,328.7,269.4,330.7,305.3,274.9,248.3,184.9,121.2,255.8,49.2,384.5,320.3,67.1,357.3,157.4,385.5,281.0,318.9,321.0,283.3,228.7,273.0,355.3,282.0,248.7,1937.7,250.5,281.7,137.0,227.6,291.7,184.9,152.2,144.5,277.8,336.3,356.0,180.0,272.0,377.7,261.7,306.6,308.6,162.7,178.5,341.4,185.6,293.9,266.6,227.2,366.0,106.1,290.7,289.2,236.1,153.2,333.7,209.8,208.6,408.3,214.6,172.2,460.5,279.6,347.0
AH,261.6,260.9,0.0,191.5,209.8,222.6,114.5,345.2,260.1,157.1,294.0,88.7,199.1,205.0,139.5,327.0,106.7,309.4,201.7,167.3,245.6,134.3,263.1,270.7,138.8,301.1,285.9,172.7,284.3,69.5,260.9,230.2,166.8,68.1,148.9,196.1,371.1,336.8,121.2,274.5,328.7,309.6,211.3,238.5,127.6,304.0,346.3,208.7,237.5,274.8,86.0,181.5,254.8,282.2,288.4,202.6,136.6,324.8,315.7,218.1,289.1,321.2,106.2,205.3,160.4,302.1,317.3,264.3,98.3,248.8,129.9,203.7,177.1,59.0,309.7,315.0,63.4,292.9,33.0,354.8,325.4,205.9,1911.3,312.5,361.8,137.8,80.0,355.9,184.1,190.2,192.9,343.9,13.9,352.1,226.3,168.9,377.6,289.7,311.4,372.6,185.8,224.8,109.7,223.6,146.3,271.4,289.3,248.6,264.2,50.7,148.8,298.2,233.3,315.3,144.0,290.8,188.4,202.7,173.5,240.6,39.6,354.3
AV,289.7,434.0,111.5,0.0,194.1,322.7,226.1,332.6,340.0,237.0,425.2,200.3,204.1,192.4,116.3,319.4,101.5,452.1,281.6,278.9,327.2,234.4,374.7,300.3,115.6,368.1,311.0,149.5,276.7,46.3,345.2,310.1,171.8,183.2,143.7,172.9,363.5,324.2,131.6,354.4,477.8,394.8,311.4,243.8,122.4,435.5,484.7,201.1,224.9,374.9,197.6,261.4,336.4,413.4,421.3,302.7,247.0,312.2,395.6,26.6,374.3,401.1,200.8,285.2,240.3,382.0,384.3,261.9,93.1,330.4,130.1,283.6,153.9,35.8,297.1,302.4,58.2,435.6,144.6,352.5,475.2,306.0,1938.3,443.7,493.3,247.0,191.6,505.7,200.1,270.1,272.8,482.7,125.5,339.5,306.2,161.3,370.0,294.2,303.8,505.5,295.0,304.7,104.5,305.2,257.9,263.8,420.5,243.4,349.3,162.3,156.6,409.8,344.9,400.5,260.1,422.3,165.2,258.7,188.5,235.4,151.2,346.3
AW,185.6,329.9,93.7,264.6,0.0,200.6,105.0,262.6,235.9,132.9,321.1,103.7,100.0,122.4,119.3,218.4,179.8,348.0,177.5,241.1,223.1,112.3,276.1,196.2,118.6,268.6,206.9,152.5,172.6,146.0,241.1,206.0,67.7,168.5,222.0,175.9,259.4,257.3,53.1,250.3,373.7,347.2,189.3,139.7,200.7,331.4,380.6,97.0,154.9,257.2,76.5,157.3,232.3,309.3,320.3,180.6,155.4,242.2,291.5,291.2,325.2,297.0,81.8,181.1,136.2,277.9,280.2,268.5,174.8,226.3,211.2,179.5,156.9,138.6,230.3,232.4,139.9,331.5,129.9,248.4,371.1,183.9,1959.8,339.6,389.2,133.8,173.8,401.6,96.0,169.1,168.7,367.3,107.7,269.5,202.1,34.6,270.8,193.2,199.7,403.7,184.9,200.6,195.3,201.1,240.1,159.7,316.4,250.0,245.2,144.5,80.7,311.2,246.3,352.9,139.0,321.3,186.2,154.6,84.4,245.1,133.4,245.3
AX,246.3,211.2,152.9,191.0,182.9,0.0,105.6,318.3,177.7,108.4,244.3,61.8,181.8,178.1,178.5,300.1,159.3,259.7,149.7,163.5,193.6,47.3,213.4,255.4,177.8,249.1,270.6,211.7,257.4,122.1,208.9,178.2,152.5,64.3,201.5,235.1,344.2,309.9,94.3,192.1,279.0,282.2,124.3,211.6,180.2,284.6,326.9,181.8,210.6,187.8,77.1,129.5,202.8,232.5,270.4,115.6,31.6,297.9,233.3,217.6,260.2,238.8,97.3,168.8,105.1,231.1,265.3,316.9,150.9,196.8,182.5,121.3,216.1,111.6,282.8,288.1,116.0,243.2,103.6,327.9,308.2,118.9,1901.6,295.3,342.4,50.8,76.2,306.2,168.8,138.2,110.5,325.9,166.9,325.2,143.9,137.4,350.7,247.7,284.5,354.6,98.8,142.4,162.3,171.6,142.5,244.5,239.6,301.2,181.8,121.3,121.9,248.5,183.6,287.9,135.1,271.4,241.0,187.4,169.2,293.2,110.2,327.4
BK,147.0,250.3,164.3,236.4,194.3,171.5,0.0,235.8,145.5,42.5,243.6,73.2,94.2,116.6,185.5,206.8,152.7,232.0,87.1,208.9,131.0,99.8,185.7,156.1,184.8,186.5,171.3,218.7,164.1,115.5,146.3,115.6,61.9,132.1,194.9,242.1,250.9,227.4,105.7,159.9,314.2,261.8,160.2,118.3,173.6,241.0,283.3,88.5,128.1,240.3,24.9,66.9,140.2,231.8,226.8,151.5,141.7,215.4,201.1,263.0,259.3,206.6,66.2,90.7,45.8,187.5,202.7,310.3,144.3,134.2,175.9,89.1,223.1,105.0,200.3,205.6,109.4,215.5,97.0,234.6,264.6,171.4,1869.4,251.7,298.8,86.7,144.0,329.9,69.5,75.6,78.3,282.3,178.3,242.7,111.7,131.7,257.4,175.1,191.2,311.0,114.5,110.2,155.7,109.0,210.3,151.2,238.9,294.6,149.6,114.7,133.3,220.8,155.9,267.5,39.1,227.8,234.4,88.1,58.9,286.6,103.6,234.1
BS,171.5,338.6,175.1,297.7,148.0,232.8,99.8,0.0,206.8,103.8,331.9,173.1,86.9,80.5,200.7,204.2,252.6,293.3,148.4,270.2,192.3,188.1,247.0,180.6,200.0,274.8,195.8,233.9,161.5,215.4,207.6,176.9,86.8,226.7,294.8,257.3,270.2,175.7,134.5,221.2,375.5,323.1,221.5,115.7,273.5,302.3,344.6,85.9,76.4,305.6,124.8,128.2,201.5,320.1,288.1,212.8,212.0,163.7,262.4,324.3,320.6,267.9,166.1,152.0,107.1,248.8,291.0,216.7,244.2,195.5,275.8,150.4,238.3,204.9,148.6,153.9,209.3,276.8,196.9,253.9,325.9,259.7,1930.7,313.0,360.1,148.0,238.6,393.2,43.6,136.9,139.6,343.6,189.1,191.0,173.0,138.6,276.7,179.0,188.6,372.3,175.8,171.5,255.6,170.3,304.9,148.6,327.2,201.0,210.9,214.6,149.8,282.1,217.2,328.8,139.0,289.1,184.0,114.4,55.3,218.2,203.5,253.4
CA,234.5,163.8,285.2,210.4,330.1,174.1,146.0,323.3,0.0,96.6,157.9,219.3,226.1,219.7,310.8,294.3,312.0,173.3,137.9,182.9,181.8,167.2,105.5,248.1,312.7,241.9,258.8,344.0,251.6,256.8,197.1,166.4,196.9,209.3,232.6,345.3,338.4,314.9,244.6,14.3,229.1,116.2,162.8,205.8,332.9,110.9,160.1,176.0,215.6,98.7,171.0,117.7,191.0,146.1,96.7,119.4,207.0,302.9,55.5,237.0,113.7,61.0,212.3,157.0,93.3,57.4,213.1,395.8,303.6,185.0,340.6,80.5,326.3,246.3,291.0,293.1,268.7,156.8,243.1,322.1,153.1,190.8,1723.8,121.6,168.7,127.1,217.7,219.8,157.0,126.4,63.4,146.8,299.2,330.2,103.1,248.7,344.9,235.9,278.7,180.9,154.9,34.3,324.7,159.8,150.5,238.7,153.2,377.3,141.0,260.8,289.0,162.1,97.2,121.9,185.2,97.7,375.7,175.6,146.4,369.3,249.7,321.2
CM,137.8,204.4,188.5,193.8,236.5,128.9,49.3,226.6,102.9,0.0,197.7,122.6,129.4,123.0,214.1,197.6,202.1,189.4,41.2,166.3,85.1,84.2,143.1,146.9,213.4,140.6,162.1,247.3,154.9,164.9,100.4,69.7,100.2,122.8,223.4,270.7,241.7,218.2,147.9,117.3,268.3,219.2,117.6,109.1,223.0,198.4,240.7,79.3,118.9,201.7,74.3,21.0,94.3,185.9,184.2,108.9,108.1,206.2,158.5,220.4,216.7,164.0,115.6,60.3,3.2,144.9,156.8,259.2,193.7,88.3,225.3,46.5,251.7,154.4,191.1,196.4,158.8,172.9,146.4,225.4,229.1,155.8,1826.8,216.2,256.2,44.1,134.7,284.0,60.3,29.7,35.7,239.7,202.5,233.5,69.1,152.0,248.2,139.2,182.0,268.4,71.9,67.6,205.1,63.1,201.0,142.0,193.0,243.5,107.2,164.1,192.3,178.2,154.3,224.9,88.5,185.2,281.0,78.9,49.7,260.7,153.0,224.9
CN,178.7,88.4,338.6,250.5,368.6,185.6,222.3,387.5,166.1,160.8,0.0,247.5,290.3,300.6,364.2,204.3,345.0,88.2,202.1,223.0,157.0,227.7,125.6,187.8,360.2,106.0,203.0,397.4,210.3,296.9,154.3,230.6,260.7,250.0,280.1,392.8,170.7,236.5,280.0,151.7,107.5,268.6,174.3,270.0,365.9,120.1,144.4,240.2,269.1,219.8,241.7,181.9,166.2,13.7,102.3,165.6,217.3,224.5,176.6,277.1,163.9,182.1,283.0,203.8,157.5,169.6,122.2,440.5,336.6,142.2,368.2,144.7,373.8,286.4,352.0,357.3,301.7,71.7,289.3,154.4,31.3,186.9,1735.5,18.4,160.9,187.6,261.9,134.7,221.2,190.6,127.6,117.5,352.6,251.8,167.3,323.1,177.2,154.7,237.4,122.0,197.4,200.5,348.0,215.2,271.6,197.4,5.4,424.8,179.1,307.0,307.6,77.0,117.6,274.3,237.9,227.9,415.8,239.8,210.6,416.8,295.9,153.9
CT,205.5,352.8,91.0,261.9,117.9,241.5,145.9,256.4,258.8,155.8,344.0,0.0,119.9,116.2,116.6,238.2,177.1,370.9,200.4,258.4,246.0,153.2,299.0,219.1,115.9,291.5,229.8,149.8,195.5,160.6,261.3,228.9,90.6,162.7,219.3,173.2,282.3,248.0,32.4,273.2,396.8,375.1,230.2,162.6,198.0,354.3,403.5,119.9,148.7,293.7,117.4,180.2,255.2,332.2,340.1,221.5,196.3,236.0,314.4,288.5,366.1,319.9,119.6,204.0,159.1,300.8,303.1,265.8,186.7,249.2,203.1,202.4,154.2,150.1,224.1,226.2,154.5,354.4,124.1,271.3,394.0,224.8,1982.7,362.5,412.1,174.7,171.1,424.5,118.9,188.9,191.6,398.0,105.0,263.3,225.0,75.5,288.8,213.0,222.6,424.3,222.7,223.5,192.6,224.0,237.4,182.6,339.3,247.3,268.1,141.8,60.0,334.1,269.2,380.8,175.4,341.1,183.5,166.4,107.3,239.3,130.7,265.1
CX,182.5,330.7,161.5,308.7,70.1,243.8,110.8,158.8,217.8,114.8,324.0,173.9,0.0,36.0,189.5,227.6,250.0,304.3,159.4,281.2,203.3,182.5,258.0,191.6,188.8,266.9,206.8,222.7,172.5,216.2,218.6,187.9,97.8,229.7,292.2,246.1,262.3,167.8,123.3,232.2,367.6,334.1,232.5,126.7,270.9,313.3,355.6,96.9,68.5,316.6,135.8,139.2,212.5,312.2,299.1,223.8,223.0,155.8,273.4,335.3,331.6,278.9,148.9,163.0,118.1,259.8,283.1,189.4,245.0,206.5,276.0,161.4,227.1,205.7,123.3,128.6,210.1,287.8,194.6,246.0,336.9,254.1,1941.7,324.0,371.1,159.0,241.6,385.3,54.6,147.9,150.6,354.6,175.5,183.1,184.0,104.8,268.8,190.0,152.8,383.3,186.8,182.5,255.8,181.3,307.9,159.6,319.3,173.7,221.9,212.3,62.8,293.1,228.2,339.8,150.0,300.1,127.9,125.4,66.3,211.1,201.2,245.5
CY,184.1,296.7,176.8,299.4,64.3,234.5,101.5,140.1,208.5,105.5,287.9,174.8,67.3,0.0,145.6,191.5,206.1,324.2,150.1,271.9,194.0,189.8,248.7,194.7,201.7,235.4,205.4,178.8,163.2,217.1,209.3,178.6,88.5,231.9,248.3,189.7,226.2,131.7,136.2,222.9,331.3,324.8,223.2,132.9,227.0,304.0,353.2,87.6,32.4,307.3,126.5,129.9,203.2,276.1,289.8,214.5,214.9,119.7,264.1,326.0,322.3,269.6,167.8,153.7,108.8,250.5,247.0,138.9,245.9,197.2,225.0,152.1,170.7,206.6,104.6,109.9,211.0,307.7,198.6,209.9,337.9,261.4,1932.4,306.4,361.8,149.7,240.3,349.2,45.3,138.6,141.3,345.3,190.8,147.0,174.7,140.3,232.7,173.8,190.3,376.3,177.5,173.2,209.1,172.0,306.6,150.3,283.2,120.4,212.6,216.3,78.1,283.8,218.9,330.5,145.2,290.8,103.4,120.3,57.0,137.6,205.2,209.0
CZ,411.5,347.0,236.3,145.2,299.6,290.7,278.7,435.0,332.8,263.5,380.1,234.9,333.3,294.8,0.0,444.2,60.4,395.5,304.8,253.4,348.7,202.4,349.2,420.6,155.7,404.2,435.8,33.2,401.5,191.6,364.0,333.3,296.6,154.2,102.6,188.3,488.3,426.6,256.4,347.2,414.8,371.7,279.4,355.7,81.3,390.1,432.4,325.9,327.3,342.9,250.2,284.6,357.9,368.3,374.5,270.7,204.7,414.6,296.7,171.8,351.2,302.2,270.4,323.9,260.2,386.2,420.4,236.0,70.0,351.9,101.6,276.4,169.3,181.1,399.5,404.8,203.5,379.0,269.4,472.0,411.5,274.0,1915.2,398.6,447.9,205.9,166.1,442.0,323.9,293.3,265.6,430.0,250.3,441.9,299.0,281.5,494.8,402.8,428.6,458.7,253.9,297.5,81.4,326.7,232.4,388.6,375.4,220.3,336.9,287.1,274.5,384.3,319.4,377.4,294.4,376.9,267.6,342.5,313.3,212.3,276.0,471.5
DA,104.5,161.4,309.5,321.4,336.4,256.5,145.1,340.4,270.1,167.1,176.1,218.4,243.2,261.8,330.7,0.0,297.9,132.6,211.7,293.9,160.0,245.0,190.1,115.1,330.0,120.7,125.8,363.9,133.1,260.7,178.0,162.6,207.1,280.8,340.1,387.3,93.5,177.3,250.9,284.5,177.9,386.4,245.2,222.9,318.8,284.0,315.2,193.1,232.7,326.7,170.1,191.5,169.2,189.8,215.4,236.5,288.1,165.3,340.5,348.0,339.8,346.0,211.4,126.6,170.4,333.5,132.3,458.3,289.5,163.2,321.1,215.6,368.3,250.2,304.9,310.2,254.6,116.1,242.2,82.5,231.3,257.8,1906.2,189.1,341.8,211.3,289.2,193.8,174.1,200.2,198.5,276.0,323.5,192.6,238.2,272.3,104.9,77.5,160.2,312.4,239.1,234.8,300.9,138.0,290.9,120.2,181.6,439.8,182.1,259.9,278.5,139.4,229.2,392.1,184.3,286.7,379.6,192.7,163.5,431.8,248.8,76.3
DB,340.9,286.5,196.3,84.7,282.0,230.2,218.2,417.4,272.3,203.0,319.6,174.4,288.9,277.2,201.1,404.2,0.0,335.0,244.3,192.9,288.2,141.9,288.7,350.0,200.4,343.7,365.2,234.3,361.5,131.1,303.5,272.8,256.6,93.7,42.1,257.7,448.3,409.0,206.9,286.7,354.3,376.8,218.9,315.7,20.9,329.6,371.9,285.9,309.7,282.4,189.7,224.1,297.4,307.8,314.0,210.2,144.2,397.0,327.9,111.3,314.7,333.4,209.9,263.4,199.7,325.7,359.9,343.9,177.9,291.4,209.5,215.9,238.7,120.6,381.9,387.2,143.0,318.5,216.2,432.0,351.0,213.5,1936.9,338.1,387.4,145.4,105.6,381.5,263.4,232.8,205.1,369.5,210.3,424.3,238.5,241.5,454.8,342.3,388.6,398.2,193.4,237.0,189.3,266.2,171.9,348.6,314.9,328.2,276.4,233.9,234.5,323.8,258.9,382.5,233.9,316.4,250.0,282.0,252.8,320.2,222.8,431.5
DC,222.2,131.9,382.1,294.0,412.1,229.1,265.8,431.0,197.3,204.3,43.4,291.0,333.8,344.1,407.7,247.8,388.5,0.0,245.6,266.5,200.5,271.2,156.8,231.3,403.7,149.5,246.5,440.9,253.8,340.4,197.8,274.1,304.2,293.5,323.6,436.3,214.2,280.0,323.5,182.9,122.6,286.5,217.8,313.5,409.4,151.3,175.6,283.7,312.6,251.0,285.2,225.4,209.7,57.1,133.5,209.1,260.8,268.0,207.8,320.6,207.1,213.3,326.5,247.3,201.0,200.8,165.7,484.0,380.1,185.7,411.7,188.2,417.3,329.9,395.5,400.8,345.2,115.2,332.8,197.9,92.0,230.4,1778.6,104.1,209.1,231.1,305.4,175.5,264.7,234.1,171.1,148.7,396.1,295.3,210.8,371.2,220.7,198.2,280.9,177.4,240.9,231.7,391.5,258.7,302.8,240.9,48.9,468.3,222.6,350.5,351.1,110.1,161.1,292.2,281.4,259.1,459.3,283.3,254.1,460.3,339.4,197.4
DN,240.2,163.1,300.1,263.9,330.1,199.0,151.7,329.0,191.6,102.3,156.4,209.0,231.8,260.6,325.7,183.4,306.5,189.8,0.0,236.4,43.8,154.9,196.3,249.3,325.0,99.3,264.5,358.9,257.3,269.3,59.1,28.4,205.9,193.5,293.5,382.3,149.8,215.6,241.5,206.0,227.0,307.9,187.7,211.5,327.4,183.7,226.0,181.7,221.3,295.4,186.9,123.4,53.0,144.6,187.5,179.0,178.8,203.6,258.2,290.5,265.1,263.7,228.2,127.5,99.0,251.2,115.5,361.6,298.1,47.0,329.7,158.1,363.3,258.8,293.5,298.8,263.2,173.3,250.8,133.5,187.8,226.5,1892.0,174.9,241.5,114.8,205.4,242.7,162.7,132.1,124.4,243.0,314.1,230.9,180.7,249.8,156.3,97.9,284.4,266.1,142.6,156.3,309.5,21.8,271.7,244.4,151.7,345.9,65.9,268.5,269.1,178.6,113.0,313.6,183.1,170.5,388.2,181.3,152.1,430.2,257.4,133.0
DW,314.2,249.3,139.0,27.4,224.7,190.9,178.9,360.1,233.0,163.7,280.3,135.1,231.6,219.9,143.8,346.9,129.0,295.7,205.0,0.0,248.9,102.6,249.4,323.3,143.1,304.4,338.5,177.0,304.2,73.8,264.2,233.5,199.3,57.9,171.2,200.4,391.0,351.7,159.1,247.4,314.8,337.5,179.6,258.4,149.9,290.3,339.5,228.6,252.4,243.1,150.4,184.8,258.1,268.5,274.7,170.9,106.1,339.7,288.6,54.0,275.4,294.1,170.6,224.1,160.4,286.4,320.6,289.4,120.6,252.1,152.2,176.6,181.4,63.3,324.6,329.9,85.7,279.2,172.1,380.0,330.3,174.2,1897.6,298.8,348.1,106.1,66.3,342.2,224.1,193.5,165.8,336.1,153.0,367.0,199.2,184.2,402.4,303.0,331.3,361.2,154.1,197.7,136.7,226.9,132.6,291.3,275.6,270.9,237.1,189.8,184.1,284.5,219.6,343.2,194.6,277.1,192.7,242.7,216.0,262.9,178.7,373.8
EH,268.2,114.7,308.1,220.0,338.1,155.1,179.7,357.0,147.1,130.3,147.8,217.0,259.8,284.9,333.7,328.0,314.5,163.2,171.6,192.5,0.0,197.2,152.4,277.3,329.7,271.0,292.5,366.9,285.3,266.4,230.8,200.1,230.2,219.5,249.6,362.3,372.1,348.6,249.5,189.4,182.5,293.0,143.8,239.5,335.4,139.8,182.1,209.7,249.3,257.5,211.2,151.4,9.1,136.0,143.6,135.1,186.8,336.6,214.3,246.6,221.2,219.8,252.5,190.7,127.0,207.3,164.0,410.0,306.1,218.7,337.7,114.2,343.3,255.9,321.5,326.8,271.2,146.7,258.8,355.8,181.4,156.4,1885.6,168.5,197.6,157.1,231.4,209.7,190.7,160.1,97.1,199.1,322.1,363.9,136.8,297.2,378.6,269.6,312.4,222.2,166.9,111.8,317.5,193.5,189.5,272.4,143.1,394.3,22.0,276.5,277.1,152.0,69.1,298.7,207.4,126.6,385.3,209.3,180.1,386.3,265.4,355.3
EK,334.6,163.8,241.2,153.1,271.2,88.2,193.9,406.6,159.7,196.7,196.9,150.1,274.8,266.4,266.8,388.4,247.6,212.3,238.0,125.6,281.9,0.0,166.0,343.7,262.8,337.4,358.9,300.0,345.7,199.5,297.2,266.5,240.8,152.6,182.7,295.4,432.5,398.2,182.6,174.1,231.6,234.8,76.9,299.9,268.5,237.2,279.5,270.1,298.9,140.4,165.4,217.8,291.1,185.1,223.0,68.2,119.9,386.2,215.3,179.7,212.8,220.8,185.6,257.1,193.4,183.7,213.1,343.1,239.2,285.1,270.8,209.6,276.4,189.0,371.1,376.4,204.3,195.8,191.9,416.2,260.8,71.5,1869.6,247.9,295.0,139.1,164.5,258.8,257.1,226.5,198.8,278.5,255.2,413.5,232.2,225.7,439.0,336.0,372.8,307.2,187.1,108.5,250.6,259.9,196.2,332.8,192.2,327.4,270.1,209.6,210.2,201.1,136.2,240.5,223.4,224.0,318.4,275.7,257.5,319.4,198.5,415.7
EL,320.7,58.2,326.4,238.3,356.4,173.4,232.2,409.5,147.3,182.8,109.3,235.3,312.3,341.1,352.0,258.8,332.8,124.7,224.1,210.8,142.3,235.4,0.0,329.8,348.0,160.5,345.0,385.2,337.8,284.7,139.6,252.6,286.4,274.0,267.9,380.6,225.2,291.0,267.8,132.9,175.8,236.5,162.1,292.0,353.7,101.3,125.6,262.2,301.8,201.0,267.4,203.9,151.5,97.5,25.2,153.4,205.1,279.0,157.8,264.9,165.0,163.3,308.7,243.2,179.5,150.8,107.5,428.3,324.4,127.5,356.0,132.5,361.6,274.2,374.0,379.3,289.5,108.2,277.1,208.9,81.0,174.7,1785.2,68.1,159.1,195.3,285.9,171.2,243.2,212.6,115.4,80.7,340.4,306.3,155.1,330.3,231.7,209.2,364.9,109.4,223.1,181.7,335.8,246.0,252.8,324.9,104.6,412.6,164.4,294.8,295.4,113.5,105.4,242.2,263.6,209.1,403.6,261.8,232.6,404.6,283.7,208.4
ET,143.9,266.3,198.8,250.3,225.7,185.4,34.4,229.7,154.9,56.4,257.5,103.2,132.5,146.6,220.0,200.7,187.2,245.9,101.0,218.3,144.9,134.3,199.6,0.0,214.8,205.0,15.1,253.2,158.0,150.0,162.9,129.5,96.4,170.1,229.4,276.6,244.8,216.8,140.2,173.8,359.1,275.7,174.1,112.6,208.1,254.9,304.1,82.4,122.0,262.6,59.4,80.8,154.1,245.7,240.7,165.4,177.4,209.3,215.0,276.9,273.2,220.5,96.2,104.6,59.7,201.4,216.6,347.6,178.8,148.1,215.8,103.0,257.6,139.5,197.4,199.5,139.4,224.9,131.5,233.8,297.1,205.9,1883.3,261.1,312.7,100.6,178.5,387.0,63.4,89.5,92.2,290.8,212.8,232.1,125.6,161.6,256.2,171.0,185.1,327.2,128.4,124.1,199.9,122.9,244.8,145.1,252.8,324.6,163.5,149.2,163.3,234.7,169.8,281.4,73.6,241.7,264.4,93.1,48.3,321.1,138.1,223.1
FQ,258.7,400.9,80.5,167.3,181.1,291.7,195.1,319.6,309.0,206.0,394.2,169.3,173.1,179.4,22.0,288.4,82.5,421.1,250.6,247.9,296.2,203.4,343.7,264.8,0.0,337.1,280.0,55.2,245.7,150.1,311.5,279.1,140.8,152.2,124.7,57.2,332.5,311.2,100.6,323.4,446.8,357.2,280.4,199.9,103.4,404.5,453.7,170.1,211.9,343.9,166.6,230.4,305.4,382.4,390.3,271.7,218.4,299.2,364.6,193.9,336.7,370.1,169.8,254.2,209.3,351.0,353.3,149.8,73.5,299.4,87.1,252.6,38.2,139.6,284.1,289.4,144.0,404.6,113.6,321.5,444.2,275.0,1900.7,412.7,462.3,218.4,160.6,474.7,169.1,239.1,241.8,448.2,94.5,326.5,275.2,130.3,339.0,263.2,272.8,397.8,266.4,273.7,66.9,274.2,226.9,232.8,389.5,131.3,318.3,131.3,128.2,378.8,313.9,362.9,224.6,391.3,152.2,227.7,157.5,123.3,120.2,315.3
FS,232.3,167.8,289.2,266.4,316.1,206.1,140.8,318.1,176.1,91.4,198.8,193.5,220.9,249.7,314.8,289.1,295.6,214.2,132.7,243.5,50.9,144.0,203.4,242.9,314.1,0.0,253.6,348.0,246.4,258.4,50.9,161.2,195.0,186.1,300.6,371.4,333.2,305.1,230.6,195.1,233.3,297.0,194.8,201.0,316.5,190.8,240.0,170.8,210.4,288.9,176.0,112.5,60.1,187.0,194.6,186.1,169.1,297.7,236.3,297.6,272.2,241.8,217.3,151.8,88.1,222.7,16.1,353.5,287.2,36.1,324.2,124.3,352.4,243.3,285.8,287.9,252.3,193.1,235.3,322.2,251.0,215.6,1904.6,214.9,248.6,103.9,194.5,256.1,151.8,116.6,113.5,244.7,303.2,320.4,146.9,238.9,344.6,226.1,273.5,275.5,131.7,145.4,308.3,154.6,260.8,233.5,194.1,330.4,73.0,257.6,258.2,203.0,120.1,298.1,176.7,177.6,372.7,181.5,136.6,424.9,246.5,311.4
GL,125.7,249.0,183.6,235.1,213.6,170.2,19.2,214.5,144.2,41.2,242.3,92.5,117.3,135.9,204.8,185.5,172.0,230.7,85.8,207.6,129.7,119.1,184.4,134.8,204.1,185.2,0.0,238.0,142.8,134.8,145.0,114.3,81.2,151.4,214.2,261.4,229.6,206.1,125.0,158.6,344.1,260.5,158.9,97.0,192.9,239.7,282.0,67.2,106.8,243.0,44.2,65.6,138.9,230.5,225.5,150.2,161.0,194.1,199.8,261.7,258.0,205.3,85.5,89.4,44.5,186.2,201.4,329.6,163.6,132.9,195.2,87.8,242.4,124.3,179.0,184.3,128.7,214.2,116.3,213.3,263.3,190.7,1868.1,250.4,297.5,85.4,163.3,371.8,48.2,74.3,77.0,281.0,197.6,221.4,110.4,146.4,236.1,160.3,169.9,309.7,113.2,108.9,175.0,107.7,229.6,129.9,237.6,313.9,148.3,134.0,152.6,219.5,154.6,266.2,58.4,226.5,253.7,66.8,37.6,305.9,122.9,212.8
GX,378.3,313.8,203.1,112.0,266.4,257.5,245.5,401.8,299.6,230.3,346.9,201.7,300.1,261.6,144.6,411.0,27.2,362.3,271.6,220.2,315.5,169.2,316.0,387.4,122.5,371.0,402.6,0.0,368.3,158.4,330.8,300.1,263.4,121.0,69.4,155.1,455.1,393.4,223.2,314.0,381.6,338.5,246.2,322.5,48.1,356.9,399.2,292.7,294.1,309.7,217.0,251.4,324.7,335.1,341.3,237.5,171.5,381.4,263.5,138.6,318.0,269.0,237.2,290.7,227.0,353.0,387.2,202.8,36.8,318.7,68.4,243.2,136.1,147.9,366.3,371.6,170.3,345.8,236.2,438.8,378.3,240.8,1882.0,365.4,414.7,172.7,132.9,408.8,290.7,260.1,232.4,396.8,217.1,408.7,265.8,248.3,461.6,369.6,395.4,425.5,220.7,264.3,48.2,293.5,199.2,355.4,342.2,187.1,303.7,253.9,241.3,351.1,286.2,344.2,261.2,343.7,234.4,309.3,280.1,179.1,242.8,438.3
HA,203.2,263.6,257.6,425.7,188.0,360.8,246.8,163.4,371.8,268.8,256.9,320.1,162.6,120.5,266.2,160.5,399.6,293.2,332.6,398.2,250.8,343.9,294.4,212.3,283.5,199.8,227.5,299.4,0.0,362.4,248.1,264.3,192.5,379.0,441.8,310.3,195.2,100.7,240.2,386.2,300.5,488.1,349.5,148.6,420.5,377.1,401.4,294.8,89.0,431.0,271.8,312.4,260.0,245.1,359.3,340.8,367.8,88.7,433.6,452.3,420.9,439.1,313.1,227.1,272.1,426.6,216.0,256.7,391.2,236.0,422.8,319.9,291.3,351.9,127.9,133.2,356.3,276.7,343.9,178.9,288.3,362.1,1992.5,275.4,417.9,303.8,390.9,318.2,149.3,321.1,302.8,374.5,271.6,116.0,342.5,227.3,201.7,142.8,27.0,379.0,331.6,336.5,402.6,239.7,395.2,221.9,252.2,241.0,272.9,361.6,225.5,279.1,320.0,493.8,286.0,377.5,224.0,294.4,161.0,258.2,350.5,178.4
HH,240.3,385.5,65.1,215.2,150.8,276.3,179.7,286.2,293.6,190.6,378.8,153.9,157.7,146.0,69.9,273.0,130.4,405.7,235.2,232.5,280.8,188.0,328.3,249.4,69.2,321.7,264.6,103.1,230.3,0.0,296.1,263.7,125.4,133.3,172.6,126.5,317.1,277.8,85.2,308.0,431.6,409.9,265.0,184.5,151.3,389.1,431.4,154.7,178.5,328.5,151.2,215.0,290.0,367.0,374.9,256.3,201.8,265.8,349.2,241.8,354.3,354.7,154.4,238.8,193.9,335.6,337.9,216.3,140.0,284.0,156.4,237.2,107.5,124.2,250.7,256.0,128.6,389.2,98.2,300.8,410.2,259.6,1970.0,397.3,446.9,203.0,145.2,459.3,153.7,223.7,226.4,430.4,79.1,293.1,259.8,114.9,323.6,247.8,257.4,459.1,251.0,258.3,136.2,258.8,211.5,217.4,374.1,200.6,302.9,115.9,110.2,363.4,298.5,415.6,209.2,375.9,118.8,201.2,142.1,192.6,104.8,300.3
HM,184.0,249.7,240.9,220.6,267.8,158.4,92.5,269.8,129.7,43.1,240.9,147.1,172.6,201.4,266.5,240.8,247.3,218.9,84.4,193.1,128.3,95.7,172.6,194.6,263.1,188.4,205.3,299.7,198.1,210.1,0.0,112.9,146.7,137.8,252.9,323.1,284.9,258.7,182.3,146.8,311.3,248.7,147.1,152.7,265.5,227.9,274.4,122.5,162.1,240.6,127.7,64.2,137.5,229.1,211.0,138.4,120.8,249.4,188.0,249.9,246.2,193.5,169.0,103.5,37.1,174.4,200.0,302.5,238.9,128.8,275.9,76.0,304.1,196.9,237.5,239.6,201.3,202.4,188.9,273.9,290.9,167.3,1856.3,256.7,285.7,55.6,146.2,324.5,103.5,72.9,65.2,263.8,254.9,274.0,98.6,192.5,296.3,179.7,225.2,300.2,80.7,97.1,260.0,106.3,212.5,185.2,236.2,284.0,150.4,209.3,209.9,207.7,197.5,251.7,128.4,212.0,326.3,133.2,90.2,378.5,198.2,267.7
HO,129.3,134.6,360.1,296.7,390.1,231.8,211.7,389.0,251.6,162.3,127.9,269.0,291.8,320.6,385.7,154.9,366.5,161.3,203.6,269.2,121.8,214.9,165.4,138.4,385.0,70.8,153.6,418.9,160.9,329.3,119.1,0.0,265.9,253.5,326.3,439.0,121.3,187.1,301.5,279.7,198.5,367.9,220.5,271.5,387.4,248.1,272.4,241.7,281.3,302.0,246.9,183.4,131.0,116.1,230.3,211.8,238.8,175.1,304.6,323.3,291.9,310.1,288.2,99.0,159.0,297.6,87.0,486.7,358.1,107.0,389.7,190.9,420.0,318.8,353.5,358.8,323.2,144.8,310.8,105.0,159.3,233.1,1863.5,146.4,288.9,174.8,265.4,214.2,222.7,192.1,173.8,245.5,374.1,202.4,213.5,314.4,127.8,69.4,188.0,250.0,202.6,216.3,369.5,225.5,266.2,148.0,123.2,471.0,143.9,328.5,329.1,150.1,191.0,373.6,243.1,248.5,448.2,241.3,212.1,463.0,317.4,104.5
HQ,235.8,349.3,231.5,354.1,116.4,289.2,156.2,194.8,263.2,160.2,342.6,229.5,32.2,54.6,257.1,246.2,309.0,378.9,204.8,326.6,248.7,244.5,303.4,244.9,256.4,285.5,260.1,290.3,217.9,271.8,264.0,233.3,0.0,283.1,351.2,313.7,280.9,186.4,190.9,277.6,386.2,379.5,277.9,180.0,329.9,358.7,401.0,142.3,87.1,362.0,181.2,184.6,257.9,330.8,344.5,269.2,268.4,174.4,318.8,380.7,377.0,324.3,222.5,208.4,163.5,305.2,301.7,185.1,300.6,251.9,332.2,206.8,294.7,261.3,159.3,164.6,265.7,362.4,253.3,264.6,374.0,316.1,1987.1,361.1,416.5,204.4,295.0,403.9,100.0,193.3,196.0,400.0,245.5,201.7,229.4,195.0,287.4,228.5,245.0,428.7,232.2,227.9,312.0,226.7,361.3,205.0,337.9,169.4,267.3,271.0,99.4,338.5,273.6,385.2,195.4,345.5,152.4,170.8,111.7,186.6,259.9,264.1
HU,316.9,189.2,234.7,123.1,317.3,116.2,274.6,455.8,169.2,179.0,222.3,230.8,327.3,315.6,239.5,442.6,224.7,237.7,220.3,95.6,264.2,198.3,191.4,330.5,232.8,273.5,341.2,272.7,399.9,169.5,273.3,248.8,295.0,0.0,152.7,265.4,338.2,447.4,254.8,183.6,256.8,237.9,104.9,354.1,245.6,232.3,281.5,324.3,348.1,188.2,246.1,200.1,273.4,210.5,216.7,114.2,201.8,435.4,162.9,149.7,217.4,168.4,266.3,239.4,175.7,211.2,238.5,315.9,216.3,258.5,253.3,162.9,246.4,159.0,423.5,425.6,181.4,221.2,267.8,321.9,272.3,114.9,1839.6,240.8,290.1,201.8,8.4,284.2,239.4,208.8,145.8,278.1,248.7,462.7,185.5,284.5,344.7,318.3,427.0,300.9,249.8,133.9,227.7,242.2,74.6,387.0,217.6,297.4,223.4,285.5,279.8,226.5,161.6,243.6,290.3,219.1,288.4,258.0,311.7,289.4,274.4,321.0
IA,298.7,244.3,154.1,42.5,239.8,188.0,176.0,375.2,230.1,160.8,277.4,132.2,246.7,235.0,158.9,362.0,144.1,292.8,202.1,150.7,246.0,99.7,246.5,307.8,158.2,301.5,323.0,192.1,319.3,88.9,261.3,230.6,214.4,51.5,0.0,215.5,406.1,366.8,164.7,244.5,312.1,334.6,176.7,273.5,165.0,287.4,329.7,243.7,267.5,240.2,147.5,181.9,255.2,265.6,271.8,168.0,102.0,354.8,285.7,69.1,272.5,291.2,167.7,221.2,157.5,283.5,317.7,301.7,135.7,249.2,167.3,173.7,196.5,78.4,339.7,345.0,100.8,276.3,174.0,389.8,308.8,171.3,1894.7,295.9,345.2,103.2,63.4,339.3,221.2,190.6,162.9,327.3,168.1,382.1,196.3,203.9,412.6,300.1,346.4,356.0,151.2,194.8,147.1,224.0,129.7,306.4,272.7,286.0,234.2,191.7,192.3,281.6,216.7,340.3,191.7,274.2,207.8,239.8,210.6,278.0,180.6,389.3
IG,357.7,320.1,182.5,123.4,245.8,268.9,256.9,381.2,311.0,241.7,353.2,213.1,279.5,241.0,124.0,390.4,184.5,368.6,283.0,231.6,326.9,180.6,322.3,366.8,101.9,382.4,382.0,157.2,347.7,169.8,342.2,311.5,242.8,132.4,80.8,0.0,434.5,372.8,202.6,325.4,387.9,299.9,257.6,301.9,205.4,363.2,326.5,272.1,273.5,321.1,228.4,262.8,336.1,341.4,347.6,248.9,182.9,360.8,224.9,150.0,279.4,230.4,248.6,302.1,238.4,364.4,398.6,182.2,16.2,330.1,29.8,254.6,115.5,159.3,345.7,351.0,181.7,352.1,215.6,418.2,384.6,252.2,1843.4,371.7,421.0,184.1,144.3,415.1,271.1,271.5,243.8,403.1,196.5,388.1,277.2,232.3,441.0,365.2,374.8,343.1,232.1,275.7,9.6,304.9,205.5,334.8,348.5,166.5,315.1,233.3,230.2,357.4,292.5,305.6,272.6,350.0,213.8,318.6,259.5,158.5,222.2,417.7
IL,152.3,212.7,360.3,374.8,227.6,309.9,195.9,203.0,320.9,217.9,206.0,269.2,202.2,160.1,381.5,100.2,348.7,232.9,281.7,347.3,199.9,293.0,243.5,161.4,380.8,148.9,176.6,414.7,39.5,311.5,197.2,213.4,257.9,328.1,390.9,438.1,0.0,140.3,301.7,335.3,258.8,437.2,298.6,273.7,369.6,326.2,350.5,243.9,128.6,380.1,220.9,261.5,209.1,194.2,308.4,289.9,316.9,128.3,382.7,401.4,370.0,388.2,262.2,159.3,221.2,375.7,165.1,296.3,340.3,185.1,371.9,269.0,419.1,301.0,167.5,172.8,305.4,216.4,293.0,128.0,237.4,311.2,1941.6,224.5,367.0,252.9,340.0,286.5,224.9,270.2,251.9,323.6,374.3,155.6,291.6,323.1,6.5,75.0,66.6,328.1,280.7,285.6,351.7,188.8,344.3,26.6,201.3,280.6,222.0,310.7,265.1,228.2,269.1,442.9,235.1,326.6,263.6,243.5,214.3,297.8,299.6,127.5
JA,161.3,219.1,369.3,381.2,396.2,316.3,204.9,400.2,329.9,226.9,235.9,278.2,303.0,273.4,390.5,59.7,357.7,192.4,271.5,353.7,219.8,304.8,249.9,170.4,389.8,180.5,185.6,423.7,192.9,320.5,235.1,222.4,266.9,340.6,399.9,447.1,153.3,0.0,310.7,344.3,236.3,446.2,305.0,282.7,378.6,343.8,375.0,252.9,241.9,386.5,229.9,251.3,229.0,249.6,275.2,296.3,347.9,152.6,400.3,407.8,399.6,405.8,271.2,186.4,230.2,393.3,192.1,412.4,349.3,223.0,386.3,275.4,428.1,310.0,364.7,370.0,314.4,175.9,302.0,137.0,291.1,317.6,1966.0,248.9,401.6,271.1,349.0,253.6,233.9,260.0,258.3,335.8,383.3,15.3,298.0,336.7,164.7,137.3,220.0,369.9,298.9,294.6,360.7,197.8,350.7,180.0,241.4,393.9,241.9,319.7,338.3,199.2,289.0,451.9,248.6,346.5,439.4,256.7,223.3,491.6,308.6,136.1
JH,264.9,378.4,182.3,353.2,88.5,289.2,185.3,223.9,292.3,189.3,371.7,192.3,87.4,83.7,207.9,275.3,268.4,408.0,233.9,326.6,277.8,200.9,332.5,274.0,207.2,314.6,289.2,241.1,261.2,234.6,293.1,262.4,156.3,250.5,310.6,264.5,310.0,215.5,0.0,306.7,415.3,408.6,277.9,209.1,289.3,387.8,430.1,185.6,116.2,341.4,165.1,213.7,287.0,359.9,373.6,269.2,242.8,203.5,347.9,379.8,406.1,353.4,167.3,237.5,192.6,334.3,330.8,144.8,263.4,281.0,294.4,235.9,245.5,224.1,188.4,193.7,228.5,391.5,215.4,293.7,403.1,272.5,2016.2,390.2,445.6,222.4,262.4,433.0,129.1,222.4,225.1,429.1,196.3,230.8,258.5,123.2,316.5,257.6,288.3,457.8,261.3,257.0,274.2,255.8,328.7,248.3,367.0,129.1,296.4,233.1,27.5,367.6,302.7,414.3,223.1,374.6,112.1,199.9,140.8,146.3,222.0,293.2
JP,248.9,178.2,307.6,196.0,342.7,159.7,160.4,337.7,14.3,111.0,172.3,221.6,240.5,234.1,312.4,308.7,297.6,187.7,152.3,168.5,196.2,181.6,119.9,258.0,298.3,251.7,273.2,345.6,266.0,242.4,211.5,180.8,211.3,223.0,218.2,330.9,352.8,329.3,254.1,0.0,243.7,101.8,148.4,220.2,318.5,125.3,167.6,190.4,230.0,84.3,185.4,132.1,205.4,160.5,111.1,133.8,191.4,317.3,41.1,222.6,99.3,46.6,226.7,171.4,107.7,71.8,227.5,378.6,289.2,199.4,320.8,94.9,311.9,231.9,302.2,307.5,254.3,171.2,263.4,336.5,148.9,176.4,1709.4,136.0,183.1,141.5,234.9,234.2,171.4,140.8,77.8,166.6,321.6,344.6,117.5,258.5,359.3,250.3,293.1,195.3,169.3,48.7,300.6,174.2,136.1,253.1,167.6,362.9,155.4,281.1,281.7,176.5,111.6,107.5,199.6,112.1,361.3,190.0,160.8,354.9,270.0,336.0
JR,175.0,65.8,313.9,225.8,340.8,160.9,185.5,362.8,152.9,136.1,75.0,222.8,265.6,290.7,339.5,197.8,320.3,55.0,177.4,198.5,147.8,203.0,94.5,185.6,335.7,103.9,196.3,372.7,203.6,272.2,147.8,205.9,236.0,228.8,255.4,368.1,164.0,229.8,255.3,167.3,0.0,269.4,149.6,245.7,341.4,163.6,213.0,215.5,255.3,235.5,217.0,157.2,157.0,63.2,120.0,140.9,193.8,217.8,208.5,252.4,239.0,214.0,258.3,196.5,132.8,194.9,113.0,418.8,311.9,133.0,348.9,120.0,349.1,261.9,330.5,332.6,277.2,38.7,264.6,153.0,125.2,162.2,1810.6,93.7,221.4,162.9,237.2,222.9,196.5,165.9,102.9,169.9,327.9,245.3,142.6,298.4,175.4,148.2,230.7,199.4,172.9,117.6,333.0,199.5,195.3,190.7,70.3,400.1,169.9,282.3,282.9,61.8,92.9,274.9,217.7,150.6,391.1,226.2,185.9,392.1,271.2,146.8
JT,340.5,251.8,362.4,209.8,395.2,173.5,221.8,429.3,121.4,202.6,255.0,277.2,288.4,310.8,326.2,400.3,311.4,270.4,243.9,182.3,287.8,223.1,193.5,354.1,312.1,347.9,364.8,359.4,357.6,256.2,305.8,272.4,256.1,265.2,232.0,344.7,444.4,420.9,309.7,135.8,317.1,0.0,162.2,312.2,332.3,198.9,167.4,282.0,321.6,88.5,237.1,223.7,297.0,243.2,184.7,179.0,248.2,408.9,40.9,236.4,113.4,46.4,278.4,263.0,199.3,145.4,301.1,395.2,303.0,291.0,340.0,186.5,325.7,245.7,393.8,399.1,268.1,253.9,309.2,433.4,241.1,190.2,1741.5,209.6,256.7,183.0,273.6,316.9,263.0,232.4,169.4,240.2,376.4,436.2,209.1,321.3,450.9,341.9,384.7,177.1,192.8,140.3,314.4,265.8,149.9,344.7,250.3,376.7,247.0,326.9,337.3,259.2,194.3,5.7,233.3,185.7,375.1,281.6,252.4,368.7,315.8,427.2
KC,257.6,222.5,164.2,202.3,194.2,11.3,116.9,329.6,189.0,119.7,255.6,73.1,193.1,189.4,189.8,311.4,170.6,271.0,161.0,174.8,204.9,58.6,224.7,266.7,189.1,260.4,281.9,223.0,268.7,133.4,220.2,189.5,163.8,75.6,212.8,246.4,355.5,321.2,105.6,203.4,290.3,293.5,0.0,222.9,191.5,295.9,338.2,193.1,221.9,199.1,88.4,140.8,214.1,243.8,281.7,126.9,42.9,309.2,244.6,228.9,271.5,250.1,108.6,180.1,116.4,242.4,276.6,328.2,162.2,208.1,193.8,132.6,227.4,122.9,294.1,299.4,127.3,254.5,114.9,339.2,319.5,130.2,1912.9,306.6,353.7,62.1,87.5,317.5,180.1,149.5,121.8,337.2,178.2,336.5,155.2,153.3,362.0,259.0,295.8,365.9,110.1,153.7,173.6,182.9,153.8,255.8,250.9,312.5,193.1,132.6,133.2,259.8,194.9,299.2,146.4,282.7,252.3,198.7,180.5,304.5,121.5,338.7
KG,58.7,233.5,263.7,316.3,290.6,251.4,99.3,294.6,224.3,121.3,226.8,172.6,197.4,216.0,284.9,265.6,252.1,259.5,165.9,288.8,96.2,199.2,248.7,64.8,284.2,169.7,80.0,318.1,222.9,214.9,114.2,98.8,161.3,235.0,294.3,341.5,309.7,225.4,205.1,238.7,297.4,328.6,240.1,0.0,273.0,236.1,285.3,147.3,186.9,327.5,124.3,145.7,105.4,215.0,239.9,231.4,232.4,274.2,279.9,342.9,317.5,285.4,165.6,62.8,112.6,266.3,185.9,412.5,243.7,99.4,280.7,167.9,322.5,204.4,262.3,264.4,208.8,243.0,196.4,298.7,276.8,270.8,1962.4,245.3,293.9,167.2,243.4,313.1,128.3,154.4,145.1,297.8,277.7,301.5,190.5,159.2,321.1,147.3,250.0,320.8,195.0,189.0,264.8,74.2,309.7,210.0,222.1,394.0,118.3,214.1,232.7,248.3,165.4,346.3,138.5,222.9,288.2,146.9,117.7,386.0,203.0,292.5
KJ,320.0,265.6,175.4,63.8,258.0,209.3,197.3,396.5,251.4,182.1,298.7,153.5,268.0,256.3,180.2,383.3,165.4,314.1,223.4,172.0,267.3,121.0,267.8,329.1,179.5,322.8,344.3,213.4,340.6,110.2,282.6,251.9,235.7,76.3,21.2,236.8,427.4,388.1,186.0,265.8,333.2,355.9,198.0,291.7,0.0,308.7,357.9,265.0,288.8,265.9,168.8,203.2,276.5,286.9,293.1,189.3,124.5,376.1,307.0,90.4,293.8,312.5,189.0,242.5,178.8,304.8,339.0,325.8,157.0,270.5,194.0,195.0,217.8,99.7,361.0,366.3,122.1,297.6,195.3,416.4,348.7,192.6,1916.0,317.2,366.5,124.5,84.7,360.6,242.5,211.9,184.2,354.5,189.4,403.4,217.6,225.2,433.9,321.4,367.7,377.3,172.5,216.1,168.4,245.3,151.0,327.7,294.0,307.3,255.5,213.0,213.6,302.9,238.0,361.6,217.5,295.5,229.1,272.2,231.9,299.3,201.9,410.2
KL,386.6,236.3,400.7,289.1,435.8,252.8,298.1,475.4,152.0,248.7,199.6,314.7,378.2,408.1,405.5,446.4,390.7,302.8,290.0,261.6,320.4,300.2,178.0,395.7,391.4,389.4,410.9,438.7,403.7,335.5,317.7,318.5,353.4,316.1,311.3,424.0,370.4,467.0,347.2,137.6,305.3,157.4,241.5,357.9,411.6,0.0,145.8,328.1,367.7,181.4,330.0,269.8,329.6,213.3,154.7,250.8,284.5,455.0,138.2,315.7,81.3,143.7,350.2,309.1,245.4,171.0,285.6,471.7,382.3,305.6,413.9,232.6,405.0,325.0,439.9,445.2,347.4,286.3,356.5,354.1,163.8,269.5,1768.7,212.1,57.7,280.3,328.0,366.3,309.1,278.5,215.5,101.1,414.7,482.3,255.2,394.9,376.9,388.0,430.8,82.3,290.1,186.4,393.7,311.9,229.2,390.8,205.1,456.0,293.1,374.2,374.8,291.6,249.3,163.1,330.6,229.3,454.4,327.7,298.5,448.0,363.1,353.6
KT,290.6,144.7,327.5,239.4,354.4,174.5,199.1,376.4,153.7,149.7,102.3,236.4,279.2,304.3,353.1,306.7,333.9,175.7,191.0,211.9,226.7,216.6,84.3,296.7,349.1,208.4,311.9,386.3,304.7,285.8,224.0,219.5,249.6,242.4,269.0,381.7,273.1,338.9,268.9,139.3,208.1,242.9,163.2,259.3,354.8,89.7,0.0,229.1,268.7,207.4,230.6,170.8,235.9,148.5,75.5,154.5,207.4,326.9,164.2,266.0,215.3,169.7,271.9,210.1,146.4,18.2,191.9,432.2,325.5,211.9,362.5,133.6,362.7,275.3,344.1,346.2,290.6,159.2,278.2,256.8,131.9,175.8,1817.5,100.4,147.5,176.5,250.8,261.0,210.1,179.5,116.5,131.0,341.5,354.2,156.2,312.0,284.5,289.0,331.8,162.0,186.3,188.1,336.9,212.9,259.2,291.8,107.8,413.7,194.1,295.9,296.5,164.5,99.6,248.6,226.8,76.5,404.7,239.8,199.5,405.7,284.8,255.9
LB,85.5,230.7,293.5,346.1,323.5,281.2,129.1,324.4,254.1,151.1,224.0,202.4,216.5,196.1,314.7,118.2,281.9,250.9,195.7,318.6,126.0,229.0,278.5,94.6,314.0,166.9,109.8,347.9,75.5,244.7,141.3,128.6,191.1,261.3,324.1,371.3,162.3,176.3,234.9,268.5,276.8,370.4,269.9,29.7,302.8,265.9,308.2,0.0,164.6,352.9,154.1,175.5,135.2,212.2,269.7,261.2,261.0,164.3,309.7,372.7,388.0,315.2,195.4,92.6,154.4,296.1,183.1,332.3,273.5,129.2,305.1,197.7,352.3,234.2,288.9,294.2,238.6,234.4,226.2,146.0,255.4,300.6,1959.6,242.5,323.7,197.0,273.2,304.5,158.1,184.2,186.9,325.2,307.5,191.6,220.3,256.3,168.8,93.0,102.6,346.1,224.8,218.8,284.9,104.0,339.5,62.6,219.3,316.6,148.1,243.9,262.5,246.2,195.2,376.1,168.3,252.7,363.6,176.7,147.5,415.8,232.8,145.5
LL,148.6,264.2,168.5,314.3,98.9,249.4,116.4,107.6,223.4,120.4,255.4,189.7,136.5,31.4,177.1,159.0,237.6,291.7,165.0,286.8,189.1,204.7,292.9,162.2,194.4,202.9,172.9,210.3,156.6,232.0,204.4,191.7,103.4,240.2,279.8,221.2,193.7,99.2,151.1,237.8,298.8,339.7,238.1,105.7,258.5,329.0,378.2,102.5,0.0,322.2,141.4,144.8,198.3,243.6,332.8,229.4,229.8,87.2,279.0,340.9,419.4,284.5,177.7,155.7,123.7,265.4,214.5,170.4,237.5,192.3,256.5,167.0,202.2,221.5,72.1,77.4,225.9,275.2,201.6,177.4,305.4,276.3,1991.0,273.9,386.8,164.6,248.6,316.7,60.2,153.5,156.2,370.8,182.5,114.5,189.6,138.2,200.2,141.3,183.7,377.5,192.4,188.1,240.6,167.1,314.9,143.7,250.7,151.9,211.2,219.3,109.6,277.6,258.3,345.4,160.1,315.8,134.9,131.0,71.9,169.1,208.2,176.5
LP,272.6,136.2,276.7,175.3,312.6,113.3,136.1,365.3,113.3,134.7,169.3,193.0,202.7,225.1,302.3,333.1,279.2,184.7,176.0,152.2,219.9,137.4,138.4,281.7,298.7,275.4,296.9,335.5,293.3,242.0,235.2,204.5,170.4,176.6,207.8,358.9,285.2,354.0,224.0,130.6,204.0,232.5,102.0,247.5,297.2,179.3,225.6,217.7,257.6,0.0,151.4,155.8,229.1,157.5,160.8,93.3,162.5,344.9,171.8,204.8,230.0,177.3,192.7,195.1,128.5,158.2,185.5,368.1,270.8,224.6,302.4,109.9,339.9,233.0,329.8,335.1,233.0,168.2,225.0,268.9,216.4,114.6,1840.1,184.9,237.1,97.3,187.9,232.7,195.1,161.6,133.9,219.2,290.7,369.3,132.5,232.7,291.7,274.0,320.4,247.9,104.2,80.9,282.2,195.0,266.8,280.4,164.6,352.5,170.4,241.2,248.7,173.5,108.6,235.3,147.6,163.2,360.9,217.9,181.6,341.6,230.1,265.1
LR,175.5,278.8,139.3,212.5,169.3,163.1,28.4,275.6,174.0,71.0,272.1,48.2,113.0,135.4,160.5,246.3,127.7,260.5,115.6,200.5,159.5,74.8,214.2,184.6,159.8,215.0,199.8,193.7,203.6,90.5,174.8,144.1,80.7,107.1,169.9,217.1,290.4,267.2,80.7,188.4,342.7,290.3,151.8,157.8,148.6,269.5,311.8,128.0,167.9,215.3,0.0,95.4,168.7,260.3,255.3,143.1,116.7,255.2,229.6,239.1,287.7,235.1,41.2,119.2,74.3,216.0,231.2,285.3,119.3,162.7,150.9,117.6,198.1,80.0,240.1,245.4,84.4,244.0,72.0,274.1,293.1,146.4,1897.9,280.2,327.3,96.3,119.0,358.4,98.0,104.1,106.8,310.8,153.3,282.5,140.2,128.4,296.9,203.6,230.7,339.5,143.0,138.7,130.7,137.5,185.3,190.7,267.4,269.6,178.1,89.7,108.3,249.3,184.4,296.0,57.9,256.3,209.4,116.6,87.4,261.6,78.6,273.6
MC,260.4,183.3,320.3,284.1,350.3,219.2,171.9,349.2,211.8,122.5,176.6,229.2,252.0,280.8,345.9,203.6,326.7,210.0,20.1,256.6,64.0,175.1,216.5,269.5,345.2,119.5,284.7,379.1,277.5,289.5,79.3,48.6,226.1,213.7,313.7,402.5,170.0,235.8,261.7,226.2,247.2,328.1,207.9,231.7,347.6,203.9,246.2,201.9,241.5,315.6,207.1,0.0,73.2,164.8,207.7,199.2,199.0,223.8,278.4,310.7,285.3,283.9,248.4,147.7,119.2,271.4,135.7,381.8,318.3,67.2,349.9,178.3,383.5,279.0,313.7,319.0,283.4,193.5,271.0,153.7,208.0,246.7,1912.2,195.1,261.7,135.0,225.6,262.9,182.9,8.6,144.6,263.2,334.3,251.1,200.9,274.6,176.5,118.1,304.6,286.3,162.8,176.5,329.7,42.0,291.9,264.6,171.9,366.1,86.1,288.7,289.3,198.8,133.2,333.8,203.3,190.7,408.4,201.5,172.3,450.4,277.6,153.2
MJ,259.0,105.5,298.9,210.8,328.9,145.9,170.5,347.8,137.9,121.1,138.6,207.8,250.6,275.7,324.5,318.8,305.3,154.0,162.4,183.3,206.3,188.0,143.2,268.1,320.5,261.8,283.3,357.7,276.1,257.2,221.6,190.9,221.0,210.3,240.4,353.1,362.9,339.4,240.3,180.2,173.3,283.8,134.6,230.3,326.2,130.6,172.9,200.5,240.1,248.3,202.0,142.2,0.0,126.8,134.4,125.9,177.6,327.4,205.1,237.4,212.0,210.6,243.3,181.5,117.8,198.1,154.8,400.8,296.9,209.5,328.5,105.0,334.1,246.7,312.3,317.6,262.0,137.5,249.6,346.6,172.2,147.2,1876.4,159.3,188.4,147.9,222.2,200.5,181.5,150.9,87.9,189.9,312.9,354.7,127.6,288.0,369.4,260.4,303.2,213.0,157.7,102.6,308.3,184.3,180.3,263.2,133.9,385.1,12.8,267.3,267.9,142.8,59.9,289.5,198.2,117.4,376.1,200.1,170.9,377.1,256.2,346.1
MS,165.0,74.7,324.9,236.8,354.9,171.9,208.6,373.8,177.9,147.1,11.8,233.8,276.6,286.9,350.5,190.6,331.3,74.5,188.4,209.3,143.3,214.0,137.4,174.1,346.5,92.3,189.3,383.7,196.6,283.2,140.6,216.9,247.0,236.3,266.4,379.1,157.0,222.8,266.3,163.5,93.8,280.4,160.6,256.3,352.2,131.9,156.2,226.5,255.4,231.6,228.0,168.2,152.5,0.0,114.1,151.9,203.6,210.8,188.4,263.4,175.7,193.9,269.3,190.1,143.8,181.4,108.5,426.8,322.9,128.5,354.5,131.0,360.1,272.7,338.3,343.6,288.0,58.0,275.6,140.7,43.1,173.2,1747.3,30.2,172.7,173.9,248.2,121.0,207.5,176.9,113.9,129.3,338.9,238.1,153.6,314.0,163.5,141.0,223.7,133.8,183.7,212.3,334.3,201.5,283.4,183.7,7.0,411.1,165.4,293.3,293.9,63.3,103.9,286.1,224.2,239.7,402.1,226.1,196.9,403.1,282.2,140.2
MT,241.0,81.5,349.7,287.4,376.6,196.7,255.5,432.8,122.0,206.1,59.2,258.6,335.6,364.4,403.8,263.6,389.0,148.0,247.4,259.9,165.6,258.7,23.2,251.6,389.7,169.9,262.3,437.0,269.6,333.8,162.9,275.9,309.7,300.8,309.6,422.3,230.0,295.8,291.1,107.6,164.8,211.2,185.4,315.3,409.9,76.0,107.2,285.5,325.1,175.7,290.7,227.2,174.8,72.9,0.0,176.7,229.6,283.8,132.5,314.0,139.7,138.0,332.0,266.5,202.8,125.5,130.8,472.8,380.6,150.8,417.6,155.8,403.3,323.3,400.5,402.6,345.7,131.5,300.4,219.0,88.8,267.8,1774.4,57.3,133.8,218.6,309.2,217.9,266.5,235.9,138.7,50.0,363.7,311.1,178.4,353.6,241.4,214.0,296.7,84.1,246.4,156.4,392.0,269.3,227.5,256.7,64.7,454.3,187.7,318.1,318.7,136.8,206.9,216.9,291.4,183.8,452.7,289.3,255.9,446.3,307.0,212.8
NB,371.6,168.9,196.4,84.8,282.1,95.9,236.3,417.5,148.9,221.1,202.0,192.5,289.0,277.3,201.2,404.3,186.4,217.4,262.4,57.3,306.3,160.0,171.1,380.7,194.5,361.8,395.9,234.4,361.6,131.2,321.6,290.9,256.7,111.8,114.4,227.1,448.4,409.1,216.5,163.3,236.7,217.6,84.6,315.8,207.3,212.0,254.3,286.0,309.8,163.5,207.8,242.2,315.5,190.2,196.4,0.0,162.3,397.1,142.6,111.4,197.1,148.1,228.0,281.5,217.8,190.9,218.2,274.8,178.0,309.5,209.6,234.0,208.1,120.7,382.0,387.3,143.1,200.9,229.5,432.1,233.4,94.6,1801.3,220.5,269.8,163.5,123.7,263.9,281.5,250.9,223.2,251.9,210.4,424.4,256.6,241.6,454.9,360.4,388.7,280.6,211.5,113.6,189.4,284.3,54.3,348.7,197.3,259.1,294.5,247.2,241.5,206.2,141.3,223.3,252.0,198.8,250.1,300.1,273.4,251.1,236.1,431.6
NE,234.5,323.1,120.0,211.2,146.9,186.3,72.7,285.4,218.3,115.3,316.4,28.9,148.9,145.2,145.6,267.2,126.4,304.8,159.9,205.0,203.8,98.0,258.5,248.1,144.9,259.3,258.8,178.8,224.5,89.2,219.1,188.4,119.6,109.3,168.6,202.2,311.3,277.0,61.4,232.7,425.6,332.9,175.0,178.7,147.3,313.8,363.0,148.9,177.7,238.5,44.2,139.7,213.0,304.6,299.6,166.3,0.0,265.0,273.9,237.8,310.9,279.4,64.4,163.5,118.6,260.3,275.5,286.8,118.0,207.0,155.0,161.9,183.2,78.7,249.9,255.2,83.1,288.3,70.7,300.3,356.0,169.6,1942.2,324.5,371.6,119.5,117.7,453.5,142.3,148.4,151.1,355.1,134.0,292.3,184.5,104.5,322.7,247.9,251.6,386.1,167.5,183.0,129.4,181.8,184.0,211.6,311.7,268.3,222.4,88.4,89.0,293.6,228.7,338.6,106.7,300.6,208.1,160.9,136.3,260.3,77.3,294.1
NJ,179.1,275.5,257.8,437.6,185.1,372.7,205.7,163.6,312.7,209.7,232.8,279.0,215.2,120.7,266.4,93.4,326.9,226.1,254.3,410.1,226.7,294.0,306.3,192.7,283.7,180.3,203.4,299.6,210.7,321.3,224.0,240.2,192.7,329.5,369.1,310.5,171.1,33.6,240.4,327.1,211.7,429.0,361.4,161.7,347.8,353.0,384.2,191.8,89.2,411.5,230.7,234.1,235.9,221.0,331.6,352.7,319.1,0.0,368.3,464.2,396.8,373.8,267.0,228.3,213.0,354.7,191.9,259.7,326.8,211.9,345.8,256.3,291.5,310.8,128.1,133.4,315.2,209.6,290.9,160.1,282.8,365.6,1968.4,251.3,393.8,253.9,337.9,229.4,149.5,242.8,245.5,345.0,271.8,48.9,278.9,227.5,177.6,144.0,237.8,354.9,281.7,277.4,320.2,215.6,404.2,197.8,228.1,241.2,248.8,308.6,198.9,311.4,295.9,434.7,249.4,353.4,224.2,224.5,161.2,258.4,297.5,153.9
NK,299.5,210.8,321.4,222.9,357.3,158.0,180.8,388.3,80.4,161.6,214.0,236.2,247.4,269.8,347.0,359.3,323.9,229.4,202.9,195.4,246.8,182.1,152.5,308.6,346.3,302.3,323.8,380.2,316.6,286.7,262.1,231.4,215.1,220.7,252.5,403.6,403.4,379.9,268.7,94.8,276.3,196.7,146.7,270.8,344.8,157.9,200.2,241.0,280.6,43.1,196.1,182.7,256.0,202.2,143.7,138.0,206.0,367.9,0.0,249.5,194.2,5.4,237.4,222.0,158.3,104.4,260.1,412.9,315.5,250.0,347.1,145.5,384.6,276.2,352.8,358.1,280.6,212.9,268.2,387.1,181.5,159.3,1804.3,168.6,215.7,142.0,232.6,275.9,222.0,191.4,128.4,199.2,335.4,395.2,168.1,280.3,409.9,300.9,343.7,227.9,151.8,99.3,326.9,224.8,231.0,303.7,209.3,397.2,206.0,285.9,296.3,218.2,153.3,202.4,192.3,144.7,405.6,240.6,211.4,389.2,274.8,386.6
NP,260.1,405.3,84.9,159.7,170.6,296.1,199.5,306.0,313.4,210.4,398.6,173.7,177.5,165.8,89.7,292.8,74.9,425.5,255.0,252.3,300.6,207.8,348.1,269.2,89.0,341.5,284.4,122.9,250.1,19.7,315.9,283.5,145.2,153.1,117.1,146.3,336.9,297.6,105.0,327.8,451.4,368.2,284.8,204.3,95.8,408.9,451.2,174.5,198.3,348.3,171.0,234.8,309.8,386.8,394.7,276.1,219.2,285.6,369.0,0.0,347.7,374.5,174.2,258.6,213.7,355.4,357.7,232.5,66.5,303.8,98.1,257.0,127.3,9.2,270.5,275.8,31.6,409.0,118.0,320.6,430.0,279.4,1911.7,417.1,466.7,220.4,165.0,479.1,173.5,243.5,246.2,450.2,98.9,312.9,279.6,130.1,343.4,267.6,277.2,478.9,268.4,278.1,77.9,278.6,231.3,237.2,393.9,216.8,322.7,135.7,130.0,383.2,318.3,373.9,229.0,395.7,138.6,221.0,161.9,208.8,124.6,320.1
NS,329.9,238.7,344.0,232.4,379.1,196.1,241.4,418.7,95.3,192.0,197.0,258.0,321.5,351.4,348.8,389.7,334.0,268.7,233.3,204.9,277.2,243.5,180.4,339.0,334.7,332.7,354.2,382.0,347.0,278.8,292.5,261.8,296.7,259.4,254.6,367.3,433.8,410.3,290.5,80.9,304.2,100.7,184.8,301.2,354.9,185.8,89.1,271.4,311.0,124.7,273.3,213.1,286.4,241.5,171.6,194.1,227.8,398.3,81.5,259.0,0.0,87.0,293.5,252.4,188.7,114.3,288.0,415.0,325.6,280.4,357.2,175.9,348.3,268.3,383.2,388.5,290.7,252.2,299.8,417.5,161.2,212.8,1654.6,196.5,150.2,223.6,271.3,357.1,252.4,221.8,158.8,92.1,358.0,425.6,198.5,338.2,440.3,331.3,374.1,63.6,233.4,129.7,337.0,255.2,172.5,334.1,202.5,399.3,236.4,317.5,318.1,257.5,192.6,106.4,273.9,172.6,397.7,271.0,241.8,391.3,306.4,417.0
NT,294.0,205.3,315.9,217.4,351.8,152.5,175.3,382.8,74.9,156.1,208.5,230.7,241.9,264.3,341.5,353.8,318.4,223.9,197.4,189.9,241.3,176.6,147.0,303.1,340.8,296.8,318.3,374.7,311.1,281.2,256.6,225.9,209.6,215.2,247.0,398.1,397.9,374.4,263.2,89.3,270.8,191.2,141.2,265.3,339.3,152.4,194.7,235.5,275.1,37.6,190.6,177.2,250.5,196.7,138.2,132.5,200.5,362.4,130.5,244.0,188.7,0.0,231.9,216.5,152.8,98.9,254.6,407.4,310.0,244.5,341.6,140.0,379.1,270.7,347.3,352.6,275.1,207.4,262.7,381.6,176.0,153.8,1798.8,163.1,210.2,136.5,227.1,270.4,216.5,185.9,122.9,193.7,329.9,389.7,162.6,274.8,404.4,295.4,338.2,222.4,146.3,93.8,321.4,219.3,225.5,298.2,203.8,391.7,200.5,280.4,290.8,212.7,147.8,196.9,186.8,139.2,400.1,235.1,205.9,383.7,269.3,381.1
NW,250.5,197.4,196.7,186.7,226.7,121.8,132.0,339.3,181.9,112.6,230.5,105.6,198.6,221.0,222.3,310.3,203.1,245.9,153.9,159.2,197.8,33.5,199.6,264.1,221.6,257.9,274.8,255.5,267.6,165.9,213.1,182.4,166.3,93.6,216.3,278.9,354.4,330.9,138.1,196.3,265.2,268.4,110.5,221.8,224.0,270.8,320.0,192.0,231.6,178.4,120.9,133.7,207.0,218.7,256.6,101.8,76.6,318.9,237.5,213.3,246.4,243.0,0.0,173.0,109.3,217.3,269.5,363.5,194.7,201.0,226.3,125.5,259.9,155.4,307.0,309.1,159.8,229.4,147.4,338.1,313.0,105.1,1903.2,281.5,328.6,55.0,102.0,292.4,173.0,142.4,114.7,312.1,210.7,346.2,148.1,185.8,360.9,251.9,294.7,340.8,103.0,146.6,209.4,175.8,168.3,254.7,225.8,345.0,186.0,165.1,165.7,234.7,169.8,274.1,148.0,257.6,284.8,202.7,162.4,337.0,154.0,337.2
OB,126.3,188.5,225.4,271.3,273.4,206.4,86.2,263.5,172.0,69.0,181.8,159.5,166.3,159.9,251.0,190.8,239.0,214.5,113.6,243.8,51.2,162.3,203.7,135.4,250.3,105.5,150.6,284.2,157.9,201.8,66.5,53.8,137.1,200.9,281.2,307.6,118.3,220.6,184.8,186.4,252.4,288.3,195.1,146.0,259.9,191.1,233.4,116.2,155.8,270.8,111.2,93.4,60.4,170.0,194.9,186.4,186.2,208.6,227.6,297.9,272.5,233.1,152.5,0.0,72.3,214.0,121.7,296.1,230.6,54.4,262.2,115.6,288.6,191.3,228.0,233.3,195.7,198.0,183.3,102.0,213.2,233.9,1895.9,200.3,248.9,122.2,212.8,268.1,97.2,102.1,104.8,250.4,239.4,235.9,138.2,184.3,124.8,84.3,185.0,273.5,150.0,136.7,242.0,29.2,279.1,145.0,177.1,280.4,73.3,201.0,229.2,203.3,120.4,294.0,125.4,177.9,317.9,115.8,86.6,297.6,189.9,101.5
OF,144.1,209.8,191.8,190.5,236.7,125.6,52.6,229.9,99.6,3.2,201.0,135.0,132.7,126.3,217.4,200.9,205.4,186.1,44.5,163.0,88.4,80.9,139.8,154.7,216.7,148.5,165.4,250.6,158.2,168.2,106.4,73.0,103.5,123.0,220.1,274.0,245.0,221.5,151.2,114.0,271.4,215.9,114.3,112.4,226.3,195.1,244.3,82.6,122.2,202.8,77.6,24.3,97.6,189.2,180.9,105.6,106.0,209.5,155.2,217.1,213.4,160.7,118.9,63.6,0.0,141.6,160.1,265.3,197.0,91.6,234.0,43.2,255.0,157.7,194.4,199.7,162.1,169.6,149.7,234.0,251.0,152.5,1823.5,219.5,252.9,40.8,131.4,287.3,63.6,33.0,32.4,242.3,205.8,236.8,65.8,155.3,256.4,142.5,185.3,265.1,68.6,64.3,208.4,66.4,197.7,145.3,196.3,246.8,110.5,167.4,195.6,174.9,110.0,221.6,96.3,181.9,284.3,82.2,53.0,264.0,156.3,227.8
OK,269.3,108.9,309.2,221.1,339.2,156.2,180.8,358.1,216.0,131.4,142.0,218.1,260.9,286.0,334.8,291.5,315.6,157.4,172.7,193.6,193.0,198.3,111.1,278.4,330.8,193.2,293.6,368.0,286.4,267.5,190.3,201.2,231.3,220.6,250.7,363.4,257.9,323.7,250.6,201.6,176.7,305.2,144.9,240.6,336.5,152.0,194.3,210.8,250.4,269.7,212.3,152.5,202.2,130.2,136.4,136.2,187.9,311.7,226.5,247.7,276.2,232.0,253.6,191.8,128.1,0.0,158.2,411.1,307.2,178.2,338.8,115.3,344.4,257.0,322.6,327.9,272.3,140.9,259.9,241.6,173.4,157.5,1877.6,160.5,209.8,158.2,232.5,203.9,191.8,161.2,98.2,191.9,323.2,339.0,137.9,298.3,264.4,270.7,313.5,220.6,168.0,112.9,318.6,194.6,321.5,273.5,137.3,395.4,175.8,277.6,278.2,146.2,81.3,310.9,208.5,138.8,386.4,210.4,181.2,387.4,266.5,241.1
OV,213.1,149.5,273.0,254.8,303.0,189.9,124.6,301.9,164.5,75.2,182.6,181.9,204.7,233.5,298.6,272.9,279.4,198.0,116.5,227.3,34.7,127.8,187.2,222.2,297.9,215.9,237.4,331.8,230.2,242.2,32.0,145.0,178.8,166.4,284.4,355.2,317.0,293.5,214.4,178.9,217.3,280.8,178.6,184.4,300.3,174.6,216.9,154.6,194.2,268.3,159.8,96.3,43.9,170.8,178.4,169.9,151.7,281.5,220.1,281.4,256.0,225.6,201.1,135.6,71.9,206.5,0.0,334.5,271.0,19.9,302.6,108.1,336.2,231.7,266.4,271.7,236.1,181.5,223.7,300.7,216.2,199.4,1888.4,203.3,232.4,87.7,178.3,244.5,135.6,105.0,97.3,233.9,287.0,308.8,130.7,227.3,323.5,214.5,257.3,257.0,115.5,129.2,282.4,138.4,244.6,217.3,177.9,318.8,56.8,241.4,242.0,186.8,103.9,286.5,156.0,161.4,361.1,154.2,125.0,413.3,230.3,300.2
PJ,258.3,403.5,83.1,151.9,186.8,294.3,197.7,322.2,311.6,208.6,396.8,171.9,175.7,182.0,6.6,291.0,67.1,423.7,253.2,250.5,298.8,206.0,346.3,267.4,23.9,344.3,282.6,39.8,248.3,152.7,314.1,281.7,143.4,154.8,109.3,81.2,335.1,313.8,103.2,326.0,449.6,378.4,283.0,202.5,88.0,407.1,456.3,172.7,214.5,350.9,169.2,233.0,308.0,385.0,392.9,274.3,212.6,301.8,367.2,178.5,357.9,372.7,172.4,256.8,211.9,353.6,355.9,0.0,76.7,302.0,108.3,255.2,62.2,142.2,286.7,292.0,146.6,407.2,116.2,318.8,446.8,277.6,1921.9,415.3,464.9,212.6,163.2,477.3,171.7,241.7,244.4,448.4,97.1,329.1,277.8,128.3,346.5,265.8,275.4,479.4,260.6,276.3,97.8,276.8,229.5,235.4,392.1,155.3,320.9,133.9,130.8,381.4,316.5,384.1,227.2,393.9,154.8,230.3,160.1,147.3,122.8,317.9
PK,341.4,330.2,166.2,241.7,229.5,377.4,280.8,364.9,394.7,291.7,363.3,255.0,263.2,224.7,107.7,374.1,168.2,378.7,336.3,209.2,381.9,289.1,332.4,350.5,85.6,422.8,365.7,140.9,331.4,235.8,397.2,364.8,226.5,234.4,199.1,118.2,418.2,356.5,186.3,316.5,532.7,347.1,366.1,285.6,189.1,373.3,373.7,255.8,257.2,315.3,252.3,316.1,391.1,351.5,357.7,357.4,301.2,344.5,272.1,268.3,326.6,277.6,255.5,339.9,295.0,436.7,439.0,165.9,0.0,385.1,148.1,338.3,99.2,225.3,329.4,334.7,229.7,362.2,199.3,401.9,394.7,255.9,1846.3,381.8,431.1,302.4,246.3,560.4,254.8,324.8,327.5,413.2,180.2,371.8,360.9,216.0,424.7,348.9,358.5,390.3,350.4,359.4,127.9,359.9,215.6,318.5,358.6,150.2,404.0,217.0,213.9,367.5,302.6,352.8,310.3,360.1,197.5,302.3,243.2,142.2,205.9,401.4
PN,193.1,259.7,253.0,235.4,283.0,170.5,104.6,281.9,144.5,55.2,253.0,161.9,184.7,213.5,278.6,252.9,259.4,231.0,96.5,207.9,140.4,107.8,184.7,202.2,277.9,200.5,217.4,311.8,210.2,222.2,12.1,125.0,158.8,149.9,265.0,335.2,297.0,273.5,194.4,158.9,323.4,260.8,159.2,164.8,280.3,240.0,289.2,134.6,174.2,248.3,139.8,76.3,149.6,241.2,225.8,150.5,132.9,261.5,200.1,262.0,258.3,205.6,181.1,115.6,51.9,186.5,212.1,317.3,251.0,0.0,288.0,88.1,316.2,211.7,249.6,251.7,216.1,214.5,203.7,280.7,303.0,179.4,1868.4,271.5,297.8,67.7,158.3,339.3,115.6,85.0,77.3,275.9,267.0,288.8,110.7,202.7,308.4,194.5,237.3,312.3,95.5,109.2,272.1,118.4,224.6,197.3,248.3,298.8,162.5,221.4,222.0,219.8,209.6,266.5,136.0,226.8,341.1,145.3,105.0,393.3,210.3,279.8
PV,352.7,292.3,205.1,88.1,286.1,239.0,227.0,424.6,281.1,211.8,323.3,177.8,297.7,284.4,167.4,413.0,195.1,338.7,253.1,201.7,297.0,150.7,292.4,363.3,139.9,357.1,374.0,200.6,370.3,139.9,315.0,281.6,265.4,106.0,50.9,177.9,457.1,416.2,215.7,295.5,357.8,264.6,227.7,321.4,216.0,333.3,298.1,294.7,316.9,295.6,198.5,232.9,306.2,311.5,312.3,219.0,154.2,404.2,195.0,120.1,249.5,200.5,218.7,272.2,208.5,334.5,368.7,228.4,186.7,300.2,0.0,224.7,158.9,129.4,392.3,394.4,146.4,322.2,225.0,446.1,373.3,222.3,1813.5,336.4,391.1,154.2,114.4,385.2,272.2,241.6,208.5,367.8,219.1,426.1,247.3,249.5,468.5,345.7,397.4,310.6,202.2,245.8,197.3,275.0,175.6,357.4,318.6,204.5,285.2,242.7,243.3,327.5,262.6,275.7,247.2,320.1,251.8,301.9,256.2,201.9,231.6,434.5
QB,306.6,153.1,346.5,258.4,376.5,193.5,218.1,395.4,185.5,168.7,186.2,255.4,298.2,323.3,372.1,366.4,352.9,201.6,210.0,230.9,253.9,235.6,190.8,315.7,368.1,309.4,330.9,405.3,323.7,304.8,269.2,238.5,268.6,257.9,288.0,400.7,410.5,387.0,287.9,227.8,220.9,331.4,182.2,277.9,373.8,178.2,220.5,248.1,287.7,295.9,249.6,189.8,263.1,174.4,182.0,173.5,225.2,375.0,252.7,285.0,259.6,258.2,290.9,229.1,165.4,245.7,202.4,448.4,344.5,257.1,376.1,0.0,381.7,294.3,359.9,365.2,309.6,185.1,297.2,394.2,219.8,194.8,1924.0,206.9,236.0,195.5,269.8,248.1,229.1,198.5,135.5,237.5,360.5,402.3,22.5,331.0,417.0,308.0,350.8,260.6,205.3,150.2,355.9,231.9,227.9,310.8,181.5,432.7,60.4,314.9,315.5,190.4,107.5,337.1,245.8,165.0,423.7,247.7,218.5,424.7,303.8,393.7
QC,376.7,339.1,201.5,142.4,264.8,287.9,275.9,400.2,330.0,260.7,372.2,232.1,298.5,260.0,143.0,409.4,203.5,387.6,302.0,250.6,345.9,199.6,341.3,385.8,120.9,401.4,401.0,176.2,366.7,188.8,361.2,330.5,261.8,151.4,99.8,19.0,453.5,391.8,221.6,344.4,406.9,318.9,276.6,320.9,224.4,382.2,345.5,291.1,292.5,340.1,247.4,281.8,355.1,360.4,366.6,267.9,201.9,379.8,243.9,169.0,298.4,249.4,267.6,321.1,257.4,383.4,417.6,201.2,35.2,349.1,48.8,273.6,0.0,178.3,364.7,370.0,200.7,371.1,234.6,437.2,403.6,271.2,1862.4,390.7,440.0,203.1,163.3,434.1,290.1,290.5,262.8,422.1,215.5,407.1,296.2,251.3,460.0,384.2,393.8,362.1,251.1,294.7,28.6,323.9,224.5,353.8,367.5,185.5,334.1,252.3,249.2,376.4,311.5,324.6,291.6,369.0,232.8,337.6,278.5,177.5,241.2,436.7
QD,250.8,396.0,75.6,225.7,161.3,286.8,190.2,296.7,304.1,201.1,389.3,164.4,168.2,156.5,80.4,283.5,140.9,416.2,245.7,243.0,291.3,198.5,338.8,264.4,79.7,336.8,275.1,113.6,240.8,10.4,306.6,274.2,135.9,147.3,183.1,137.0,327.6,288.3,95.7,318.5,441.9,420.4,275.5,195.0,161.8,399.6,448.8,165.2,189.0,339.0,161.7,225.5,300.5,377.5,385.4,266.8,213.5,276.3,359.7,252.3,364.8,365.2,164.9,249.3,204.4,346.1,348.4,229.6,150.5,294.5,172.3,247.7,118.0,0.0,264.4,266.5,139.1,399.7,108.7,316.6,439.3,270.1,1980.5,407.8,457.4,213.5,155.7,469.8,164.2,234.2,236.9,440.9,89.6,303.6,270.3,120.8,339.0,258.3,267.9,469.6,261.5,268.8,146.7,269.3,222.0,227.9,384.6,211.1,313.4,126.4,120.7,373.9,309.0,426.1,224.2,386.4,129.3,211.7,152.6,203.1,115.3,310.4
QI,210.0,376.2,210.6,330.0,180.4,268.3,135.3,35.4,242.3,139.3,367.4,205.4,122.4,112.8,236.2,236.5,288.1,328.8,183.9,305.7,227.8,223.6,282.5,220.6,232.3,314.9,231.3,269.4,197.0,250.9,245.8,212.4,122.3,265.7,330.3,292.8,305.7,208.0,170.0,256.7,410.8,355.4,257.0,166.7,305.8,337.8,387.0,121.4,108.7,345.5,160.3,163.7,237.0,355.6,320.4,248.3,248.7,196.0,297.9,359.8,356.1,303.4,201.6,187.5,139.4,284.3,326.5,251.8,279.7,227.8,316.7,185.9,273.8,240.4,0.0,189.4,241.6,312.3,232.4,294.7,376.8,295.2,1966.2,345.3,395.6,183.5,274.1,425.5,79.1,169.2,171.9,373.7,224.6,226.5,208.5,169.5,317.1,211.3,224.1,410.1,208.1,207.0,300.8,202.6,340.4,184.1,362.7,233.3,246.4,250.1,185.3,317.6,252.7,361.1,179.0,321.4,216.3,161.0,87.6,250.5,239.0,288.5
QM,71.1,234.3,279.1,331.7,309.1,266.8,114.7,310.0,239.7,136.7,227.6,188.0,212.8,231.4,300.3,121.8,267.5,254.5,181.3,304.2,111.6,214.6,264.1,80.2,299.6,170.5,95.4,333.5,79.1,230.3,126.9,114.2,176.7,246.9,309.7,356.9,165.9,179.9,220.5,254.1,280.4,356.0,255.5,15.3,288.4,251.5,293.8,162.7,202.3,338.5,139.7,161.1,120.8,215.8,255.3,246.8,246.6,167.9,295.3,358.3,332.9,300.8,181.0,78.2,140.0,281.7,186.7,425.1,259.1,114.8,290.7,183.3,337.9,219.8,274.5,0.0,224.2,238.0,211.8,149.6,259.0,286.2,1963.2,246.1,309.3,182.6,258.8,308.1,143.7,169.8,172.5,310.8,293.1,195.2,205.9,241.9,172.4,96.6,106.2,333.9,210.4,204.4,270.5,89.6,325.1,66.2,222.9,409.4,133.7,229.5,248.1,249.8,180.8,361.7,153.9,238.3,349.2,162.3,133.1,401.4,218.4,149.1
QO,376.3,329.8,201.1,128.0,264.4,273.5,261.5,399.8,315.6,246.3,362.9,217.7,298.1,259.6,142.6,409.0,43.2,378.3,287.6,236.2,331.5,185.2,332.0,385.4,120.5,387.0,400.6,175.8,366.3,174.4,346.8,316.1,261.4,140.5,85.4,153.1,453.1,391.4,221.2,330.0,397.6,336.5,262.2,320.5,64.1,372.9,370.0,290.7,292.1,330.1,233.0,267.4,340.7,351.1,357.3,253.5,188.7,379.4,261.5,154.6,316.0,267.0,253.2,306.7,243.0,369.0,403.2,203.6,34.8,334.7,66.4,259.2,134.1,163.9,364.3,369.6,0.0,361.8,234.2,442.1,412.9,256.8,1880.0,381.4,430.7,188.7,148.9,424.8,289.7,276.1,248.4,407.4,215.1,406.7,281.8,250.9,464.5,383.8,393.4,377.1,236.7,280.3,49.5,309.5,215.2,353.4,358.2,185.1,319.7,251.9,239.3,367.1,302.2,342.2,281.7,359.7,232.4,336.4,278.1,177.1,240.8,435.9
QQ,241.7,148.4,398.6,310.5,425.5,245.6,282.3,447.5,213.8,220.8,59.9,307.5,350.3,360.6,424.2,264.3,405.0,16.5,262.1,283.0,217.0,287.7,173.3,252.3,420.2,170.6,263.0,457.4,270.3,356.9,217.0,290.6,320.7,313.5,340.1,452.8,230.7,296.5,340.0,199.4,138.9,303.0,234.3,330.0,425.9,167.8,199.0,300.2,329.1,267.5,301.7,241.9,226.2,73.6,150.0,225.6,278.5,284.5,224.3,337.1,223.6,229.8,343.0,263.8,217.5,217.3,182.2,503.3,396.6,202.2,433.6,204.7,433.8,346.4,412.0,417.3,361.7,0.0,349.3,219.7,115.1,246.9,1795.1,120.6,225.6,247.6,321.9,192.0,281.2,250.6,187.6,159.8,412.6,311.8,227.3,387.7,242.1,214.7,297.4,193.9,257.4,248.2,408.0,275.2,319.3,257.4,65.4,484.8,239.1,367.0,367.6,126.6,177.6,308.7,297.9,275.6,475.8,304.0,270.6,476.8,355.9,213.5
QR,300.2,227.8,224.8,161.7,251.7,189.5,177.5,390.2,231.6,162.3,260.9,133.7,248.3,250.0,250.4,372.0,231.2,276.3,203.6,134.2,247.5,101.2,230.0,313.8,249.7,307.6,324.5,283.6,329.3,194.0,265.5,232.1,216.0,38.5,191.3,304.0,416.1,381.8,166.2,246.0,295.4,276.5,178.2,283.5,252.1,270.9,320.1,253.7,282.5,241.7,149.0,183.4,256.7,249.1,255.3,169.5,104.7,369.8,287.2,188.3,256.0,292.7,169.2,222.7,159.0,285.0,319.2,354.5,222.8,250.7,259.8,175.2,285.0,183.5,354.7,360.0,187.9,259.8,0.0,405.1,310.9,172.8,1878.2,279.4,328.7,104.7,46.9,322.8,222.7,192.1,164.4,313.2,238.8,397.1,197.8,209.3,427.5,301.6,356.4,339.5,152.7,196.3,234.2,225.5,113.2,316.4,256.2,336.0,235.7,17.6,193.8,265.1,200.2,282.2,193.2,257.7,312.9,241.3,212.1,328.0,6.6,398.9
QT,27.2,222.1,232.2,283.7,259.1,218.8,67.8,263.1,192.8,89.8,213.3,135.8,165.9,184.5,253.4,234.1,220.6,246.0,134.4,256.2,82.7,167.7,235.2,37.8,247.4,160.8,48.5,286.6,191.4,183.4,100.7,85.3,129.8,203.5,262.8,310.0,278.2,249.4,173.6,207.2,283.7,309.1,207.5,146.0,241.5,222.6,266.5,115.8,155.4,296.0,92.8,114.2,91.9,201.5,226.4,198.8,210.8,242.7,248.4,310.3,304.0,253.9,128.8,49.3,93.1,234.8,172.4,381.0,212.2,80.6,249.2,136.4,291.0,172.9,230.8,232.9,177.3,224.2,164.9,0.0,258.0,239.3,1916.7,226.5,280.4,134.0,211.9,299.6,96.8,122.9,120.3,276.5,246.2,264.7,159.0,194.3,289.6,128.5,218.5,307.3,161.8,157.5,233.3,60.7,278.2,178.5,208.6,357.2,104.8,182.6,201.2,234.8,151.9,314.8,111.5,209.4,297.0,126.5,80.9,354.5,171.5,261.0
QW,249.0,145.2,404.4,292.8,436.4,256.5,273.5,450.8,127.4,224.1,67.2,318.4,353.6,347.2,409.2,271.6,394.4,155.5,265.4,265.3,229.3,303.9,86.9,259.6,395.1,177.9,270.3,442.4,277.6,339.2,226.6,293.9,324.4,323.3,315.0,427.7,238.0,303.8,350.9,113.0,228.7,216.6,245.2,333.7,415.3,81.4,112.6,303.5,343.1,181.1,298.5,245.2,238.5,80.9,63.6,240.4,289.4,291.8,137.9,319.4,150.7,143.4,353.9,284.5,220.8,130.9,194.5,478.2,386.0,214.5,417.6,208.0,408.7,328.7,418.5,420.6,351.1,139.0,360.2,221.7,0.0,273.2,1722.3,43.5,139.2,254.6,331.7,281.6,284.5,253.9,190.9,73.4,418.4,319.1,230.6,376.2,249.4,222.0,304.7,107.5,289.8,161.8,397.4,287.3,232.9,264.7,72.7,459.7,251.4,377.9,378.5,144.3,212.3,222.3,312.7,189.2,458.1,314.2,273.9,451.7,366.8,220.8
RB,307.2,218.5,296.1,184.5,331.2,148.2,206.5,396.0,88.1,169.3,178.2,210.1,273.1,295.5,300.9,367.0,286.1,255.1,210.6,157.0,254.5,195.6,160.2,316.3,286.8,310.0,331.5,334.1,324.3,230.9,269.8,239.1,240.8,211.5,206.7,319.4,411.1,387.6,242.6,102.5,284.0,163.2,136.9,278.5,307.0,165.6,207.9,248.7,288.3,68.8,221.8,190.4,263.7,227.9,151.4,146.2,179.9,375.6,143.7,211.1,141.2,149.2,245.6,229.7,166.0,112.1,267.8,367.1,277.7,257.7,309.3,153.2,300.4,220.4,360.5,365.8,242.8,238.6,251.9,394.8,189.2,0.0,1812.0,176.3,223.4,167.7,223.4,336.9,229.7,199.1,136.1,206.9,310.1,402.9,175.8,290.3,417.6,308.6,351.4,235.6,177.5,107.0,289.1,232.5,124.6,311.4,183.7,351.4,213.7,269.6,270.2,243.9,179.0,168.9,218.0,152.4,349.8,248.3,219.1,343.4,258.5,394.3
RJ,2034.8,1964.1,2070.6,1943.7,2078.0,1906.9,1946.3,2123.6,1800.2,1896.9,1883.5,1968.8,2026.4,2020.0,2012.1,2094.6,2072.6,1973.6,1938.2,1916.2,1982.1,1967.5,1905.8,2043.9,1990.0,2037.6,2059.1,2045.3,2051.9,1990.1,1997.4,1966.7,1997.2,2014.1,1962.5,2022.6,2138.7,2115.2,2001.3,1785.8,2029.6,1781.2,1895.6,2006.1,2093.5,1911.2,1836.9,1976.3,2015.9,1865.4,1971.3,1918.0,1991.3,1897.2,1897.0,1919.7,1938.6,2103.2,1822.2,1970.3,1793.8,1827.7,2012.6,1957.3,1893.6,1857.7,2013.4,2014.4,2038.9,1985.3,2052.5,1880.8,2003.6,1979.6,2088.1,2093.4,2002.0,1957.1,2010.6,2122.4,1847.7,1944.9,0.0,1859.8,1898.5,1927.4,2026.0,2020.1,1957.3,1926.7,1863.7,1840.4,2084.6,2130.5,1903.4,2049.0,2145.2,2036.2,2079.0,1811.9,1955.2,1834.6,2032.3,1960.1,1904.6,2039.0,1889.0,1998.7,1941.3,2028.3,2076.0,1962.4,1897.5,1786.9,1985.5,1898.0,2046.0,1975.9,1946.7,1990.7,2017.2,2121.9
RV,202.4,112.1,362.3,313.0,389.2,209.3,246.0,411.2,147.6,184.5,23.6,271.2,314.0,324.3,429.4,228.0,368.7,111.9,225.8,285.5,180.7,251.4,107.1,211.5,415.3,129.7,226.7,462.6,234.0,359.4,178.0,254.3,284.4,277.2,335.2,447.9,194.4,260.2,303.7,133.2,147.4,250.1,198.0,293.7,389.6,101.6,132.8,263.9,292.8,201.3,265.4,205.6,189.9,37.3,83.8,189.3,242.2,248.2,158.1,339.6,145.4,163.6,306.7,227.5,181.2,151.1,145.9,498.4,360.3,165.9,391.9,168.4,428.9,348.9,375.7,381.0,325.4,95.4,313.0,178.1,31.4,293.4,1717.0,0.0,142.4,211.3,285.6,200.3,244.9,214.3,151.3,96.8,376.3,275.5,191.0,351.4,200.9,178.4,261.1,103.5,221.1,182.0,371.7,238.9,253.1,221.1,29.1,479.9,202.8,330.7,331.3,100.7,141.3,255.8,261.6,209.4,478.3,274.6,234.3,471.9,319.6,177.2
RY,328.8,237.6,342.9,231.3,378.0,195.0,240.3,417.6,94.2,190.9,197.3,256.9,320.4,350.3,347.7,388.6,332.9,267.6,232.2,203.8,276.1,242.4,179.3,337.9,333.6,331.6,353.1,380.9,345.9,277.7,291.4,260.7,295.6,258.3,253.5,366.2,432.7,409.2,289.4,79.8,303.1,99.6,183.7,300.1,353.8,184.7,88.0,270.3,309.9,123.6,272.2,212.0,285.3,240.4,170.5,193.0,226.7,397.2,80.4,257.9,23.5,85.9,292.4,251.3,187.6,113.2,286.9,413.9,324.5,279.3,356.1,174.8,347.2,267.2,382.1,387.4,289.6,251.1,298.7,416.4,208.3,211.7,1678.2,195.4,0.0,222.5,270.2,356.0,251.3,220.7,157.7,115.7,356.9,424.5,197.4,337.1,439.2,330.2,373.0,87.2,232.3,128.6,335.9,254.1,171.4,333.0,247.5,398.2,235.3,316.4,317.0,256.4,191.5,105.3,272.8,171.5,396.6,269.9,240.7,390.2,305.3,415.9
SB,195.4,164.8,185.2,193.2,215.2,128.3,76.9,284.2,126.8,57.5,197.9,94.1,143.5,165.9,210.8,255.2,191.6,213.3,98.8,165.7,142.7,40.0,167.0,204.5,210.1,198.2,219.7,244.0,212.5,154.4,158.0,127.3,111.2,78.6,222.8,267.4,299.3,275.8,126.6,141.2,232.6,243.1,117.0,166.7,212.5,222.3,264.6,136.9,176.5,180.5,92.2,78.6,151.9,186.1,208.1,108.3,63.9,263.8,182.4,219.8,240.6,187.9,129.6,117.9,54.2,168.8,214.4,349.2,183.2,145.9,214.8,70.4,248.4,143.9,248.7,254.0,148.3,196.8,135.9,283.0,245.9,111.6,1850.7,233.0,280.1,0.0,90.5,259.8,117.9,87.3,59.6,263.6,199.2,291.1,93.0,169.7,305.8,196.8,239.6,292.3,47.9,91.5,194.6,120.7,156.8,199.6,193.2,333.5,130.9,153.6,154.2,202.1,137.2,248.8,88.4,209.1,273.3,136.5,107.3,325.5,142.5,282.5
SC,308.5,180.8,226.3,114.7,312.0,107.8,266.2,447.4,160.8,170.6,213.9,222.4,318.9,307.2,231.1,434.2,216.3,229.3,211.9,87.2,255.8,189.9,183.0,317.6,224.4,265.1,332.8,264.3,391.5,161.1,262.2,240.4,286.6,141.7,144.3,257.0,329.8,439.0,246.4,175.2,248.6,229.5,96.5,345.7,237.2,223.9,266.2,315.9,339.7,175.4,237.7,191.7,265.0,202.1,208.3,105.8,192.2,427.0,154.5,141.3,209.0,160.0,257.9,231.0,167.3,202.8,230.1,304.7,207.9,250.1,239.5,154.5,238.0,150.6,411.9,417.2,173.0,212.8,259.4,313.5,245.3,106.5,1831.2,232.4,281.7,193.4,0.0,275.8,231.0,200.4,137.4,263.8,240.3,454.3,177.1,276.1,336.3,309.9,418.6,292.5,241.4,125.5,219.3,233.8,66.2,378.6,209.2,289.0,215.0,277.1,271.4,218.1,153.2,235.2,281.9,210.7,280.0,249.6,303.3,281.0,266.0,313.0
SM,211.4,89.8,340.0,251.9,370.0,187.0,211.6,388.9,179.0,162.2,101.1,248.9,291.7,316.8,365.6,223.7,346.4,81.1,203.5,224.4,173.9,229.1,120.6,225.0,361.6,130.0,235.7,398.8,243.0,298.3,171.2,232.0,262.1,254.9,281.5,394.2,203.4,255.9,281.4,193.4,25.8,295.3,175.7,271.8,367.3,189.7,238.9,241.6,281.2,257.2,243.1,183.3,183.1,89.3,145.9,167.0,219.9,197.9,234.6,278.5,265.1,240.1,284.4,222.6,158.9,221.0,139.1,444.7,338.0,159.1,369.6,146.1,375.2,287.8,353.4,358.7,303.1,64.6,290.7,192.4,151.1,188.3,1836.7,119.6,247.5,189.0,263.3,0.0,222.6,192.0,129.0,201.4,354.0,271.2,168.7,329.1,209.9,187.4,270.1,225.5,198.8,143.7,352.7,225.4,221.4,230.1,96.4,426.2,196.0,308.4,309.0,87.9,119.0,301.0,243.8,176.5,417.2,241.2,212.0,418.2,297.3,186.2
TE,127.8,267.9,131.4,254.0,179.4,189.1,56.1,166.2,163.1,60.1,261.2,129.4,69.0,97.8,157.0,160.5,208.9,249.6,104.7,226.5,148.6,144.4,203.3,136.9,156.3,204.1,152.1,190.2,117.8,171.7,163.9,133.2,43.1,183.0,251.1,213.6,204.6,157.8,90.8,177.5,319.1,279.4,177.8,72.0,229.8,258.6,300.9,42.2,58.5,261.9,81.1,84.5,157.8,249.4,244.4,169.1,168.3,145.8,218.7,280.6,276.9,224.2,122.4,108.3,63.4,205.1,220.3,198.8,200.5,151.8,232.1,106.7,194.6,161.2,130.7,136.0,165.6,233.1,153.2,188.3,282.2,216.0,1887.0,269.3,316.4,104.3,194.9,346.8,0.0,93.2,95.9,299.9,145.4,173.1,129.3,90.3,211.1,135.3,144.9,328.6,132.1,127.8,211.9,126.6,261.2,104.9,256.5,183.1,167.2,170.9,118.4,238.4,173.5,285.1,95.3,245.4,223.9,70.7,11.6,279.7,159.8,187.8
TF,251.7,176.7,311.6,275.4,338.5,210.5,163.2,340.5,203.1,113.8,167.9,220.5,243.3,272.1,337.2,194.9,318.0,201.3,11.5,247.9,55.3,166.4,207.8,265.3,336.5,115.4,276.0,370.4,268.8,280.8,73.3,39.9,217.4,208.5,305.0,393.8,161.3,227.1,253.0,217.5,238.5,319.4,199.2,223.4,338.9,195.2,244.4,193.2,232.8,306.9,198.4,134.9,64.5,156.1,199.0,190.5,191.5,215.1,269.7,302.0,276.6,275.2,239.7,139.0,110.5,262.7,127.0,375.9,309.6,58.5,346.6,169.6,374.8,270.3,305.0,310.3,274.7,184.8,262.3,145.0,217.9,238.0,1903.5,186.4,253.0,126.3,216.9,254.2,174.2,0.0,135.9,256.9,325.6,242.4,192.2,265.9,172.7,109.4,295.9,277.6,154.1,167.8,321.0,33.3,283.2,255.9,163.2,357.4,77.4,280.0,280.6,190.1,124.5,325.1,194.6,182.0,399.7,192.8,163.6,441.7,268.9,144.1
TI,171.0,105.1,221.7,158.0,273.0,93.1,82.5,259.8,67.1,33.1,138.2,155.0,162.6,156.2,247.3,230.8,235.3,153.6,74.4,130.5,118.3,103.7,107.3,184.6,246.6,178.4,195.3,280.5,188.1,204.4,136.3,102.9,133.4,145.8,187.6,300.3,274.9,251.4,187.5,81.5,172.7,183.4,81.8,142.7,256.2,162.6,211.8,112.5,152.1,165.9,107.5,54.2,127.5,126.4,148.4,73.1,126.0,239.4,122.7,184.6,180.9,128.2,148.8,93.5,29.8,109.1,190.0,350.8,226.9,121.5,258.5,17.0,281.3,193.9,224.3,229.6,192.0,137.1,179.6,258.6,204.8,94.4,1791.0,173.3,220.4,63.6,154.2,200.1,93.5,62.9,0.0,198.5,235.7,266.7,39.6,185.2,281.4,172.4,215.2,232.6,104.9,31.8,238.3,96.3,127.5,175.2,133.5,332.3,77.5,197.3,215.1,142.4,77.5,189.1,121.7,149.4,323.3,112.1,82.9,324.3,186.2,257.7
TR,372.9,137.2,412.3,295.7,444.3,264.4,281.4,458.7,130.3,232.0,112.8,321.3,361.5,360.6,417.1,322.7,402.3,201.6,273.3,273.2,219.2,311.8,76.8,383.5,398.0,223.5,394.2,450.3,387.0,347.1,219.2,301.8,332.3,326.2,322.9,435.6,283.6,354.9,358.8,120.9,218.4,185.0,253.1,341.6,425.5,89.3,115.5,311.4,353.3,193.4,306.4,253.1,228.4,126.5,48.5,230.3,292.3,337.4,145.8,327.3,84.2,151.3,356.8,292.4,234.2,138.8,184.4,481.1,393.9,209.9,430.9,215.9,416.6,336.6,428.7,428.5,361.3,185.1,368.1,272.6,137.4,281.1,1733.0,105.9,85.5,272.2,339.6,273.8,292.4,256.8,193.8,0.0,426.3,359.7,238.5,384.1,295.0,273.1,414.1,30.9,292.7,169.7,410.0,290.2,240.8,374.1,118.3,473.1,241.3,385.8,386.4,190.4,220.2,184.8,325.1,192.1,466.0,322.1,276.8,454.6,374.7,261.4
TT,247.6,246.9,120.7,177.5,195.8,208.6,100.5,331.2,246.1,143.1,280.0,74.7,185.1,191.0,125.5,313.0,92.7,295.4,187.7,153.3,231.6,120.3,249.1,256.7,124.8,287.1,271.9,158.7,270.3,55.5,246.9,216.2,152.8,54.1,134.9,182.1,357.1,322.8,107.2,260.5,314.7,295.6,197.3,224.5,113.6,290.0,332.3,194.7,223.5,260.8,72.0,167.5,240.8,268.2,274.4,188.6,122.6,310.8,301.7,204.1,275.1,307.2,92.2,191.3,146.4,288.1,303.3,250.3,84.3,234.8,115.9,189.7,163.1,45.0,295.7,301.0,49.4,278.9,19.0,340.8,311.4,191.9,1897.3,298.5,347.8,123.8,66.0,341.9,170.1,176.2,178.9,329.9,0.0,338.1,212.3,154.9,363.6,275.7,297.4,358.6,171.8,210.8,95.7,209.6,132.3,257.4,275.3,234.6,250.2,36.7,134.8,284.2,219.3,301.3,130.0,276.8,174.4,188.7,159.5,226.6,25.6,340.3
UA,146.0,203.8,354.0,365.9,384.0,301.0,189.6,384.9,314.6,211.6,220.6,262.9,287.7,258.1,375.2,44.4,342.4,177.1,256.2,338.4,204.5,289.5,234.6,159.6,374.5,160.6,170.3,408.4,177.6,305.2,219.8,207.1,251.6,325.3,384.6,431.8,138.0,221.8,295.4,329.0,220.8,430.9,289.7,267.4,363.3,328.5,359.7,237.6,226.6,371.2,214.6,236.0,213.7,234.3,259.9,281.0,332.6,137.3,385.0,392.5,384.3,390.5,255.9,171.1,214.9,378.0,176.8,397.1,334.0,207.7,365.6,260.1,412.8,294.7,352.6,354.7,299.1,160.6,286.7,121.7,275.8,302.3,1950.7,233.6,386.3,255.8,333.7,238.3,218.6,244.7,243.0,320.5,368.0,0.0,282.7,321.4,144.5,122.0,204.7,354.6,283.6,279.3,355.1,182.5,335.4,164.7,226.1,378.6,226.6,304.4,323.0,183.9,273.7,436.6,228.8,331.2,424.1,237.2,208.0,476.3,293.3,120.8
UQ,284.0,130.5,323.9,235.8,353.9,170.9,195.5,372.8,162.9,146.1,163.6,232.8,275.6,300.7,349.5,343.8,330.3,179.0,187.4,208.3,231.3,213.0,168.2,293.1,345.5,286.8,308.3,382.7,301.1,282.2,246.6,215.9,246.0,235.3,265.4,378.1,387.9,364.4,265.3,205.2,198.3,308.8,159.6,255.3,351.2,155.6,197.9,225.5,265.1,273.3,227.0,167.2,240.5,151.8,159.4,150.9,202.6,352.4,230.1,262.4,237.0,235.6,268.3,206.5,142.8,223.1,179.8,425.8,321.9,234.5,353.5,130.0,359.1,271.7,337.3,342.6,287.0,162.5,274.6,371.6,197.2,172.2,1901.4,184.3,213.4,172.9,247.2,225.5,206.5,175.9,112.9,214.9,337.9,379.7,0.0,313.0,394.4,285.4,328.2,238.0,182.7,127.6,333.3,209.3,205.3,288.2,158.9,410.1,37.8,292.3,292.9,167.8,84.9,314.5,223.2,142.4,401.1,225.1,195.9,402.1,281.2,371.1
UZ,217.4,241.5,160.1,226.2,185.5,161.3,65.7,312.9,211.3,112.9,274.6,64.4,154.9,177.3,176.7,288.2,148.5,290.0,152.9,203.3,201.4,73.0,243.7,226.5,180.6,256.9,241.7,209.9,240.9,106.7,216.7,186.0,122.6,131.4,186.1,233.3,332.3,304.5,96.9,225.7,304.7,312.5,154.6,184.5,169.4,314.9,364.1,169.9,209.8,213.5,41.8,137.3,210.6,258.2,296.1,145.9,120.7,297.1,266.9,257.4,290.5,272.4,44.0,161.1,116.2,256.8,273.1,304.3,140.1,200.0,177.1,154.9,218.9,96.2,280.6,282.7,105.2,273.5,88.2,321.3,352.5,144.6,1939.8,321.0,368.1,99.1,139.8,400.3,139.9,146.0,144.1,354.0,169.5,324.4,177.5,0.0,338.8,240.9,272.6,384.9,142.5,176.0,161.2,179.4,201.5,232.6,265.3,290.4,220.0,105.9,129.1,274.2,209.3,313.6,104.3,297.1,225.6,162.7,129.3,282.4,99.4,310.5
VB,148.8,208.3,353.8,368.3,218.0,303.4,189.4,196.5,314.4,211.4,199.5,257.8,195.7,153.6,375.0,88.8,342.2,226.4,275.2,340.8,193.4,286.5,237.0,159.4,369.4,147.0,170.1,408.2,33.0,305.0,193.4,206.9,251.4,320.2,384.4,431.6,137.8,128.9,295.2,328.8,252.1,425.8,292.1,267.6,363.1,319.7,346.0,237.4,122.1,378.0,214.4,255.0,202.6,187.7,297.0,283.4,306.7,121.8,376.2,394.9,363.5,381.7,250.8,152.8,209.8,369.2,158.6,292.6,333.8,178.6,370.8,262.5,412.6,289.6,164.2,166.3,298.9,209.9,281.6,126.8,249.5,304.7,1935.1,213.1,360.5,246.4,333.5,280.0,218.4,258.8,240.5,311.7,367.8,144.2,285.1,321.2,0.0,68.5,60.1,323.9,274.2,279.1,354.9,177.4,337.8,20.1,194.8,269.2,215.5,304.2,258.6,221.7,262.6,436.4,233.1,320.1,257.1,248.1,202.9,291.3,293.1,120.6
VC,64.6,187.4,272.6,324.1,299.5,259.2,108.2,274.2,233.2,130.2,180.7,181.5,206.3,175.0,293.8,106.4,261.0,239.1,174.8,296.6,123.1,208.1,218.2,73.7,293.1,100.4,88.9,327.0,96.2,223.8,138.4,125.7,170.2,243.9,303.2,350.4,56.6,136.2,214.0,247.6,264.8,349.5,247.9,186.4,281.9,263.0,312.2,156.2,143.5,336.4,133.2,154.6,132.3,168.9,266.8,239.2,251.2,124.2,288.8,350.7,344.7,294.3,174.5,84.2,133.5,275.2,112.0,314.0,252.6,126.3,289.6,176.8,331.4,213.3,241.9,244.0,217.7,222.6,205.3,40.3,230.7,279.7,1916.3,199.2,320.8,174.4,252.3,292.7,137.2,163.3,166.0,296.1,286.6,151.5,199.4,240.0,68.0,0.0,123.3,305.1,202.2,197.9,264.0,101.1,318.6,83.3,176.0,295.5,145.2,223.0,241.6,202.9,192.3,355.2,147.4,249.8,342.7,160.0,126.6,394.9,211.9,39.4
VF,176.1,236.5,230.5,398.6,160.9,333.7,219.7,136.3,344.7,241.7,229.8,293.0,187.9,93.4,239.1,133.4,372.5,266.1,305.5,371.1,223.7,316.8,267.3,185.2,256.4,172.7,200.4,272.3,207.7,335.3,221.0,237.2,165.4,351.9,414.7,283.2,168.1,73.6,213.1,359.1,273.4,461.0,322.4,121.5,393.4,350.0,374.3,267.7,61.9,403.9,244.7,285.3,232.9,218.0,332.2,313.7,340.7,61.6,406.5,425.2,393.8,412.0,286.0,200.0,245.0,399.5,188.9,229.6,364.1,208.9,395.7,292.8,264.2,324.8,100.8,106.1,329.2,249.6,316.8,151.8,261.2,335.0,1965.4,248.3,390.8,276.7,363.8,291.1,122.2,294.0,275.7,347.4,244.5,88.9,315.4,200.2,174.6,115.7,0.0,351.9,304.5,309.4,375.5,212.6,368.1,194.8,225.1,213.9,245.8,334.5,171.6,252.0,292.9,466.7,258.9,350.4,196.9,267.3,133.9,231.1,323.4,151.3
VI,388.5,165.7,399.6,288.0,431.6,251.7,297.0,474.3,148.6,247.6,141.3,311.3,377.1,404.7,404.4,345.7,389.6,230.1,288.9,258.2,247.7,299.1,105.3,399.1,388.0,252.0,409.8,437.6,402.6,334.4,247.7,317.4,352.3,316.2,310.2,422.9,312.1,377.9,346.1,136.5,246.9,154.0,240.4,357.2,408.2,117.8,149.0,327.0,364.3,184.7,328.9,268.7,256.9,155.0,82.0,249.7,282.3,368.5,137.1,314.6,55.5,142.6,346.8,308.0,242.0,167.3,212.9,473.4,381.2,232.9,418.2,231.5,403.9,321.6,442.0,444.1,344.0,216.2,353.1,301.1,137.0,268.4,1714.0,139.4,86.5,279.2,326.9,300.0,308.0,275.1,212.1,33.4,413.6,393.2,254.1,393.8,323.5,384.6,429.7,0.0,289.0,185.3,402.3,308.5,228.1,389.7,146.8,452.6,269.8,373.1,371.4,218.9,248.2,162.0,334.0,225.6,451.0,337.7,295.1,444.6,362.0,297.5
VL,176.0,281.4,169.5,256.8,210.5,200.5,28.9,258.1,174.5,71.5,272.6,92.5,95.5,117.9,195.1,228.8,172.0,261.0,116.1,237.9,160.0,119.1,214.7,185.1,194.4,220.1,200.3,228.3,186.1,134.8,178.0,144.6,63.2,154.9,214.2,251.7,272.9,249.7,125.0,188.9,387.4,290.8,189.2,153.2,192.9,270.0,319.2,110.5,150.4,259.6,44.2,95.9,169.2,260.8,255.8,180.5,162.2,237.7,230.1,283.4,288.3,235.6,85.5,119.7,74.8,216.5,231.7,332.4,163.6,163.2,200.6,118.1,232.7,124.3,225.8,227.9,128.7,244.5,116.3,256.6,312.2,190.7,1898.4,280.7,327.8,115.7,163.3,415.1,98.5,104.6,107.3,313.7,183.5,265.0,140.7,128.4,284.3,204.1,213.2,340.0,0.0,139.2,175.0,138.0,229.6,173.2,267.9,313.9,178.6,134.0,152.6,249.8,184.9,296.5,40.4,256.8,253.7,128.2,97.9,305.9,122.9,255.7
VR,200.1,90.4,250.8,169.9,298.8,105.0,111.6,288.9,35.2,62.2,123.5,184.9,191.7,185.3,276.4,259.9,264.4,138.9,103.5,142.4,147.4,132.8,92.6,209.2,275.7,202.9,224.4,309.6,217.2,227.2,162.7,132.0,162.5,171.4,199.5,333.0,304.0,280.5,210.2,49.6,158.2,151.5,93.7,171.4,285.3,133.5,175.8,141.6,181.2,134.0,136.6,83.3,156.6,111.7,117.9,85.0,156.7,268.5,90.8,196.5,149.0,96.3,177.9,122.6,58.9,77.2,139.7,359.9,256.0,150.6,287.6,46.1,314.0,216.7,253.4,258.7,221.1,122.4,208.7,287.7,154.9,106.3,1759.1,142.0,191.3,92.7,183.3,185.4,122.6,92.0,29.0,173.4,264.8,295.8,68.7,209.7,310.5,201.5,244.3,202.1,120.5,0.0,267.4,125.4,185.8,204.3,118.8,344.2,106.6,226.4,254.6,127.7,62.8,157.2,150.8,120.3,343.3,141.2,112.0,336.2,215.3,287.2
WA,372.9,312.5,225.3,104.0,306.3,259.2,247.2,444.8,291.6,232.0,343.5,193.7,317.9,304.6,187.6,423.5,215.3,358.9,273.3,217.2,317.2,170.9,312.6,383.5,160.8,377.3,394.2,220.8,390.5,160.1,335.2,301.8,285.6,116.5,71.1,198.1,477.3,426.7,235.9,315.7,378.0,280.5,247.9,341.6,232.9,353.5,320.4,314.9,337.1,315.8,218.7,253.1,326.4,331.7,328.2,239.2,164.7,424.4,215.2,140.3,269.7,220.7,234.2,292.4,224.0,354.7,388.9,238.9,206.9,320.4,25.5,244.9,179.1,144.9,412.5,414.6,168.7,337.7,240.5,466.3,388.8,242.5,1833.7,362.0,411.3,174.4,134.6,400.7,292.4,257.1,224.4,388.0,239.3,448.4,267.5,260.8,488.7,368.0,417.6,330.8,212.7,266.0,0.0,290.5,195.8,377.6,338.8,225.4,305.4,262.9,258.8,347.7,282.8,291.2,267.4,337.0,272.7,322.1,272.1,212.4,251.8,450.4
WC,218.3,136.7,278.2,242.0,305.1,177.1,129.8,307.1,169.7,80.4,169.8,187.1,209.9,238.7,303.8,278.1,284.6,185.2,121.7,214.5,21.9,133.0,174.4,227.4,303.1,225.7,242.6,337.0,235.4,247.4,37.2,150.2,184.0,175.1,271.6,360.4,322.2,298.7,219.6,184.1,204.3,286.0,165.8,189.6,305.5,161.8,211.0,159.8,199.4,273.5,165.0,101.5,31.1,158.0,165.6,157.1,158.1,286.7,236.3,268.6,243.2,241.8,206.3,140.8,77.1,229.3,237.3,342.5,276.2,25.1,313.2,136.2,341.4,236.9,274.8,276.9,241.3,168.7,228.9,305.9,222.0,204.6,1907.6,190.5,219.6,92.9,183.5,231.7,140.8,110.2,102.5,227.0,292.2,314.0,158.8,232.5,328.7,124.8,262.5,244.2,120.7,134.4,290.9,0.0,249.8,222.5,165.1,324.0,44.0,246.6,247.2,174.0,91.1,291.7,161.2,148.6,366.3,163.6,130.2,408.3,235.5,305.0
WI,242.2,114.5,273.0,224.8,308.9,188.5,132.4,331.0,94.5,104.3,147.6,187.8,199.0,221.4,341.2,297.1,275.5,163.0,145.6,197.3,189.5,133.7,116.7,251.3,327.1,198.8,266.5,374.4,259.3,271.2,195.9,174.1,166.7,172.3,247.0,359.7,263.5,322.6,220.3,108.9,182.3,203.5,177.2,213.5,296.4,157.6,199.9,183.7,223.3,109.1,147.7,125.4,198.7,135.8,142.0,89.6,157.6,310.6,150.1,251.4,181.5,155.6,189.0,164.7,101.0,136.5,163.8,407.4,267.1,183.8,298.7,88.2,340.7,260.7,295.5,300.8,232.2,146.5,219.8,247.2,179.0,40.2,1818.4,166.1,215.4,93.6,184.2,209.5,164.7,134.1,71.1,197.5,287.0,337.9,110.8,236.5,270.0,243.6,286.4,226.2,103.4,59.2,278.5,167.5,0.0,246.4,142.9,391.7,148.7,237.5,247.9,151.8,86.9,209.2,143.9,144.4,390.1,183.3,154.1,383.7,226.4,246.7
WM,216.1,276.5,270.5,438.6,200.9,373.7,259.7,176.3,384.7,281.7,269.8,333.0,175.5,133.4,279.1,173.4,412.5,306.1,345.5,411.1,263.7,356.8,307.3,225.2,296.4,212.7,240.4,312.3,12.8,375.3,261.0,277.2,205.4,391.9,454.7,323.2,208.1,113.6,253.1,399.1,313.4,501.0,362.4,161.5,433.4,390.0,414.3,307.7,101.9,443.9,284.7,325.3,272.9,258.0,372.2,353.7,380.7,101.6,446.5,465.2,433.8,452.0,326.0,240.0,285.0,439.5,228.9,269.6,404.1,248.9,435.7,332.8,304.2,364.8,140.8,146.1,369.2,289.6,356.8,191.8,301.2,375.0,2005.4,288.3,430.8,316.7,403.8,331.1,162.2,334.0,315.7,387.4,284.5,128.9,355.4,240.2,214.6,155.7,39.9,391.9,344.5,349.4,415.5,252.6,408.1,0.0,265.1,253.9,285.8,374.5,238.4,292.0,332.9,506.7,298.9,390.4,236.9,307.3,173.9,271.1,363.4,191.3
WR,173.2,82.9,333.1,245.0,363.1,180.1,216.8,382.0,170.8,155.3,4.7,242.0,284.8,295.1,358.7,198.8,339.5,82.7,196.6,217.5,151.5,222.2,130.3,182.3,354.7,100.5,197.5,391.9,204.8,291.4,148.8,225.1,255.2,244.5,274.6,387.3,165.2,231.0,274.5,156.4,102.0,273.3,168.8,264.5,360.4,124.8,149.1,234.7,263.6,224.5,236.2,176.4,160.7,8.2,107.0,160.1,211.8,219.0,181.3,271.6,168.6,186.8,277.5,198.3,152.0,174.3,116.7,435.0,331.1,136.7,362.7,139.2,368.3,280.9,346.5,351.8,296.2,66.2,283.8,148.9,36.0,181.4,1740.2,23.1,165.6,182.1,256.4,129.2,215.7,185.1,122.1,122.2,347.1,246.3,161.8,322.2,171.7,149.2,231.9,126.7,191.9,205.2,342.5,209.7,276.3,191.9,0.0,419.3,173.6,301.5,302.1,71.5,112.1,279.0,232.4,232.6,410.3,234.3,205.1,411.3,290.4,148.4
XC,276.8,422.0,101.6,170.4,202.2,312.8,216.2,340.7,330.1,227.1,415.3,190.4,194.2,200.5,25.1,309.5,85.6,442.2,271.7,269.0,317.3,224.5,364.8,290.4,42.4,358.2,301.1,58.3,266.8,171.2,332.6,300.2,161.9,173.3,127.8,99.7,353.6,332.3,121.7,344.5,467.9,396.9,301.5,233.9,106.5,425.6,474.8,191.2,233.0,365.0,187.7,251.5,326.5,403.5,411.4,292.8,231.1,320.3,385.7,197.0,376.4,391.2,190.9,275.3,230.4,372.1,374.4,18.4,95.2,320.5,132.2,273.7,80.7,160.7,305.2,310.5,165.1,425.7,134.7,337.3,465.3,296.1,1940.4,433.8,483.4,231.1,181.7,495.8,190.2,260.2,262.9,461.5,115.6,347.6,296.3,146.8,360.1,284.3,293.9,495.6,279.1,294.8,106.6,295.3,248.0,253.9,410.6,0.0,339.4,152.4,149.3,399.9,335.0,402.6,245.7,412.4,173.3,237.7,178.6,165.8,141.3,336.4
XO,246.1,92.6,286.0,197.9,316.0,133.0,157.6,334.9,125.0,108.2,125.7,194.9,237.7,262.8,311.6,305.9,292.4,141.1,149.5,170.4,193.4,175.1,130.3,255.2,307.6,248.9,270.4,344.8,263.2,244.3,208.7,178.0,208.1,197.4,227.5,340.2,350.0,326.5,227.4,167.3,160.4,270.9,121.7,217.4,313.3,117.7,160.0,187.6,227.2,235.4,189.1,129.3,202.6,113.9,121.5,113.0,164.7,314.5,192.2,224.5,199.1,197.7,230.4,168.6,104.9,185.2,141.9,387.9,284.0,196.6,315.6,92.1,321.2,233.8,299.4,304.7,249.1,124.6,236.7,333.7,159.3,134.3,1863.5,146.4,175.5,135.0,209.3,187.6,168.6,138.0,75.0,177.0,300.0,341.8,114.7,275.1,356.5,247.5,290.3,200.1,144.8,89.7,295.4,171.4,167.4,250.3,121.0,372.2,0.0,254.4,255.0,129.9,47.0,276.6,185.3,104.5,363.2,187.2,158.0,364.2,243.3,333.2
XZ,282.5,210.1,207.1,144.0,237.1,171.8,159.8,372.5,213.9,144.6,243.2,116.0,230.6,232.3,232.7,354.3,213.5,258.6,185.9,116.5,229.8,83.5,212.3,291.6,232.0,285.3,306.8,265.9,311.6,176.3,245.1,214.4,198.3,17.3,173.6,286.3,398.4,364.1,148.5,228.3,277.9,258.8,160.5,265.8,234.4,253.2,295.5,236.0,264.8,224.0,131.3,165.7,239.0,231.4,237.6,151.8,85.8,352.1,269.5,170.6,238.3,275.0,151.5,205.0,141.3,267.3,301.5,334.0,205.1,233.0,236.7,157.5,267.3,165.8,337.0,342.3,170.2,242.1,157.8,382.1,274.6,155.1,1860.5,261.7,311.0,87.0,29.2,305.1,205.0,174.4,146.7,293.1,221.1,379.4,180.1,196.2,404.9,283.9,338.7,321.8,135.0,178.6,216.5,207.8,95.5,298.7,238.5,318.3,218.0,0.0,176.1,247.4,182.5,264.5,175.5,240.0,295.2,223.6,194.4,310.3,164.4,381.6
YF,226.8,369.0,98.6,277.8,41.0,244.8,149.2,212.4,277.7,174.7,360.2,147.9,59.8,72.2,136.0,259.5,196.5,392.2,219.3,266.0,267.3,156.5,317.9,240.4,141.5,307.7,251.1,169.2,216.8,168.2,282.6,247.8,111.9,170.3,238.7,198.8,298.5,204.0,88.4,292.1,403.8,391.4,233.5,171.0,217.4,373.2,422.4,141.2,104.7,297.0,120.7,199.1,276.5,348.4,359.0,224.8,199.6,192.0,333.3,304.4,369.4,338.8,122.9,222.9,178.0,319.7,319.3,129.3,197.0,270.5,234.0,221.3,179.8,157.7,176.9,182.2,162.1,375.7,131.7,282.2,410.2,228.1,2001.6,378.7,431.0,178.0,178.7,421.5,114.5,207.8,210.5,416.9,112.6,219.3,243.9,83.4,305.0,234.3,212.7,443.2,226.0,242.4,208.4,245.3,245.0,203.9,355.5,110.8,289.4,149.4,0.0,353.0,288.1,397.1,178.7,360.0,65.0,185.3,126.2,148.2,138.3,281.3
YM,304.2,147.5,397.7,309.6,427.7,244.7,347.8,446.6,270.1,219.9,124.2,306.6,349.4,411.5,423.3,328.6,404.1,212.5,261.2,282.1,231.6,286.8,229.6,313.3,419.3,230.3,328.5,456.5,335.8,356.0,228.9,365.3,319.8,309.1,339.2,451.9,296.2,360.8,339.1,255.7,83.7,359.3,233.4,329.1,425.0,224.1,248.4,299.3,380.0,323.8,372.8,241.0,240.8,137.9,206.3,224.7,276.4,290.7,280.6,336.2,277.3,286.1,414.1,329.3,216.6,273.6,196.8,499.6,395.7,216.8,427.3,203.8,432.9,345.5,411.1,416.4,360.8,196.0,348.4,279.9,164.8,246.0,1877.8,176.9,281.9,246.7,321.0,57.6,280.3,249.7,186.7,221.5,411.7,376.1,226.4,386.8,302.7,280.2,362.9,250.2,256.5,304.5,407.1,340.7,375.6,322.9,129.7,483.9,253.7,366.1,366.7,0.0,176.7,365.0,297.0,331.9,474.9,298.9,269.7,475.9,355.0,279.4
YN,369.2,141.5,411.6,300.0,446.7,263.7,280.7,458.0,134.6,231.3,101.2,325.6,360.8,354.4,416.4,305.6,401.6,208.0,272.6,272.5,225.6,311.1,83.2,378.3,402.3,207.3,393.5,449.6,386.3,346.4,222.9,301.1,331.6,327.0,322.2,434.9,272.0,337.8,358.1,120.2,207.0,223.8,252.4,340.5,422.5,70.6,112.9,310.7,350.3,188.3,305.7,252.4,234.8,114.9,74.4,236.7,295.4,325.8,145.1,326.6,152.0,150.6,361.1,291.7,228.0,138.1,190.8,482.6,393.2,210.8,424.8,215.2,415.9,335.9,422.5,427.8,358.3,191.5,367.4,255.7,112.2,280.4,1816.4,99.3,128.4,261.8,338.9,259.9,291.7,261.1,198.1,129.9,425.6,353.1,237.8,378.8,278.5,256.0,413.4,153.0,297.0,169.0,404.6,294.5,240.1,373.4,106.7,466.9,247.7,385.1,385.7,194.5,0.0,229.5,319.9,57.4,465.3,310.3,281.1,458.9,374.0,255.2
YV,337.8,248.2,356.7,204.1,392.6,167.8,216.1,423.6,115.7,196.9,249.3,271.5,282.7,305.1,320.5,394.6,305.7,264.7,238.2,176.6,282.1,217.4,187.8,348.4,306.4,337.6,359.1,353.7,351.9,250.5,297.4,266.7,250.4,259.5,226.3,339.0,438.7,415.2,304.0,130.1,311.4,128.2,156.5,306.1,326.6,193.2,161.7,276.3,315.9,82.8,231.4,218.0,291.3,237.5,179.0,173.3,242.5,403.2,35.2,230.7,107.7,40.7,272.7,257.3,193.6,139.7,295.4,389.5,297.3,285.3,328.9,180.8,320.0,240.0,388.1,393.4,262.4,248.2,303.5,427.7,235.4,184.5,1735.8,203.9,251.0,177.3,267.9,311.2,257.3,226.7,163.7,194.4,370.7,430.5,203.4,320.2,450.1,336.2,379.0,168.8,187.1,134.6,312.0,260.1,144.2,339.0,244.6,371.0,241.3,321.2,331.6,253.5,188.6,0.0,232.1,180.0,369.4,280.1,246.7,363.0,310.1,421.5
ZA,158.6,302.9,129.0,299.8,173.9,234.9,101.9,217.6,208.9,105.9,294.1,152.5,55.0,72.9,154.6,188.3,215.1,321.0,150.5,272.3,196.1,165.6,249.1,164.7,149.4,241.6,179.9,187.8,145.6,198.6,214.1,179.0,22.7,200.7,257.3,211.2,232.4,209.2,88.4,223.3,346.7,320.7,223.6,112.7,236.0,304.4,353.6,70.0,105.4,310.5,126.9,130.3,205.3,282.3,290.2,214.9,208.7,192.7,264.5,326.4,322.7,270.0,132.0,154.1,104.7,250.9,253.2,210.7,224.7,194.8,246.5,152.5,192.2,188.1,185.3,187.4,192.5,304.5,162.1,221.4,344.1,237.2,1932.8,308.1,362.2,150.1,209.1,370.1,69.0,134.5,137.2,340.3,143.0,224.5,175.1,88.0,243.8,163.1,172.7,376.7,177.9,173.6,230.6,169.6,275.4,132.7,289.4,192.2,218.2,179.8,122.2,284.2,219.3,330.9,0.0,291.2,217.0,127.6,52.9,272.8,168.7,210.7
ZH,314.7,205.0,354.1,242.5,386.1,206.2,223.2,400.5,77.1,173.8,164.7,268.1,303.3,296.9,358.9,371.5,344.1,238.1,215.1,215.0,259.0,253.6,146.7,320.8,344.8,314.5,336.0,392.1,328.8,288.9,274.3,243.6,274.1,273.0,264.7,377.4,415.6,392.1,300.6,62.7,270.5,166.3,194.9,283.4,365.0,13.1,62.3,253.2,292.8,130.8,248.2,194.9,268.2,210.9,137.9,196.6,239.1,380.1,87.6,269.1,94.5,93.1,303.6,234.2,170.5,80.6,254.3,427.9,335.7,262.2,372.7,157.7,358.4,278.4,368.2,370.3,300.8,221.6,309.9,404.6,194.3,222.9,1781.9,162.8,70.9,204.3,281.4,323.4,234.2,203.6,140.6,112.0,368.1,407.4,180.3,321.3,427.0,313.1,355.9,97.8,239.5,111.5,347.1,237.0,182.6,315.9,170.2,409.4,218.2,327.6,328.2,226.9,162.0,172.0,266.9,0.0,407.8,257.0,223.6,401.4,316.5,398.4
ZK,226.7,371.9,33.5,222.4,160.2,256.2,148.1,295.6,280.0,177.0,365.2,122.3,144.1,155.4,77.1,259.4,137.6,343.0,221.6,200.9,267.2,167.9,296.7,235.8,76.4,308.1,251.0,110.3,216.7,103.1,282.5,250.1,111.8,105.2,179.8,133.7,303.5,287.2,71.6,294.4,417.8,343.2,244.9,170.9,158.5,337.6,386.8,141.1,187.9,308.4,119.6,201.4,276.4,353.4,322.0,236.2,171.4,275.2,335.6,249.0,322.7,341.1,139.8,225.2,180.3,322.0,324.3,226.3,131.9,270.4,168.9,223.6,114.7,92.6,260.1,265.4,97.0,326.5,66.6,292.5,415.2,239.5,1944.9,383.7,395.4,171.4,113.6,445.7,140.1,210.1,212.8,377.5,47.5,302.5,246.2,96.7,310.0,234.2,243.8,406.2,219.4,244.7,153.0,245.2,179.9,203.8,360.5,207.8,289.3,84.3,99.2,331.8,266.9,348.9,177.6,324.4,0.0,198.7,128.5,199.8,73.2,286.3
ZN,54.6,232.4,262.6,315.2,292.6,250.3,98.2,293.5,223.2,120.2,225.7,164.6,196.3,208.0,283.8,257.6,251.0,258.4,164.8,280.8,95.1,198.1,247.6,63.7,287.3,168.6,78.9,317.0,221.8,213.8,110.4,97.7,160.2,227.0,293.2,340.4,308.6,289.3,204.0,237.6,296.3,339.5,239.0,176.0,265.0,235.0,277.3,146.2,185.8,323.5,123.2,144.6,104.3,213.9,231.9,230.3,224.4,273.1,278.8,341.8,316.4,284.3,168.7,61.7,123.5,265.2,184.8,404.5,242.6,98.3,274.2,166.8,321.4,203.3,258.0,263.3,200.8,241.9,195.3,292.3,268.8,269.7,1961.3,237.3,292.8,166.1,242.3,312.0,127.2,146.4,160.2,294.3,276.6,293.5,189.4,225.4,315.1,146.2,248.9,317.4,193.9,187.9,254.0,66.2,308.6,208.9,221.0,386.0,117.2,213.0,224.7,247.2,164.3,345.2,137.4,226.0,325.8,0.0,109.7,384.9,201.9,291.4
ZP,115.1,260.3,138.7,242.3,183.6,177.4,44.4,176.8,151.4,48.4,253.6,117.7,79.6,73.2,164.3,147.8,197.2,280.5,93.0,214.8,136.9,132.7,191.6,128.7,163.6,196.5,139.4,197.5,105.1,160.0,152.2,121.5,50.4,174.8,239.4,220.9,191.9,168.4,98.1,165.8,306.4,267.7,166.1,75.8,218.1,246.9,296.1,29.5,69.1,250.2,69.4,72.8,146.1,241.8,232.7,157.4,157.8,156.4,207.0,268.9,265.2,212.5,110.7,96.6,51.7,193.4,212.7,212.2,188.8,140.1,225.8,95.0,201.9,149.5,141.3,146.6,153.9,264.0,141.5,175.6,303.6,204.3,1875.3,272.1,304.7,92.6,183.2,334.1,10.5,81.5,84.2,288.2,152.7,183.7,117.6,97.6,198.4,122.6,132.2,319.2,120.4,116.1,200.2,114.9,249.5,92.2,248.9,193.7,155.5,159.2,142.5,226.7,161.8,273.4,83.6,233.7,231.2,70.1,0.0,210.9,148.1,174.7
ZR,296.2,440.5,118.0,175.5,218.6,321.0,232.6,357.1,346.5,243.5,431.7,206.8,210.6,216.9,59.5,325.9,120.0,458.6,288.1,283.7,333.7,232.7,374.4,306.8,37.4,379.2,317.5,92.7,283.2,187.6,349.0,316.6,178.3,188.0,132.9,52.0,370.0,348.7,138.1,360.9,484.5,352.0,309.7,250.3,140.9,442.0,385.5,207.6,249.4,373.2,204.1,267.9,342.9,419.9,427.8,301.0,236.2,336.7,277.0,202.1,331.5,282.5,207.3,291.7,246.8,388.5,390.8,162.6,68.3,336.9,81.9,290.1,33.0,177.1,321.6,326.9,181.5,442.1,151.1,353.7,481.7,304.3,1895.5,450.2,499.8,236.2,196.4,512.2,206.6,276.6,279.3,483.3,132.0,364.0,312.7,163.2,376.5,300.7,310.3,392.6,284.2,311.2,65.0,311.7,257.6,270.3,427.0,144.1,355.8,168.8,165.7,409.5,344.6,357.7,266.6,428.8,189.7,258.3,195.0,0.0,157.7,352.8
ZS,293.6,221.2,218.2,155.1,248.2,182.9,170.9,383.6,225.0,155.7,254.3,127.1,241.7,243.4,243.8,365.4,224.6,269.7,197.0,127.6,240.9,94.6,223.4,302.7,243.1,296.4,317.9,277.0,322.7,187.4,256.2,225.5,209.4,28.4,184.7,297.4,409.5,375.2,159.6,239.4,289.0,269.9,171.6,276.9,245.5,264.3,306.6,247.1,275.9,235.1,142.4,176.8,250.1,242.5,248.7,162.9,96.9,363.2,280.6,181.7,249.4,286.1,162.6,216.1,152.4,278.4,312.6,345.1,216.2,244.1,247.8,168.6,278.4,176.9,348.1,353.4,181.3,253.2,168.9,393.2,285.7,166.2,1871.6,272.8,322.1,98.1,40.3,316.2,216.1,185.5,157.8,304.2,232.2,390.5,191.2,202.7,416.0,295.0,349.8,332.9,146.1,189.7,227.6,218.9,106.6,309.8,249.6,329.4,229.1,11.0,187.2,258.5,193.6,275.6,186.6,251.1,306.3,234.7,205.5,321.4,0.0,392.7
ZU,172.5,232.0,377.5,392.0,241.7,327.1,213.1,220.2,338.1,235.1,223.2,286.4,219.4,177.3,398.7,117.4,365.9,250.1,298.9,364.5,217.1,310.2,260.7,178.6,398.0,170.7,193.8,431.9,56.7,328.7,217.1,230.6,275.1,348.8,408.1,455.3,17.1,157.5,318.9,352.5,275.8,454.4,315.8,290.9,386.8,343.4,374.6,261.1,145.8,397.3,238.1,278.7,226.3,211.4,325.6,307.1,335.3,145.5,399.9,418.6,387.2,405.4,279.4,176.5,238.4,392.9,182.3,316.3,357.5,202.3,389.1,286.2,436.3,318.2,187.9,190.0,322.6,233.6,310.2,145.2,273.2,328.4,1958.8,241.7,384.2,270.1,357.2,303.7,242.1,287.4,269.1,335.4,391.5,172.8,308.8,340.3,28.5,92.2,83.8,345.3,297.9,302.8,378.6,206.0,361.5,43.8,218.5,297.8,239.2,327.9,282.3,245.4,286.3,460.1,256.8,343.8,280.8,260.7,231.5,315.0,316.8,0.0
