from_stop,AD,AJ,AL,AN,AO,AQ,BF,BP,BS,BX,BY,CE,CP,CT,CY,DB,DF,DH,DK,DL,DS,EA,ED,EG,EN,EO,EP,EU,FB,FE,FF,FP,FU,FY,FZ,GF,GG,GM,GU,HB,HH,HR,IE,IH,IK,IL,IV,IY,JO,KE,KR,KX,KY,LS,LX,MD,MJ,NB,NK,NP,OC,OF,OM,OR,OV,OX,PR,PS,QH,QJ,RA,RC,RD,RE,RF,RK,SF,SO,SS,ST,SX,TI,TN,TU,UD,UR,UV,UW,UY,UZ,VH,VK,VS,VY,WI,WR,WS,WY,XE,XF,XY,YY,ZB,ZM,ZO,ZP,ZT,ZY
AD,0.0,293.2,175.3,104.1,312.8,277.3,292.5,64.6,168.6,404.9,377.9,248.4,86.7,108.6,240.1,352.3,68.8,302.1,256.7,236.3,361.0,118.7,376.1,112.7,359.1,150.8,153.1,380.7,245.8,296.6,94.9,176.9,94.3,412.6,248.0,241.6,273.5,396.1,61.3,282.2,290.0,202.5,174.5,285.5,322.4,178.2,133.2,42.5,369.3,69.7,86.7,286.4,218.4,218.6,218.4,91.7,212.4,342.8,321.4,151.1,111.4,397.3,332.4,61.4,129.4,311.2,216.4,75.7,285.3,138.5,332.3,135.9,210.4,350.6,219.5,236.7,336.3,1651.4,82.5,146.5,336.8,331.1,343.4,159.8,149.0,256.6,133.1,193.2,357.4,41.7,280.3,117.2,129.2,301.6,105.2,104.5,174.7,168.3,212.3,255.2,169.3,203.3,126.1,123.4,168.5,200.6,79.6,271.8
AJ,299.1,0.0,233.5,281.8,67.4,17.3,238.1,293.7,314.6,168.4,137.1,167.3,304.4,327.1,288.8,183.0,227.0,8.1,205.5,262.3,114.4,228.7,130.7,288.9,168.4,237.7,210.6,144.2,193.9,126.7,210.6,334.6,311.2,187.1,378.7,215.7,148.3,160.5,266.3,269.3,164.8,189.6,294.8,115.6,42.8,322.7,278.4,251.9,132.0,255.4,304.4,61.8,276.6,140.3,275.9,326.7,269.9,191.8,212.8,177.9,233.6,180.4,86.3,233.9,312.1,110.2,406.6,293.4,8.5,216.0,115.6,256.2,132.1,179.9,206.6,224.6,42.3,1332.0,252.2,363.5,42.8,160.4,109.1,185.3,174.3,86.7,243.1,382.6,120.1,277.4,231.9,174.9,295.2,145.6,275.2,186.9,341.1,316.8,238.3,224.0,363.7,337.6,344.6,267.9,226.7,226.6,315.3,23.9
AL,189.4,246.0,0.0,159.5,219.6,228.6,121.0,135.9,115.6,274.7,244.2,120.0,177.5,199.4,64.7,331.9,100.1,253.4,104.3,80.5,244.6,102.5,250.9,100.5,219.0,110.8,22.1,270.0,115.2,171.4,83.7,136.4,157.5,270.6,280.0,119.4,181.7,255.0,153.0,129.8,170.7,89.8,93.1,182.5,258.5,125.2,80.2,125.0,262.2,128.5,169.1,281.2,43.0,126.1,43.0,141.7,37.0,201.1,158.4,82.2,143.8,255.3,219.5,107.0,161.4,215.7,272.6,166.5,236.6,71.8,200.9,102.9,134.0,219.2,72.8,80.2,287.6,1591.5,125.3,223.5,288.1,199.7,212.0,72.2,80.6,186.2,56.1,244.3,241.7,150.5,108.2,107.8,106.8,170.2,113.0,59.7,225.8,210.0,61.6,127.7,220.4,238.9,220.0,90.4,6.8,48.4,129.6,223.1
AN,168.3,274.7,156.1,0.0,293.6,258.1,302.3,119.4,137.6,385.7,355.2,226.4,99.5,137.9,246.0,349.6,49.6,282.9,237.5,217.1,332.5,128.6,356.9,66.0,356.4,122.1,133.9,361.5,226.6,277.4,75.7,158.4,53.0,385.9,138.1,227.7,270.8,380.4,32.5,263.0,288.3,183.3,127.8,266.3,288.0,160.8,104.5,47.0,350.1,32.5,137.4,259.7,199.2,199.4,199.2,141.7,193.2,323.9,302.2,131.9,108.7,378.1,329.7,42.2,144.9,292.0,145.3,126.4,266.1,135.8,313.1,99.7,191.2,323.9,192.8,234.0,317.1,1504.2,56.7,214.5,317.6,304.4,340.7,140.1,129.8,237.4,130.4,124.0,354.7,72.5,288.2,98.0,72.3,274.9,52.3,101.8,105.5,90.4,193.1,236.0,100.1,145.2,193.7,94.7,149.3,181.4,113.1,269.1
AO,317.6,87.8,223.1,292.0,0.0,70.4,207.4,312.2,296.9,100.1,69.6,144.6,322.9,344.8,264.2,198.1,245.5,95.2,164.8,244.6,46.9,247.9,63.2,281.8,101.6,256.2,221.4,75.9,153.9,92.1,229.1,317.7,329.7,119.6,397.2,175.0,125.9,91.3,285.5,247.6,142.4,169.9,288.3,81.0,97.5,306.5,261.5,270.4,64.5,273.9,322.9,61.5,263.7,141.2,263.7,323.0,257.7,132.2,171.7,195.6,260.6,112.9,19.5,252.4,330.6,42.7,425.1,311.9,78.4,271.1,48.1,273.9,149.1,113.1,186.9,197.6,129.4,1456.2,270.7,382.7,129.9,93.6,42.3,203.8,196.9,94.8,237.4,409.7,56.8,295.9,179.4,193.4,288.1,78.8,293.7,205.1,391.2,335.3,220.6,183.3,385.8,356.1,362.3,271.7,216.3,213.3,310.9,64.9
AQ,281.7,17.3,216.1,256.1,50.0,0.0,220.7,276.3,296.4,150.2,119.7,149.9,287.0,308.9,271.4,213.0,209.6,24.7,188.1,244.9,97.0,212.0,113.3,271.5,151.7,220.3,193.9,126.0,177.2,109.3,193.2,317.2,293.8,169.7,361.3,198.3,131.6,141.4,249.6,251.9,148.1,172.2,277.4,98.2,29.8,306.0,261.0,234.5,114.6,238.0,287.0,43.6,259.2,122.9,259.2,310.0,253.2,174.4,195.4,159.7,224.7,163.0,69.6,216.5,294.7,92.8,389.2,276.0,7.9,199.3,98.2,238.0,114.7,163.2,189.2,202.3,58.9,1348.6,234.8,346.8,59.4,143.7,92.4,167.9,161.0,69.3,226.5,397.3,106.9,260.0,210.7,157.5,277.8,128.9,257.8,169.2,323.7,299.4,220.9,206.6,373.4,320.2,326.4,250.5,209.3,209.2,297.9,6.6
BF,316.9,221.6,133.3,279.8,193.5,204.2,0.0,263.4,172.0,168.9,155.3,59.5,309.8,331.7,56.7,295.6,232.4,272.5,72.8,64.9,189.9,206.0,207.4,220.5,97.9,192.0,155.5,194.8,83.7,109.9,216.0,152.3,284.5,149.5,407.5,113.3,60.6,133.9,273.3,77.6,49.6,101.2,170.4,121.0,234.1,162.9,206.9,257.3,211.1,257.6,296.6,255.1,88.8,86.2,88.8,238.4,93.9,80.0,37.3,154.7,239.1,134.2,176.0,239.3,288.9,193.8,404.6,298.8,212.2,205.2,157.4,229.9,94.1,161.0,84.2,70.5,263.2,1532.0,257.6,351.0,263.7,141.5,168.5,144.7,153.1,149.9,183.6,376.3,168.1,279.7,44.8,180.3,213.9,126.7,233.3,192.0,357.8,337.5,88.2,121.6,352.4,366.4,347.5,217.4,140.1,100.2,250.5,198.7
BP,60.0,303.2,201.9,129.9,322.8,287.3,290.9,0.0,111.3,432.6,412.2,288.7,76.7,98.6,234.6,368.9,78.8,312.1,274.2,250.1,437.3,106.7,415.4,57.8,388.9,92.7,224.1,434.5,273.1,335.9,104.9,118.8,124.3,440.5,189.9,304.0,345.0,441.4,80.5,294.3,334.0,254.3,116.4,347.0,323.8,120.1,75.1,90.0,450.8,71.4,76.7,296.4,235.3,228.6,235.3,33.6,212.9,370.7,328.3,161.1,133.2,425.6,384.0,107.2,71.3,321.2,173.8,61.8,295.3,155.1,365.4,71.2,220.4,377.1,244.8,248.8,346.3,1512.7,64.5,133.4,346.8,364.2,376.5,169.8,165.6,266.6,161.1,191.4,410.4,16.2,277.2,137.0,71.1,328.1,47.1,114.5,113.4,120.1,226.1,317.6,160.9,145.2,123.3,65.3,208.7,212.9,21.5,288.4
BS,162.3,322.7,121.8,136.9,321.4,305.3,210.8,102.2,0.0,359.9,332.1,208.6,157.7,179.6,154.5,380.3,140.7,330.1,194.1,170.0,357.2,104.7,335.3,70.2,308.8,90.7,144.0,354.4,200.4,255.8,122.9,8.3,104.3,360.4,252.9,223.9,272.3,361.3,126.7,214.2,260.0,174.2,36.3,266.9,335.2,8.7,34.8,105.2,370.7,108.7,142.0,314.4,145.4,231.1,145.4,114.6,139.4,290.6,248.2,187.3,137.8,345.5,304.7,87.2,134.3,334.1,247.7,142.8,313.3,193.7,285.3,57.8,239.0,304.4,164.7,168.7,364.3,1677.8,94.2,196.4,364.8,284.1,296.4,176.6,189.8,295.8,87.6,224.5,330.3,125.1,197.1,155.0,56.3,254.6,85.9,132.5,206.0,183.1,146.0,237.5,200.6,208.2,192.9,45.3,128.6,132.8,102.5,299.8
BX,431.6,171.6,276.4,416.8,102.8,189.8,178.8,378.1,338.3,0.0,48.9,185.6,421.4,443.3,235.6,290.8,344.0,163.1,217.2,243.8,84.7,346.4,97.5,345.9,117.9,326.9,282.3,25.8,214.8,126.2,327.6,331.2,391.6,19.4,522.2,235.9,147.3,64.8,395.2,263.9,164.8,230.8,312.1,137.3,200.4,341.8,322.4,368.9,42.1,372.4,411.3,164.4,280.0,202.1,280.0,383.9,274.0,102.7,145.0,285.8,374.0,46.0,86.1,350.9,403.6,142.4,523.6,410.4,181.0,332.0,64.4,345.1,210.0,129.4,226.5,218.0,199.5,1436.2,369.2,465.7,217.6,109.9,52.7,275.1,288.3,155.7,298.2,504.5,67.1,394.4,200.2,291.9,349.0,95.1,355.2,303.9,486.0,452.4,236.9,244.2,480.6,481.1,462.2,332.6,277.2,243.7,371.8,196.4
BY,402.9,191.5,244.2,384.6,70.6,141.1,163.7,339.3,306.9,67.2,0.0,153.4,389.2,411.1,220.5,258.6,311.8,181.5,185.0,228.7,43.8,314.2,65.3,313.7,89.2,294.7,250.1,59.0,186.1,94.0,295.4,314.4,359.4,58.5,490.0,198.4,115.1,32.6,363.0,231.7,131.6,198.6,279.9,105.1,168.2,315.7,290.2,336.7,70.1,340.2,379.1,132.2,247.8,169.9,251.3,355.2,233.2,87.6,129.9,257.1,341.8,43.6,57.4,318.7,371.4,110.2,486.3,374.3,149.1,299.8,32.2,316.4,177.8,97.2,201.8,185.8,217.9,1454.6,325.7,433.5,200.6,81.2,24.0,242.9,256.1,123.5,266.0,472.3,16.9,362.2,168.0,268.3,327.0,66.4,323.0,271.7,453.8,420.2,204.7,212.0,448.4,445.3,433.5,300.4,245.0,211.5,339.6,135.6
CE,274.1,187.1,126.5,248.3,138.1,170.5,70.7,223.4,203.1,185.3,147.8,0.0,255.9,273.6,127.5,250.4,178.5,195.3,71.0,125.9,165.9,176.7,157.3,188.0,138.3,189.2,120.6,176.4,57.3,77.8,162.1,220.3,245.0,192.1,360.5,81.2,96.2,176.5,233.5,128.9,91.7,73.3,177.1,88.9,200.4,209.9,164.9,203.4,180.7,206.9,253.8,195.5,145.0,26.6,145.0,226.4,136.2,115.6,75.7,128.3,193.6,169.8,130.1,185.4,246.1,134.2,360.9,247.7,178.5,174.5,107.3,183.4,34.5,129.8,88.7,80.2,229.5,1509.8,200.4,304.0,230.0,106.1,122.6,121.1,129.3,104.7,136.5,347.0,152.3,228.9,64.8,129.2,194.3,80.8,197.7,134.2,328.5,297.5,101.9,86.7,323.1,326.4,304.7,175.1,119.7,108.7,214.3,160.8
CP,71.8,305.1,185.7,78.2,323.2,287.7,302.9,129.7,214.4,415.3,384.8,256.0,0.0,21.8,250.5,362.7,79.2,312.5,267.1,246.7,362.1,129.1,386.5,158.5,369.5,137.4,163.5,391.1,256.2,307.0,105.3,235.2,112.8,423.0,74.2,257.3,283.9,406.5,71.7,292.6,300.4,212.9,220.3,295.9,332.8,224.0,179.0,52.9,379.7,80.1,58.9,296.8,228.8,229.0,228.8,155.5,222.8,353.5,331.8,161.5,121.8,407.7,342.8,71.8,111.4,321.6,81.1,47.9,295.7,148.9,342.7,111.1,220.8,361.0,229.9,243.0,346.7,1435.9,92.9,59.7,347.2,341.5,353.8,169.7,162.8,267.0,143.6,111.0,372.0,70.1,286.2,127.6,164.8,312.0,99.9,116.8,53.6,51.3,222.7,265.6,87.1,33.1,58.1,123.6,178.9,211.0,143.4,282.2
CT,92.1,323.9,206.0,98.5,343.5,308.0,323.2,106.7,189.8,435.6,405.1,272.1,20.2,0.0,270.8,383.0,99.5,332.8,282.0,267.0,391.7,149.4,406.8,133.9,389.8,157.7,183.8,411.4,276.5,327.3,125.6,198.1,133.1,443.3,71.1,272.3,304.2,426.8,92.0,312.9,320.7,233.2,195.7,316.2,353.1,199.4,154.4,73.2,400.0,100.4,79.2,317.1,249.1,249.3,249.1,178.5,243.1,373.5,352.1,181.8,142.1,428.4,363.1,92.1,86.9,341.9,96.3,64.3,316.0,169.2,363.0,131.4,241.1,381.3,242.7,267.4,367.0,1414.0,113.2,37.8,367.5,361.8,374.1,190.0,179.7,287.3,163.8,75.0,388.1,90.4,306.5,147.9,140.2,332.3,120.2,136.9,73.9,70.2,243.0,285.9,107.4,26.4,78.4,143.9,199.2,231.3,166.4,302.5
CY,266.0,277.9,76.5,223.0,249.8,260.5,56.2,212.5,115.2,225.2,211.6,115.8,254.1,276.0,0.0,351.9,176.7,328.8,108.8,15.7,246.2,149.2,263.7,163.7,154.2,135.2,98.7,251.1,119.7,166.2,160.3,95.5,227.7,205.8,356.6,149.3,116.9,190.2,216.5,88.0,105.9,89.9,113.6,177.3,290.4,106.1,150.1,201.6,267.4,200.8,240.4,311.4,32.0,142.5,32.0,181.6,37.1,136.3,93.6,105.5,182.3,190.5,232.3,183.6,232.7,249.8,349.2,243.1,268.5,148.4,213.7,173.1,150.4,217.3,72.9,59.2,319.5,1588.3,201.9,300.1,320.0,197.8,224.8,95.5,103.9,206.2,132.7,320.9,224.4,227.1,80.8,131.1,157.1,183.0,176.5,136.3,302.4,281.3,39.0,157.6,297.0,315.5,296.6,160.6,83.3,51.0,193.7,255.0
DB,351.0,164.3,309.6,331.3,192.0,148.4,280.5,345.6,384.2,272.9,242.4,233.9,356.3,378.2,337.3,0.0,278.9,173.2,251.3,335.5,219.7,281.3,254.0,368.3,239.2,289.6,307.9,248.7,240.4,160.6,262.5,404.2,329.6,292.4,404.2,256.2,202.0,264.1,348.9,340.6,218.5,256.4,374.8,149.5,178.3,393.0,348.0,303.8,237.3,307.3,356.3,130.3,352.7,227.7,352.7,409.5,346.7,225.7,246.7,229.0,289.6,280.3,210.3,285.8,364.0,164.3,418.4,345.3,156.4,261.7,212.4,307.3,184.0,230.7,273.4,290.6,293.3,1497.1,304.1,416.1,207.9,211.2,223.5,237.7,226.9,120.6,323.8,390.1,225.4,329.3,272.4,241.3,384.8,181.7,327.1,238.8,371.6,363.2,311.5,269.8,366.2,418.3,395.7,358.2,302.8,299.8,397.4,142.9
DF,72.0,225.8,106.4,46.4,243.9,208.4,223.6,66.6,86.7,336.0,305.5,176.7,77.3,99.2,171.2,283.4,0.0,233.2,187.8,167.4,282.8,49.8,307.2,61.8,290.2,86.9,84.2,311.8,176.9,227.7,26.0,107.5,84.1,343.7,151.6,178.0,204.6,327.2,39.9,213.3,221.1,133.6,94.9,216.6,253.5,96.3,51.3,24.8,300.4,28.3,77.3,217.5,149.5,149.7,149.5,100.3,143.5,274.2,252.5,82.2,42.5,328.4,263.5,6.8,85.0,242.3,179.5,66.3,216.4,69.6,263.4,28.3,141.5,281.7,150.6,163.7,267.4,1582.5,25.1,137.1,267.9,262.2,274.5,90.4,83.5,187.7,64.3,192.3,292.7,50.3,206.9,48.3,68.1,232.7,48.1,37.5,114.0,89.7,143.4,186.3,168.4,110.5,116.7,40.8,99.6,131.7,88.2,202.9
DH,308.4,8.4,242.8,282.8,76.7,26.6,247.4,303.0,323.1,176.9,146.4,176.6,313.7,335.6,298.1,192.3,236.3,0.0,214.8,271.6,123.7,238.7,140.0,298.2,178.4,247.0,220.6,152.7,203.9,136.0,219.9,343.9,320.5,196.4,388.0,225.0,158.3,168.1,276.3,278.6,174.8,198.9,304.1,124.9,64.9,332.7,287.7,261.2,141.3,264.7,313.7,70.3,285.9,149.6,285.9,336.7,279.9,201.1,222.1,186.4,251.4,189.7,96.3,243.2,321.4,119.5,415.9,302.7,17.8,226.0,124.9,264.7,141.4,189.9,215.9,229.0,87.1,1323.8,261.5,373.5,54.4,170.4,119.1,194.6,187.7,96.0,253.2,391.9,133.6,286.7,237.4,184.2,304.5,155.6,284.5,195.9,350.4,326.1,247.6,233.3,373.7,346.9,353.1,277.2,236.0,235.9,324.6,33.2
DK,248.7,218.6,106.5,255.6,158.6,202.7,62.2,194.0,181.1,216.4,184.0,60.5,260.2,276.7,118.7,265.5,182.8,227.5,0.0,109.7,192.9,185.2,187.2,168.4,160.2,175.7,104.8,206.3,10.9,107.7,166.4,188.6,214.1,217.2,344.7,35.1,128.3,213.2,217.7,94.7,111.4,53.3,160.9,118.8,256.2,184.5,144.9,207.7,201.2,202.0,233.8,220.2,128.8,65.1,128.8,201.0,128.2,142.0,99.6,102.9,226.5,196.9,161.2,189.7,226.1,154.7,350.2,245.3,210.7,149.1,137.2,162.2,73.0,160.9,62.8,72.2,261.7,1530.5,196.7,288.2,262.2,136.0,153.7,97.6,105.4,125.2,120.7,327.0,183.9,216.9,31.0,123.0,181.7,106.5,177.7,137.3,308.5,274.9,85.7,48.7,297.7,300.0,284.7,155.1,99.7,92.5,194.3,197.2
DL,253.5,277.9,85.9,223.6,241.8,260.5,56.2,200.0,142.8,225.2,211.6,115.8,244.8,266.7,27.5,351.9,167.4,328.8,108.8,0.0,246.2,150.4,255.7,164.6,154.2,136.4,104.2,251.1,119.7,166.2,151.0,123.1,221.6,205.8,344.1,144.9,116.9,190.2,217.1,88.0,105.9,89.9,121.6,177.3,290.4,133.7,144.3,192.3,267.4,195.8,233.2,303.4,59.6,142.5,59.6,205.8,64.7,136.3,93.6,89.7,183.5,190.5,224.3,174.3,225.5,241.2,339.6,233.8,268.5,153.9,205.7,167.0,150.4,217.3,72.9,59.2,319.5,1588.3,192.6,287.6,320.0,197.8,216.8,79.7,88.1,206.2,120.2,311.3,224.4,216.3,80.8,115.3,170.9,175.0,177.1,127.0,292.8,274.1,23.2,153.2,287.4,303.0,284.1,154.5,92.7,35.2,193.7,255.0
DS,404.8,153.6,248.4,381.2,67.2,137.7,197.6,335.9,323.0,82.3,37.3,165.7,385.8,407.7,254.4,264.0,308.4,162.5,184.7,267.3,0.0,310.8,103.9,310.3,124.3,319.1,246.7,58.1,179.2,117.4,292.0,330.5,356.0,92.4,486.6,195.0,160.0,66.5,368.4,270.3,167.7,195.2,313.6,106.3,164.8,331.8,286.8,333.3,46.7,336.8,375.7,128.8,286.4,166.5,286.4,357.1,289.2,121.5,163.8,250.2,368.4,77.5,62.8,315.3,368.0,106.8,482.9,370.9,145.7,296.4,70.8,309.5,174.4,144.6,204.7,224.4,196.7,1488.5,322.3,430.1,197.2,116.3,67.9,239.5,252.7,120.1,262.6,468.9,16.8,358.8,206.6,264.9,323.6,101.5,319.6,268.3,450.4,416.8,243.3,208.6,453.8,441.9,426.6,297.0,241.6,238.6,336.2,132.2
EA,108.0,232.8,70.5,82.4,228.3,216.9,182.0,109.2,91.5,306.5,276.0,161.0,113.3,135.2,125.7,291.9,35.9,241.7,137.9,134.4,253.3,0.0,287.6,80.0,276.5,8.3,48.8,282.3,127.0,212.2,34.5,112.3,120.1,326.0,187.6,128.1,193.1,297.7,75.9,178.6,231.2,99.4,65.3,201.1,262.0,101.1,56.5,60.8,270.9,64.3,113.3,226.0,109.8,134.8,109.8,118.0,103.8,261.8,219.4,90.9,33.0,316.3,243.9,42.8,121.0,224.4,211.1,98.4,224.9,98.5,249.7,64.3,142.7,268.0,108.9,133.1,275.9,1573.0,49.8,173.1,276.4,248.5,260.8,80.9,93.4,194.9,14.3,182.8,259.0,86.3,161.1,56.8,83.1,219.0,84.1,86.7,164.3,155.9,110.4,136.4,158.9,146.5,152.7,76.8,63.7,97.2,105.9,211.4
ED,406.3,147.4,250.3,376.4,59.5,130.0,197.6,352.8,312.2,115.2,84.7,155.3,382.5,404.4,254.4,257.7,305.1,154.8,185.7,234.8,102.5,307.5,0.0,317.4,91.8,300.8,257.0,110.5,189.5,100.1,288.7,333.0,374.4,134.7,496.9,210.6,121.2,106.4,369.9,237.8,137.7,205.5,286.0,111.2,157.1,321.8,297.1,330.0,120.1,333.5,382.5,121.1,253.9,176.8,253.9,358.6,247.9,122.4,161.9,255.2,347.9,128.0,42.0,312.0,378.3,89.8,484.7,371.5,138.0,306.7,38.3,319.8,184.7,103.3,200.4,187.8,189.0,1515.8,330.3,440.4,189.5,83.8,52.5,250.5,256.5,130.4,273.0,469.3,82.2,355.5,169.6,253.0,323.7,69.0,329.9,264.7,450.8,426.9,210.8,218.9,445.4,455.8,421.9,307.3,251.9,217.6,346.5,124.5
EG,107.1,302.6,147.2,95.5,346.8,286.7,236.2,47.0,72.3,384.5,357.5,234.0,108.1,130.0,179.9,361.7,78.2,311.5,219.5,195.4,382.6,90.3,360.7,0.0,331.0,76.3,169.4,376.6,225.0,281.2,104.3,79.8,107.9,385.8,201.0,249.3,296.9,386.7,56.0,239.6,285.4,199.6,61.7,292.3,331.8,81.1,58.7,55.6,396.1,37.0,86.8,299.1,180.6,256.5,177.4,59.4,161.6,316.0,273.6,209.5,123.4,370.9,329.3,90.8,79.1,359.5,205.2,93.2,294.7,147.9,310.7,64.7,264.4,329.0,190.1,194.1,345.7,1544.1,97.8,141.2,346.2,306.3,321.8,202.0,212.0,321.2,109.8,184.6,352.5,69.9,222.5,136.4,16.4,280.0,12.7,113.9,166.1,127.9,171.4,262.9,160.7,153.0,137.7,48.9,154.0,158.2,47.3,281.2
EN,407.2,213.9,228.0,377.3,98.8,169.3,106.8,353.7,278.9,100.3,83.2,137.2,383.5,405.4,163.6,263.5,306.1,203.9,168.8,171.8,121.3,292.5,112.7,321.5,0.0,278.5,250.2,126.2,174.3,77.8,289.7,259.2,367.2,80.9,497.8,203.9,98.9,65.3,370.8,184.5,116.4,195.1,263.7,88.9,196.4,269.8,298.0,331.0,142.5,334.5,383.5,160.4,195.7,159.7,195.7,359.5,200.8,30.5,73.0,249.8,325.6,65.6,81.3,313.0,379.2,129.1,480.6,368.6,221.8,299.9,62.7,320.7,167.6,63.0,185.6,169.6,240.3,1477.0,320.0,441.3,228.8,43.5,73.8,239.1,252.3,117.8,273.8,471.4,103.7,356.5,151.8,268.5,324.6,46.7,330.8,266.0,452.9,426.6,188.5,212.2,447.5,456.7,422.9,308.2,234.8,195.3,347.4,163.8
EO,122.0,248.3,62.2,96.4,220.0,230.9,173.7,116.6,83.2,298.2,267.7,149.9,127.3,149.2,117.4,332.3,49.9,255.7,129.6,126.1,245.0,14.0,279.3,68.5,268.2,0.0,40.5,274.0,118.7,203.9,48.5,104.0,134.1,317.7,201.6,119.8,184.8,289.4,89.9,170.3,223.4,91.1,57.0,192.8,260.8,92.8,48.2,74.8,262.6,78.3,127.3,281.6,101.5,126.5,101.5,109.7,95.5,253.8,211.1,82.6,47.0,308.0,235.6,56.8,135.0,216.1,225.1,116.3,238.9,90.2,241.4,78.3,134.4,259.7,108.1,120.7,289.9,1587.0,75.1,187.1,290.4,240.2,252.5,72.6,81.0,186.6,6.1,196.8,254.9,100.3,148.7,108.2,74.8,210.7,81.0,78.1,178.3,170.2,102.1,128.1,172.9,160.5,166.7,58.4,55.4,88.9,97.6,225.4
EP,187.7,223.8,22.1,164.8,197.9,206.4,143.2,134.2,113.9,276.1,249.1,130.6,155.3,177.2,86.9,310.2,77.9,231.2,107.5,102.7,232.2,80.3,257.2,98.8,241.2,88.6,0.0,251.9,96.6,181.8,61.5,122.2,161.6,292.8,229.6,97.7,203.9,267.3,151.3,148.7,192.9,69.0,105.3,170.7,295.5,123.5,78.5,102.8,240.5,106.3,155.3,259.5,65.2,104.4,65.2,140.0,59.2,223.0,180.6,60.5,119.3,277.9,213.5,84.8,159.7,194.0,250.4,144.3,214.4,49.6,223.1,101.2,112.3,241.4,78.5,103.2,265.4,1569.8,103.1,215.1,265.9,221.9,234.2,49.8,63.0,164.5,54.3,222.1,228.6,128.3,130.4,57.4,105.1,192.4,111.3,37.8,203.6,195.5,80.6,106.0,198.2,184.9,194.7,88.7,15.3,68.9,127.9,200.9
EU,405.7,195.8,258.1,384.1,76.9,147.4,203.0,352.2,331.9,24.1,59.0,179.6,395.5,417.4,259.8,264.9,318.1,187.3,194.4,274.5,58.8,320.5,111.1,320.0,131.5,328.8,256.4,0.0,188.9,127.1,301.7,352.7,365.7,43.6,496.3,210.0,160.9,80.7,369.3,277.5,178.4,204.9,323.3,116.0,174.5,341.5,296.5,343.0,16.2,346.5,385.4,138.5,293.6,176.2,293.6,358.0,287.6,126.9,169.2,259.9,378.1,70.2,72.5,325.0,377.7,116.5,497.7,384.5,155.4,306.1,78.0,319.2,184.1,143.0,221.9,231.6,223.7,1460.4,344.2,439.8,206.9,123.5,66.3,249.9,262.4,129.8,272.3,478.6,44.5,368.5,213.8,266.0,323.1,108.7,329.3,278.0,460.1,424.9,250.5,218.3,454.7,451.6,436.3,306.7,251.3,248.3,345.9,141.9
FB,243.2,208.4,95.6,221.6,147.7,191.8,73.1,189.7,169.4,221.9,194.9,64.4,249.3,271.2,129.6,260.0,171.9,216.6,10.9,120.6,172.7,174.3,198.1,154.3,171.1,182.6,93.9,201.7,0.0,118.6,155.5,177.7,211.3,222.7,333.8,24.2,133.8,224.1,206.8,105.6,122.8,42.4,160.8,120.5,221.7,179.0,134.0,196.8,190.3,191.1,222.9,209.3,138.7,54.2,138.7,195.5,132.7,152.9,110.5,97.4,215.6,207.8,163.3,178.8,215.2,143.8,344.4,233.9,199.8,143.6,148.1,156.7,62.1,166.4,51.9,76.6,250.8,1519.6,201.4,277.3,251.3,146.9,159.2,86.7,99.9,114.3,109.8,316.1,178.4,206.0,41.5,112.1,160.6,117.4,166.8,131.8,297.6,264.0,96.6,37.8,292.2,289.1,273.8,144.2,88.8,85.8,183.4,186.3
FE,333.8,146.0,186.2,303.9,87.8,128.6,119.8,280.3,260.0,125.5,95.0,97.4,305.6,327.5,176.6,185.6,228.2,153.4,127.8,176.9,114.3,230.6,101.7,244.9,78.5,238.9,184.5,120.8,117.0,0.0,211.8,280.8,301.9,134.5,424.4,138.1,63.3,116.7,297.4,179.9,79.8,133.0,228.1,11.0,185.4,269.6,224.6,253.1,133.9,256.6,305.6,149.4,196.0,104.3,196.0,286.1,190.0,65.0,86.0,178.3,243.3,119.2,70.3,235.1,305.8,87.4,407.8,294.6,136.6,234.2,51.7,247.3,112.2,70.0,142.5,129.9,187.6,1477.3,253.4,365.4,188.1,50.5,62.8,178.0,179.6,39.9,200.5,406.7,92.5,278.6,111.7,176.1,251.2,21.0,257.4,187.8,342.3,354.4,152.9,146.4,382.8,383.3,345.0,234.8,179.4,159.7,274.0,123.1
FF,88.4,199.7,89.3,62.8,247.1,182.3,200.8,83.0,103.1,325.3,294.8,177.0,93.7,115.6,144.5,257.3,16.3,207.1,156.7,153.2,272.1,18.7,306.4,78.2,295.3,27.0,67.6,301.1,145.8,231.0,0.0,123.9,100.5,344.8,168.0,146.9,178.5,316.5,56.3,197.4,195.0,118.2,84.1,219.9,227.4,112.7,67.7,41.2,289.7,44.7,93.7,191.4,128.6,153.6,128.6,116.7,122.6,280.9,238.2,56.1,31.4,335.1,262.7,23.2,101.4,243.2,195.9,82.7,190.3,43.5,268.5,44.7,115.4,286.8,135.2,147.8,241.3,1528.1,41.5,153.5,241.8,267.3,279.6,99.7,57.4,161.6,33.2,216.0,282.0,66.7,175.8,22.2,84.5,237.8,64.5,11.4,130.4,106.1,129.2,155.2,192.1,126.9,133.1,57.2,82.5,116.0,104.6,176.8
FP,170.2,340.9,141.5,156.6,341.1,325.0,230.5,121.9,18.8,378.8,351.8,228.3,177.4,199.3,174.2,400.0,160.4,349.8,213.8,189.7,376.9,112.6,355.0,89.9,328.5,110.4,163.7,362.3,219.3,275.5,142.6,0.0,124.0,368.3,272.6,243.6,291.2,381.0,145.6,233.9,267.9,193.9,56.0,286.6,354.9,1.2,54.5,124.9,390.4,128.4,161.7,322.3,176.0,250.8,176.0,134.3,147.3,310.3,267.9,195.2,145.7,365.2,323.6,106.9,154.0,353.8,267.4,162.5,333.0,201.6,305.0,65.7,258.7,323.3,184.4,188.4,384.0,1697.5,113.9,204.3,384.5,292.0,304.3,196.3,197.7,315.5,107.3,244.2,338.2,144.8,216.8,174.7,76.0,274.3,105.6,140.4,225.7,202.8,165.7,257.2,208.5,227.9,200.8,65.0,148.3,152.5,122.2,319.5
FU,176.3,278.2,160.3,24.4,297.8,262.3,277.5,153.8,126.9,372.0,362.9,226.4,178.3,199.1,252.5,337.3,53.8,287.1,236.3,221.3,346.0,122.4,361.1,110.2,344.1,126.3,120.2,347.8,212.9,281.6,79.9,134.4,0.0,379.7,139.1,226.6,240.6,392.1,57.0,267.2,257.1,187.5,134.3,270.5,289.5,117.8,90.7,100.7,354.3,73.5,145.4,253.5,203.4,203.6,185.5,166.2,197.4,327.8,306.4,136.1,96.4,382.7,299.5,61.8,153.1,296.2,148.2,130.5,270.3,105.6,317.3,67.7,195.4,317.7,197.0,203.8,321.3,1505.2,76.3,210.6,321.8,298.2,328.4,144.8,116.1,241.6,100.2,125.0,324.5,107.7,295.1,112.0,123.5,268.7,93.3,89.5,106.5,98.1,197.3,240.2,96.2,158.3,194.7,80.2,153.5,185.6,154.1,256.8
FY,451.0,152.1,295.8,421.1,122.2,170.3,159.3,397.5,330.6,19.3,64.8,198.0,440.8,462.7,216.1,310.2,363.4,143.6,236.6,224.3,104.1,365.8,116.9,362.1,101.8,346.3,304.0,45.2,234.2,145.6,347.0,323.5,419.1,0.0,541.6,250.0,166.7,50.3,414.6,237.0,184.2,250.2,331.5,156.7,234.5,322.3,341.8,388.3,61.5,391.8,430.7,183.8,248.2,221.5,248.2,403.3,253.3,83.2,125.5,305.2,393.4,26.9,105.5,370.3,423.0,161.8,537.9,425.9,161.5,351.4,83.8,364.5,229.4,148.8,253.4,237.4,180.0,1416.7,388.6,485.1,198.1,129.3,72.1,294.5,307.7,175.1,317.6,523.9,86.5,413.8,199.5,319.9,368.4,114.5,374.6,323.3,505.4,471.6,256.3,263.6,500.0,496.9,481.6,352.0,296.6,263.1,391.2,176.9
FZ,145.3,377.8,259.2,160.0,396.7,361.2,376.4,166.5,243.0,488.8,458.3,329.5,73.4,112.2,324.0,436.2,152.7,386.0,340.5,320.2,435.6,202.5,460.0,187.1,443.0,210.8,237.0,464.6,329.6,380.5,178.8,251.3,178.2,496.5,0.0,330.7,357.4,480.0,145.2,366.1,374.9,286.4,248.9,369.4,406.3,252.6,207.6,126.4,453.2,153.6,130.4,370.3,302.3,302.5,302.3,193.6,296.3,426.7,405.3,235.0,195.3,481.2,416.3,145.3,138.1,395.1,105.2,115.5,369.2,222.4,416.2,184.6,294.3,434.5,295.9,320.6,420.2,1418.3,138.4,128.6,420.7,415.0,427.3,243.2,232.9,340.5,216.9,38.1,441.3,143.6,363.7,201.1,193.4,385.5,173.4,190.1,66.8,123.6,296.2,339.0,28.1,48.3,131.6,197.1,252.4,284.5,181.5,355.7
GF,257.1,206.1,114.0,263.1,146.1,190.2,100.0,201.5,188.6,224.3,197.3,71.8,267.7,289.6,156.5,258.4,190.3,215.0,32.3,139.9,180.4,192.7,205.4,175.9,193.5,201.0,112.3,200.1,26.8,130.0,173.9,196.1,221.6,239.3,352.2,0.0,106.4,226.5,225.2,132.5,145.2,60.8,179.2,118.9,239.2,192.9,152.4,215.2,188.7,209.5,241.3,203.2,157.1,52.6,152.6,209.4,146.6,179.8,137.4,115.8,229.5,234.7,161.7,197.2,233.6,142.2,357.7,252.8,198.2,162.0,175.0,170.6,60.5,193.3,70.3,90.5,249.2,1518.0,204.2,291.2,249.7,169.3,184.5,105.1,113.8,112.7,128.2,334.5,176.8,224.4,64.3,130.5,189.2,144.3,185.2,145.7,316.0,282.4,115.9,8.2,306.1,307.5,292.2,162.6,107.2,104.2,201.8,180.2
GG,307.0,160.9,152.3,285.4,117.4,143.5,99.6,253.5,214.2,158.4,144.8,57.3,275.1,297.0,156.4,218.5,197.7,168.3,93.1,136.8,179.4,200.1,134.0,218.1,87.4,208.4,157.7,184.3,90.2,99.4,181.3,235.0,281.9,139.0,349.4,106.0,0.0,137.4,270.6,139.8,16.4,106.2,188.0,110.5,188.6,223.8,197.8,222.6,200.6,226.1,275.1,152.6,155.9,77.5,155.9,259.3,149.9,69.2,42.4,147.8,250.3,123.7,102.6,204.6,279.0,113.5,377.3,264.1,151.5,207.4,84.0,220.5,85.4,102.3,109.9,93.9,202.5,1471.3,211.6,334.9,203.0,82.8,95.1,150.5,145.7,84.0,173.6,350.8,161.8,248.1,75.7,160.1,224.4,53.3,230.6,157.6,332.3,323.9,112.8,119.6,326.9,304.7,314.5,208.0,152.6,119.6,247.2,138.0
GM,433.2,184.5,267.4,403.3,93.8,198.0,157.4,379.7,329.5,56.2,33.7,174.8,412.4,432.5,214.2,280.0,335.0,175.2,213.4,222.4,68.3,337.4,86.7,344.3,107.1,317.9,271.5,80.4,216.4,117.2,318.6,309.8,401.3,36.8,513.2,237.5,136.5,0.0,384.4,235.1,165.4,221.8,303.1,128.3,189.6,320.4,313.4,359.9,93.3,363.4,402.3,166.0,246.3,193.1,255.7,385.5,265.0,81.1,123.6,275.0,363.2,36.9,75.3,341.9,394.6,133.4,525.2,412.0,193.1,321.2,55.4,334.3,201.0,131.0,228.1,207.2,211.6,1448.3,359.5,454.9,237.8,99.1,41.9,277.4,289.9,146.7,289.2,495.5,38.3,385.4,190.8,293.5,350.6,96.7,346.2,293.1,477.0,453.8,227.9,235.2,482.2,482.7,451.4,323.6,268.2,234.7,362.8,193.1
GU,156.8,257.9,140.0,6.4,277.5,242.0,286.2,96.7,121.5,369.6,339.1,206.1,83.4,105.3,229.9,317.0,33.5,266.8,216.0,201.0,316.4,120.0,340.8,49.9,323.8,106.0,117.8,345.4,210.5,261.3,59.6,129.8,59.0,377.3,145.9,211.6,238.2,360.8,0.0,246.9,254.7,167.2,111.7,250.2,271.9,131.1,88.4,30.9,334.0,16.4,83.4,251.1,183.1,183.3,183.1,109.1,177.1,307.5,286.1,115.8,76.1,362.0,297.1,26.1,128.8,275.9,160.1,72.4,250.0,103.2,297.0,91.1,175.1,315.3,184.2,201.4,301.0,1512.0,47.2,143.2,301.5,295.8,308.1,124.5,113.7,221.3,97.8,131.8,322.1,56.4,268.0,81.9,56.2,266.3,36.2,69.2,113.3,104.9,177.0,219.9,107.9,160.0,122.8,78.6,133.2,165.3,97.0,236.5
HB,294.0,284.6,129.2,264.1,234.6,267.2,66.7,240.5,191.2,235.7,222.1,117.6,287.2,309.1,75.9,354.4,209.8,292.0,83.9,79.3,256.7,193.7,248.5,205.1,164.7,179.7,144.7,261.6,94.8,169.0,193.4,171.5,262.1,216.3,384.6,124.4,127.4,200.7,257.6,0.0,116.4,78.3,164.9,180.1,297.1,182.1,184.8,234.7,277.9,238.2,273.7,296.2,108.0,144.3,108.0,246.3,109.6,146.8,104.1,148.2,226.8,201.0,217.1,216.7,266.0,238.2,388.2,276.2,275.2,194.4,198.5,207.5,152.2,216.8,61.3,47.6,326.2,1598.8,235.0,328.1,326.7,197.3,209.6,138.2,146.6,208.7,160.7,359.9,234.9,256.8,55.9,157.7,211.4,167.8,217.6,169.4,341.4,314.6,89.7,132.7,336.0,343.5,324.6,195.0,136.0,96.5,234.2,261.7
HH,318.5,170.4,163.8,288.1,166.5,154.5,58.7,257.9,225.2,140.9,128.3,65.5,286.6,308.0,115.5,267.6,208.7,179.8,98.7,148.3,161.9,211.1,180.4,229.1,69.9,219.4,168.7,166.8,101.7,81.9,192.3,233.5,292.9,121.5,360.4,122.8,11.4,130.6,281.6,151.3,0.0,117.7,199.5,93.0,199.6,234.8,208.8,233.6,184.1,237.1,286.6,163.6,167.4,88.5,167.4,270.3,160.9,51.7,24.9,158.8,261.3,106.6,148.0,216.1,290.0,169.4,388.3,271.2,162.5,218.9,130.4,231.5,96.4,134.0,121.4,104.9,213.5,1482.3,233.9,346.4,214.5,114.5,140.5,161.5,157.2,121.9,185.1,361.8,145.3,259.6,82.6,171.1,235.4,98.7,241.6,168.6,343.8,335.2,124.3,130.6,337.9,319.3,325.5,219.0,163.6,130.6,258.7,149.0
HR,215.6,206.2,68.0,185.7,163.7,188.8,89.9,162.1,141.8,241.9,211.4,87.8,208.8,230.7,99.1,276.0,131.4,213.6,72.1,93.9,188.7,133.8,218.7,126.7,187.9,142.1,66.3,217.7,62.4,139.2,115.0,162.6,183.7,239.5,306.2,63.5,150.6,223.9,179.2,79.6,139.6,0.0,133.2,136.5,218.7,151.4,106.4,156.3,206.3,159.8,195.3,225.3,111.1,70.2,111.1,167.9,105.1,170.0,127.3,69.8,181.0,224.2,179.3,138.3,187.6,159.8,309.8,197.8,196.8,116.0,168.7,129.1,78.1,187.0,17.0,30.0,247.8,1535.6,156.6,249.7,248.3,167.5,179.8,59.8,68.2,130.3,82.3,281.5,198.6,178.4,76.0,79.3,133.0,138.0,139.2,91.0,263.0,236.2,69.9,71.8,257.6,265.1,246.2,116.6,61.2,58.2,155.8,183.3
IE,180.3,307.7,85.4,132.8,285.0,290.3,174.4,126.8,26.1,322.7,292.2,168.0,175.7,197.6,118.1,365.3,109.3,315.1,152.3,133.6,311.5,73.3,298.9,73.5,272.4,59.3,107.6,318.0,163.2,219.4,107.9,46.9,130.4,324.0,270.9,192.8,235.1,308.4,126.3,177.8,224.1,137.8,0.0,230.5,320.2,35.7,52.8,123.2,334.3,110.6,160.0,299.4,109.0,194.7,109.0,115.7,103.0,254.5,211.8,150.9,106.4,308.7,267.5,105.2,152.3,297.7,270.8,164.7,298.3,157.3,248.9,75.8,202.6,267.2,120.8,128.2,349.3,1646.4,127.3,214.4,349.8,247.7,260.0,140.9,149.3,259.4,51.1,242.5,289.7,143.1,156.2,130.2,66.9,218.2,86.3,145.2,224.0,200.9,109.6,201.1,218.6,229.8,210.9,63.3,92.2,96.4,120.5,284.8
IH,322.7,134.9,175.1,292.8,80.2,117.5,130.9,269.2,248.9,136.6,106.1,96.6,294.5,316.4,187.7,174.5,217.1,142.3,116.8,188.0,105.2,219.5,112.8,233.8,89.6,227.8,173.4,131.9,105.9,11.0,200.7,269.7,290.8,145.6,413.3,127.0,74.4,127.8,286.3,191.0,90.9,121.9,239.2,0.0,177.8,258.5,213.5,242.0,122.8,245.5,294.5,141.8,207.1,93.2,207.1,275.0,201.1,76.1,97.1,167.2,232.2,130.3,81.4,224.0,294.7,76.3,396.7,283.5,125.5,223.1,62.8,236.2,101.1,81.1,138.9,141.0,176.5,1466.2,242.3,354.3,177.0,61.6,73.9,166.9,168.5,28.8,189.4,395.6,103.6,267.5,122.8,165.0,240.1,32.1,246.3,176.7,331.2,343.3,164.0,135.3,371.7,372.2,333.9,223.7,168.3,165.3,262.9,112.0
IK,334.4,37.4,307.9,336.0,136.9,67.2,266.0,321.6,341.7,184.9,206.6,195.2,339.7,354.2,316.7,208.6,262.3,49.1,228.0,329.4,193.2,264.7,200.2,320.0,186.4,273.0,239.2,160.7,222.5,176.9,245.9,390.0,291.8,256.6,408.9,259.8,210.7,228.3,353.6,297.2,227.2,217.5,322.7,165.8,0.0,351.3,346.3,279.8,201.5,290.7,339.7,78.2,304.5,168.2,304.5,355.3,298.5,217.2,256.5,205.0,266.9,197.7,104.3,261.8,347.4,179.7,418.0,321.3,32.3,266.4,185.1,290.7,160.0,197.9,227.0,251.7,186.0,1392.3,288.4,392.1,80.3,178.4,179.3,213.2,202.9,122.0,271.7,394.8,137.4,312.7,256.0,224.7,323.1,163.6,310.5,216.8,376.3,345.1,305.4,251.9,370.9,423.0,371.7,295.8,301.1,298.1,350.6,51.8
IL,171.4,331.0,130.9,146.0,330.5,314.4,219.9,117.9,8.2,368.2,337.7,217.7,166.8,188.7,163.6,389.4,149.8,339.2,203.2,179.1,357.0,113.8,344.4,82.5,317.9,99.8,153.1,363.5,208.7,264.9,132.0,1.2,121.5,369.5,262.0,233.0,280.6,353.9,135.0,223.3,269.1,183.3,45.4,276.0,344.3,0.0,43.9,114.3,379.8,117.8,151.1,323.5,154.5,240.2,154.5,123.7,148.5,299.7,257.3,196.4,146.9,354.2,313.0,96.3,143.4,343.2,256.8,155.8,322.4,202.8,294.4,66.9,248.1,312.7,173.8,177.8,373.4,1686.9,114.6,205.5,373.9,293.2,305.5,185.7,198.9,304.9,96.7,233.6,339.4,134.2,201.7,154.3,65.4,263.7,95.0,141.6,215.1,192.0,155.1,246.6,209.7,217.3,202.0,54.4,137.7,141.9,111.6,308.9
IV,127.4,287.8,129.0,97.5,328.6,270.4,218.0,73.9,35.3,366.3,335.8,211.6,122.8,144.7,161.7,345.4,105.8,295.2,195.9,177.2,355.1,69.8,342.5,38.5,316.0,55.8,151.2,361.6,206.8,263.0,88.0,56.1,77.5,367.6,218.0,236.4,278.7,352.0,91.0,221.4,267.7,181.4,43.5,274.1,315.5,44.9,0.0,70.3,377.9,73.8,107.1,279.5,152.6,238.3,152.6,79.7,146.6,298.1,255.4,194.5,102.9,352.3,311.1,52.3,99.4,341.3,217.9,111.8,278.4,131.6,292.5,22.9,246.2,310.8,164.4,171.8,329.4,1642.9,70.6,161.5,329.9,291.3,303.6,184.5,192.9,303.0,94.7,189.6,333.3,90.2,199.8,110.3,44.8,261.8,51.0,99.5,171.1,148.0,153.2,244.7,165.7,176.9,158.0,10.4,135.8,140.0,67.6,264.9
IY,47.1,252.1,132.7,25.2,270.2,234.7,249.9,41.7,152.3,362.3,331.8,203.0,52.4,74.3,197.5,309.7,26.2,259.5,214.1,193.7,309.1,76.1,333.5,96.4,316.5,84.4,110.5,338.1,203.2,254.0,52.3,173.1,59.8,370.0,126.7,204.3,230.9,353.5,18.7,239.6,247.4,159.9,158.2,242.9,264.6,161.9,116.9,0.0,326.7,27.1,52.4,243.8,175.8,176.0,175.8,75.4,169.8,300.5,278.8,108.5,68.8,354.7,289.8,18.8,60.1,268.6,154.6,41.4,242.7,95.9,289.7,58.1,167.8,308.0,176.9,190.0,293.7,1488.4,39.9,112.2,294.2,288.5,300.8,116.7,109.8,214.0,90.6,150.6,319.0,25.4,233.2,74.6,102.7,259.0,88.9,63.8,132.1,64.8,169.7,212.6,126.7,85.6,91.8,107.1,125.9,158.0,63.3,229.2
JO,413.1,210.9,265.5,383.2,84.3,154.8,218.1,359.6,339.3,39.2,68.9,187.0,402.9,424.8,274.9,272.3,325.5,202.4,207.2,289.6,66.2,327.9,123.6,324.2,146.6,336.2,263.8,15.0,196.3,134.5,309.1,360.1,381.2,58.7,503.7,217.4,168.3,90.6,376.7,292.6,184.8,212.3,330.7,123.4,181.9,348.9,303.9,350.4,0.0,353.9,392.8,145.9,308.6,183.6,308.6,365.4,302.6,141.8,184.3,267.3,385.5,85.7,79.9,332.4,385.1,123.9,505.1,391.9,162.8,313.5,93.1,326.6,191.5,158.1,229.3,242.4,238.8,1475.5,350.7,447.2,214.3,138.6,81.4,257.3,265.7,137.2,279.8,486.0,56.1,375.9,224.4,273.4,330.5,123.8,336.7,285.1,467.5,433.7,265.6,225.7,462.1,462.6,443.7,314.1,258.7,255.7,353.3,149.3
KE,65.7,267.0,180.7,22.1,285.1,249.6,269.7,60.3,105.0,418.0,387.5,263.3,71.0,92.9,213.4,324.6,41.1,274.4,247.6,228.9,324.0,103.5,394.2,33.4,367.7,89.5,125.4,413.3,258.5,314.7,67.2,125.8,83.5,419.3,145.3,288.1,245.8,403.7,15.6,273.1,319.4,233.1,95.2,325.8,294.7,114.6,71.9,18.5,341.6,0.0,71.0,258.7,214.1,190.9,214.1,92.6,198.3,349.8,307.1,123.4,83.7,404.0,362.8,33.7,78.7,283.5,173.2,60.0,257.6,110.8,344.2,74.6,182.7,362.5,216.1,223.5,308.6,1507.0,54.8,130.8,309.1,343.0,355.3,131.6,124.7,228.9,146.4,147.5,385.0,44.0,251.5,89.5,39.7,313.5,19.7,78.7,129.0,120.9,204.9,296.4,123.6,104.2,110.4,62.1,187.5,191.7,80.5,244.1
KR,112.5,312.6,235.1,126.8,330.7,295.2,324.1,59.0,143.7,472.4,441.9,317.7,46.4,68.3,267.8,370.2,86.7,320.0,302.0,283.3,369.6,139.9,448.6,87.8,422.1,125.9,171.0,467.7,312.9,369.1,112.8,164.5,120.3,473.7,120.7,264.8,291.4,458.1,120.3,327.5,373.8,287.5,149.6,303.4,340.3,153.3,108.3,60.4,387.2,104.6,0.0,304.3,268.5,236.5,268.5,84.8,252.7,404.2,361.5,169.0,173.0,458.4,417.2,79.3,7.6,329.1,140.6,11.0,303.2,156.4,398.6,111.0,228.3,416.9,270.5,277.9,354.2,1482.4,135.3,106.2,354.7,397.4,409.7,177.2,170.3,274.5,200.8,112.3,439.4,75.3,305.9,135.1,94.1,367.9,80.3,124.3,93.8,40.8,259.3,273.1,88.4,79.6,85.8,98.5,241.9,246.1,72.7,289.7
KX,308.3,57.7,281.8,289.3,58.6,41.1,266.1,309.5,355.6,158.8,128.3,199.1,313.6,335.5,322.9,136.5,236.2,65.9,218.1,303.3,105.6,238.6,121.9,340.5,160.3,246.9,220.5,134.6,212.6,150.8,219.8,376.4,272.5,178.3,362.2,233.7,184.6,161.0,306.9,306.3,201.1,228.6,347.0,139.7,71.0,365.2,320.2,261.1,123.2,264.6,313.6,0.0,322.4,149.5,322.4,336.6,316.4,190.9,230.4,186.3,247.6,171.6,78.2,243.1,321.3,101.4,376.4,298.7,49.1,219.7,106.8,264.6,141.3,171.8,245.6,260.4,100.1,1394.6,261.4,373.4,100.6,152.3,101.0,194.5,184.2,95.9,296.0,348.1,111.3,286.6,238.1,184.1,346.8,137.5,284.4,196.1,329.6,321.2,279.3,242.0,324.2,376.3,353.0,277.1,275.0,272.0,324.5,35.6
KY,233.9,290.5,44.4,204.0,262.0,273.1,77.9,180.4,123.5,246.9,233.3,137.5,222.0,243.9,21.6,373.6,144.6,297.9,129.3,37.4,267.9,126.9,275.9,145.0,175.9,112.9,66.6,272.8,140.2,187.9,128.2,103.8,202.0,227.5,324.5,163.9,138.6,211.9,197.5,109.7,127.6,111.6,98.1,199.0,303.0,114.4,124.7,169.5,289.1,173.0,213.6,323.6,0.0,164.2,0.0,186.2,5.1,158.0,115.3,126.7,160.0,212.2,244.5,151.5,205.9,260.2,317.1,211.0,281.1,116.3,225.9,147.4,172.1,239.0,94.6,80.9,332.1,1610.0,169.8,268.0,332.6,219.5,237.0,116.7,125.1,227.9,100.6,288.8,246.1,195.0,102.5,152.3,151.3,195.2,157.5,104.2,270.3,254.5,60.7,172.2,264.9,283.4,264.5,134.9,51.2,72.7,174.1,267.6
LS,223.9,161.2,123.4,241.1,115.0,143.8,97.7,217.5,197.2,193.2,162.7,26.9,229.2,251.1,154.5,227.3,151.8,168.6,65.1,149.3,140.0,154.2,174.3,182.1,161.1,162.5,121.7,169.0,54.2,98.9,135.4,218.0,236.0,212.7,303.5,75.3,79.8,184.4,234.6,155.9,115.0,70.2,188.6,87.8,212.6,206.8,161.8,176.7,157.6,180.2,229.2,176.6,166.5,0.0,166.5,223.3,160.5,145.4,102.7,101.9,166.9,199.6,130.6,158.7,236.9,111.1,331.4,218.2,151.8,171.4,134.3,180.2,7.9,152.6,87.2,100.3,202.8,1486.9,177.0,289.0,203.3,133.1,145.4,110.1,103.2,81.6,137.7,343.9,149.9,202.2,87.7,99.7,188.4,103.6,194.6,111.4,265.9,241.6,125.3,83.6,320.0,262.4,268.6,172.0,116.6,113.6,211.2,138.3
LX,233.9,289.7,44.4,217.4,262.0,273.1,77.9,180.4,122.7,246.9,233.3,137.5,222.0,243.9,21.6,373.6,144.6,297.9,129.3,37.4,267.9,126.9,275.9,145.0,175.9,112.9,66.6,272.8,140.2,187.9,128.2,115.6,193.9,227.5,324.5,163.9,138.6,225.9,197.5,109.7,127.1,111.6,98.1,199.0,303.0,114.4,124.7,169.5,289.1,173.0,213.6,323.6,0.0,164.2,0.0,186.2,5.1,157.7,115.3,126.7,160.0,212.6,244.5,151.5,205.9,260.2,312.0,211.0,281.1,116.3,225.9,147.4,172.1,239.0,102.1,76.3,332.1,1610.0,169.8,268.0,332.6,219.5,237.0,116.0,129.2,227.9,100.5,288.8,250.3,195.0,97.8,152.3,154.8,195.2,157.5,104.5,270.3,253.3,60.7,172.2,264.9,283.4,264.5,134.9,51.2,72.7,174.1,267.6
MD,87.1,336.9,190.4,119.4,390.0,321.0,278.3,33.6,114.7,427.7,397.2,270.2,110.4,132.3,222.0,396.0,112.5,345.8,257.3,237.8,416.5,132.5,403.9,78.5,376.3,118.5,212.6,423.0,268.2,324.4,138.6,135.5,150.1,427.9,195.7,292.5,339.0,426.3,112.9,282.8,328.0,242.8,104.9,335.5,350.9,124.3,100.9,115.8,439.3,97.2,84.8,330.1,202.7,299.7,202.7,0.0,207.8,358.4,315.7,255.9,165.6,412.6,372.5,133.0,77.1,402.7,207.5,95.5,329.0,182.2,353.9,103.6,307.6,372.2,225.8,237.3,380.0,1546.4,140.0,139.2,380.5,352.7,365.0,245.9,258.4,364.4,156.2,197.2,398.9,49.9,261.2,160.9,64.6,323.2,72.9,148.2,178.7,124.5,214.6,306.1,173.3,151.0,135.7,91.1,197.2,201.4,12.1,315.5
MJ,228.8,283.9,39.3,198.9,256.9,268.0,83.9,168.7,128.7,252.9,235.8,137.1,216.9,238.8,27.6,371.3,139.5,292.8,129.6,43.4,283.2,121.8,270.8,139.9,181.9,107.8,61.5,278.8,135.1,191.3,123.1,109.8,196.9,233.5,319.4,153.5,144.6,231.9,192.4,115.7,133.6,109.7,93.0,202.4,354.5,120.4,119.6,164.4,295.1,167.9,208.5,318.5,6.0,165.5,6.0,181.1,0.0,163.7,121.3,121.6,154.9,218.2,239.4,146.4,200.8,255.1,306.9,192.8,276.0,111.2,220.8,142.3,173.4,239.1,100.2,82.3,327.0,1616.0,153.4,262.9,327.5,219.6,231.9,110.9,124.1,225.6,95.4,283.7,256.3,189.9,103.3,147.2,146.2,190.1,152.4,99.4,265.2,248.2,66.7,167.1,259.8,274.7,259.4,129.8,46.1,68.3,169.0,262.5
NB,393.2,202.4,209.6,374.8,116.7,219.1,76.2,333.1,247.5,88.8,71.7,127.6,379.4,401.3,133.0,256.8,302.0,192.4,154.5,141.2,119.1,282.3,130.6,293.5,17.8,268.3,231.6,114.7,160.0,71.3,285.6,240.4,352.7,69.7,483.8,184.3,69.9,67.8,349.4,153.9,58.6,177.5,246.7,82.4,214.6,239.0,283.2,326.9,131.0,330.4,372.9,178.6,165.1,150.1,164.9,314.5,170.0,0.0,42.4,230.8,315.2,54.5,99.5,308.9,365.2,147.0,475.8,364.5,210.3,281.3,80.6,306.2,158.0,80.9,168.0,142.0,228.8,1465.5,315.9,427.3,246.7,61.7,91.7,220.3,233.5,111.3,259.8,452.6,92.2,352.4,115.9,262.1,279.6,64.6,309.6,261.9,434.1,412.4,164.5,197.9,428.5,439.1,423.6,293.7,216.4,176.5,326.8,225.7
NK,330.3,184.2,167.1,300.4,156.1,166.8,33.7,276.8,205.8,131.5,117.9,80.6,298.4,320.3,90.5,258.2,221.0,235.1,106.6,98.7,152.5,223.4,170.0,241.4,60.5,231.7,181.0,157.4,113.5,72.5,204.6,186.1,305.2,112.1,372.7,134.6,23.2,96.5,293.9,111.4,12.2,129.5,204.2,83.6,196.7,196.7,221.1,245.9,173.7,249.4,298.4,217.7,122.6,100.8,122.6,272.2,127.7,42.6,0.0,171.1,273.6,96.8,138.6,227.9,302.3,160.0,400.6,287.4,174.8,230.7,120.0,243.8,108.7,123.6,118.0,104.3,225.8,1494.6,246.2,358.2,226.3,104.1,131.1,174.5,172.4,112.5,197.0,374.1,130.7,271.4,78.6,168.9,247.7,89.3,253.9,180.6,355.6,347.5,122.0,142.9,350.2,331.6,337.8,231.3,173.9,134.0,270.5,161.3
NP,149.7,189.8,77.2,164.2,196.4,173.9,141.4,144.3,151.8,274.6,244.1,129.1,155.0,176.9,112.7,248.9,77.6,198.7,106.0,85.1,221.4,80.0,255.7,139.1,239.4,88.3,61.9,250.4,95.1,180.3,61.2,171.8,161.0,291.0,229.3,96.2,202.1,267.5,117.6,147.2,190.6,67.5,142.4,169.2,203.8,160.6,115.6,102.5,239.0,106.0,155.0,183.0,120.3,102.9,120.3,177.1,114.3,221.2,178.8,0.0,121.0,275.7,212.0,84.5,162.7,192.5,249.8,144.0,181.9,93.1,218.4,106.0,110.8,236.7,84.5,101.7,232.9,1519.7,102.8,214.8,233.4,217.2,229.5,8.2,2.5,163.0,91.4,221.5,227.1,128.0,129.8,40.0,152.4,187.7,125.8,37.5,203.0,194.6,61.1,104.5,197.6,184.6,194.4,118.5,70.4,49.4,165.0,168.4
OC,201.0,234.6,112.0,99.9,269.8,218.0,223.5,147.1,133.0,348.0,321.0,195.5,134.4,156.3,167.2,293.0,57.0,242.8,174.0,175.9,294.8,41.4,329.1,118.3,318.0,49.7,90.3,323.8,168.5,253.7,35.6,141.3,74.1,367.5,163.8,164.3,214.2,339.2,108.5,220.1,273.2,140.9,106.8,242.6,263.1,142.6,98.0,81.9,312.4,125.0,170.1,227.1,151.3,176.3,151.3,159.5,145.3,303.6,260.9,132.4,0.0,357.8,285.4,63.9,177.8,265.9,172.9,155.2,226.0,79.2,291.2,124.0,184.2,309.5,150.4,174.6,277.0,1539.9,70.9,194.2,277.5,290.0,302.3,121.7,89.7,236.4,55.8,149.7,300.5,107.4,198.5,67.7,134.8,260.5,144.8,45.2,131.2,122.8,151.9,177.9,125.8,177.9,173.8,108.2,105.2,138.7,147.4,212.5
OF,449.3,148.2,265.7,430.9,137.5,164.9,132.3,389.2,303.6,34.6,49.4,183.7,435.5,457.4,189.1,313.1,358.1,138.2,210.6,197.3,96.8,338.4,132.2,349.6,74.8,324.4,288.3,60.5,216.1,127.4,341.7,296.5,408.8,14.8,539.9,240.4,126.6,45.5,406.1,210.0,115.6,233.6,302.8,138.5,228.7,295.7,339.3,383.0,76.8,386.5,429.0,198.7,221.2,206.2,221.6,370.8,226.3,56.2,98.5,287.5,371.5,0.0,120.8,365.0,421.3,177.1,531.9,420.6,156.1,337.6,99.1,362.3,214.1,137.9,224.1,198.7,174.6,1411.3,372.0,483.4,192.7,118.8,87.0,276.4,289.6,167.4,316.3,508.7,69.9,408.5,172.0,318.2,335.7,129.8,365.7,320.0,490.2,470.1,220.6,254.0,484.8,495.2,480.3,349.8,272.5,232.6,382.9,171.5
OM,364.2,104.5,216.6,342.6,17.4,87.9,187.8,304.1,290.4,85.4,58.4,138.1,340.4,362.3,244.6,215.6,263.0,112.7,152.9,225.0,60.4,265.4,43.6,275.3,82.0,273.7,214.9,80.7,147.4,85.6,246.6,298.7,332.3,104.9,454.8,168.5,111.4,76.6,327.8,228.0,128.9,163.4,276.2,74.5,115.0,300.0,255.0,287.9,78.0,291.4,340.4,79.0,244.1,134.7,244.1,316.5,238.1,112.6,152.1,213.1,278.1,98.2,0.0,269.9,336.2,47.7,442.6,329.4,95.9,264.6,28.5,277.7,142.6,93.5,172.9,182.1,146.9,1473.7,288.2,398.3,147.4,74.0,22.7,208.4,211.0,88.3,230.8,427.2,56.6,313.4,163.9,225.4,281.6,59.2,287.8,224.9,408.7,384.8,201.0,176.8,403.3,410.1,379.8,265.2,209.8,206.8,304.4,82.4
OR,65.1,233.2,113.8,39.5,251.3,215.8,231.0,59.7,126.5,343.4,312.9,184.1,70.4,92.3,178.6,290.8,7.3,240.6,195.2,174.8,290.2,57.2,314.6,54.9,297.6,65.5,91.6,319.2,184.3,235.1,33.4,147.3,40.9,351.1,144.7,185.4,212.0,334.6,33.0,220.7,228.5,141.0,116.7,224.0,260.9,136.1,93.4,17.9,307.8,21.4,70.4,224.9,156.9,157.1,156.9,93.4,150.9,281.6,259.9,89.6,49.9,335.8,270.9,0.0,78.1,249.7,172.6,59.4,223.8,77.0,270.8,39.2,148.9,289.1,158.0,171.1,274.8,1589.9,18.2,130.2,275.3,269.6,281.9,97.8,90.9,195.1,71.7,153.0,300.1,43.4,214.3,55.7,61.2,240.1,41.2,44.9,134.5,126.4,150.8,193.7,129.1,103.6,109.8,83.6,107.0,139.1,81.3,210.3
OV,104.8,320.3,227.4,119.1,338.4,302.9,316.4,51.3,136.0,464.7,434.2,310.0,54.1,76.0,260.1,377.9,94.4,327.7,294.3,275.6,377.3,132.2,440.9,80.1,414.4,118.2,249.6,460.0,305.2,361.4,120.5,156.8,157.9,466.0,171.6,334.8,299.1,450.4,112.6,319.8,366.1,279.8,141.9,372.5,348.0,145.6,100.6,68.1,394.9,96.9,7.6,312.0,260.8,244.2,260.8,77.1,245.0,396.5,353.8,176.7,165.3,450.7,409.5,87.0,0.0,336.8,148.3,18.6,310.9,164.1,390.9,103.3,236.0,409.2,262.8,270.2,361.9,1490.1,127.6,113.9,362.4,389.7,402.0,184.9,178.0,282.2,193.1,120.0,431.7,67.6,298.2,142.8,86.4,360.2,72.6,132.0,101.5,48.5,251.6,343.1,96.1,130.5,93.5,90.8,234.2,238.4,65.0,297.4
OX,357.2,120.6,209.6,327.3,32.7,103.2,201.9,303.7,283.4,130.1,99.6,131.1,327.2,349.1,255.6,187.8,249.8,128.0,151.3,235.5,76.9,252.2,103.5,268.3,141.9,260.5,207.9,105.9,140.4,78.6,233.4,304.2,334.0,149.6,401.5,161.5,112.4,121.3,320.8,236.1,128.9,156.4,274.8,67.5,130.3,293.0,248.0,274.7,94.5,278.2,327.2,94.3,252.7,127.7,252.7,309.5,246.7,143.7,164.7,199.9,264.9,142.9,59.8,256.7,329.2,0.0,429.4,316.2,111.2,257.6,88.4,270.7,135.6,148.7,173.4,186.5,162.2,1489.0,275.0,387.0,162.7,129.2,82.6,201.4,201.2,81.3,223.9,418.4,86.8,300.2,177.9,197.7,274.6,99.7,280.8,209.4,399.9,377.8,211.5,169.8,394.5,360.4,366.6,258.2,202.8,199.8,297.4,97.7
PR,148.8,380.6,262.7,191.5,400.2,364.7,379.9,195.8,287.9,492.3,465.3,328.8,95.7,112.5,327.5,434.6,156.2,389.5,338.7,323.7,448.4,201.0,463.5,234.4,441.4,214.4,240.5,468.1,328.1,384.0,182.3,295.4,181.7,500.0,105.1,329.0,360.9,494.5,148.7,369.6,378.4,289.9,293.0,372.9,389.5,296.7,251.7,129.9,456.7,157.1,135.9,368.7,305.8,306.0,305.8,228.2,294.7,430.2,408.8,233.4,193.7,485.1,419.8,148.8,184.1,398.6,0.0,121.0,372.7,225.9,419.7,183.0,297.8,438.0,299.4,324.1,423.7,1476.3,141.9,176.1,424.2,418.5,425.7,247.2,231.3,344.0,215.4,96.1,444.8,147.1,367.7,214.4,247.7,389.0,176.9,193.6,49.2,128.5,299.7,342.6,72.2,124.3,112.0,241.9,255.9,288.0,216.1,354.1
PS,64.4,300.1,246.1,111.0,319.7,284.2,335.1,63.4,155.5,483.4,456.4,248.3,35.4,53.4,278.8,355.3,75.7,309.0,318.4,294.3,367.9,154.8,383.0,102.0,433.1,136.9,160.0,387.6,248.8,303.5,101.8,163.0,101.2,488.6,105.8,248.5,280.4,485.6,64.3,338.5,293.0,209.4,160.6,292.4,325.4,168.2,119.3,49.4,376.2,115.6,11.0,289.4,279.5,225.5,283.4,99.7,263.7,414.9,372.5,154.1,114.4,469.8,339.3,68.3,18.6,318.1,124.5,0.0,292.2,145.4,409.6,125.9,217.3,353.6,289.0,296.9,343.2,1471.4,61.4,91.3,343.7,408.4,346.4,166.7,152.0,263.5,211.9,101.3,364.3,86.3,321.4,133.9,115.3,304.6,91.3,107.5,82.8,30.0,270.3,262.1,73.5,65.0,74.8,109.5,175.4,257.1,83.7,274.8
QH,290.5,9.3,224.9,264.9,58.8,8.7,229.5,285.1,305.2,159.0,128.5,158.7,295.8,317.7,280.2,174.4,218.4,16.7,196.9,253.7,105.8,220.8,122.1,280.3,160.5,229.1,202.7,134.8,186.0,118.1,202.0,326.0,302.6,178.5,370.1,207.1,140.4,150.2,258.4,260.7,156.9,181.0,286.2,107.0,37.7,314.8,269.8,243.3,123.4,246.8,295.8,52.4,268.0,131.7,268.0,318.8,262.0,183.2,204.2,168.5,233.5,171.8,78.4,225.3,303.5,101.6,398.0,284.8,0.0,208.1,107.0,246.8,123.5,172.0,198.0,211.1,50.9,1340.6,243.6,355.6,51.4,152.5,101.2,176.7,169.8,78.1,235.3,374.0,115.7,268.8,219.5,166.3,286.6,137.7,266.6,178.0,332.5,308.2,229.7,215.4,355.8,329.0,335.2,259.3,218.1,218.0,306.7,15.3
QJ,223.7,212.2,76.3,122.6,252.1,196.3,197.4,188.4,168.1,330.3,299.8,177.8,165.2,187.1,141.1,271.3,87.8,221.1,161.7,156.9,277.1,113.4,311.4,153.0,295.4,121.7,54.1,306.1,150.8,236.0,107.6,176.4,96.8,347.0,186.5,146.6,192.5,321.5,131.2,202.9,247.1,123.2,159.5,224.9,226.2,177.7,132.7,112.7,294.7,147.7,192.8,205.4,119.4,158.6,119.4,194.2,113.4,277.5,234.8,114.7,71.9,331.7,267.7,94.7,200.5,248.2,195.6,177.9,204.3,0.0,277.3,146.7,166.5,295.6,132.7,157.4,255.3,1542.1,166.6,262.9,255.8,276.1,288.4,104.7,68.0,218.7,108.5,172.4,282.8,138.2,188.7,36.2,159.3,246.6,165.5,47.7,153.9,145.8,134.8,160.2,148.5,200.6,242.1,142.9,69.5,123.1,182.1,190.8
RA,382.8,123.9,211.9,352.9,36.0,106.5,159.2,329.3,273.8,73.7,43.2,116.9,359.0,380.9,216.0,234.2,281.6,131.3,147.3,196.4,62.5,284.0,49.9,293.9,53.4,262.4,233.5,69.0,158.2,61.7,265.2,294.6,350.9,93.2,473.4,187.1,82.8,64.9,346.4,199.4,99.3,179.0,247.6,72.8,133.6,283.4,273.6,306.5,85.3,310.0,359.0,97.6,215.5,143.6,215.5,335.1,209.5,84.0,123.5,231.7,309.5,86.5,18.5,288.5,354.8,66.3,461.2,348.0,114.5,283.2,0.0,296.3,151.5,64.9,162.0,149.4,165.5,1492.3,306.8,416.9,166.0,45.4,11.0,223.7,232.1,101.7,249.5,445.8,40.7,332.0,131.2,229.5,300.2,30.6,306.4,241.2,427.3,403.4,172.4,195.4,421.9,432.3,398.4,283.8,218.7,179.2,323.0,101.0
RC,94.5,263.3,152.0,68.9,351.6,247.4,241.0,89.1,58.3,389.3,358.8,231.8,99.8,121.7,184.7,322.4,38.9,272.2,224.3,200.2,387.4,72.5,365.5,64.4,339.0,58.5,174.2,384.6,229.8,286.0,65.0,66.6,46.4,390.6,174.1,259.4,301.7,391.5,62.4,244.4,290.7,204.4,66.5,297.1,292.5,67.9,22.9,47.3,400.9,50.8,99.8,256.5,175.6,261.3,175.6,102.4,169.6,320.8,278.4,121.2,105.6,375.7,334.1,29.3,107.5,364.3,194.9,84.9,255.4,108.6,315.5,0.0,180.5,333.8,194.9,198.9,306.4,1535.8,36.3,159.6,306.9,314.3,326.6,129.4,119.1,226.7,117.8,166.6,360.5,72.8,226.9,97.1,67.5,284.8,70.6,74.6,148.1,139.7,176.2,267.7,142.7,129.4,139.2,12.4,158.8,163.0,90.3,241.9
RD,216.0,153.3,131.6,190.4,123.2,135.9,105.9,210.6,205.4,201.4,170.9,35.1,221.3,243.2,162.7,235.5,143.9,160.7,73.3,157.5,148.2,146.3,182.5,190.3,169.3,154.6,128.2,177.2,62.4,107.1,127.5,226.2,228.1,220.9,295.6,83.5,88.0,192.6,183.9,164.1,123.2,78.4,196.8,96.0,220.8,215.0,170.0,168.8,165.8,172.3,221.3,184.8,174.7,8.2,174.7,231.5,168.7,153.6,110.9,94.0,159.0,207.8,138.8,150.8,229.0,119.3,323.5,210.3,143.9,133.6,142.5,172.3,0.0,160.8,95.4,108.5,194.9,1495.1,169.1,281.1,195.4,141.3,153.6,102.2,95.3,89.8,145.9,299.5,158.1,194.3,95.9,91.8,196.6,111.8,192.1,103.5,258.0,233.7,133.5,91.8,281.3,254.5,260.7,180.2,124.8,121.8,219.4,130.4
RE,414.8,172.8,235.6,384.9,86.4,156.9,166.0,361.3,297.5,124.1,97.1,137.8,391.1,413.0,222.8,271.1,313.7,181.7,176.4,220.1,112.9,300.1,100.3,329.1,59.1,286.1,257.8,119.4,181.9,85.4,297.3,305.8,374.8,140.1,505.4,211.5,106.5,115.3,378.4,223.1,123.0,202.7,271.3,96.5,184.0,307.1,305.6,338.6,135.7,342.1,391.1,148.0,239.2,167.3,239.2,367.1,233.2,89.9,132.2,257.4,333.2,124.8,68.9,320.6,386.8,116.7,488.2,376.2,164.9,307.5,50.3,328.3,175.2,0.0,185.7,177.2,215.9,1542.7,327.6,448.9,216.4,16.7,61.4,246.7,259.9,125.4,281.4,479.0,95.3,364.1,159.0,276.1,332.2,54.3,338.4,275.6,460.5,434.2,196.1,219.8,455.1,464.3,430.5,315.8,242.4,202.9,355.0,151.4
RF,232.6,221.7,85.0,221.2,180.7,205.8,72.9,172.5,159.6,225.5,198.5,75.0,225.8,240.2,82.1,285.5,148.4,230.6,60.5,78.0,215.0,150.8,201.7,146.9,178.4,144.0,75.8,227.2,66.0,122.2,132.0,167.1,192.6,222.5,315.7,75.2,133.6,227.7,188.7,62.6,130.1,17.0,129.2,133.3,228.2,168.4,123.4,173.3,223.3,176.8,212.3,242.3,97.1,87.2,104.6,177.4,98.6,152.7,110.3,86.8,198.0,207.6,177.8,155.3,204.6,176.8,321.7,210.9,213.8,133.0,151.7,138.6,95.1,177.5,0.0,24.6,264.8,1552.6,162.3,259.2,265.3,158.0,170.3,76.1,81.8,147.3,99.2,298.5,203.9,195.4,63.5,101.5,160.2,128.5,156.2,100.8,280.0,253.4,54.0,88.8,274.6,278.5,255.7,133.6,78.2,60.8,172.8,192.8
RK,250.9,240.7,86.1,229.3,199.0,224.1,55.7,197.4,148.8,224.7,207.6,80.6,244.1,266.0,64.9,311.3,166.7,248.9,73.1,70.6,224.0,150.6,214.3,162.0,153.7,136.6,101.6,233.4,78.6,134.8,150.3,160.5,210.9,205.3,341.5,98.8,116.4,203.7,214.5,45.4,104.9,35.2,121.8,145.9,296.6,171.1,141.7,191.6,241.6,195.1,230.6,260.6,89.7,105.5,89.7,203.2,83.7,135.5,93.1,105.1,183.7,190.4,182.9,173.6,222.9,195.1,345.1,233.1,232.1,151.3,164.3,164.4,113.4,182.6,25.7,0.0,283.1,1569.6,192.8,285.0,283.6,163.1,175.4,94.4,107.6,165.6,117.5,316.8,209.3,213.7,71.6,114.6,168.3,133.6,174.5,128.6,298.3,270.1,46.6,107.1,292.9,296.8,281.5,151.9,92.9,53.4,191.1,218.6
SF,343.2,43.2,277.6,317.6,111.5,61.4,282.2,337.8,357.9,211.7,181.2,211.4,348.5,370.4,332.9,298.4,271.1,34.5,249.6,306.4,158.5,273.5,174.8,333.0,213.2,281.8,255.4,187.5,238.7,170.8,254.7,378.7,355.3,231.2,422.8,259.8,193.1,202.9,311.1,313.4,209.6,233.7,338.9,159.7,145.8,367.5,322.5,296.0,176.1,299.5,348.5,174.2,320.7,184.4,320.7,371.5,314.7,235.9,256.9,221.2,362.9,224.5,131.1,278.0,356.2,154.3,491.7,337.5,52.6,335.0,159.7,299.5,176.2,224.7,250.7,263.8,0.0,1358.4,296.3,408.3,36.2,205.2,153.9,229.4,222.5,130.8,288.0,463.4,168.4,321.5,272.2,219.0,339.3,190.4,319.3,230.7,444.9,436.8,282.4,268.1,439.5,381.7,387.9,312.0,270.8,270.7,359.4,68.0
SO,1559.7,1380.5,1614.9,1566.1,1464.5,1398.7,1619.5,1591.8,1676.5,1548.3,1534.2,1548.7,1487.8,1467.5,1670.2,1530.6,1567.1,1372.0,1586.9,1643.7,1511.5,1624.1,1527.8,1620.6,1566.2,1632.4,1592.7,1540.5,1576.0,1508.1,1593.2,1697.3,1600.7,1528.9,1465.5,1597.1,1529.8,1555.9,1559.6,1690.4,1546.3,1571.0,1682.4,1497.0,1377.4,1686.1,1641.1,1540.8,1529.1,1568.0,1581.2,1405.8,1658.0,1521.7,1658.0,1617.6,1652.0,1599.4,1572.3,1558.5,1582.6,1533.2,1484.1,1559.7,1573.5,1507.3,1543.6,1535.8,1389.9,1558.8,1512.7,1643.8,1513.5,1577.7,1588.0,1601.1,1376.3,0.0,1580.8,1514.0,1461.3,1558.2,1506.9,1566.7,1559.8,1468.1,1638.6,1438.2,1521.4,1558.0,1609.5,1556.3,1626.9,1543.4,1613.1,1604.7,1541.5,1539.2,1619.7,1605.4,1461.4,1497.6,1546.0,1631.3,1608.1,1608.0,1605.5,1405.3
SS,74.4,259.7,211.5,57.9,277.8,242.3,300.5,69.8,131.4,369.9,340.2,207.2,79.7,101.6,244.2,297.7,33.8,267.1,279.2,259.7,317.5,128.5,341.1,65.0,304.5,113.6,98.5,345.7,210.8,261.6,59.9,152.2,69.3,450.9,137.7,212.7,218.9,363.6,42.3,303.9,256.0,167.5,126.0,250.5,288.2,129.1,96.0,27.2,334.3,30.7,79.7,231.8,244.9,183.6,163.8,102.7,229.1,381.4,337.9,96.5,76.4,435.6,297.4,26.4,87.4,276.2,182.7,69.5,250.3,103.5,297.3,99.6,175.4,296.0,247.7,258.4,301.3,1515.7,0.0,139.5,301.8,296.1,288.8,125.1,114.0,221.6,177.3,181.2,322.4,52.7,283.1,83.0,71.3,266.6,50.5,69.5,117.2,92.9,235.7,220.2,136.0,113.7,119.9,86.2,133.5,222.5,90.6,236.8
ST,168.3,373.4,290.9,182.6,393.0,357.5,379.9,108.2,199.5,528.2,497.7,370.7,69.7,49.4,323.6,432.5,149.0,382.3,363.2,339.1,431.9,195.7,504.4,143.6,477.9,181.7,233.3,523.5,368.7,424.9,175.1,207.8,213.3,529.5,139.7,393.0,353.7,513.9,176.1,383.3,429.6,343.3,205.4,436.0,387.4,209.1,164.1,122.7,449.5,160.4,104.2,366.6,324.3,298.8,324.3,140.6,308.5,459.7,417.3,231.3,228.8,514.2,473.0,141.6,96.5,391.4,145.8,115.2,365.5,218.7,454.4,166.8,290.6,472.7,326.3,337.8,416.5,1440.0,134.7,0.0,417.0,453.2,465.5,239.5,229.2,336.8,256.7,143.6,499.4,131.1,361.7,197.4,160.1,423.7,136.1,186.4,123.4,143.7,315.1,406.6,135.7,98.6,127.1,154.3,297.7,301.9,128.5,352.0
SX,352.8,52.8,287.2,327.2,121.1,71.0,291.8,347.4,367.5,221.3,190.8,221.0,358.1,380.0,342.5,295.1,280.7,44.1,259.2,316.0,168.1,283.1,184.4,342.6,222.8,291.4,265.0,197.1,248.3,180.4,264.3,388.3,364.9,240.8,432.4,269.4,202.7,212.5,320.7,323.0,219.2,243.3,348.5,169.3,185.8,377.1,332.1,305.6,185.7,309.1,358.1,114.7,330.3,194.0,330.3,381.1,324.3,245.5,266.5,230.8,295.8,234.1,140.7,287.6,365.8,163.9,460.3,347.1,62.2,270.4,169.3,309.1,185.8,234.3,260.3,273.4,25.3,1368.0,305.9,417.9,0.0,214.8,163.5,239.0,232.1,140.4,297.6,495.6,178.0,331.1,281.8,228.6,348.9,200.0,328.9,240.3,477.1,370.5,292.0,277.7,471.7,391.3,397.5,321.6,280.4,280.3,369.0,77.6
TI,398.1,156.1,218.9,368.2,69.7,140.2,149.3,344.6,280.8,107.4,80.4,128.1,374.4,396.3,206.1,254.4,297.0,165.0,154.3,203.4,96.2,283.4,83.6,312.4,42.4,269.4,241.1,102.7,165.2,68.7,280.6,289.1,358.1,123.4,488.7,194.8,89.8,98.6,361.7,206.4,106.3,186.0,254.6,79.8,167.3,290.4,288.9,321.9,119.0,325.4,374.4,131.3,222.5,150.6,222.5,350.4,216.5,73.2,115.5,240.7,316.5,108.5,52.2,303.9,370.1,100.0,476.6,363.4,148.2,290.8,33.6,311.6,158.5,19.4,176.5,160.5,199.2,1526.0,322.2,432.2,199.7,0.0,44.7,230.7,243.2,108.7,264.7,462.3,78.6,347.4,138.2,259.4,315.5,37.6,321.7,258.9,443.8,418.9,179.4,203.1,438.4,444.0,413.8,299.1,225.7,186.2,338.3,134.7
TN,397.6,137.9,223.6,376.0,50.8,121.3,170.9,344.1,285.5,62.6,32.1,128.6,373.8,395.7,227.7,249.0,296.4,146.1,164.4,208.1,51.4,298.8,44.7,308.7,65.1,274.1,245.8,57.9,169.9,73.4,280.0,306.3,357.6,82.1,488.2,194.2,94.5,64.8,361.2,211.1,112.0,190.7,259.3,84.5,148.4,295.1,288.4,321.3,74.2,324.8,373.8,112.4,227.2,155.3,227.2,349.9,221.2,95.9,135.2,245.4,321.2,75.8,33.3,303.3,369.6,81.1,476.0,362.8,129.3,295.5,11.6,311.1,163.2,76.6,173.7,165.2,180.3,1486.8,321.6,431.7,180.8,57.1,0.0,234.7,244.4,113.4,264.2,460.6,33.8,346.8,147.0,258.8,315.0,42.3,321.2,256.3,442.1,416.8,184.1,207.8,436.7,443.5,413.2,298.6,230.4,190.9,337.8,115.8
TU,160.4,200.5,69.0,160.4,188.2,183.9,133.2,156.5,143.6,265.9,239.4,113.9,165.0,186.9,104.5,300.5,87.6,208.7,92.4,76.9,222.5,90.0,247.5,130.9,230.7,98.3,66.8,241.7,86.4,172.1,71.2,151.1,155.9,282.8,240.0,82.7,193.9,268.6,128.3,139.0,182.4,59.3,134.2,161.0,229.0,152.4,107.4,112.5,230.8,116.0,165.0,193.0,112.1,94.7,112.1,168.9,105.6,213.0,170.6,10.0,131.0,267.9,203.8,94.5,172.7,184.3,254.7,150.1,191.9,103.1,210.2,116.7,102.6,228.5,68.8,93.0,242.9,1560.1,101.5,224.8,243.4,208.5,220.8,0.0,12.5,154.8,83.2,231.5,218.4,138.0,122.0,50.0,144.2,179.5,135.8,47.5,213.0,204.6,52.9,96.3,208.3,194.6,204.4,117.6,62.2,41.2,156.8,179.1
UD,147.2,188.8,79.3,161.7,198.5,171.4,143.5,148.4,153.1,276.7,249.7,128.4,152.5,174.4,114.8,246.4,75.1,196.2,108.1,87.2,232.8,77.5,257.8,137.0,241.5,85.8,59.4,252.5,97.2,182.4,58.7,161.4,158.5,293.1,226.8,98.3,204.2,267.9,115.1,149.3,193.2,69.6,142.9,171.3,201.3,162.7,117.7,100.0,241.1,103.5,152.5,180.5,122.4,105.0,122.4,175.5,116.4,223.3,180.9,2.0,118.5,277.8,214.1,82.0,160.2,194.6,242.2,137.6,179.4,90.6,220.5,103.5,112.9,238.8,86.6,103.8,230.4,1517.2,100.3,212.3,230.9,219.3,231.6,10.2,0.0,165.1,91.9,219.0,229.2,125.5,131.9,37.5,143.3,189.8,123.3,35.0,200.5,192.4,63.2,106.6,195.1,185.7,191.9,116.0,72.5,51.5,163.4,165.9
UR,260.3,106.0,188.9,234.7,74.0,88.6,159.8,254.9,262.7,152.2,121.7,110.4,265.6,287.5,216.6,145.6,188.2,113.4,130.6,214.8,99.0,190.6,133.3,247.6,118.5,198.9,172.5,128.0,119.7,39.9,171.8,283.5,272.4,171.7,339.9,140.8,91.7,143.4,228.2,219.9,108.2,135.7,254.1,28.8,171.6,272.3,227.3,213.1,116.6,216.6,265.6,135.6,232.0,101.5,232.0,288.6,226.0,105.0,126.0,138.3,203.3,159.2,89.6,195.1,273.3,70.1,367.8,254.6,96.6,177.9,91.7,216.6,93.3,110.0,152.7,165.8,147.6,1437.3,213.4,325.4,148.1,90.5,102.8,146.5,139.6,0.0,203.2,343.8,108.9,238.6,151.7,136.1,253.9,61.0,236.4,147.8,302.3,278.0,190.8,149.1,325.6,298.8,305.0,229.1,182.1,179.1,276.5,83.1
UV,146.6,256.4,71.8,130.8,271.4,239.0,167.6,93.1,72.8,309.1,282.1,154.4,135.4,157.3,111.3,314.0,58.0,263.8,138.7,120.0,297.9,22.0,285.3,60.9,262.1,8.0,94.0,304.4,149.6,205.8,56.6,81.1,106.6,317.2,237.2,173.9,228.3,302.0,110.2,164.2,217.3,124.2,50.9,216.9,268.9,82.4,37.4,82.9,320.7,86.4,126.3,248.1,95.4,181.1,95.4,98.9,89.4,247.4,205.0,137.3,55.1,301.9,253.9,64.9,118.6,284.1,228.1,120.5,247.0,143.7,235.3,60.1,189.0,253.6,107.2,118.7,298.0,1595.1,71.9,180.7,298.5,234.1,246.4,126.6,139.8,245.8,0.0,204.9,280.3,108.4,142.6,78.9,64.0,204.6,70.2,67.9,186.4,165.8,96.0,187.5,181.0,192.5,177.2,47.6,78.6,82.8,86.8,233.5
UW,166.2,399.5,256.9,172.6,406.1,382.1,378.0,205.3,242.8,488.3,457.8,350.4,94.3,74.0,321.7,410.1,173.6,406.9,335.5,322.5,435.1,197.5,465.7,186.6,442.5,205.8,234.7,464.1,324.6,386.2,199.7,263.6,149.6,496.0,27.2,325.7,356.9,479.5,166.1,373.7,373.4,294.0,248.4,382.9,427.2,252.4,207.4,147.3,452.7,153.1,125.4,391.2,300.0,323.4,300.0,231.1,294.0,426.5,415.4,237.3,156.0,480.7,425.7,166.2,133.1,406.2,105.3,114.4,390.1,180.5,415.7,184.4,315.2,434.0,311.0,324.1,441.1,1380.1,187.3,90.4,441.6,414.5,426.8,245.5,238.6,361.4,212.0,0.0,445.0,164.5,354.6,222.0,192.9,385.0,172.9,211.2,61.8,78.4,298.5,334.0,23.1,104.1,144.2,196.9,250.1,286.8,219.0,376.6
UY,382.4,140.7,234.8,352.5,53.6,124.1,180.7,328.9,308.6,65.4,16.9,156.3,372.2,394.1,237.5,241.6,294.8,148.9,176.5,250.4,17.5,297.2,87.0,296.7,107.4,305.5,233.1,60.7,165.6,103.8,278.4,329.4,342.4,75.5,473.0,186.7,136.8,38.6,346.0,253.4,153.3,181.6,300.0,92.7,151.2,318.2,273.2,319.7,53.1,323.2,362.1,115.2,269.5,152.9,269.5,334.7,263.5,104.4,146.9,236.6,354.8,60.2,49.2,301.7,354.4,93.2,474.4,357.3,132.1,282.8,53.9,295.9,160.8,118.9,198.6,207.5,183.1,1471.6,320.9,416.5,183.6,99.4,42.2,225.9,239.1,106.5,249.0,455.3,0.0,345.2,189.7,242.7,299.8,84.6,306.0,254.7,436.8,401.6,226.4,195.0,431.4,428.3,413.0,283.4,228.0,225.0,322.6,118.6
UZ,37.1,288.4,218.2,61.5,306.5,271.0,307.2,16.2,126.8,455.5,425.0,300.8,60.4,82.3,250.9,346.0,62.5,295.8,285.1,266.4,345.4,123.0,431.7,70.9,405.2,109.0,146.8,374.4,296.0,352.2,88.6,147.6,96.1,456.8,134.7,240.6,267.2,441.2,55.0,310.6,356.9,270.6,132.7,279.2,316.1,136.4,91.4,36.2,363.0,87.7,60.4,280.1,251.6,212.3,251.6,49.9,235.8,387.3,344.6,144.8,105.1,441.5,400.3,55.1,68.1,304.9,162.6,49.4,279.0,132.2,381.7,94.1,204.1,400.0,253.6,261.0,330.0,1496.4,76.2,120.2,330.5,380.5,392.8,153.0,146.1,250.3,183.9,138.6,422.5,0.0,289.0,110.9,77.2,351.0,63.4,100.1,97.1,72.8,242.4,248.9,120.4,93.6,99.8,81.6,225.0,229.2,37.8,265.5
VH,282.1,241.1,115.2,265.2,183.3,224.7,31.5,233.3,177.1,200.5,186.9,65.8,291.2,313.1,88.0,298.7,213.8,249.5,32.6,95.8,209.8,179.7,197.2,197.9,129.5,165.7,132.7,216.3,43.5,117.7,197.4,183.6,254.9,180.7,377.4,73.1,96.3,179.5,250.9,64.0,81.2,82.3,150.9,128.8,281.4,193.8,177.6,238.7,232.6,234.7,266.5,240.2,118.8,93.0,114.1,234.4,108.1,111.6,68.9,132.3,208.1,165.8,161.1,220.7,258.8,187.4,386.9,277.5,232.7,187.6,147.2,195.6,100.9,160.8,65.3,52.1,283.7,1552.5,241.1,320.9,284.2,146.0,153.6,127.0,134.8,157.7,153.4,358.6,192.2,249.6,0.0,161.7,204.2,116.5,210.4,169.0,340.1,307.4,75.7,81.4,330.0,336.3,312.7,187.8,122.0,82.5,227.0,219.2
VK,124.1,175.9,58.5,124.8,234.3,160.0,179.6,125.3,139.6,312.5,285.5,160.0,129.4,171.1,123.3,235.0,52.0,184.8,138.5,139.1,268.6,74.2,293.6,117.1,291.1,62.7,36.3,288.3,130.7,218.2,35.6,147.1,94.0,329.7,203.7,128.8,160.7,314.7,188.9,185.1,172.7,105.4,119.8,207.1,194.4,178.4,103.4,76.9,276.9,80.4,129.4,169.1,101.6,140.8,138.1,194.9,132.1,259.4,217.0,33.8,129.6,314.3,249.9,58.9,137.1,230.4,226.5,114.5,168.0,41.7,259.5,100.2,93.1,237.8,114.9,137.3,219.0,1505.8,65.9,209.0,219.5,218.3,270.6,86.2,36.2,139.3,68.8,225.6,265.0,102.4,171.3,0.0,130.4,188.8,100.2,33.7,207.1,142.0,117.0,142.4,201.7,159.0,168.8,92.9,51.7,105.3,140.3,154.5
VS,113.7,309.2,140.9,102.1,340.5,293.3,229.9,53.6,66.0,368.0,351.2,227.7,114.7,136.6,173.6,368.3,84.8,318.1,213.2,189.1,376.3,96.9,354.4,3.2,317.7,82.9,152.9,363.3,208.5,274.9,110.9,73.5,114.5,369.3,204.3,243.0,280.4,380.4,59.3,233.3,268.9,193.3,55.4,286.0,323.2,64.6,65.3,62.2,389.8,43.6,93.4,313.0,174.3,250.2,164.1,66.0,148.3,309.7,267.3,196.2,130.0,364.6,312.8,97.4,85.7,353.2,211.8,99.8,301.3,165.1,304.4,68.0,258.1,312.5,183.8,177.6,352.3,1550.7,104.4,147.8,352.8,293.0,305.3,195.7,208.9,314.9,96.5,191.2,339.2,76.5,216.2,143.0,0.0,273.7,19.3,131.1,172.7,134.5,165.1,256.6,177.9,159.6,144.3,55.5,147.7,151.9,53.9,287.8
VY,360.4,153.8,181.2,330.5,66.7,137.2,128.5,306.9,243.1,104.4,73.9,90.4,336.7,358.6,185.3,216.7,259.3,162.0,122.0,165.7,93.2,245.7,80.6,274.7,57.4,231.7,203.4,99.7,127.5,31.0,242.9,251.4,328.5,123.9,451.0,157.1,52.1,97.3,324.0,168.7,69.6,148.3,216.9,42.1,164.3,252.7,251.2,284.2,116.0,287.7,336.7,128.3,184.8,112.9,184.8,312.7,178.8,71.5,92.8,203.0,278.8,117.6,49.2,266.2,332.4,97.0,433.8,321.8,145.2,253.1,30.6,273.9,120.8,48.9,138.8,122.8,196.2,1523.0,273.2,394.5,196.7,29.4,41.7,192.3,205.5,71.0,227.0,424.6,75.6,309.7,104.6,221.7,288.0,0.0,284.0,221.2,406.1,379.8,141.7,165.4,400.7,409.9,376.1,261.4,188.0,148.5,300.6,131.7
WI,120.5,291.3,160.9,46.4,360.5,273.9,249.9,67.0,85.2,398.2,367.7,243.5,95.3,117.2,193.6,348.9,65.4,298.7,227.8,209.1,387.0,83.7,374.4,13.6,347.9,69.7,183.1,393.5,238.7,294.9,91.5,106.0,107.8,399.5,211.1,268.3,310.6,383.9,39.9,253.3,299.6,213.3,75.4,306.0,303.8,94.8,52.1,42.8,409.8,24.2,95.3,283.0,194.3,270.2,194.3,72.8,178.5,330.0,287.3,147.7,116.8,384.2,343.0,84.2,92.5,373.2,197.5,84.3,281.9,135.1,324.4,54.8,278.1,342.7,196.3,203.7,332.9,1531.3,79.1,154.6,333.4,323.2,335.5,216.4,149.0,253.2,126.6,171.8,365.2,68.3,231.7,113.8,19.9,293.7,0.0,103.0,153.3,141.1,185.1,276.6,147.9,170.0,134.7,42.3,167.7,171.9,60.7,268.4
WR,110.1,186.9,111.0,110.8,206.5,171.0,224.5,104.7,124.8,298.6,268.1,135.1,115.4,137.3,166.2,246.0,38.0,197.5,173.0,130.0,254.7,40.4,269.8,99.9,252.8,48.7,91.3,274.4,167.5,192.0,21.6,133.1,124.2,308.0,189.7,163.3,167.2,291.5,78.0,175.9,184.7,96.2,105.8,180.9,200.9,134.4,89.4,64.9,263.0,66.4,115.4,180.1,150.3,112.3,150.3,138.4,144.3,238.5,259.9,44.8,55.1,291.0,226.1,44.9,123.1,204.9,212.5,100.5,179.0,32.2,226.0,68.4,104.1,244.3,105.7,130.4,230.0,1518.5,64.1,175.2,230.5,224.8,237.1,53.0,42.7,150.3,56.8,204.7,251.1,90.4,197.5,10.9,106.2,195.3,88.2,0.0,186.2,128.4,106.0,176.9,180.8,145.0,154.8,78.9,104.2,137.7,128.3,165.0
WS,100.0,333.3,213.9,106.4,351.4,315.9,331.1,114.6,197.7,443.5,413.0,284.2,65.1,131.4,278.7,390.9,107.4,340.7,295.3,274.9,390.3,157.3,414.7,141.8,397.7,165.6,191.7,419.3,284.4,335.2,133.5,218.5,141.0,451.2,71.4,285.5,312.1,434.7,99.9,320.8,328.6,241.1,203.6,324.1,345.8,207.3,162.3,81.1,407.9,108.3,87.1,325.0,257.0,257.2,257.0,148.3,251.0,381.7,360.0,189.7,150.0,435.9,371.0,100.0,94.8,349.8,46.7,76.1,323.9,177.1,370.9,139.3,249.0,389.2,258.1,271.2,374.9,1437.5,121.1,147.8,375.4,369.7,382.0,197.9,191.0,295.2,171.8,57.3,400.2,98.3,314.4,155.8,148.1,340.2,128.1,145.0,0.0,79.5,250.9,293.8,33.4,85.5,88.1,151.8,207.1,239.2,136.2,310.4
WY,76.1,309.6,191.7,120.5,329.2,293.7,308.9,99.4,191.5,419.8,394.3,257.8,64.9,85.1,256.5,368.7,85.2,318.5,267.7,252.7,377.4,135.4,392.5,138.0,375.8,172.9,168.0,395.4,260.5,313.0,111.3,199.0,110.7,429.0,86.7,258.0,288.2,412.5,76.2,298.6,304.7,218.9,196.6,301.9,321.9,200.3,155.3,58.9,385.7,86.1,46.9,301.3,234.8,235.0,233.1,130.1,227.1,359.5,337.8,165.8,128.1,414.1,347.3,77.8,54.6,327.6,94.6,32.0,301.7,153.2,348.7,156.5,226.8,365.5,228.4,251.6,352.7,1451.6,70.9,161.9,353.2,345.8,360.1,176.2,163.7,273.0,148.0,71.4,372.1,76.1,296.7,143.4,151.3,318.3,127.3,120.9,52.9,0.0,228.7,271.6,48.9,104.7,142.3,145.5,184.9,217.0,119.7,288.2
XE,230.2,257.8,62.6,200.3,218.5,240.4,80.2,176.7,124.5,249.2,225.7,101.5,221.5,243.4,51.5,334.1,144.1,265.2,85.8,23.9,245.0,127.1,232.4,141.3,178.2,113.1,80.9,251.5,96.7,152.9,127.7,147.1,198.3,229.8,320.8,121.6,140.9,214.2,193.8,95.4,129.9,71.3,98.3,164.0,316.1,134.1,121.0,169.0,264.4,172.5,209.9,280.1,66.2,128.2,66.2,182.5,60.2,160.3,117.6,66.4,160.2,214.5,201.0,151.0,202.2,217.9,316.3,210.5,248.4,130.6,182.4,143.7,136.1,200.7,54.3,61.7,299.4,1587.7,169.3,264.3,299.9,181.2,193.5,56.4,64.8,188.4,96.9,288.0,223.2,193.0,89.7,92.0,147.6,151.7,153.8,103.7,269.5,250.8,0.0,129.9,264.1,279.7,260.8,131.2,69.4,11.9,170.4,234.9
XF,268.8,214.8,121.2,238.9,153.3,197.4,107.2,215.3,195.0,231.5,201.0,83.2,274.9,296.8,163.7,265.6,197.5,222.2,44.9,147.1,178.3,199.9,212.6,179.9,205.2,208.2,119.5,207.3,34.0,137.2,181.1,215.8,236.9,251.0,359.4,7.1,118.1,222.7,232.4,139.7,156.9,68.0,186.4,126.1,250.9,204.6,159.6,222.4,195.9,216.7,248.5,214.9,164.3,59.8,164.3,221.1,158.3,187.3,144.6,123.0,241.2,241.5,168.9,204.4,240.8,149.4,370.0,259.5,205.4,169.2,182.2,182.3,67.7,200.5,85.0,98.1,256.4,1525.2,227.8,302.9,256.9,181.0,191.7,113.0,121.4,119.9,135.5,341.7,188.2,231.6,71.5,148.6,186.2,151.5,192.4,157.1,323.2,289.4,123.1,0.0,317.8,318.3,299.4,169.8,114.4,111.4,209.0,191.9
XY,149.0,380.8,233.7,104.8,382.9,364.9,354.8,161.3,219.6,465.1,434.6,328.4,77.1,97.9,298.5,386.9,156.4,389.7,312.3,299.3,411.9,174.3,442.5,163.4,419.3,182.6,211.5,440.9,301.4,363.0,182.5,240.4,126.4,472.8,37.9,297.2,333.7,456.3,148.9,350.5,350.2,270.8,225.2,359.7,410.0,229.2,184.2,130.1,429.5,129.9,102.2,324.2,276.8,306.2,276.8,187.1,270.8,403.3,392.2,214.1,132.8,457.5,402.5,149.0,109.9,383.0,82.1,91.2,372.9,157.3,392.5,161.2,298.0,410.8,280.3,305.0,423.9,1404.0,170.1,114.3,424.4,391.3,403.6,222.8,212.0,344.2,188.7,23.8,417.6,147.3,331.4,204.8,169.7,361.8,149.7,192.1,38.6,56.9,275.3,310.8,0.0,57.1,121.0,173.7,226.9,263.6,175.0,359.4
YY,96.9,328.7,210.8,139.6,348.3,312.8,328.0,118.1,195.4,440.4,413.4,276.9,25.0,119.0,275.6,387.8,104.3,337.6,286.8,271.8,396.5,154.2,411.6,141.9,394.6,162.5,188.6,416.2,281.3,332.1,130.4,202.9,129.8,448.1,41.0,277.1,309.0,442.6,96.8,317.7,320.4,238.0,200.5,321.0,352.8,204.2,159.2,78.0,404.8,105.2,84.0,321.9,253.9,254.1,248.8,140.1,242.8,378.3,356.9,186.6,141.8,433.2,362.8,96.9,91.7,346.7,101.1,69.1,320.8,168.9,367.8,131.1,245.9,386.1,247.5,272.2,371.8,1425.1,90.0,135.4,372.3,361.5,378.9,195.3,184.5,292.1,163.5,44.9,392.9,95.2,315.8,162.5,155.2,337.1,125.0,134.9,78.7,76.6,247.8,290.7,58.5,0.0,83.2,148.7,204.0,236.1,133.1,302.2
ZB,116.3,348.8,297.4,122.7,367.7,332.2,386.4,121.3,206.8,534.7,504.2,296.3,61.4,83.3,330.1,407.2,123.7,357.0,369.7,345.6,406.6,202.2,431.0,153.3,484.4,188.2,208.0,435.6,375.2,351.5,149.8,226.8,157.3,536.0,135.7,296.5,328.4,520.4,116.2,389.8,344.9,257.4,211.9,340.4,377.3,215.6,170.6,97.4,424.2,166.9,110.7,341.3,330.8,273.5,330.8,147.1,315.0,466.2,423.8,206.0,166.3,520.7,387.3,116.3,103.0,366.1,146.0,121.7,340.2,193.4,460.9,173.3,265.3,479.2,332.8,344.3,391.2,1497.4,137.4,121.2,391.7,459.7,472.0,214.7,203.9,311.5,263.2,137.5,412.3,137.6,368.2,172.1,156.4,430.2,142.6,159.4,80.1,96.0,321.6,310.1,113.6,91.0,0.0,160.8,223.4,308.4,135.0,326.7
ZM,137.6,277.3,139.5,107.7,339.1,259.9,228.5,84.1,45.8,376.8,346.3,222.1,112.3,134.2,172.2,334.9,96.0,284.7,206.4,187.7,365.6,60.0,353.0,48.7,326.5,46.0,161.7,372.1,217.3,273.5,77.5,66.6,67.0,378.1,228.2,246.9,289.2,362.5,101.2,231.9,278.2,191.9,54.0,284.6,305.0,55.4,10.4,59.8,388.4,63.3,112.3,269.0,163.1,248.8,163.1,89.9,157.1,308.6,265.9,205.0,93.1,362.8,321.6,41.8,109.6,351.8,207.4,101.3,267.9,121.1,303.0,12.4,256.7,321.3,174.9,182.3,318.9,1633.1,60.1,171.7,319.4,301.8,314.1,195.0,203.4,313.5,105.2,179.1,343.8,85.3,210.3,99.8,55.0,272.3,61.2,89.0,160.6,152.5,163.7,255.2,155.2,187.1,151.7,0.0,146.3,150.5,77.8,254.4
ZO,182.6,239.2,6.8,152.7,212.8,221.8,127.8,129.1,108.8,281.5,251.0,126.8,170.7,192.6,71.5,325.1,93.3,246.6,111.1,87.3,237.8,95.7,257.7,93.7,225.8,104.0,15.3,266.8,111.5,178.2,76.9,129.6,150.7,277.4,273.2,112.6,188.5,261.8,146.2,136.6,177.5,83.9,99.9,185.6,251.7,118.4,73.4,118.2,255.4,121.7,162.3,274.4,49.8,119.3,49.8,134.9,43.8,207.9,165.2,75.4,137.0,262.1,226.3,100.2,154.6,208.9,265.8,159.7,229.8,65.0,207.7,96.1,127.2,226.0,79.6,87.0,280.8,1584.7,118.5,216.7,281.3,206.5,218.8,65.4,73.8,179.4,49.3,237.5,247.7,143.7,115.0,101.0,100.0,177.0,106.2,52.9,219.0,203.2,68.4,120.9,213.6,232.1,213.2,83.6,0.0,55.2,122.8,216.3
ZP,218.2,245.8,69.1,188.3,205.0,228.4,91.9,164.7,144.4,242.7,212.2,88.0,209.5,231.4,63.2,322.1,132.1,253.2,72.3,35.6,231.5,134.5,218.9,129.3,189.9,119.6,68.9,238.0,83.2,139.4,115.7,158.8,186.3,241.5,308.8,109.6,152.6,225.9,181.8,97.8,141.6,57.8,104.8,150.5,258.3,154.0,109.0,157.0,252.4,160.5,197.9,266.6,72.7,114.7,72.7,170.5,66.7,172.0,129.3,54.4,175.5,226.2,187.5,139.0,190.2,205.9,304.3,198.5,236.4,118.6,168.9,131.7,122.6,187.2,40.8,48.2,287.4,1574.2,157.3,252.3,287.9,167.7,180.0,44.4,52.8,176.4,84.9,276.0,209.7,181.0,76.2,80.0,135.6,138.2,141.8,91.7,257.5,238.8,11.6,117.9,252.1,267.7,248.8,119.2,63.8,0.0,158.4,222.9
ZT,75.0,326.3,202.5,107.3,402.1,308.9,290.4,21.5,124.2,439.8,409.3,285.1,98.3,120.2,234.1,383.9,100.4,333.7,269.4,249.9,428.6,120.4,416.0,68.3,388.4,106.4,224.7,435.1,280.3,336.5,126.5,145.0,146.1,440.0,183.6,309.9,351.1,424.4,100.8,294.9,340.1,254.9,117.0,347.6,354.0,133.8,88.8,103.7,451.4,85.1,72.7,318.0,214.8,311.8,214.8,12.1,219.9,370.5,327.8,182.7,153.5,424.7,384.6,120.9,65.0,414.8,200.5,83.7,316.9,170.1,366.0,91.5,242.0,384.3,237.9,245.3,367.9,1534.3,115.8,127.1,368.4,364.8,377.1,258.0,184.0,288.2,168.2,185.1,406.8,37.8,273.3,148.8,74.6,335.3,60.8,138.0,166.6,113.6,226.7,318.2,161.2,142.5,123.6,79.0,209.3,213.5,0.0,303.4
ZY,275.1,21.3,209.5,257.8,43.4,5.5,214.1,269.7,290.6,143.6,113.1,139.1,280.4,302.3,264.8,159.0,203.0,30.2,176.1,238.3,99.7,205.4,106.7,264.9,145.1,213.7,187.3,119.4,170.6,102.7,186.6,298.1,245.0,163.1,354.7,191.7,125.0,134.8,243.0,245.3,141.5,165.6,270.8,91.6,35.3,299.4,254.4,227.9,108.0,231.4,280.4,37.0,252.6,116.3,252.6,303.4,246.6,167.5,188.8,153.1,218.1,156.4,63.0,209.9,288.1,86.2,382.6,265.5,13.4,192.7,91.6,231.4,108.1,156.6,175.1,199.8,64.4,1354.1,228.2,340.2,64.9,137.1,85.8,161.3,151.0,62.7,219.8,402.8,96.1,253.4,204.1,165.4,271.2,122.3,251.2,162.3,317.1,291.6,214.3,200.0,378.9,310.0,319.8,243.9,202.7,202.6,291.3,0.0
