from_stop,AE,AQ,AX,BJ,BU,BW,BX,CP,CT,DB,EW,FK,GD,GF,GH,GS,GZ,HB,HM,IE,IM,JN,JZ,KA,KC,KN,KO,KP,KT,KV,LD,LS,LT,ME,MI,MQ,NK,NL,NN,NS,OC,OO,PA,PF,PN,PQ,PT,QD,QF,QK,QN,RA,RN,RT,RV,SE,SH,SP,SZ,TB,TF,TG,TQ,TX,TZ,UF,UH,UJ,VF,VL,VS,VZ,WH,WP,XH,YE,YH,YU,ZK,ZV,ZX
AE,0.0,350.1,209.5,225.2,232.0,304.1,126.8,195.3,267.2,205.6,316.8,237.6,328.8,104.4,84.8,198.2,255.7,281.2,156.4,215.8,417.7,349.1,144.4,212.5,268.7,328.8,333.1,298.7,277.4,329.4,164.2,1427.2,23.3,238.9,269.0,239.4,274.5,286.8,354.7,293.0,306.5,344.3,88.3,177.9,458.9,198.3,206.2,213.1,359.0,294.5,273.9,304.1,207.6,206.2,186.0,342.3,225.9,371.5,310.9,255.9,395.3,323.2,177.0,154.8,367.4,256.2,305.3,217.8,296.8,380.8,0.5,331.4,263.7,270.5,236.5,365.4,233.5,181.5,301.0,193.3,190.0
AQ,364.7,0.0,274.4,212.4,274.4,350.0,241.5,332.9,370.9,276.4,359.2,241.7,268.7,341.2,377.0,318.1,259.8,206.9,215.9,230.7,62.6,348.3,225.2,294.1,304.6,341.5,218.6,341.1,270.0,348.9,306.7,1555.0,343.0,155.5,316.7,277.0,378.2,228.1,344.2,305.7,181.4,385.8,380.5,315.5,89.1,269.1,219.4,234.1,164.3,364.7,283.9,260.8,239.9,200.0,285.7,147.6,182.8,107.5,185.8,353.7,131.3,233.2,314.6,248.2,131.5,269.4,237.8,245.8,162.0,30.6,365.3,196.9,276.9,283.2,311.6,176.7,170.3,272.3,208.3,222.0,280.8
AX,217.5,314.3,0.0,282.9,352.1,427.7,257.4,65.3,434.9,258.2,424.4,345.2,330.2,224.5,160.1,194.3,121.3,385.3,344.8,322.5,282.1,456.7,354.1,64.9,226.8,448.9,450.5,418.8,215.4,456.3,165.2,1321.9,177.5,226.0,389.1,107.9,442.2,152.0,460.6,399.7,426.7,451.0,105.3,160.6,321.0,265.9,329.8,320.7,409.6,401.2,352.8,231.1,327.7,291.5,144.2,392.9,298.3,352.8,417.7,376.6,299.4,263.2,173.1,322.5,299.6,10.9,322.5,256.5,282.4,345.0,218.1,293.9,18.4,390.6,88.9,416.0,295.3,310.3,392.0,192.0,318.8
BJ,198.5,169.2,260.3,0.0,82.4,154.5,75.3,292.3,208.6,132.8,167.2,88.0,148.1,175.0,210.8,261.5,203.2,118.5,49.7,66.2,376.8,199.5,59.0,253.0,248.0,179.2,152.4,149.1,178.0,179.8,290.2,1405.2,176.8,78.3,119.4,220.4,215.9,171.5,205.1,143.4,125.8,194.7,214.3,284.2,241.6,125.5,120.8,63.5,176.4,202.4,93.2,166.3,58.0,77.8,277.9,159.7,60.6,188.9,130.2,183.1,212.7,219.5,285.5,82.0,184.8,255.3,122.7,145.0,124.6,199.9,199.1,148.8,262.8,120.9,255.0,182.8,84.3,108.7,138.3,120.5,117.2
BU,294.9,284.6,384.4,137.8,0.0,66.8,203.4,378.3,134.7,229.2,84.7,152.1,129.3,280.1,320.9,347.5,297.9,192.1,154.8,121.6,281.9,254.9,155.4,339.0,342.4,180.5,278.4,66.6,272.7,200.2,432.8,1494.8,281.9,193.7,33.5,306.4,142.0,257.5,260.5,198.8,249.9,99.7,356.9,378.9,354.7,221.9,212.6,118.9,291.8,162.0,207.4,254.5,113.4,201.9,368.9,275.1,184.7,304.3,245.6,132.7,328.1,334.5,371.5,196.0,328.3,370.7,237.7,239.0,256.0,315.3,304.2,264.2,386.9,176.3,341.0,298.2,208.4,205.1,206.8,225.6,224.1
BW,299.0,260.0,395.2,159.9,141.9,0.0,175.8,392.8,268.1,233.3,9.1,147.5,133.4,275.5,325.0,362.0,303.7,191.5,150.2,125.7,295.3,259.0,159.5,353.5,348.5,238.7,253.6,71.3,278.5,246.1,390.7,1474.2,277.3,185.3,184.2,320.9,275.4,272.0,264.6,202.9,216.4,32.8,314.8,384.7,376.8,226.0,221.3,123.0,313.9,261.9,182.6,266.8,117.5,215.3,378.4,297.2,198.1,326.4,220.8,274.7,350.2,356.6,386.0,200.1,350.4,392.8,259.8,251.3,222.7,290.7,299.6,286.3,400.3,180.4,355.5,320.3,221.8,209.2,210.9,220.9,217.7
BX,123.1,223.2,258.2,98.3,105.1,180.7,0.0,245.9,231.3,78.7,189.9,110.7,96.6,99.6,135.4,248.8,149.1,154.7,29.5,88.9,213.5,222.2,17.5,198.9,193.9,201.9,216.8,171.8,123.9,209.3,214.8,1329.8,101.4,112.0,147.4,166.3,238.6,117.4,227.8,166.1,179.6,213.6,138.9,228.5,295.0,71.4,79.3,86.2,232.1,225.1,145.8,112.2,80.7,79.3,236.6,215.4,99.0,244.6,184.0,207.7,268.4,212.2,227.6,45.5,268.6,255.8,178.0,96.7,185.9,253.9,123.7,204.5,263.3,143.6,200.9,238.5,106.6,54.6,174.1,66.4,64.9
CP,339.9,304.2,105.8,256.2,312.9,388.5,216.7,0.0,408.2,158.9,397.7,318.5,304.4,316.4,198.3,9.7,78.2,305.6,259.7,296.7,332.0,430.0,269.0,51.7,95.7,409.7,334.0,388.9,105.1,417.1,37.1,1336.8,307.2,199.3,355.2,50.9,404.5,98.3,434.8,362.9,307.8,428.2,138.5,12.8,363.3,166.6,230.5,294.0,326.2,432.9,281.1,132.3,288.5,179.9,50.9,309.5,210.6,336.5,312.2,386.5,390.9,183.0,14.1,167.5,360.5,116.8,261.1,135.2,279.4,347.5,329.5,296.4,124.3,340.4,60.9,308.0,153.6,197.6,320.3,138.3,207.9
CT,373.9,345.6,537.2,274.9,276.2,130.7,271.2,523.0,0.0,331.4,143.4,233.1,324.3,350.4,440.8,460.1,401.8,276.7,248.3,185.1,410.3,256.8,288.8,451.6,446.6,87.8,328.6,196.3,376.6,151.7,491.9,1562.6,352.2,330.8,190.5,419.0,7.3,370.1,110.8,139.7,302.0,170.9,416.0,505.6,437.1,324.1,350.6,188.5,294.5,111.0,269.4,364.9,194.3,330.3,513.7,345.4,313.1,383.3,306.4,168.7,407.1,465.3,504.7,280.6,379.2,507.8,308.4,343.6,292.3,376.3,374.5,343.2,515.3,242.6,453.6,282.9,336.8,307.3,296.5,319.1,315.8
DB,196.9,235.0,168.8,108.9,165.6,237.7,73.7,172.4,260.9,0.0,250.4,171.2,213.9,173.4,209.2,141.6,83.3,184.3,112.4,149.4,223.6,282.7,121.7,133.1,128.1,262.4,218.2,232.3,45.1,263.0,166.0,1403.6,175.2,114.0,202.6,100.5,268.2,77.7,288.3,226.6,191.6,277.9,212.7,164.3,341.8,7.6,71.5,146.7,242.2,285.6,159.0,46.7,141.2,81.3,145.0,225.5,101.0,254.7,196.0,249.6,278.5,133.8,165.6,50.8,250.6,177.0,188.5,66.5,190.4,265.7,197.5,214.6,184.5,204.1,135.1,248.6,108.6,38.6,204.1,68.4,47.1
EW,289.8,250.8,388.6,150.7,132.7,204.8,166.6,383.6,258.9,224.1,0.0,138.3,229.5,266.3,302.1,352.8,294.5,181.9,141.0,116.5,286.1,249.8,150.3,344.3,339.3,229.5,233.8,52.8,269.3,230.1,381.5,1465.0,268.1,206.6,169.7,311.7,266.2,262.8,255.4,193.7,207.2,27.4,305.6,375.5,369.9,216.8,212.1,113.8,304.7,252.7,174.6,257.6,108.3,206.1,369.2,288.0,188.9,317.2,211.6,264.9,341.0,347.8,376.8,173.3,313.1,383.6,251.0,236.3,197.5,281.5,290.4,277.1,391.1,171.2,346.3,311.1,212.6,200.0,201.7,211.8,208.5
FK,330.1,112.4,294.7,171.0,161.8,233.9,206.9,303.4,258.3,264.4,246.6,0.0,91.1,306.6,342.4,272.6,214.3,43.5,181.3,118.1,175.1,249.2,190.6,264.1,259.1,228.9,95.4,228.5,224.5,229.5,315.0,1536.8,308.4,118.8,198.8,231.5,265.6,182.6,254.8,193.1,68.8,274.1,345.9,295.3,203.9,257.1,173.9,121.5,128.9,252.1,36.2,215.8,127.3,154.5,294.0,112.2,137.3,150.1,73.2,309.8,173.9,253.9,296.6,213.6,146.0,289.7,75.2,194.5,59.1,143.1,330.7,110.0,297.2,170.6,266.1,135.3,124.8,240.3,63.3,176.5,248.8
GD,219.8,168.3,320.2,76.9,51.5,151.6,96.6,313.6,134.6,154.1,160.8,55.8,0.0,196.3,233.8,282.8,224.5,99.1,71.0,7.8,212.6,125.5,80.3,274.3,269.0,105.2,161.9,149.9,199.3,112.6,311.5,1426.5,198.1,133.1,88.5,241.7,141.9,192.8,131.1,69.4,124.7,185.3,235.6,305.5,257.5,146.8,142.1,11.2,184.8,128.4,98.0,187.1,17.0,154.7,299.2,168.1,115.4,206.0,129.1,186.7,229.8,287.6,306.8,122.6,230.0,331.2,130.7,172.1,131.0,199.0,220.4,165.9,338.7,46.9,276.3,197.2,182.0,130.0,119.2,141.8,138.5
GF,92.5,335.0,229.5,210.1,216.9,289.0,111.7,215.3,252.1,190.5,301.7,222.5,313.7,0.0,104.8,218.2,275.7,266.1,141.3,200.7,325.3,334.0,129.3,232.5,288.7,313.7,318.0,283.6,297.4,314.3,184.2,1447.2,70.8,223.8,253.9,259.4,259.4,306.8,339.6,277.9,291.4,329.2,108.3,197.9,478.9,183.2,191.1,198.0,343.9,279.4,258.8,224.0,192.5,191.1,206.0,327.2,210.8,356.4,295.8,240.8,380.2,343.2,197.0,139.7,352.3,276.2,290.2,202.7,281.7,365.7,93.1,316.3,283.7,255.4,256.5,350.3,218.4,166.4,285.9,178.2,174.9
GH,92.6,368.7,225.1,225.3,259.3,326.2,128.2,156.6,267.3,205.7,316.9,237.7,224.9,104.5,0.0,220.7,223.9,304.9,156.5,215.9,340.5,349.2,144.5,180.7,236.6,328.9,362.3,322.0,243.9,354.8,130.7,1395.4,72.2,230.5,274.4,256.9,297.8,304.3,354.0,293.1,306.6,347.4,56.5,195.4,423.1,198.4,206.3,213.2,359.1,313.1,279.9,272.8,226.2,224.8,152.5,342.4,226.0,371.6,311.0,256.6,418.6,289.3,194.5,174.2,418.8,224.4,323.5,225.0,312.9,380.9,116.4,354.7,281.2,270.6,204.7,307.1,256.8,181.6,301.1,194.6,191.9
GS,319.1,298.2,67.3,235.4,292.1,367.7,195.9,9.7,387.4,138.1,376.9,297.7,283.6,295.6,186.2,0.0,57.4,280.1,238.9,275.9,329.2,409.2,248.2,58.1,74.9,388.9,324.2,368.1,84.3,396.3,46.9,1329.7,297.4,178.5,329.1,41.1,394.7,88.5,414.0,353.1,287.0,400.6,131.4,22.6,358.5,145.8,209.7,273.2,305.4,412.1,260.3,111.5,267.7,170.1,43.8,288.7,189.8,317.9,291.4,376.7,341.7,162.2,23.9,146.7,341.9,114.0,251.3,125.4,269.6,328.9,319.7,277.8,121.5,330.6,40.1,287.2,143.8,176.8,299.5,128.5,185.3
GZ,261.6,240.7,110.1,177.9,234.6,306.7,138.4,89.0,329.9,80.6,319.4,240.2,251.8,238.1,224.8,58.2,0.0,222.2,181.4,218.4,271.9,351.7,190.7,49.7,44.7,331.4,256.1,301.3,26.8,332.0,105.2,1388.0,239.9,91.7,271.6,17.1,337.2,31.0,357.3,295.6,229.5,346.9,189.7,80.9,313.1,88.3,152.2,215.7,247.9,354.6,196.9,53.5,210.2,112.6,86.3,231.2,132.3,260.4,233.9,318.6,284.2,105.1,82.2,115.5,256.3,118.4,194.2,73.3,196.1,271.4,262.2,220.3,125.9,273.1,51.7,254.3,86.3,119.3,242.0,71.0,127.8
HB,363.7,63.7,322.2,220.3,195.7,265.9,235.4,348.4,291.9,298.0,280.2,162.7,156.8,340.2,394.7,338.9,280.3,0.0,214.9,151.7,131.5,282.8,224.2,330.1,325.1,257.4,134.5,257.0,285.4,264.8,370.5,1570.4,336.9,176.0,237.7,297.8,299.2,248.2,287.6,226.7,102.4,307.1,379.5,356.2,158.0,290.7,239.9,155.1,85.3,280.6,204.9,281.3,160.9,220.8,354.9,68.6,203.3,106.5,106.8,344.0,130.6,302.1,357.5,266.5,130.8,338.3,31.2,261.2,31.5,99.5,364.3,66.7,345.4,199.1,332.1,57.6,185.7,273.9,129.3,280.6,284.2
HM,148.7,193.6,251.9,68.7,75.5,147.6,25.5,242.5,201.7,83.0,160.3,81.1,172.3,125.2,161.0,211.7,153.4,124.7,0.0,59.3,183.9,192.6,9.2,203.2,198.2,172.3,176.6,142.2,128.2,172.9,240.4,1355.4,127.0,116.3,112.5,170.6,209.0,121.7,198.2,136.5,150.0,187.8,164.5,234.4,267.7,75.7,71.0,56.6,202.5,195.5,117.4,116.5,51.1,83.6,228.1,185.8,103.3,215.0,154.4,177.5,238.8,216.9,235.7,32.2,210.9,260.1,148.8,95.2,140.3,224.3,149.3,174.9,267.6,114.0,205.2,208.9,110.9,58.9,144.5,70.7,67.4
IE,211.9,160.4,315.1,69.0,43.6,155.8,88.7,305.7,142.3,146.2,168.5,47.9,139.1,188.4,224.2,274.9,216.6,91.5,63.1,0.0,204.7,133.2,72.4,266.4,261.4,112.9,143.4,110.3,191.4,113.5,303.6,1418.6,190.2,125.2,80.6,233.8,149.6,184.9,138.8,77.1,116.8,196.0,227.7,297.6,251.9,138.9,134.2,3.4,176.9,136.1,84.2,179.7,9.1,146.8,291.3,160.2,107.5,198.1,121.2,193.8,221.9,280.1,298.9,95.4,194.0,323.3,123.2,158.4,107.1,191.1,212.5,158.0,330.8,54.6,268.4,183.3,174.1,122.1,111.3,133.9,130.6
IM,319.6,150.8,229.3,299.4,224.0,296.1,196.4,287.8,319.3,231.3,308.8,268.6,230.6,296.1,331.9,273.0,214.7,233.4,170.8,257.6,0.0,375.2,180.1,249.0,259.5,320.8,234.9,290.7,224.9,321.4,261.6,1506.8,297.9,119.2,261.0,231.9,326.6,183.0,371.9,285.0,208.3,336.3,335.4,270.4,118.3,224.0,174.3,261.0,191.2,344.0,186.3,216.2,266.8,154.9,240.6,174.5,137.7,134.4,212.7,308.0,158.2,188.5,269.5,203.1,130.3,224.3,225.1,194.9,227.0,181.5,320.2,130.4,231.8,262.5,266.5,197.6,125.2,227.2,224.8,176.9,235.7
JN,316.0,130.7,295.0,171.3,147.7,219.8,192.8,303.7,244.2,250.3,232.5,115.0,77.0,292.5,328.3,272.9,214.6,61.8,167.2,104.0,193.4,0.0,176.5,264.4,259.4,214.8,81.3,214.4,224.8,215.4,315.3,1522.7,294.3,119.1,184.7,231.8,251.5,182.9,240.7,179.0,54.7,260.0,331.8,295.6,222.2,243.0,174.2,107.4,37.6,238.0,151.3,216.1,113.2,154.8,294.3,130.5,137.6,168.4,59.1,295.7,192.2,254.2,296.9,199.5,164.3,290.0,93.5,194.8,77.4,161.4,316.6,128.3,297.5,156.5,266.4,26.0,125.1,226.2,63.6,176.8,234.7
JZ,139.4,205.6,242.6,80.7,96.2,159.6,16.2,233.2,213.7,73.7,172.3,93.1,184.3,115.9,151.7,202.4,144.1,136.7,11.9,71.3,195.9,204.6,0.0,193.9,188.9,184.3,188.6,154.2,118.9,184.9,231.1,1346.1,117.7,107.0,124.5,161.3,221.0,112.4,210.2,148.5,162.0,199.8,155.2,225.1,279.7,66.4,61.7,68.6,214.5,207.5,129.4,107.2,63.1,74.3,218.8,197.8,94.0,227.0,166.4,189.5,250.8,207.6,226.4,22.9,222.9,250.8,160.8,85.9,152.3,236.3,140.0,186.9,258.3,126.0,195.9,220.9,101.6,49.6,156.5,61.4,58.1
KA,320.9,268.6,60.3,237.2,293.9,366.0,197.7,63.5,389.2,139.9,378.7,299.5,311.1,297.4,177.1,48.4,59.2,281.5,240.7,277.7,283.8,411.0,250.0,0.0,77.0,390.7,315.4,360.6,86.1,391.3,57.5,1340.3,299.2,151.0,330.9,42.9,396.5,90.3,416.6,354.9,288.8,406.2,142.0,66.3,317.4,147.6,211.5,275.0,307.2,413.9,256.2,112.8,269.5,171.9,36.5,290.5,191.6,288.3,293.2,377.9,312.1,153.6,65.4,174.8,284.2,68.6,253.5,132.6,255.4,299.3,321.5,248.2,76.1,332.4,23.9,313.6,145.6,178.6,301.3,130.3,187.1
KC,341.7,320.8,123.1,258.0,323.7,390.6,218.8,99.0,410.0,160.7,399.5,320.3,306.2,318.2,264.6,89.5,80.0,302.3,261.5,298.5,346.6,431.8,270.8,62.7,0.0,411.5,346.8,390.7,106.9,418.9,120.3,1403.1,320.0,201.1,357.0,64.0,417.3,111.1,436.6,375.7,309.6,426.4,204.8,112.2,377.9,168.4,232.3,295.8,328.0,434.7,282.9,134.1,290.3,192.7,99.6,311.3,212.4,340.5,314.0,399.6,364.3,184.8,113.2,169.3,364.8,131.4,273.9,148.0,292.2,351.5,342.6,300.4,138.9,353.2,39.6,309.8,166.7,199.4,322.1,151.4,209.7
KN,296.8,277.5,433.1,197.8,188.3,46.3,194.1,445.9,92.2,263.3,55.5,165.0,107.7,273.3,362.4,392.0,333.7,208.3,223.7,117.0,333.2,233.3,211.7,383.5,378.5,0.0,271.1,108.4,308.5,70.6,414.8,1485.5,275.1,253.7,114.2,350.9,99.5,302.0,202.3,177.2,233.9,79.2,338.9,428.5,366.7,256.0,273.5,120.4,271.0,23.1,200.1,296.8,163.9,253.2,436.6,277.3,236.0,315.2,238.3,81.4,339.0,394.5,427.6,212.5,294.0,430.7,239.9,281.3,240.2,308.2,297.4,275.1,438.2,154.7,385.5,265.4,259.7,239.2,228.4,250.9,249.5
KO,253.4,135.5,292.9,80.6,193.6,260.5,130.2,298.1,281.4,187.7,269.7,23.0,146.7,229.9,265.7,267.3,209.0,66.3,104.6,141.2,198.2,272.3,113.9,258.8,253.5,252.0,0.0,260.9,192.5,259.4,309.7,1460.1,231.7,113.5,227.2,226.2,288.7,177.3,277.1,216.2,91.9,293.4,269.2,290.0,224.7,180.4,132.4,144.6,152.0,275.2,65.2,173.8,150.4,113.0,288.7,135.3,95.8,173.2,96.3,242.4,197.0,254.3,291.3,136.9,197.2,290.5,97.9,158.8,98.2,166.2,254.0,133.1,298.0,193.7,260.8,65.3,119.5,163.6,86.4,146.5,172.1
KP,227.6,188.6,328.0,84.7,70.5,146.1,104.4,321.4,196.7,161.9,155.3,76.1,71.3,204.1,267.9,290.6,232.3,128.7,88.1,54.3,220.4,187.6,88.1,282.1,276.8,176.6,182.2,0.0,207.1,174.7,328.6,1434.3,205.9,140.9,107.5,249.5,204.0,200.6,192.4,131.5,145.0,189.1,243.4,322.6,277.8,154.6,149.9,51.6,205.1,190.5,111.2,194.9,46.1,162.5,307.0,188.4,123.2,226.3,149.4,203.3,259.4,295.4,323.9,128.7,257.6,339.0,165.3,179.9,151.3,219.3,228.2,195.5,346.5,109.0,284.1,220.8,199.1,137.8,139.5,149.6,146.3
KT,250.7,242.2,134.2,162.7,228.1,295.0,127.5,106.2,314.7,53.7,304.2,225.0,210.9,227.2,264.7,96.4,38.1,217.2,166.2,203.2,255.4,336.5,175.5,87.9,82.9,316.2,268.2,286.1,0.0,323.6,118.1,1403.6,229.0,122.5,256.4,55.3,322.0,32.5,341.3,280.4,231.0,331.1,205.3,119.1,294.3,61.4,125.3,200.5,249.4,339.4,198.4,26.6,195.0,87.0,99.8,232.7,106.7,261.9,235.4,304.0,285.7,88.2,120.4,83.3,285.9,131.8,195.3,41.0,213.6,272.9,251.3,221.8,139.3,257.9,89.9,261.8,85.1,92.4,243.5,72.5,100.9
KV,258.3,206.8,358.7,115.4,98.7,188.7,135.1,352.1,171.7,192.6,197.9,94.3,37.0,234.8,289.3,321.3,263.0,137.6,109.5,46.3,251.1,162.6,118.8,312.8,307.8,142.3,200.4,196.3,237.8,0.0,350.0,1465.0,236.6,171.6,175.3,280.2,179.0,231.3,167.4,106.5,163.2,228.4,274.1,344.0,296.0,185.3,180.6,49.7,200.3,165.5,129.4,225.6,55.5,193.2,337.7,206.6,153.9,244.5,167.6,223.8,268.3,326.1,345.3,161.1,223.3,369.7,169.2,210.6,169.5,237.5,258.9,204.4,377.2,84.0,314.8,194.7,220.5,168.5,157.7,180.3,177.0
LD,178.3,291.9,45.2,269.4,334.8,401.7,229.9,24.1,421.4,166.9,410.9,331.7,317.6,190.2,139.2,33.9,91.4,313.7,272.9,309.9,291.2,443.2,282.2,48.2,104.4,422.9,358.2,392.8,113.1,430.3,0.0,1282.7,156.6,212.5,368.4,75.1,428.7,122.5,448.8,387.1,321.0,434.6,84.4,13.6,330.1,174.6,238.5,307.2,339.4,446.1,288.4,139.8,301.7,200.2,21.7,322.7,219.9,348.5,325.4,410.7,372.3,158.5,12.7,207.0,372.5,91.9,285.3,154.2,303.6,322.6,178.9,271.5,99.4,364.6,72.2,321.2,177.8,205.6,333.5,162.5,214.1
LS,1499.3,1702.1,1505.8,1577.2,1584.0,1648.2,1478.8,1491.6,1601.2,1557.6,1660.9,1589.6,1680.8,1475.8,1470.2,1494.5,1552.0,1633.2,1508.4,1567.8,1645.9,1701.1,1496.4,1508.8,1565.0,1647.0,1685.1,1650.7,1573.7,1651.2,1460.5,0.0,1477.6,1590.9,1621.0,1535.7,1608.5,1583.1,1706.7,1645.0,1658.5,1688.4,1435.1,1474.2,1667.5,1550.3,1558.2,1565.1,1711.0,1628.5,1625.9,1600.4,1559.6,1558.2,1482.3,1694.3,1577.9,1683.6,1662.9,1589.9,1707.4,1619.5,1473.3,1506.8,1679.5,1552.5,1657.3,1569.8,1648.8,1732.8,1499.9,1683.4,1560.0,1622.5,1532.8,1717.4,1585.5,1533.5,1653.0,1545.3,1542.0
LT,21.6,326.7,186.1,201.8,208.6,284.2,103.4,171.9,243.8,182.2,293.4,214.2,200.1,81.0,80.1,174.8,232.3,257.5,133.0,192.4,394.3,325.7,121.0,189.1,245.0,305.4,320.3,275.3,254.0,312.8,140.8,1403.8,0.0,207.0,250.9,216.0,251.1,263.4,330.5,269.6,283.1,320.3,64.9,154.5,433.2,174.9,182.8,189.7,335.6,271.1,256.4,280.7,184.2,182.8,162.6,318.9,202.5,348.1,287.5,233.1,371.9,299.4,153.6,131.4,372.1,232.8,281.5,200.2,289.4,357.4,22.2,308.0,240.3,247.1,213.1,283.6,210.1,158.1,277.6,169.9,168.4
ME,238.4,121.3,196.1,86.1,113.5,218.4,115.2,163.5,238.1,112.0,227.6,148.4,105.0,214.9,269.4,153.7,95.4,135.5,89.6,126.6,137.5,259.9,98.9,145.2,139.9,210.3,174.9,209.5,105.6,247.0,196.1,1445.1,216.7,0.0,185.1,112.6,216.1,128.9,264.7,203.8,137.7,258.1,254.2,176.4,219.0,104.7,55.1,123.9,156.1,233.5,111.0,111.6,89.1,73.7,223.8,139.4,56.5,168.6,142.1,227.4,192.4,212.2,177.7,75.8,192.6,207.1,102.0,96.6,92.7,179.6,209.7,128.5,214.9,181.3,147.2,137.9,36.4,107.9,150.2,57.6,118.2
MI,277.8,320.3,395.4,178.8,183.9,33.2,169.8,420.0,106.4,253.9,47.7,186.1,172.0,254.3,308.8,377.3,324.3,234.8,204.7,164.3,314.2,297.6,192.7,374.1,368.8,152.2,314.1,100.6,293.8,163.2,390.5,1466.5,256.1,204.2,0.0,336.2,113.7,290.1,216.5,236.2,282.2,78.2,319.9,409.5,390.4,246.6,254.5,161.6,332.8,128.4,255.5,286.9,150.8,234.2,417.6,316.1,217.0,345.3,286.6,90.4,363.8,375.5,403.3,222.4,369.3,411.7,273.4,266.6,291.8,356.3,273.1,299.9,419.2,213.7,376.1,255.5,240.7,229.8,249.5,236.2,240.1
MQ,277.9,257.0,90.2,194.2,250.9,326.5,154.7,50.8,346.2,96.9,335.7,256.5,242.4,254.4,232.3,41.0,16.2,238.9,197.7,234.7,288.2,368.0,207.0,32.5,33.7,347.7,283.0,317.6,43.1,355.1,88.0,1370.8,256.2,137.3,293.2,0.0,353.5,47.3,372.8,311.9,245.8,359.4,172.5,63.7,327.1,104.6,168.5,232.0,264.2,370.9,219.1,69.8,226.5,128.9,69.1,247.5,148.6,276.7,250.2,335.5,300.5,121.0,65.0,107.2,300.7,101.2,210.1,84.2,228.4,287.7,278.5,236.6,108.7,289.4,34.5,276.6,102.6,135.6,258.3,87.3,144.1
NK,366.6,338.3,529.9,267.6,268.9,126.9,263.9,515.7,127.9,324.1,136.1,225.8,188.3,343.1,432.2,452.8,394.5,274.5,241.0,177.8,403.0,249.5,281.5,444.3,439.0,80.5,331.9,189.0,369.3,151.2,484.6,1555.3,344.9,323.5,188.5,411.7,0.0,362.8,102.7,132.4,294.7,160.6,408.7,498.3,427.5,316.8,343.3,181.2,287.2,103.7,260.9,357.1,187.0,323.0,506.4,338.1,305.8,376.0,299.1,162.0,399.8,457.6,497.4,273.3,310.2,500.5,300.7,342.1,301.0,369.0,367.2,335.9,508.0,235.3,446.3,281.6,329.5,300.0,289.2,311.8,308.5
NL,230.5,209.6,132.3,146.8,203.5,279.1,107.3,99.7,298.8,94.3,288.3,209.1,195.0,207.0,256.5,89.9,31.6,191.1,150.3,187.3,198.2,320.6,159.6,81.4,76.4,300.3,235.6,270.2,41.8,307.7,132.3,1415.1,208.8,89.9,240.5,48.8,306.1,0.0,323.1,264.5,198.4,314.9,246.3,112.6,305.8,87.0,123.1,184.6,216.8,323.5,171.7,68.5,179.1,81.5,111.3,200.1,101.2,229.3,202.8,288.1,253.1,99.7,113.9,58.1,253.3,143.3,162.7,76.6,181.0,240.3,231.1,189.2,150.8,242.0,83.4,229.2,55.2,90.2,210.9,39.9,98.7
NN,312.4,260.9,393.1,171.2,180.7,111.8,230.0,385.2,94.0,246.7,120.2,148.4,91.9,288.9,343.4,376.2,317.1,197.1,163.6,100.4,306.6,216.7,172.9,366.9,361.6,64.6,254.5,100.6,291.9,54.0,404.9,1521.4,290.7,196.6,84.9,334.3,101.3,282.9,0.0,28.8,217.3,144.7,328.2,398.1,388.1,239.4,234.7,103.8,254.4,88.6,190.6,279.7,146.8,226.6,392.6,260.7,209.4,337.7,221.7,146.1,361.5,368.7,400.2,215.2,277.4,404.1,224.1,264.7,223.6,291.6,313.0,297.6,411.6,138.1,368.9,246.2,233.1,222.6,211.8,234.4,232.9
NS,303.8,351.6,426.7,204.8,224.1,82.1,201.1,452.9,65.1,279.9,91.3,200.8,143.5,280.3,329.8,408.6,350.3,244.1,230.7,152.8,340.2,269.1,218.7,400.1,394.8,35.7,345.4,144.2,325.1,106.4,421.8,1492.5,282.1,260.7,150.0,367.5,72.4,318.6,175.2,0.0,308.2,115.8,345.9,435.5,421.7,272.6,280.5,156.2,306.8,58.9,274.4,312.9,199.7,260.2,443.6,342.1,243.0,371.3,312.6,117.2,395.1,401.5,434.6,229.1,329.8,437.7,304.7,297.9,276.0,382.3,304.4,331.2,445.2,190.5,402.1,295.2,266.7,255.8,264.2,267.5,264.3
OC,261.2,172.7,364.4,117.8,92.9,165.0,138.0,355.0,189.4,195.5,177.7,60.2,22.2,237.7,273.5,324.2,265.9,103.8,112.4,49.2,235.4,180.3,121.7,315.7,310.7,160.0,26.5,168.9,240.7,160.6,352.9,1467.9,239.5,150.7,129.9,283.1,196.7,234.2,185.9,124.2,0.0,205.2,277.0,346.9,264.2,188.2,183.5,52.6,189.2,183.2,96.5,229.0,58.4,150.2,340.6,172.5,133.0,210.4,4.4,240.9,234.2,329.4,348.2,144.7,206.3,372.6,135.5,207.7,119.4,203.4,261.8,170.3,380.1,101.7,317.7,195.6,156.7,171.4,123.6,183.2,179.9
OO,262.3,224.2,348.1,123.2,102.2,180.8,139.7,335.1,231.4,196.6,190.0,110.8,96.7,238.8,293.3,322.3,267.0,155.0,113.5,89.0,258.6,222.3,122.8,316.8,312.4,199.0,217.8,28.3,248.3,206.4,354.6,1437.5,237.6,148.6,147.5,288.0,235.7,232.3,230.9,163.2,179.7,0.0,278.1,351.0,340.7,189.3,184.6,86.3,277.2,225.8,153.0,229.6,77.8,175.6,338.7,260.5,161.4,289.7,184.1,238.0,310.5,320.5,352.3,165.1,314.6,356.1,225.1,211.6,186.6,254.0,259.9,250.5,360.6,147.5,318.8,286.6,185.1,172.5,174.2,187.3,182.8
PA,93.8,348.1,121.1,226.5,233.3,305.4,128.1,106.9,268.5,242.8,318.1,238.9,330.1,105.7,35.0,109.8,167.3,282.5,157.7,217.1,329.3,350.4,145.7,124.1,180.3,330.1,334.4,300.0,189.0,330.7,75.8,1338.8,72.1,259.1,270.3,151.0,275.8,198.4,356.0,294.3,307.8,345.6,0.0,89.5,370.5,250.5,207.5,214.4,443.4,295.8,275.2,215.7,208.9,276.1,97.6,426.7,295.8,386.6,312.2,257.2,410.4,234.8,88.6,156.1,382.5,167.8,306.6,235.5,298.1,378.8,94.4,327.7,175.3,271.8,148.1,449.8,253.7,182.8,302.3,238.4,191.3
PF,202.6,291.3,44.6,255.7,312.4,388.0,216.2,17.3,407.7,158.4,397.2,318.0,303.9,214.5,163.5,20.2,77.7,299.7,259.2,296.2,306.5,429.5,268.5,47.6,95.2,409.2,344.5,388.4,104.6,416.6,24.2,1307.0,180.9,169.5,354.7,61.4,415.0,108.8,434.3,373.4,307.3,424.1,108.7,0.0,335.8,166.1,230.0,293.5,325.7,432.4,273.5,131.3,288.0,190.4,21.1,309.0,210.1,354.2,311.7,397.0,378.0,157.9,1.2,193.3,378.2,91.3,271.6,145.7,289.9,322.0,203.2,270.9,98.8,350.9,60.4,332.1,164.1,197.1,319.8,148.8,205.6
PN,353.5,110.1,334.5,210.1,193.9,260.8,230.3,359.2,281.7,287.8,270.0,152.5,147.0,330.0,384.5,328.4,270.1,117.3,204.7,141.5,172.8,272.6,214.0,319.9,314.9,252.3,129.4,261.2,274.5,259.7,370.8,1560.2,331.8,165.8,227.5,287.3,289.0,238.4,277.4,216.5,92.2,296.9,369.3,351.1,0.0,280.5,229.7,144.9,75.1,275.5,194.7,271.1,150.7,210.3,349.8,58.4,193.1,18.3,96.6,333.8,42.1,309.3,352.4,256.3,42.3,345.5,148.6,256.1,72.8,140.8,354.1,107.7,353.0,194.0,321.9,109.4,180.6,263.7,119.1,275.5,272.2
PQ,189.2,227.3,176.1,101.2,157.9,230.0,66.0,179.7,253.2,7.2,242.7,163.5,206.2,165.7,201.5,148.9,90.6,176.6,104.7,141.7,215.9,275.0,114.0,140.4,135.4,254.7,210.5,224.6,52.4,255.3,173.3,1395.9,167.5,106.3,194.9,107.8,260.5,85.0,280.6,218.9,183.9,270.2,205.0,171.6,299.7,0.0,63.8,139.0,234.5,277.9,151.3,54.0,133.5,73.6,152.3,217.8,93.3,247.0,188.3,241.9,270.8,141.1,172.9,43.1,242.9,184.3,180.8,73.8,182.7,258.0,189.8,206.9,191.8,196.4,142.4,240.9,100.9,30.9,196.4,60.7,39.4
PT,206.1,196.1,263.1,70.0,126.7,198.8,82.9,257.7,222.0,139.1,211.5,132.3,175.0,182.6,218.4,226.9,168.6,145.4,73.5,110.5,184.7,243.8,82.8,218.4,213.4,223.5,179.3,193.4,139.4,224.1,260.3,1412.8,184.4,73.1,163.7,185.8,229.3,136.9,249.4,187.7,152.7,239.0,221.9,249.6,268.5,131.8,0.0,107.8,203.3,246.7,120.1,121.2,102.3,59.9,239.3,186.6,42.7,215.8,157.1,210.7,239.6,228.1,250.9,89.6,211.7,271.3,149.6,99.9,151.5,226.8,206.7,175.7,278.8,165.2,220.4,209.7,79.1,63.2,165.2,93.4,71.7
QD,208.5,157.0,311.7,65.6,40.2,112.3,85.3,302.3,145.0,142.8,125.0,44.5,135.7,185.0,220.8,271.5,213.2,88.1,59.7,2.6,201.3,135.9,69.0,263.0,258.0,115.6,140.0,106.9,188.0,116.2,300.2,1415.2,186.8,121.8,77.2,230.4,152.3,181.5,141.5,79.8,113.4,152.5,224.3,294.2,248.5,135.5,130.8,0.0,173.5,138.8,80.8,176.3,5.7,143.4,287.9,156.8,104.1,194.7,117.8,196.5,218.5,276.7,295.5,92.0,190.6,319.9,119.8,155.0,103.7,187.7,209.1,154.6,327.4,57.3,265.0,179.9,170.7,118.7,107.9,130.5,127.2
QF,278.3,189.8,381.5,134.9,118.7,182.1,155.1,372.1,206.5,212.6,194.8,77.3,39.3,254.8,290.6,341.3,283.0,120.9,129.5,66.3,252.5,197.4,138.8,332.8,327.8,177.1,43.6,176.7,257.8,177.7,370.0,1485.0,256.6,167.8,147.0,300.2,213.8,251.3,203.0,141.3,17.0,222.3,294.1,364.0,281.3,205.3,200.6,69.7,0.0,200.3,113.6,246.1,75.5,167.3,357.7,189.6,150.1,227.5,21.4,258.0,251.3,346.5,365.3,161.8,223.4,389.7,152.6,224.8,136.5,220.5,278.9,187.4,397.2,118.8,334.8,212.7,173.8,188.5,140.7,200.3,197.0
QK,280.4,283.2,416.7,181.4,165.1,23.1,177.7,429.5,109.0,256.5,32.3,170.7,156.6,256.9,346.0,385.2,326.9,214.7,207.3,148.9,316.8,282.2,195.3,376.7,371.4,154.8,276.8,85.2,301.7,165.8,398.4,1469.1,258.7,237.3,202.1,344.1,116.3,295.2,219.9,226.1,239.6,56.8,322.5,412.1,398.3,249.2,257.1,146.2,335.4,0.0,212.9,289.5,140.7,236.8,420.2,318.7,219.6,347.9,244.0,98.3,371.7,378.1,411.2,225.0,371.9,414.3,281.3,274.5,245.9,313.9,281.0,307.8,421.8,203.6,378.7,240.1,243.3,232.4,234.1,244.2,240.9
QN,293.8,205.3,388.3,150.4,128.3,195.2,164.7,388.8,222.0,228.1,210.3,92.8,81.4,270.3,307.3,350.9,298.5,137.6,145.0,81.8,268.0,212.9,154.3,348.3,344.5,192.6,69.7,192.2,267.4,194.1,385.5,1500.5,272.1,184.5,163.7,315.7,229.3,260.9,219.7,150.9,32.5,239.0,309.6,379.5,288.6,220.8,216.1,85.2,221.8,217.0,0.0,262.8,85.1,176.9,373.2,205.1,165.6,243.0,36.9,268.2,260.9,355.7,374.9,190.7,261.1,405.2,161.8,240.2,169.2,236.0,288.5,197.0,412.7,128.4,350.3,228.2,183.4,204.0,156.2,215.8,213.7
RA,227.3,249.9,139.0,150.9,216.3,282.7,104.1,124.4,302.9,66.8,292.4,213.2,198.6,203.8,258.3,114.6,56.3,204.3,154.4,191.4,273.6,324.7,163.7,106.1,100.8,304.4,243.7,283.1,18.1,311.8,139.0,1421.8,205.1,140.3,249.9,73.5,309.7,50.7,329.5,268.1,206.5,322.9,243.1,137.3,312.5,74.5,119.9,188.7,257.1,327.1,179.8,0.0,182.7,59.8,118.5,240.4,80.0,269.6,210.9,291.7,292.9,106.4,138.6,54.9,293.1,150.0,203.0,13.8,220.8,280.6,227.9,229.5,157.5,245.6,108.1,206.7,105.6,87.0,219.0,65.3,97.3
RN,201.7,150.2,302.1,58.8,19.3,94.9,78.5,274.5,149.5,136.0,104.1,37.7,14.8,178.2,227.7,264.7,206.4,81.3,52.9,7.1,194.5,140.4,62.2,256.2,250.9,120.1,143.8,86.0,181.2,127.5,293.4,1408.4,180.0,115.0,56.3,223.6,156.8,174.7,145.2,84.3,106.6,128.6,217.5,287.4,239.4,128.7,124.0,4.5,166.7,143.3,72.8,169.5,0.0,136.6,281.1,150.0,97.3,187.9,111.0,152.1,211.7,269.5,288.7,102.8,211.9,313.1,112.6,154.0,112.9,180.9,202.3,147.8,320.6,61.8,258.2,173.1,163.9,111.9,101.1,123.7,120.4
RT,215.3,189.5,200.3,90.5,147.2,222.8,92.1,184.2,242.5,79.1,232.0,152.8,138.7,191.8,227.6,174.4,116.1,138.5,94.0,131.0,178.1,264.3,103.3,165.9,160.9,244.0,183.3,213.9,79.4,251.4,200.3,1422.0,193.6,108.3,184.2,133.3,249.8,84.4,269.1,208.2,146.1,256.5,231.1,197.1,259.6,71.8,50.5,128.3,196.7,267.2,112.3,60.7,122.8,0.0,179.3,180.0,19.6,209.2,150.5,231.8,233.0,167.7,198.4,69.2,233.2,211.3,142.6,45.7,160.9,220.2,215.9,169.1,218.8,185.7,167.9,203.1,73.6,75.0,158.6,33.4,83.5
RV,199.3,270.1,72.5,254.1,310.8,386.4,218.9,40.2,406.1,145.1,395.6,316.4,302.3,211.2,160.2,50.0,82.8,304.4,257.6,294.6,285.3,427.9,266.9,26.4,82.6,407.6,349.2,377.5,91.3,415.0,20.9,1303.7,177.6,203.5,353.1,69.4,413.4,113.5,432.7,371.8,312.0,419.3,105.4,29.7,314.6,152.8,216.7,291.9,330.4,430.8,285.3,118.5,286.4,178.4,0.0,313.7,198.1,333.0,316.4,395.4,356.8,136.7,28.8,171.7,357.0,70.1,276.3,132.4,294.6,300.8,199.9,249.7,77.6,349.3,50.4,336.8,168.8,183.8,324.5,153.5,192.3
SE,295.0,127.7,292.0,151.6,126.7,198.8,171.8,300.7,223.2,229.3,211.5,94.0,56.0,271.5,307.3,269.9,211.6,58.8,146.2,83.0,190.4,214.1,155.5,261.4,256.4,193.8,60.3,193.4,221.8,194.4,312.3,1501.7,273.3,116.1,163.7,228.8,230.5,179.9,219.7,158.0,33.7,239.0,310.8,292.6,219.2,222.0,171.2,86.4,16.6,217.0,130.3,213.1,92.2,151.8,291.3,0.0,134.6,165.4,38.1,274.7,189.2,251.2,293.9,178.5,161.3,287.0,90.5,191.8,74.4,158.4,295.6,125.3,294.5,135.5,263.4,23.0,122.1,205.2,60.6,217.0,213.7
SH,223.1,169.8,220.3,70.8,136.2,199.6,99.9,222.4,222.8,96.3,212.3,133.1,148.7,199.6,235.4,191.6,133.3,119.1,74.3,111.3,158.4,244.6,83.6,183.1,178.1,224.3,153.0,194.2,96.6,224.9,217.5,1429.8,201.4,96.2,164.5,150.5,230.1,101.6,250.2,188.5,126.4,239.8,238.9,214.3,242.2,89.0,30.8,108.6,177.0,247.5,93.8,78.4,103.1,17.1,196.5,160.3,0.0,189.5,130.8,211.5,213.3,185.3,215.6,86.4,185.4,228.5,123.3,57.1,125.2,200.5,223.7,149.4,236.0,166.0,185.1,183.4,90.8,92.2,138.9,50.6,100.7
SP,335.1,91.7,332.1,191.7,166.8,238.9,211.9,340.8,263.3,269.4,251.6,134.1,96.1,311.6,347.4,310.0,251.7,98.9,186.3,123.1,154.4,254.2,195.6,301.5,296.5,233.9,100.4,233.5,261.9,234.5,352.4,1541.8,313.4,156.2,203.8,268.9,270.6,220.0,259.8,198.1,73.8,279.1,350.9,332.7,183.2,262.1,211.3,126.5,56.7,257.1,170.4,253.2,132.3,191.9,331.4,40.0,174.7,0.0,78.2,314.8,23.7,291.3,334.0,218.6,125.3,327.1,130.6,231.9,114.5,122.4,335.7,89.3,334.6,175.6,303.5,63.1,162.2,245.3,100.7,257.1,253.8
SZ,256.8,168.3,360.0,113.4,88.5,160.6,133.6,350.6,185.0,191.1,173.3,55.8,17.8,233.3,269.1,319.8,261.5,99.4,108.0,44.8,231.0,175.9,117.3,311.3,306.3,155.6,22.1,155.2,236.3,156.2,348.5,1463.5,235.1,146.3,125.5,278.7,192.3,229.8,181.5,119.8,124.7,200.8,272.6,342.5,259.8,183.8,179.1,48.2,184.8,178.8,92.1,224.6,54.0,145.8,336.2,168.1,128.6,206.0,0.0,236.5,229.8,325.0,343.8,140.3,201.9,368.2,131.1,203.3,115.0,199.0,257.4,165.9,375.7,97.3,313.3,191.2,152.3,167.0,119.2,178.8,175.5
TB,304.6,334.0,427.5,205.6,244.8,102.8,201.9,453.7,10.7,319.8,112.0,221.5,164.2,281.1,330.6,448.5,390.2,264.8,231.5,173.5,341.0,267.6,219.5,440.0,434.7,56.4,327.6,164.9,365.0,127.1,422.6,1493.3,282.9,261.5,170.7,407.4,18.0,358.5,121.6,150.5,290.4,139.5,346.7,436.3,422.5,312.5,281.3,176.9,305.3,79.6,256.6,353.3,220.4,261.0,444.4,333.8,243.8,371.7,294.8,0.0,395.5,402.3,435.4,288.3,328.3,438.5,296.4,337.8,297.3,364.7,305.2,331.6,446.0,211.2,442.0,293.7,267.5,295.7,284.9,307.5,304.2
TF,311.3,144.0,292.3,167.9,143.0,218.6,188.1,296.0,239.5,245.6,227.8,110.3,104.8,287.8,323.6,286.2,227.9,74.8,162.5,99.3,206.7,230.4,171.8,277.7,272.7,210.1,87.2,209.7,238.1,217.5,328.6,1518.0,289.6,132.4,180.0,245.1,246.8,196.2,235.2,174.3,50.0,258.3,327.1,308.9,233.2,238.3,187.5,102.7,32.9,233.3,145.4,228.9,108.5,168.1,307.6,16.2,150.9,181.7,54.4,291.6,0.0,267.1,310.2,194.8,108.8,303.3,106.4,213.9,106.7,174.7,311.9,141.6,310.8,151.8,279.7,67.2,138.4,221.5,76.9,233.3,230.0
TG,232.8,211.9,163.4,149.1,205.8,281.4,109.6,151.8,301.1,96.6,290.6,211.4,197.3,209.3,258.8,121.0,62.7,193.4,152.6,189.6,200.5,322.9,161.9,112.5,107.5,302.6,237.9,281.8,72.9,310.0,163.4,1439.5,211.1,62.9,248.1,79.9,308.4,31.0,328.5,266.8,200.7,321.1,248.6,143.7,282.0,89.3,125.4,186.9,219.1,325.8,166.9,96.7,181.4,83.8,142.4,202.4,103.5,231.6,205.1,290.4,255.4,0.0,145.0,60.4,255.6,174.4,165.0,81.2,183.3,242.6,233.4,191.5,181.9,244.3,114.5,225.5,57.5,92.5,213.2,42.2,102.8
TQ,201.3,290.0,43.3,256.6,322.0,388.9,217.1,11.3,408.6,159.3,398.1,318.9,304.8,213.2,162.2,21.1,78.6,300.6,260.1,297.1,305.2,430.4,269.4,46.3,96.4,410.1,345.4,389.3,105.5,417.5,22.9,1305.7,179.6,199.7,355.6,62.3,415.9,109.7,435.2,374.3,308.2,421.8,107.4,0.9,334.5,167.0,230.9,294.4,326.6,433.3,274.4,132.7,288.9,191.3,19.8,309.9,211.0,352.9,312.6,397.9,376.7,156.6,0.0,194.2,376.9,90.0,272.5,146.6,290.8,320.7,201.9,269.6,97.5,351.8,61.3,333.0,165.0,198.0,320.7,149.7,206.5
TX,170.6,215.4,230.2,100.6,160.0,226.9,47.4,192.6,252.6,36.1,236.1,156.9,142.8,147.1,184.6,160.1,103.5,172.3,104.1,135.1,204.0,268.4,63.7,153.3,148.3,248.1,216.8,193.4,79.6,257.2,200.5,1377.3,148.9,66.4,188.3,120.7,259.9,70.1,274.0,187.7,179.6,263.6,186.4,202.1,293.1,28.8,63.2,132.4,222.6,273.0,147.0,66.6,128.6,32.0,195.8,205.9,53.4,235.1,184.0,236.2,257.2,167.9,203.4,0.0,257.4,213.2,166.8,68.7,186.8,246.1,146.6,193.3,235.3,165.2,155.3,229.0,78.6,30.3,192.1,38.3,38.8
TZ,347.3,85.9,328.3,203.9,179.0,254.6,224.1,353.0,275.5,281.6,263.8,146.3,140.8,323.8,359.6,322.2,263.9,110.8,198.5,135.3,148.6,249.0,207.8,313.7,308.4,246.1,123.2,245.7,274.1,253.5,364.6,1554.0,325.6,159.6,216.0,281.1,282.8,232.2,272.0,210.3,86.0,288.3,363.1,344.9,175.1,274.3,223.5,138.7,68.9,269.3,181.4,264.9,144.5,204.1,343.6,52.2,186.9,123.6,90.4,327.6,35.9,303.1,346.2,230.8,0.0,339.3,142.4,249.9,48.6,116.6,347.9,83.5,346.8,187.8,315.7,103.2,174.4,257.5,112.9,269.3,267.8
UF,201.6,303.3,73.7,330.3,349.8,413.2,235.9,180.4,376.3,260.6,425.9,476.0,438.0,213.5,142.8,183.3,200.9,374.6,333.8,324.9,284.5,582.6,343.1,141.6,215.8,437.9,442.3,417.1,206.8,438.5,154.2,1324.0,179.9,282.2,378.1,184.6,383.6,229.0,463.8,402.1,415.7,453.4,107.7,163.0,325.7,268.3,332.2,322.2,398.6,403.6,349.3,233.5,316.7,293.9,133.2,381.9,300.7,341.8,420.1,365.0,365.6,252.6,162.1,311.5,337.7,0.0,311.9,253.3,313.8,334.0,202.2,282.9,7.5,379.6,165.6,405.0,284.3,299.3,394.4,269.0,307.8
UH,332.4,165.1,313.4,189.0,164.1,239.7,209.2,338.1,260.6,266.7,248.9,131.4,125.9,308.9,358.4,307.3,249.0,96.2,183.6,120.4,227.8,251.5,192.9,298.8,293.8,231.2,108.3,225.8,259.2,238.6,349.7,1539.1,310.7,153.5,201.1,266.2,267.9,217.3,257.1,195.4,71.1,271.4,348.2,330.0,254.3,259.4,208.6,123.8,54.0,254.4,166.5,250.5,129.6,189.2,328.7,37.3,172.0,202.8,75.5,312.7,226.6,288.2,331.3,233.5,111.9,324.4,0.0,235.0,127.8,195.8,333.0,162.7,331.9,172.9,300.8,66.4,157.5,242.6,98.0,254.4,252.9
UJ,212.9,235.5,154.5,136.5,193.2,268.8,89.7,160.9,288.5,76.7,278.0,198.8,184.7,189.4,225.2,130.1,71.8,184.5,140.0,177.0,224.1,310.3,149.3,121.6,116.6,290.0,229.3,259.9,36.3,297.4,154.5,1419.6,191.2,96.6,230.2,89.0,295.8,66.2,315.1,254.2,192.1,304.9,228.7,152.8,328.0,69.4,105.5,174.3,242.7,313.2,165.4,14.9,168.8,45.9,133.5,226.0,65.6,255.2,196.5,277.8,279.0,121.9,154.1,66.8,279.2,165.5,188.6,0.0,206.9,266.2,213.5,215.1,173.0,231.7,123.6,192.3,91.2,72.6,204.6,45.6,81.1
VF,410.1,37.2,311.7,259.6,234.7,310.3,279.8,356.2,331.2,344.4,326.6,202.0,196.5,386.6,415.3,355.4,290.0,167.2,261.3,198.1,99.9,385.6,263.5,324.3,334.8,301.8,178.9,310.7,307.3,309.2,336.9,1609.7,388.4,185.7,271.7,314.3,345.6,258.3,326.9,266.0,141.7,353.5,418.8,352.8,119.3,330.0,256.7,194.4,131.7,325.0,244.2,291.5,200.2,230.2,323.0,107.9,213.0,67.8,153.2,389.8,91.6,270.5,344.8,286.5,91.8,299.6,205.2,283.1,0.0,67.9,403.6,27.7,314.2,250.6,341.8,128.6,200.5,320.3,168.6,252.2,321.7
VL,334.0,154.7,243.7,181.7,238.4,310.5,210.8,302.2,333.7,245.7,323.2,310.1,272.1,310.5,346.3,287.4,229.1,274.9,185.2,299.1,31.9,416.7,194.5,263.4,273.9,335.2,276.4,305.1,239.3,335.8,276.0,1524.3,312.3,133.6,275.4,246.3,341.0,197.4,361.1,299.4,249.8,350.7,349.8,284.8,159.8,238.4,188.7,302.5,232.7,358.4,200.7,230.6,214.0,169.3,255.0,216.0,152.1,175.9,254.2,322.4,199.7,202.9,283.9,217.5,171.8,238.7,163.3,209.3,165.2,0.0,334.6,134.3,246.2,276.9,280.9,239.1,139.6,241.6,276.7,191.3,250.1
VS,0.5,350.6,210.0,225.7,232.5,308.1,127.3,195.8,267.7,206.1,317.3,238.1,224.0,104.9,104.0,198.7,256.2,281.4,156.9,216.3,418.2,349.6,144.9,213.0,268.9,329.3,344.2,299.2,277.9,336.7,164.7,1427.7,23.8,230.9,274.8,239.9,275.0,287.3,354.4,293.5,307.0,344.8,88.8,178.4,457.1,198.8,206.7,213.6,359.5,295.0,280.3,304.6,208.1,206.7,186.5,342.8,226.4,372.0,311.4,257.0,395.8,323.3,177.5,155.3,396.0,256.7,305.4,224.1,320.4,381.3,0.0,331.9,264.2,271.0,237.0,307.5,234.0,182.0,301.5,193.8,192.3
VZ,375.2,131.8,356.2,231.8,206.9,282.5,252.0,359.9,303.4,309.5,291.7,174.2,168.7,351.7,387.5,350.1,291.8,138.7,226.4,163.2,194.5,294.3,235.7,341.6,336.6,274.0,151.1,273.6,302.0,281.4,392.5,1581.9,353.5,196.3,243.9,309.0,310.7,260.1,299.1,238.2,113.9,318.3,391.0,372.8,221.0,302.2,251.4,166.6,96.8,297.2,209.3,292.8,172.4,232.0,371.5,80.1,214.8,40.0,118.3,355.5,63.8,331.0,374.1,258.7,64.0,367.2,170.3,277.8,94.5,162.5,375.8,0.0,374.7,215.7,343.6,131.1,202.3,285.4,140.8,297.2,293.9
WH,194.1,295.8,129.8,322.8,333.6,409.2,228.4,172.9,368.8,253.1,418.4,468.5,325.1,206.0,160.0,175.8,193.4,372.2,326.3,317.4,277.0,575.1,335.6,134.1,208.3,430.4,445.4,400.3,199.3,437.8,146.7,1316.5,172.4,265.9,370.6,177.1,376.1,221.5,456.3,394.6,408.2,448.9,100.2,155.5,315.9,260.8,324.7,314.7,391.1,396.1,347.7,226.0,309.2,286.4,125.7,374.4,293.2,334.3,412.6,358.1,358.1,244.7,154.6,304.0,358.3,127.4,304.0,240.4,322.3,326.5,194.7,275.4,0.0,372.1,158.1,330.4,276.8,291.8,386.9,261.5,300.3
WP,324.0,272.5,404.7,182.8,182.8,104.6,223.6,417.8,87.6,258.3,113.8,160.0,102.7,300.5,391.9,387.0,328.7,203.3,175.2,112.0,318.2,228.3,184.5,378.5,373.5,58.2,266.1,102.9,303.5,58.8,444.3,1515.0,302.3,238.7,96.5,345.9,94.9,297.0,197.7,22.4,228.9,137.5,368.4,409.7,399.7,251.0,246.3,115.4,266.0,81.4,195.1,291.3,158.4,238.2,403.4,272.3,221.0,349.3,233.3,139.7,373.1,379.5,411.0,225.1,289.0,415.7,234.9,276.3,235.2,303.2,324.6,309.2,423.2,0.0,380.5,257.8,244.7,234.2,223.4,245.9,242.7
XH,302.0,281.1,83.4,218.3,283.7,347.1,178.8,80.3,370.3,121.0,359.8,280.6,292.2,278.5,200.2,49.5,40.3,262.6,221.8,258.8,306.9,392.1,231.1,23.0,58.1,371.8,296.5,341.7,67.2,372.4,80.6,1363.4,280.3,132.1,312.0,24.0,377.6,71.4,397.7,336.0,269.9,387.3,165.1,72.2,340.5,128.7,192.6,256.1,288.3,395.0,237.3,93.9,250.6,153.0,59.6,271.6,172.7,300.8,274.3,359.0,324.6,145.5,73.5,155.9,296.7,91.7,234.6,113.7,236.5,311.8,302.6,260.7,99.2,313.5,0.0,294.7,126.7,159.7,282.4,111.4,168.2
YE,293.4,104.6,256.7,139.2,225.2,300.8,164.2,271.6,321.7,205.1,310.0,192.5,193.0,269.9,299.7,240.8,188.5,29.7,144.6,181.5,167.3,312.6,153.9,238.3,227.3,298.3,169.4,297.9,202.5,299.7,289.2,1500.1,272.4,87.0,262.2,209.5,329.0,160.6,318.2,256.5,132.2,340.5,309.2,263.5,193.8,197.8,148.1,184.9,115.1,321.5,228.8,184.0,196.7,128.7,272.0,98.4,111.5,142.3,136.6,263.2,160.1,227.7,264.8,170.9,160.3,263.9,67.0,168.5,61.3,135.3,288.0,96.2,265.4,168.9,240.3,0.0,99.0,201.0,37.5,144.7,203.5
YH,242.2,154.3,192.9,91.5,156.9,223.8,119.0,178.5,243.5,106.0,233.0,153.8,139.7,218.7,256.2,147.7,89.4,135.8,95.0,132.0,142.9,265.3,104.3,139.2,133.9,245.0,180.3,224.2,99.6,252.4,190.1,1448.9,220.5,34.6,185.2,106.6,250.8,57.7,270.9,209.2,143.1,256.7,258.0,170.4,224.4,98.7,60.5,129.3,161.5,268.2,109.3,105.6,123.8,79.1,169.1,144.8,61.9,174.0,147.5,232.8,197.8,157.5,171.7,96.1,198.0,201.1,107.4,90.6,132.8,185.0,242.8,133.9,208.6,186.7,141.2,167.9,0.0,101.9,155.6,51.6,112.2
YU,222.5,196.3,325.7,70.2,126.9,199.0,99.3,316.3,222.2,156.8,211.7,132.5,175.2,199.0,234.8,285.5,227.2,145.6,73.7,110.7,184.9,244.0,83.0,277.0,272.0,223.7,179.5,193.6,202.0,224.3,314.2,1429.2,200.8,190.1,163.9,244.4,229.5,195.5,249.6,187.9,152.9,239.2,238.3,308.2,268.7,149.5,32.8,108.0,203.5,246.9,120.3,190.3,102.5,157.4,301.9,186.8,177.1,216.0,157.3,210.9,239.8,290.7,309.5,106.0,211.9,333.9,149.8,169.0,151.7,227.0,223.1,175.9,341.4,165.4,279.0,209.9,184.7,0.0,165.4,144.5,8.4
ZK,255.8,140.2,231.3,107.6,160.2,232.3,132.6,240.0,255.5,167.5,245.0,224.8,186.8,232.3,268.1,209.2,150.9,189.6,107.0,213.8,128.8,277.3,116.3,200.7,195.7,257.0,191.1,226.9,161.1,257.6,251.6,1462.5,234.1,55.4,197.2,168.1,262.8,119.2,282.9,221.2,164.5,272.5,271.6,231.9,212.6,160.2,110.5,217.2,147.4,280.2,122.5,152.4,223.0,91.1,230.6,130.7,73.9,159.9,168.9,244.2,183.7,190.5,233.2,139.3,155.8,226.3,93.7,131.1,95.6,170.9,256.4,119.8,233.8,198.7,202.7,153.8,61.4,163.4,0.0,113.1,171.9
ZV,190.5,194.6,183.4,120.5,171.2,246.8,67.3,171.7,272.5,54.3,256.0,176.8,162.7,167.0,204.5,140.9,82.6,176.0,124.0,155.0,183.2,288.3,83.6,132.5,127.4,268.0,220.5,237.9,72.6,275.4,183.4,1397.2,168.8,74.8,208.2,99.9,279.8,50.9,293.1,232.2,183.4,279.7,206.3,163.6,264.6,47.0,83.1,152.3,201.7,291.2,156.7,53.9,146.8,41.5,162.4,185.0,61.2,214.3,187.7,261.8,238.0,150.8,164.9,19.8,238.2,194.4,147.6,38.9,166.0,225.2,191.1,174.2,201.8,209.7,134.5,208.1,40.1,50.2,195.8,0.0,58.7
ZX,214.0,186.0,326.0,61.7,116.6,192.2,89.0,286.8,213.7,148.3,203.2,124.0,108.1,190.5,245.0,275.2,218.7,142.2,65.2,102.2,176.4,235.5,74.5,268.5,263.2,213.4,179.8,192.6,193.5,220.8,305.7,1420.7,192.3,66.4,160.7,234.1,219.2,185.2,240.3,177.6,144.4,233.7,229.8,297.9,256.1,141.0,24.3,99.5,195.0,236.6,117.7,181.3,92.2,147.1,291.6,178.3,168.6,207.5,148.8,201.2,229.5,281.8,299.2,116.8,229.7,325.4,140.9,164.5,157.4,218.5,212.8,165.6,331.1,155.1,270.5,144.6,176.2,124.2,156.9,136.0,0.0
