from_stop,AD,AL,AR,AZ,BM,CG,CK,CT,DC,DF,DH,DI,DR,DS,EA,EC,ED,EF,EI,ET,GA,GD,GF,GT,HL,HO,HQ,HT,ID,IN,IR,JH,JJ,JK,JN,JO,JQ,KD,KY,LA,LI,LR,ME,MK,MW,NA,NB,NJ,NQ,NU,NX,OC,OM,OP,OQ,OS,PA,PX,PY,QE,QF,QM,QO,QR,QU,RN,RS,RV,RW,SB,SC,ST,SW,TE,TH,TI,TO,TU,UC,UT,UX,UY,VA,VC,VE,VG,VI,VL,VZ,WL,WM,WY,XQ,YD,YF,YJ,YN,YY,ZD,ZH,ZJ,ZM,ZY
AD,0.0,175.4,93.7,95.6,110.6,130.7,18.5,130.2,113.2,116.3,29.3,45.6,215.1,126.0,99.8,38.1,24.3,209.0,19.2,168.6,100.6,169.8,222.8,98.3,88.3,117.0,186.1,197.8,155.7,115.4,40.7,67.7,116.7,194.5,9.6,24.2,168.9,27.1,74.3,100.4,145.5,258.6,171.2,124.3,124.7,133.8,2.2,115.4,170.4,90.3,80.6,74.1,115.0,2.7,40.1,52.4,40.5,124.8,191.5,31.2,98.6,126.1,135.2,80.9,116.0,201.3,32.3,131.5,219.1,58.9,138.4,96.1,147.3,39.1,45.6,163.6,101.3,66.8,35.2,52.4,194.0,120.5,117.7,112.9,74.7,133.6,111.9,51.8,44.3,192.2,233.4,150.6,153.3,16.2,41.9,88.5,147.5,60.3,139.1,94.8,123.2,40.2,2131.4
AL,231.0,0.0,157.0,106.6,117.3,66.9,223.6,157.9,158.6,57.8,205.4,183.6,79.5,47.7,106.5,181.0,160.0,134.1,218.7,129.3,97.0,76.9,87.2,218.8,139.9,57.0,63.0,71.8,43.8,87.7,229.2,136.4,86.4,19.0,181.7,178.9,5.4,175.3,124.3,75.5,76.4,132.6,96.3,177.9,99.1,35.8,184.6,87.7,4.1,154.8,115.0,163.7,83.2,228.4,202.0,200.9,185.6,101.5,168.2,207.3,99.8,47.5,111.9,122.3,131.1,126.4,209.8,98.1,93.1,148.6,160.9,182.9,149.6,159.1,215.0,140.3,96.3,141.8,198.3,177.3,68.0,53.4,56.4,133.3,123.8,134.0,81.0,201.5,169.2,148.1,107.4,22.2,46.2,198.9,156.1,179.7,52.0,185.2,58.8,82.2,74.4,189.0,2243.4
AR,160.4,132.9,0.0,96.5,158.9,67.0,173.4,149.2,128.0,140.6,134.8,113.0,165.7,130.5,148.1,92.4,134.8,145.3,168.5,158.5,36.9,106.1,173.4,166.6,69.3,139.8,139.6,148.4,106.3,116.3,158.6,76.0,115.6,152.0,117.8,108.3,126.4,104.7,32.1,154.7,81.8,209.2,107.5,143.3,122.5,118.6,162.7,116.3,127.9,94.4,18.5,93.1,166.0,157.8,199.7,148.7,97.0,61.1,127.8,158.0,123.2,130.3,71.5,81.8,116.9,137.6,155.5,127.3,169.7,88.2,157.4,112.3,166.3,70.5,144.4,99.9,37.6,53.2,127.7,88.7,144.6,136.2,139.2,45.7,31.6,152.6,51.7,149.3,80.6,177.3,184.0,108.1,103.9,128.3,67.5,109.1,98.1,96.6,91.3,149.1,59.5,118.4,2241.1
AZ,145.4,111.3,50.3,0.0,137.3,63.4,158.4,113.6,104.0,119.0,119.8,96.5,144.1,108.9,129.9,115.6,101.8,120.9,157.7,85.0,53.0,86.2,151.8,129.1,117.5,118.2,115.1,126.8,84.7,19.7,145.0,29.7,21.0,130.4,102.2,75.3,104.8,97.8,80.3,136.7,66.4,133.9,103.9,128.3,100.9,100.2,147.7,19.7,106.3,48.1,67.3,78.0,144.4,142.8,161.1,133.7,118.0,39.5,106.2,166.6,100.0,108.7,49.9,15.6,24.4,130.5,165.5,35.8,148.1,41.9,116.6,100.1,105.3,116.6,129.4,78.3,52.3,89.1,94.7,136.9,123.0,114.6,117.6,92.8,79.8,89.7,44.6,134.3,128.8,105.4,162.4,86.5,82.3,95.4,115.7,92.5,76.5,144.8,68.1,143.4,55.9,103.4,2199.1
BM,113.6,148.8,83.9,85.8,0.0,82.9,126.6,102.4,81.2,141.8,88.0,66.2,181.6,146.4,125.3,63.6,88.0,161.2,121.7,140.8,52.8,122.0,189.3,119.8,22.5,142.5,155.5,164.3,122.2,105.6,111.8,57.9,106.9,167.9,118.6,61.5,142.3,57.9,26.5,125.9,97.7,225.1,123.4,96.5,138.4,134.5,115.9,105.6,143.8,81.7,34.4,46.3,140.5,111.0,152.9,101.9,68.2,77.0,143.7,158.2,124.1,146.2,87.4,71.1,106.2,153.5,160.7,121.7,185.6,45.8,110.6,65.5,119.5,41.7,97.6,115.8,53.5,24.4,80.9,59.9,160.5,146.0,143.2,61.6,26.9,105.8,67.6,102.5,51.8,162.8,199.9,124.0,119.8,81.5,38.7,62.3,114.0,67.8,107.2,120.3,75.4,71.6,2194.3
CG,185.6,106.3,117.2,68.7,132.3,0.0,185.7,120.0,110.4,114.0,160.0,136.7,139.1,103.9,121.5,117.6,160.0,78.2,185.0,91.4,30.0,35.0,146.8,151.6,94.5,113.2,110.1,121.8,79.7,49.8,192.6,96.6,48.5,125.4,138.1,133.5,99.8,129.9,57.3,131.7,55.2,116.2,40.4,140.0,71.6,96.1,187.9,49.8,98.7,115.0,49.7,118.2,139.4,183.0,164.1,163.0,120.0,34.5,101.2,173.0,96.6,103.7,44.9,84.4,93.2,70.5,171.9,60.2,136.7,104.1,123.0,140.3,111.7,95.7,169.6,73.3,29.3,66.1,152.9,113.9,118.0,109.6,112.6,69.8,56.8,96.1,18.7,163.6,105.8,110.2,160.8,81.5,80.6,153.8,92.7,132.7,71.5,121.8,64.7,138.4,7.4,143.6,2205.5
CK,18.1,193.6,111.9,113.8,128.8,148.9,0.0,107.0,67.8,134.5,22.8,39.1,233.3,144.2,118.0,56.3,42.5,227.2,0.6,127.4,118.8,171.7,241.0,44.7,106.5,135.2,204.3,216.0,173.9,133.6,97.0,85.9,134.9,212.7,27.7,42.4,187.1,73.8,92.5,118.6,163.7,276.8,189.4,83.1,166.7,152.0,20.4,133.6,186.0,108.5,98.8,92.2,133.2,15.5,18.1,33.8,58.7,143.0,209.7,12.6,116.8,144.3,153.4,99.1,134.2,219.5,13.7,149.7,230.9,73.8,115.2,72.9,106.1,57.3,39.1,181.8,119.5,98.1,53.4,70.6,212.2,138.7,135.9,131.1,92.9,89.7,130.1,33.2,62.5,149.4,249.0,168.8,192.9,34.4,60.1,40.7,165.7,78.5,157.3,113.0,141.4,33.7,2112.8
CT,85.8,188.0,145.0,98.7,196.5,140.1,67.6,0.0,40.5,195.7,90.5,72.7,220.8,185.6,185.7,124.0,110.2,163.3,62.7,42.2,129.7,179.2,228.5,60.8,174.2,194.9,194.7,203.5,161.4,118.5,117.9,124.4,119.8,207.1,90.8,110.1,181.5,113.0,157.0,186.3,136.9,176.3,180.6,19.9,177.6,173.7,88.1,118.5,183.0,142.8,147.7,160.0,200.9,83.2,101.8,42.9,128.6,116.2,182.9,107.1,178.3,185.4,126.6,110.3,101.1,172.9,109.6,134.6,224.8,136.6,26.6,90.0,72.5,125.0,104.1,155.0,129.0,141.2,121.1,138.3,199.7,191.3,194.3,166.0,156.5,65.1,124.8,43.5,130.2,61.3,239.1,163.2,159.0,103.7,127.8,68.8,153.2,146.2,146.4,180.7,132.6,78.1,2153.3
DC,74.8,153.7,110.7,64.4,179.7,101.6,99.0,60.5,0.0,168.2,49.2,25.9,176.2,151.3,172.3,106.2,99.2,160.3,105.1,59.5,95.4,128.6,201.0,69.7,156.4,160.6,164.3,169.2,122.9,84.2,67.6,90.1,85.5,168.6,77.6,99.1,136.9,130.5,129.5,175.3,108.8,173.3,136.0,30.5,133.0,132.3,81.3,84.2,146.1,107.3,115.1,138.4,176.5,72.2,135.5,74.3,108.6,88.7,148.6,134.2,142.4,146.9,88.1,65.7,56.5,176.7,139.9,96.1,197.3,97.6,78.7,40.7,34.0,114.0,58.8,120.7,90.5,151.5,144.8,169.0,165.4,152.8,160.0,135.2,122.2,26.3,76.7,81.7,112.4,83.1,202.2,128.9,146.1,92.8,116.8,21.9,118.9,128.4,110.5,162.9,98.3,32.8,2173.5
DF,173.1,59.0,143.4,145.3,59.4,126.0,186.1,161.9,144.9,0.0,147.5,124.2,138.6,9.6,48.6,123.1,102.1,193.2,185.4,188.4,112.3,136.0,146.3,179.3,82.0,0.7,119.2,130.9,102.9,146.8,172.7,117.4,145.5,78.1,118.9,121.0,52.5,117.4,86.0,17.6,122.2,184.6,155.4,156.0,91.5,17.4,126.7,146.8,51.4,140.0,92.3,105.8,25.3,170.5,212.4,161.4,125.5,136.5,203.2,160.4,65.4,9.7,146.9,130.6,165.7,185.5,161.5,157.2,152.2,105.3,170.1,127.8,179.0,101.2,157.1,175.3,113.0,73.6,140.4,119.4,127.1,4.1,1.3,124.6,86.4,165.3,123.6,162.0,111.3,208.8,169.9,34.2,96.5,139.4,98.2,120.2,111.1,127.3,105.9,24.3,133.5,131.1,2253.8
DH,25.5,198.7,119.3,109.4,136.2,150.8,39.4,84.1,44.9,141.9,0.0,16.2,231.5,151.6,125.4,63.7,49.9,205.3,44.3,104.5,126.2,189.9,239.2,101.5,113.9,142.6,205.4,214.2,172.1,129.2,23.7,93.3,130.5,217.8,30.5,49.8,192.2,52.7,99.9,126.0,147.6,218.3,191.3,60.2,150.3,163.6,27.8,129.2,193.7,117.1,107.8,99.7,140.6,22.9,61.0,83.6,68.3,126.9,193.6,55.7,124.2,151.7,137.3,106.5,111.8,214.9,53.2,145.3,235.5,81.2,92.3,47.2,83.2,64.7,16.2,165.7,126.9,80.9,60.8,78.0,210.4,146.1,143.3,135.0,100.3,69.5,135.5,84.2,69.9,126.5,249.8,173.9,169.7,43.4,67.5,20.5,163.9,85.9,157.1,120.4,143.3,10.8,2176.0
DI,48.8,182.4,139.4,91.4,158.0,132.8,90.3,67.8,38.9,163.7,21.7,0.0,213.5,173.4,150.6,85.5,71.7,189.0,89.6,88.2,124.1,157.3,221.2,62.7,135.7,164.4,184.5,197.9,154.1,112.9,40.1,115.1,114.2,201.5,56.9,71.6,174.2,103.0,121.7,147.8,137.5,202.0,173.3,43.9,170.3,169.6,49.6,112.9,174.8,136.0,128.0,121.4,162.4,44.7,121.7,67.3,89.4,108.9,177.3,73.9,147.6,173.5,121.0,104.7,93.8,196.9,75.0,129.0,212.8,107.7,74.3,32.0,65.2,86.5,32.8,149.4,121.7,127.3,82.6,99.8,194.1,169.4,165.1,160.3,122.1,55.0,114.0,66.2,91.7,111.8,230.9,157.6,174.8,65.3,89.3,6.1,147.6,107.7,139.2,142.2,125.3,5.3,2159.7
DR,211.9,184.1,158.6,108.2,210.1,77.7,193.7,137.8,128.2,191.8,187.8,164.5,0.0,181.7,202.7,195.4,210.1,55.7,193.0,109.2,107.8,89.4,7.6,198.7,172.3,191.0,187.9,199.6,157.5,89.3,211.6,138.0,88.0,203.2,221.5,183.6,177.6,180.0,135.1,209.5,139.2,93.7,37.2,157.8,149.4,173.0,214.2,89.3,176.5,155.2,125.8,186.3,217.2,209.3,172.1,180.8,197.8,112.3,179.0,181.0,172.8,181.5,122.7,123.9,132.7,48.0,179.9,73.2,220.9,145.5,139.2,186.1,129.4,173.5,197.4,151.1,107.1,143.9,203.0,191.7,195.8,187.4,190.4,147.6,134.6,112.1,96.5,181.4,183.6,118.2,128.9,159.3,176.5,202.0,170.5,160.5,149.3,199.6,140.9,216.2,85.2,171.4,2213.5
DS,183.2,49.3,153.5,155.4,69.5,116.3,196.2,172.0,150.8,10.1,157.6,135.8,128.9,0.0,58.7,133.2,112.2,183.5,191.3,178.7,122.4,126.3,136.6,189.4,92.1,9.3,112.4,121.2,93.2,137.1,181.4,127.5,135.8,68.4,133.9,131.1,42.8,127.5,96.1,27.7,125.8,174.9,145.7,166.1,101.6,11.9,136.8,137.1,44.3,151.3,104.0,115.9,35.4,180.6,222.5,171.5,137.8,146.6,213.3,174.1,75.5,0.1,157.0,140.7,175.8,175.8,171.6,147.5,142.5,115.4,180.2,135.1,189.1,111.3,167.2,185.4,123.1,94.0,150.5,129.5,117.4,5.7,8.7,131.2,96.5,175.4,130.4,172.1,121.4,197.5,156.8,24.5,95.6,151.1,108.3,131.9,101.4,137.4,108.2,34.4,123.8,141.2,2263.9
EA,121.0,159.6,94.7,96.6,10.7,90.3,134.0,113.2,102.3,152.6,98.8,75.5,192.4,157.2,0.0,74.4,98.8,172.0,136.7,151.6,63.6,116.5,200.1,108.1,33.3,153.3,160.0,175.1,129.6,116.4,117.2,68.7,117.7,178.7,134.0,72.3,153.1,94.8,33.9,136.7,114.7,235.9,130.8,107.3,145.8,145.1,123.3,116.4,152.0,91.3,43.6,57.0,147.9,121.8,163.7,112.7,73.4,84.4,154.5,169.2,136.5,153.6,98.2,81.9,113.6,160.9,171.5,129.1,193.0,61.3,118.0,75.7,130.3,52.5,105.0,126.6,64.3,24.9,88.3,67.3,171.3,153.4,154.0,75.9,37.7,118.4,74.9,113.3,59.2,175.2,210.7,134.8,152.0,92.4,49.5,71.5,124.8,75.2,116.4,131.1,82.8,82.4,2205.1
EC,37.3,137.2,156.4,158.3,72.4,155.4,55.9,174.9,164.0,78.1,66.7,83.0,176.9,87.8,65.0,0.0,10.3,232.7,56.6,213.3,125.3,166.4,184.6,96.2,95.0,78.8,147.9,159.6,117.5,178.1,77.3,130.4,179.4,156.3,27.1,46.6,130.7,49.5,99.0,62.2,117.2,220.4,195.9,169.0,110.3,96.6,34.9,178.1,132.2,153.0,105.3,118.7,76.8,40.1,74.1,89.8,2.3,149.5,216.2,68.6,60.4,87.9,159.9,143.6,178.7,225.0,69.7,194.2,174.5,118.3,183.1,140.8,192.0,27.6,83.0,188.3,126.0,40.5,37.6,20.9,155.8,82.3,79.5,137.6,99.4,178.3,136.6,89.2,12.8,235.3,195.2,112.4,136.5,17.8,30.4,133.2,109.3,28.8,100.9,56.6,147.9,77.6,2168.8
ED,26.9,151.0,125.3,127.2,86.2,106.3,45.5,143.8,122.6,91.9,56.3,107.6,190.7,101.6,75.4,13.7,0.0,184.6,50.4,182.2,76.2,145.4,198.4,161.2,63.9,92.6,164.6,173.4,131.3,147.0,47.8,99.3,148.3,170.1,21.6,36.2,144.5,39.1,49.9,76.0,121.1,234.2,146.8,137.9,100.3,113.6,24.5,147.0,146.0,123.1,57.8,87.7,90.6,29.7,67.1,79.4,18.3,100.4,167.1,61.8,74.2,101.7,110.8,112.5,147.6,176.9,59.3,163.1,194.7,87.2,152.0,106.9,160.9,14.7,72.6,139.2,76.9,30.9,27.2,28.0,169.6,96.1,93.3,85.0,50.3,147.2,91.0,78.8,19.9,204.2,209.0,126.2,128.9,7.5,17.5,103.7,123.1,35.9,116.3,70.4,98.8,67.2,2158.4
EF,216.3,186.1,169.6,119.2,212.1,79.7,198.1,147.2,149.5,193.8,198.8,177.0,116.7,183.7,201.3,197.4,221.1,0.0,193.2,120.2,109.8,107.7,124.4,208.1,174.3,193.0,192.8,109.3,159.5,100.3,222.6,149.0,99.0,205.2,221.3,194.6,179.6,191.0,137.1,211.5,135.0,37.9,39.2,167.2,151.4,171.8,218.6,100.3,181.1,167.4,127.8,197.4,219.2,213.7,176.5,190.2,202.0,114.3,181.0,181.8,176.4,183.5,124.7,134.9,143.7,6.6,184.3,84.2,87.4,161.2,143.6,194.3,133.8,175.5,208.4,153.1,109.1,158.2,214.0,193.7,197.8,189.4,192.4,146.1,136.6,124.9,93.8,190.8,185.6,122.6,73.1,161.3,157.1,214.6,172.5,173.1,151.3,201.6,144.5,218.2,87.2,182.4,2217.9
EI,18.8,194.3,112.6,114.5,129.5,149.6,0.6,107.7,72.7,135.2,23.5,41.5,234.0,144.9,118.7,57.0,43.2,227.9,0.0,128.1,119.5,172.4,241.7,37.4,107.2,135.9,205.0,216.7,174.6,134.3,96.3,86.6,135.6,213.4,28.4,43.1,187.8,46.0,93.2,119.3,170.6,277.5,190.1,83.8,167.4,152.7,21.1,134.3,186.7,109.2,99.5,92.9,133.9,16.2,17.4,33.1,59.4,143.7,210.4,11.9,117.5,145.0,154.1,99.8,134.9,220.2,13.0,150.4,231.6,74.5,115.9,73.6,106.8,58.0,39.8,182.5,120.2,98.8,54.1,71.3,212.9,139.4,136.6,131.8,93.6,93.1,130.8,32.5,63.2,150.1,249.7,169.5,193.6,35.1,60.8,44.1,166.4,79.2,158.0,113.7,142.1,34.4,2112.1
ET,114.4,148.6,105.6,59.3,174.6,100.7,96.2,28.5,60.1,156.3,109.4,87.6,181.4,146.2,163.8,152.6,138.8,121.0,91.3,0.0,90.3,139.8,189.1,89.4,154.8,155.5,155.3,164.1,122.0,79.1,133.2,85.0,80.4,167.7,119.4,130.6,142.1,127.0,117.6,174.0,97.5,134.0,141.2,48.5,113.9,134.3,116.7,79.1,143.6,103.4,108.3,133.4,181.7,111.8,105.9,71.5,157.2,76.8,143.5,111.2,138.9,146.0,87.2,70.9,61.7,130.6,113.7,95.2,185.4,97.2,31.5,104.9,33.1,153.6,119.0,115.6,89.6,138.7,150.0,174.2,160.3,151.9,154.9,126.6,117.1,37.4,85.4,72.1,166.1,21.9,199.7,123.8,119.6,132.3,153.0,83.7,113.8,182.1,107.0,180.7,93.2,93.0,2147.3
GA,155.5,95.9,87.1,87.0,121.9,30.0,168.5,144.3,123.1,103.6,129.9,108.1,128.7,93.5,111.1,87.5,129.9,108.3,163.6,121.5,0.0,69.1,136.4,161.7,64.4,102.8,102.6,111.4,69.3,79.9,153.7,66.5,78.6,115.0,112.9,103.4,89.4,99.8,27.2,121.3,44.8,172.2,70.5,138.4,61.2,81.6,157.8,79.9,90.9,84.9,17.9,88.2,129.0,152.9,194.2,143.8,92.1,24.1,90.8,153.1,86.2,93.3,34.5,72.3,107.4,100.6,150.6,90.3,132.7,78.7,152.5,107.4,141.8,65.6,139.5,62.9,0.7,48.3,122.8,83.8,107.6,99.2,102.2,36.2,26.7,126.2,14.7,144.4,75.7,140.3,147.0,71.1,66.9,123.4,62.6,104.2,61.1,91.7,54.3,128.0,22.5,113.5,2235.6
GD,193.8,178.3,117.3,66.9,204.3,130.4,162.1,118.2,108.6,186.0,168.2,144.9,211.1,175.9,196.9,160.8,168.8,143.5,161.4,89.6,120.0,0.0,197.8,156.6,162.7,163.4,160.3,193.8,129.9,48.0,186.6,96.7,46.7,176.4,199.4,142.3,150.8,164.8,143.3,203.7,133.4,156.5,166.9,138.2,121.8,163.2,192.1,48.0,170.7,113.9,134.3,145.0,211.4,169.4,165.7,161.2,163.2,106.5,173.2,167.2,167.0,153.9,112.9,78.6,91.4,153.1,170.1,58.4,193.3,104.2,99.4,162.5,105.9,183.6,177.8,145.3,97.5,176.1,161.7,199.9,190.0,160.6,184.6,138.0,146.8,92.5,107.6,161.8,195.8,110.0,226.8,153.5,170.7,162.4,182.7,140.9,143.5,211.8,135.1,206.4,101.1,151.8,2203.7
GF,204.2,176.4,150.9,100.5,202.4,70.0,186.0,130.1,120.5,184.1,180.1,156.8,209.2,174.0,195.0,187.7,202.4,48.0,185.3,101.5,100.1,81.7,0.0,192.9,164.6,183.3,180.2,191.9,149.8,81.6,203.9,130.3,80.3,195.5,213.8,175.9,169.9,172.3,127.4,201.8,131.5,86.0,29.5,150.1,141.7,165.3,206.5,81.6,168.8,147.5,118.1,178.6,209.5,201.6,164.4,173.1,190.1,104.6,171.3,173.3,165.1,173.8,115.0,116.2,125.0,40.3,172.2,65.5,213.2,137.8,131.5,178.4,121.7,165.8,189.7,143.4,99.4,152.1,195.3,184.0,188.1,179.7,182.7,139.9,126.9,104.4,88.8,173.7,175.9,112.1,121.2,151.6,168.8,196.0,162.8,152.8,141.6,191.9,133.2,208.5,77.5,163.7,2205.8
GT,70.7,246.2,164.5,161.1,181.4,174.9,29.2,62.3,115.9,163.8,75.4,93.4,256.9,196.8,174.0,89.2,95.1,225.7,32.1,104.6,171.4,224.3,290.9,0.0,138.0,164.5,223.4,265.9,193.0,180.9,112.5,138.5,182.2,265.3,59.2,95.0,239.7,126.4,128.6,171.2,205.5,238.7,215.4,85.0,172.2,189.1,73.0,180.9,238.6,162.3,151.4,144.8,162.5,68.1,66.2,4.5,90.2,178.6,245.3,41.0,171.0,196.9,161.4,128.4,163.5,235.3,61.8,197.0,256.4,110.0,64.3,104.4,134.9,109.9,68.4,217.4,172.1,150.7,106.0,99.9,262.1,192.5,188.5,162.6,145.5,132.0,159.4,5.1,98.6,125.3,277.3,221.4,242.8,88.7,112.7,97.8,215.6,131.1,207.2,165.6,194.0,86.3,2172.2
HL,91.0,170.5,61.3,63.2,151.7,122.6,104.0,79.8,51.8,157.4,65.4,43.6,203.3,167.1,140.9,79.2,65.4,184.2,103.3,118.2,98.3,146.2,211.0,67.9,0.0,158.1,174.3,186.0,143.9,83.0,83.8,35.3,84.3,189.6,100.6,38.9,164.0,35.3,93.5,141.5,119.4,197.2,163.1,73.9,135.8,159.4,93.3,83.0,162.9,59.1,79.9,23.7,156.1,88.4,130.3,79.3,81.6,98.7,165.4,139.2,139.7,167.2,109.1,48.5,83.6,193.2,138.1,99.1,207.3,26.5,88.0,45.7,96.9,80.2,75.0,137.5,99.0,96.4,58.3,93.5,182.2,161.6,158.8,110.6,93.0,83.2,103.8,79.9,85.4,140.2,225.0,145.7,144.8,57.3,83.0,39.7,135.7,101.4,128.9,135.9,115.1,49.0,2171.7
HO,173.9,58.3,144.2,146.1,60.2,125.3,186.9,162.7,134.7,0.7,148.3,125.0,137.9,8.9,49.4,123.9,102.9,192.5,186.2,187.7,113.1,131.3,145.6,154.0,82.8,0.0,118.5,130.2,102.2,146.1,166.7,118.2,144.8,77.4,119.7,121.8,51.8,144.3,86.8,18.4,123.0,183.9,154.7,156.8,116.1,16.7,127.5,146.1,50.7,140.8,93.1,106.6,26.1,171.3,213.2,162.2,126.3,137.3,204.0,161.2,66.2,9.0,147.7,131.4,166.5,184.8,162.3,156.5,145.1,106.1,170.9,128.6,179.8,102.0,157.9,176.1,113.8,72.4,141.2,120.2,126.4,3.4,0.6,125.4,87.2,166.1,124.4,162.8,112.1,208.1,163.2,33.5,101.3,140.2,99.0,121.0,110.4,128.1,106.7,25.1,132.8,131.9,2254.6
HQ,237.9,116.2,163.7,113.3,124.2,73.6,222.7,164.6,161.1,123.9,212.3,189.0,28.9,113.8,113.4,187.9,212.3,84.7,222.0,136.0,103.7,67.3,36.6,195.5,146.8,123.1,0.0,11.7,32.5,94.4,230.7,143.1,93.1,135.3,190.3,185.8,109.7,208.3,131.0,141.6,65.1,72.4,66.2,184.6,87.8,105.1,240.2,94.4,108.6,160.3,121.7,170.5,149.3,235.3,201.1,207.6,190.3,108.2,174.9,210.0,86.9,113.6,118.6,129.0,137.8,77.0,208.9,102.2,32.9,155.3,165.2,192.6,156.3,166.0,221.9,147.0,103.0,136.4,205.2,184.2,7.9,119.5,122.5,143.5,130.5,138.9,92.4,208.2,176.1,147.2,47.2,91.4,34.9,204.2,163.0,186.6,40.7,192.1,47.5,148.3,81.1,195.9,2242.5
HT,229.2,128.7,175.9,125.5,136.7,86.1,211.0,155.1,155.8,136.4,205.1,183.3,17.2,126.3,125.9,200.4,224.8,73.0,206.1,126.5,116.2,96.1,24.9,216.0,159.3,135.6,9.3,0.0,45.0,106.6,228.9,155.3,105.3,147.8,234.2,198.3,122.2,194.7,143.5,154.1,77.6,60.7,54.5,175.1,100.3,114.4,231.5,106.6,123.7,173.7,134.2,183.1,161.8,226.6,189.4,198.1,205.0,120.7,187.4,194.7,101.0,126.1,131.1,141.2,150.0,65.3,197.2,90.5,21.2,167.5,156.5,200.6,146.7,178.5,214.7,159.5,115.5,161.2,217.7,196.7,4.0,132.0,135.0,152.5,143.0,131.2,100.2,198.7,188.6,135.5,35.5,103.9,47.4,218.3,175.5,179.4,53.2,204.6,60.0,160.8,93.6,188.7,2230.8
ID,205.3,83.6,145.2,94.8,91.6,55.1,211.8,146.1,136.5,91.3,179.7,156.4,59.3,81.2,80.8,155.3,179.7,115.1,211.1,117.5,85.2,48.8,67.0,207.0,114.2,90.5,30.3,42.0,0.0,75.9,204.9,124.6,74.6,102.7,157.7,153.2,77.1,149.6,112.5,109.0,32.5,102.8,84.5,166.1,30.9,72.5,207.6,75.9,76.0,141.8,104.9,137.9,116.7,202.7,193.6,189.1,157.7,89.7,156.4,199.1,54.3,81.0,100.1,110.5,119.3,107.4,198.0,86.3,56.9,136.8,149.1,160.0,137.8,133.4,189.3,128.5,84.5,103.8,172.6,151.6,38.2,86.9,89.9,125.0,112.0,120.4,73.9,189.7,143.5,136.3,81.0,58.8,0.8,171.6,130.4,152.4,8.2,159.5,16.6,115.7,62.6,163.3,2231.6
IN,164.3,130.2,69.2,18.8,156.2,82.3,159.5,93.8,94.5,137.9,138.7,116.9,163.0,127.8,145.4,134.5,120.7,101.1,154.6,65.2,71.9,121.4,170.7,154.7,136.4,137.1,136.9,145.7,103.6,0.0,162.5,48.6,1.3,149.3,169.3,94.2,123.7,90.6,99.2,155.6,79.1,114.1,122.8,113.8,95.5,115.9,166.6,0.0,125.2,67.0,87.8,97.0,163.3,161.7,137.9,136.8,139.1,58.4,125.1,143.2,120.5,127.6,68.8,34.5,43.3,110.7,145.7,16.0,167.0,60.8,96.8,116.2,85.5,135.5,148.3,97.2,71.2,120.3,113.6,155.8,141.9,133.5,136.5,108.2,98.7,69.9,67.0,137.4,147.7,84.0,181.3,105.4,101.2,114.2,134.6,113.0,95.4,163.7,88.6,162.3,74.8,122.3,2179.3
IR,73.7,222.9,131.2,136.1,148.1,165.3,33.8,108.3,79.4,144.1,24.1,42.1,258.2,163.5,140.7,65.9,61.8,229.5,32.0,128.7,164.6,197.8,265.9,127.6,128.3,163.0,226.7,238.4,186.6,153.4,0.0,105.2,154.7,232.3,37.3,61.7,224.4,93.1,102.1,137.9,178.0,242.5,205.8,84.4,196.2,202.1,58.5,153.4,215.3,127.8,118.1,111.5,152.5,25.1,49.5,98.1,68.3,151.1,217.8,34.3,137.7,153.9,169.5,135.5,144.0,241.6,45.1,159.8,259.7,96.4,106.8,64.5,97.7,76.6,40.4,189.9,154.2,117.4,72.7,98.4,234.6,160.5,155.2,140.7,112.2,95.5,164.2,98.7,72.1,152.3,271.4,198.1,205.2,55.4,79.4,46.5,188.1,186.1,179.7,132.3,167.5,35.0,2144.2
JH,115.6,135.1,20.5,27.8,158.3,87.2,128.6,104.4,83.2,142.8,90.0,68.2,167.9,132.7,147.5,85.8,72.0,148.8,123.7,112.9,57.5,126.3,175.6,121.8,89.9,142.0,141.8,150.6,108.5,47.6,113.8,0.0,48.9,154.2,120.6,45.5,128.6,41.9,52.7,148.1,84.0,161.8,127.7,98.5,100.4,120.8,117.9,47.6,130.1,18.3,39.1,48.3,162.7,113.0,154.9,103.9,90.4,63.3,130.0,160.2,125.4,132.5,73.7,13.1,48.2,157.8,115.0,63.7,171.9,12.1,112.6,67.5,121.5,86.8,99.6,102.1,58.2,73.8,64.9,109.3,146.8,138.4,141.4,66.3,52.2,107.8,71.9,104.5,101.2,131.7,186.2,110.3,106.1,65.5,88.1,64.3,100.3,117.2,93.5,142.5,79.7,73.6,2196.3
JJ,165.6,131.5,70.5,20.1,157.5,83.6,158.2,92.5,93.2,139.2,140.0,118.2,164.3,129.1,146.7,135.8,122.0,99.8,153.3,63.9,73.2,122.7,172.0,153.4,137.7,138.4,138.2,147.0,104.9,1.3,163.8,49.9,0.0,150.6,170.6,95.5,125.0,91.9,100.5,156.9,80.4,112.8,124.1,112.5,96.8,117.2,167.9,1.3,126.5,68.3,89.1,98.3,164.6,163.0,136.6,135.5,140.4,59.7,126.4,141.9,121.8,128.9,70.1,35.8,44.6,109.4,144.4,14.7,168.3,62.1,95.5,117.5,84.2,136.8,149.6,98.5,72.5,121.6,114.9,157.1,143.2,134.8,137.8,109.5,100.0,68.6,68.3,136.1,149.0,82.7,182.6,106.7,102.5,115.5,135.9,114.3,96.7,165.0,89.9,163.6,76.1,123.6,2178.0
JK,214.4,108.4,137.9,87.5,116.4,47.8,204.5,138.8,129.2,116.1,188.8,165.5,70.0,106.0,105.6,165.5,189.4,115.0,203.8,110.2,77.9,57.8,77.7,199.7,139.0,115.3,41.0,52.7,24.7,68.6,212.6,117.3,67.3,0.0,224.0,162.9,101.9,185.4,105.2,133.8,57.3,113.5,77.2,158.8,80.0,97.3,216.7,68.6,100.8,134.5,97.6,162.7,141.5,211.8,186.3,181.8,167.9,82.4,149.1,191.8,80.7,105.8,92.8,103.2,112.0,107.3,190.7,79.0,74.0,129.5,141.8,184.8,130.5,143.6,198.4,121.2,77.2,129.9,182.3,161.8,48.9,111.7,114.7,117.7,104.7,113.1,66.6,182.4,153.7,129.0,88.3,83.6,11.6,183.0,140.6,161.5,32.9,169.7,41.3,140.5,55.3,172.4,2224.3
JN,10.2,165.8,84.1,86.0,101.0,121.1,28.7,120.6,99.4,106.7,39.5,82.9,205.5,116.4,93.6,28.5,14.7,199.4,29.4,159.0,91.0,160.2,213.2,113.3,78.7,107.4,176.5,188.2,146.1,105.8,32.4,58.1,107.1,184.9,0.0,14.6,159.3,46.0,64.7,90.8,142.1,249.0,161.6,114.7,138.9,124.2,7.8,105.8,160.8,80.7,72.6,64.5,105.4,12.9,50.3,62.6,30.9,115.2,181.9,41.4,89.0,116.5,125.6,71.3,106.4,191.7,42.5,121.9,203.1,46.0,128.8,86.5,137.7,29.5,55.8,154.0,91.7,70.3,25.6,42.8,184.4,110.9,108.1,103.3,65.1,124.0,102.3,62.0,34.7,181.0,227.2,141.0,165.1,6.6,32.3,80.5,137.9,50.7,129.5,85.2,113.6,89.8,2141.6
JO,37.0,177.5,69.4,71.3,112.7,130.7,55.6,105.9,84.7,118.4,91.5,69.7,211.4,128.1,101.9,40.2,26.4,192.3,60.5,144.3,102.7,169.8,219.1,123.3,90.4,119.1,185.3,194.1,152.0,91.1,57.9,43.4,92.4,196.6,31.7,0.0,171.0,2.8,76.4,102.5,127.5,205.3,171.2,100.0,126.8,140.1,34.6,91.1,172.5,67.2,84.3,49.8,117.1,39.8,77.2,105.4,44.8,106.8,173.5,71.9,100.7,128.2,117.2,56.6,91.7,201.3,69.4,107.2,215.4,31.3,114.1,69.0,123.0,41.2,101.1,145.6,103.4,57.4,19.3,54.5,190.3,122.6,119.8,111.5,76.8,109.3,115.4,106.0,46.4,166.3,229.7,152.7,149.6,19.9,44.0,65.8,143.8,62.4,137.0,96.9,123.2,75.1,2197.8
JQ,225.5,6.5,163.5,113.1,111.8,73.4,230.1,164.4,160.9,52.3,199.9,176.6,86.0,42.2,104.4,175.5,154.5,140.6,229.4,135.8,103.5,67.9,93.7,225.3,134.4,51.5,66.6,78.3,50.3,94.2,232.5,142.9,92.9,25.5,171.3,173.4,0.0,169.8,130.8,70.0,89.1,139.1,102.8,184.4,105.6,33.5,179.1,94.2,0.8,160.1,121.5,158.1,77.7,222.9,208.5,207.4,177.9,108.0,174.7,217.4,104.7,42.0,118.4,128.8,137.6,132.9,216.3,104.6,99.6,155.1,167.4,180.2,156.1,153.6,209.5,146.8,102.8,136.3,192.8,171.8,74.5,47.9,50.9,143.3,130.3,138.7,92.2,208.0,163.7,154.6,113.9,16.7,49.4,193.4,150.6,172.6,58.5,179.7,65.3,76.7,80.9,183.5,2249.9
KD,40.6,175.7,66.5,68.4,116.3,145.2,99.0,103.0,92.1,161.8,88.6,65.3,208.5,131.7,108.9,83.6,30.0,189.4,59.9,141.4,103.5,150.6,216.2,97.9,133.8,162.5,196.9,191.2,149.1,88.2,56.1,40.5,89.5,194.8,70.2,3.6,169.2,0.0,80.0,106.1,130.8,202.4,168.3,97.1,130.4,139.5,78.0,88.2,168.1,63.1,83.5,46.8,120.7,83.2,77.4,102.5,86.0,121.3,170.6,111.7,105.9,131.8,114.3,53.7,88.8,198.4,73.0,104.3,229.9,33.1,128.6,86.3,120.1,44.8,98.2,142.7,104.2,85.6,62.7,97.9,187.4,166.0,123.4,133.2,80.4,108.2,109.0,120.5,89.8,165.0,224.2,150.9,168.1,23.6,47.6,61.3,140.9,105.8,132.5,100.5,120.3,72.2,2194.9
KY,128.2,122.2,85.9,85.8,132.7,56.3,141.2,117.0,100.0,129.9,102.6,80.8,155.0,119.8,121.9,60.2,102.6,134.6,140.5,147.8,26.2,79.1,162.7,134.4,37.1,129.1,126.0,137.7,95.6,105.6,135.2,65.3,104.9,141.3,80.7,76.1,115.7,72.5,0.0,122.5,77.3,198.5,96.8,111.1,111.8,111.1,130.5,105.6,114.6,82.5,6.2,60.9,137.1,125.6,170.9,116.5,62.6,50.4,117.1,122.2,112.5,119.6,60.8,71.1,106.2,126.9,123.3,116.6,152.6,63.7,125.2,82.9,134.1,38.3,112.2,89.2,26.9,8.7,95.5,56.5,133.9,125.5,128.5,38.5,0.4,120.4,37.5,117.1,48.4,168.2,170.7,97.4,96.5,96.1,35.3,75.3,87.4,64.4,80.6,116.9,48.8,86.2,2208.9
LA,111.4,74.9,132.6,134.5,48.6,131.6,130.0,151.1,129.9,15.8,136.7,114.9,154.5,25.5,37.8,112.3,84.4,209.1,170.4,189.5,101.5,151.9,162.2,168.5,71.2,16.5,138.0,146.8,111.7,154.3,160.5,106.6,155.6,94.0,106.1,110.2,68.4,106.6,75.2,0.0,105.2,200.5,171.3,145.2,104.5,37.5,109.0,154.3,69.9,130.4,83.1,95.0,14.5,114.2,151.6,150.6,71.2,125.7,192.4,146.3,54.6,25.6,136.1,119.8,154.9,201.4,143.8,170.4,168.1,94.5,159.3,114.2,168.2,90.4,146.3,164.5,102.2,73.1,129.6,108.6,143.0,20.0,17.2,110.3,75.6,154.5,116.3,151.2,100.5,211.5,182.4,50.1,109.3,130.2,87.4,111.0,103.5,116.5,96.7,6.6,124.1,120.3,2243.0
LI,225.7,51.0,202.2,157.7,118.2,111.8,238.7,209.0,199.4,58.7,206.3,183.0,130.6,48.6,110.8,181.9,160.9,183.1,244.2,180.4,148.1,111.7,138.3,215.6,134.6,57.9,105.0,122.9,88.7,138.8,224.7,176.2,137.5,70.1,177.7,179.8,44.5,202.3,144.8,76.4,0.0,158.6,141.2,214.8,144.0,33.7,185.5,138.8,43.4,198.8,151.1,164.5,84.1,229.3,256.5,220.2,184.3,152.6,219.3,262.0,125.8,48.4,163.0,173.4,176.0,177.5,260.9,149.2,131.6,168.8,205.8,180.4,200.7,160.0,209.7,191.4,147.4,132.4,193.0,172.0,119.1,48.1,57.3,177.2,145.2,183.3,136.8,220.8,170.1,200.8,155.9,26.2,81.8,199.9,157.0,179.0,103.1,186.1,111.5,76.9,125.5,189.9,2294.5
LR,205.8,110.7,169.1,118.7,236.6,104.2,187.6,136.7,149.0,168.6,198.3,176.5,78.7,158.5,225.8,221.9,220.6,24.4,182.7,111.0,134.3,132.2,86.4,197.6,198.8,167.8,80.7,71.3,116.4,99.8,222.1,148.5,98.5,135.5,210.8,194.1,116.2,190.5,161.6,186.3,159.5,0.0,63.7,156.7,200.2,146.6,208.1,99.8,114.9,166.9,152.3,196.9,194.0,203.2,166.0,179.7,226.5,138.8,205.5,171.3,200.9,158.3,149.2,134.4,143.2,31.1,173.8,83.7,49.4,160.7,133.1,193.8,123.3,200.0,207.9,177.6,133.6,182.7,213.5,218.2,75.4,164.2,167.2,170.6,161.1,124.4,118.3,180.3,210.1,112.1,35.1,133.0,118.8,214.1,197.0,172.6,124.6,226.1,169.0,193.0,111.7,181.9,2207.4
ME,211.9,146.8,148.5,98.1,172.8,40.4,193.7,137.8,128.2,154.5,187.8,164.5,179.6,144.4,162.0,158.1,200.0,37.7,193.0,109.2,70.5,64.4,187.3,172.6,135.0,153.7,150.6,162.3,120.2,79.2,232.6,127.9,77.9,165.9,221.5,173.5,140.3,196.0,97.8,172.2,101.9,75.7,0.0,157.8,136.4,135.7,214.2,79.2,139.2,145.1,88.5,158.8,179.9,209.3,172.1,180.8,160.5,75.0,141.7,181.0,135.5,144.2,85.4,113.8,122.6,30.0,179.9,73.2,177.2,135.4,139.2,180.8,129.4,136.2,197.4,113.8,69.8,122.5,192.9,154.4,158.5,150.1,153.1,110.3,97.3,112.1,59.2,181.4,146.3,118.2,195.3,122.0,139.2,193.5,133.2,160.5,112.0,162.3,103.6,178.9,47.9,171.4,2213.5
MK,98.5,174.3,131.3,85.0,200.3,126.4,80.3,29.9,20.5,182.0,74.5,52.7,207.1,171.9,189.5,136.7,122.9,180.9,75.4,72.2,116.0,165.5,214.8,73.5,180.5,181.2,181.0,189.8,147.7,104.8,98.3,110.7,106.1,193.4,103.5,122.8,167.8,125.7,143.3,199.0,123.2,193.9,166.9,0.0,139.6,160.0,100.8,104.8,169.3,129.1,134.0,159.1,207.4,95.9,124.6,55.6,141.3,102.5,169.2,129.9,164.6,171.7,112.9,96.6,87.4,190.5,132.4,120.9,211.1,122.9,56.6,70.0,58.8,137.7,84.1,141.3,115.3,153.9,175.7,151.0,186.0,177.6,180.6,152.3,142.8,45.1,111.1,56.2,142.9,91.3,225.4,149.5,145.3,116.4,140.5,48.8,139.5,158.9,132.7,193.4,118.9,58.1,2166.0
MW,188.1,75.5,144.6,160.1,74.4,86.1,201.1,176.9,166.0,83.2,148.7,139.2,124.6,73.1,67.0,138.1,148.7,180.4,200.4,148.5,113.5,96.1,132.3,151.2,83.2,82.4,61.3,73.0,65.2,141.2,195.1,118.6,139.9,128.9,140.5,136.0,69.0,132.4,101.0,100.9,64.9,168.1,115.5,171.0,0.0,64.4,190.4,141.2,67.9,141.2,107.3,106.9,108.6,185.5,227.4,162.6,140.5,120.7,218.2,168.2,37.1,72.9,161.9,131.8,150.3,172.7,169.3,117.3,128.6,106.5,171.3,129.0,194.0,102.4,158.3,159.5,128.0,98.9,155.4,134.4,69.2,113.1,81.8,139.6,101.4,180.3,104.9,177.0,112.5,167.3,106.0,50.7,66.1,140.6,113.2,135.2,57.0,128.5,14.3,136.9,93.6,132.3,2268.8
NA,191.0,40.5,161.3,147.2,77.3,107.5,204.9,179.8,163.7,17.8,165.4,142.1,120.1,8.6,66.5,141.9,120.9,174.7,204.2,169.9,130.2,101.2,128.8,172.0,100.8,17.9,100.7,112.4,84.4,128.3,198.9,136.2,128.0,59.6,136.8,138.9,34.0,161.4,103.9,35.5,117.0,166.1,136.9,173.9,133.2,0.0,144.6,128.3,32.9,160.0,110.2,123.6,43.2,188.4,230.3,179.3,143.4,142.1,208.8,178.3,83.3,8.4,152.5,148.5,171.7,168.0,179.4,138.7,128.3,128.8,188.0,146.6,190.2,120.0,175.0,180.9,130.9,101.8,158.3,137.3,108.6,13.4,16.4,143.4,104.3,172.8,126.3,179.9,129.2,188.7,145.4,16.7,71.3,160.1,116.1,138.1,92.6,145.2,99.4,42.2,115.0,149.9,2272.6
NB,2.3,173.1,91.4,93.3,108.3,128.4,20.9,127.9,106.7,114.0,31.7,90.2,212.8,123.7,97.5,35.8,22.0,206.7,21.6,166.3,98.3,152.0,220.5,65.7,86.0,114.7,183.8,195.5,153.4,113.1,24.6,65.4,114.4,192.2,7.3,21.9,166.6,24.8,72.0,98.1,149.4,256.3,168.9,122.0,146.2,131.5,0.0,113.1,168.1,88.0,78.3,71.7,112.7,5.1,42.5,54.8,38.2,122.5,189.2,33.6,96.3,123.8,132.9,78.6,113.7,199.0,34.7,129.2,216.8,56.6,136.1,93.8,145.0,36.8,48.0,161.3,99.0,64.5,32.9,50.1,191.7,118.2,115.4,110.6,72.4,131.3,109.6,54.2,42.0,188.3,234.5,148.3,159.8,15.6,39.6,86.2,145.2,58.0,136.8,92.5,120.9,42.6,2133.8
NJ,164.3,130.2,69.2,18.8,156.2,82.3,159.5,93.8,94.5,137.9,138.7,116.9,163.0,127.8,145.4,134.5,120.7,101.1,154.6,65.2,71.9,121.4,170.7,154.7,136.4,137.1,136.9,145.7,103.6,0.0,162.5,48.6,1.3,149.3,169.3,94.2,123.7,90.6,99.2,155.6,79.1,114.1,122.8,113.8,95.5,115.9,166.6,0.0,125.2,67.0,87.8,97.0,163.3,161.7,137.9,136.8,139.1,58.4,125.1,143.2,120.5,127.6,68.8,34.5,43.3,110.7,145.7,16.0,167.0,60.8,96.8,116.2,85.5,135.5,148.3,97.2,71.2,120.3,113.6,155.8,141.9,133.5,136.5,108.2,98.7,69.9,67.0,137.4,147.7,84.0,181.3,105.4,101.2,114.2,134.6,113.0,95.4,163.7,88.6,162.3,74.8,122.3,2179.3
NQ,224.6,5.0,162.0,114.2,113.1,71.9,228.6,162.9,153.3,51.4,201.2,177.9,84.5,43.5,105.7,176.8,155.8,139.1,227.9,134.3,102.0,65.6,92.2,201.3,135.7,50.6,65.1,76.8,48.8,92.7,219.6,141.4,91.4,24.0,170.4,174.7,1.2,197.2,129.3,71.3,87.6,137.6,101.3,182.9,104.1,32.6,178.2,92.7,0.0,158.6,121.7,159.4,76.8,224.2,210.4,208.5,179.2,106.5,173.2,218.5,103.2,41.1,116.9,129.9,136.1,131.4,214.8,105.7,98.1,148.9,165.9,179.3,154.6,154.9,208.6,145.3,101.3,127.3,194.1,170.9,73.0,49.2,52.2,141.8,128.8,137.2,90.7,209.1,162.8,154.7,112.4,18.0,35.7,194.8,151.9,173.9,57.0,178.8,65.4,75.8,82.0,184.8,2248.4
NU,162.6,135.1,2.1,98.7,161.1,69.2,175.6,151.4,140.5,144.0,137.0,113.7,169.1,132.7,153.7,94.6,137.0,147.5,176.1,160.7,39.1,92.0,176.8,146.3,71.5,142.0,138.9,150.6,108.5,118.5,155.4,78.2,117.8,154.2,115.1,110.5,128.6,133.0,34.3,156.9,90.2,211.4,109.7,145.5,100.4,124.0,164.9,118.5,127.5,0.0,19.1,95.2,168.2,160.0,205.3,152.1,97.0,64.5,130.0,156.6,123.8,132.5,73.7,84.0,120.3,139.8,157.7,129.5,165.5,85.7,160.8,117.3,168.5,72.7,146.6,102.1,41.0,63.1,129.9,90.9,146.8,138.4,141.4,51.4,33.8,156.6,50.4,152.7,82.8,181.1,183.6,110.3,127.5,130.6,69.7,109.7,100.3,98.8,91.9,151.3,61.7,120.6,2243.3
NX,137.5,114.3,78.0,77.9,140.3,48.4,148.8,126.3,115.4,122.0,111.9,88.6,147.1,111.9,129.5,67.8,111.9,126.7,148.1,139.9,18.3,71.2,154.8,121.2,46.4,121.2,118.1,129.8,89.3,97.7,130.3,57.4,97.0,133.4,88.3,85.4,107.8,107.9,9.2,131.8,69.4,190.6,88.9,120.4,103.9,103.2,138.1,97.7,106.7,74.6,0.0,70.1,144.7,133.2,180.2,125.8,70.2,42.5,109.2,129.8,104.6,113.3,52.9,64.8,98.3,120.6,132.6,108.7,144.7,64.9,132.8,90.5,141.7,47.6,121.5,81.3,19.0,38.0,104.8,64.1,126.0,117.6,120.6,32.2,8.7,131.5,29.6,124.7,56.0,160.3,162.8,89.5,106.7,103.8,44.6,84.6,79.5,72.0,72.7,126.2,40.9,95.5,2218.2
OC,67.3,188.6,145.6,99.4,177.9,140.7,80.2,56.0,45.1,183.7,41.6,18.3,221.5,186.2,170.5,105.4,91.6,195.2,79.6,94.4,130.3,163.5,229.2,50.9,155.7,184.3,192.4,204.1,162.1,119.1,60.0,125.0,120.4,207.8,76.8,91.5,182.2,122.9,141.6,167.7,143.7,208.2,181.2,50.1,178.2,177.5,69.6,119.1,181.0,142.2,147.9,0.0,182.4,64.6,109.9,55.6,107.9,116.9,183.5,115.5,167.5,186.1,127.3,110.9,101.8,204.9,114.3,135.3,225.4,127.6,64.2,21.9,73.2,106.4,51.3,155.6,129.6,147.2,102.6,119.7,200.3,187.8,185.0,170.1,142.0,61.2,121.9,56.1,111.7,118.0,237.1,163.8,181.0,85.2,109.2,14.3,153.8,127.7,145.4,162.2,133.2,25.2,2147.9
OM,146.6,69.1,116.9,118.8,32.9,115.9,159.6,135.4,114.2,134.9,121.0,97.7,148.7,138.2,25.5,96.6,121.0,194.2,158.9,173.8,85.8,129.8,156.4,128.1,55.5,135.6,126.4,138.1,96.0,138.6,144.8,90.9,139.9,88.2,156.2,94.5,62.6,90.9,59.5,119.0,89.5,194.7,156.4,129.5,88.8,27.5,148.9,138.6,64.1,113.5,65.8,79.2,0.0,144.0,185.9,134.9,99.0,110.0,176.7,194.8,40.5,138.0,120.4,104.1,139.2,186.5,193.7,154.7,153.0,82.1,143.6,101.3,152.5,74.7,130.6,148.8,86.5,57.4,113.9,92.9,134.3,139.1,136.3,98.1,59.9,138.8,97.1,135.5,84.8,195.8,177.1,44.3,96.9,112.9,71.7,93.7,87.8,100.8,81.0,113.4,108.4,104.6,2227.3
OP,2.5,178.0,96.3,98.2,113.2,133.3,15.7,132.8,104.8,118.9,26.5,42.8,217.7,128.6,105.8,40.7,26.9,211.6,16.4,171.2,103.2,168.4,225.4,97.4,90.9,119.6,188.7,200.4,158.3,118.0,18.0,70.3,119.3,197.1,12.2,26.8,171.5,58.2,76.9,103.0,154.3,261.2,173.8,126.9,127.3,136.4,4.8,118.0,170.4,92.9,83.2,76.7,117.6,0.0,33.9,49.6,43.1,127.4,194.1,28.4,101.2,128.7,137.8,83.5,118.6,203.9,29.5,134.1,221.7,58.2,141.0,98.7,149.9,41.7,42.8,166.2,103.9,57.9,37.8,55.0,196.6,123.1,120.3,115.5,77.3,136.2,114.5,49.0,46.9,193.2,233.4,153.2,177.3,18.8,44.5,91.1,150.1,62.9,141.7,97.4,125.8,37.4,2128.6
OQ,36.3,215.2,133.5,132.0,150.4,167.1,18.1,73.4,99.7,152.7,44.4,62.4,251.5,165.8,139.6,74.5,64.1,236.8,17.4,115.7,140.4,193.3,259.2,35.2,128.1,153.4,225.9,237.6,192.1,155.2,50.5,107.5,156.5,234.3,49.3,64.0,208.7,95.4,114.1,140.2,191.5,182.7,207.6,96.1,161.1,170.2,42.0,155.2,207.6,130.1,120.4,113.8,154.8,33.7,0.0,27.5,80.3,161.2,231.3,8.8,140.0,162.5,171.6,120.7,152.4,241.1,7.8,171.3,258.9,100.1,96.2,91.1,124.3,78.9,57.3,203.4,137.7,119.7,75.0,88.8,233.8,160.3,157.5,152.7,114.5,115.8,148.3,26.9,80.7,136.4,273.2,190.4,214.5,57.7,81.7,66.8,187.3,96.7,178.9,131.2,163.0,55.3,2091.2
OS,42.8,218.3,136.6,138.5,153.5,173.6,24.6,42.4,85.7,159.2,47.5,63.8,258.0,168.9,146.1,81.0,67.2,205.8,23.9,84.7,143.5,196.4,265.7,4.3,131.2,159.9,229.0,240.7,198.6,158.3,99.2,110.6,159.6,237.4,52.4,67.1,211.8,98.5,117.2,143.3,185.6,218.8,214.1,65.1,191.4,176.7,45.1,158.3,210.7,133.2,123.5,116.9,157.9,40.2,41.7,0.0,83.4,158.7,225.4,32.8,141.5,169.0,169.1,123.8,143.6,215.4,33.9,174.4,262.0,98.5,68.6,97.6,115.0,82.0,63.8,197.5,144.2,98.2,78.1,95.3,236.9,163.4,160.6,155.8,117.6,112.1,154.8,0.6,87.2,105.4,273.7,193.5,196.2,59.1,84.8,68.1,190.4,103.2,182.0,137.7,166.1,58.4,2152.3
PA,38.7,134.8,154.0,155.9,70.0,153.0,57.3,172.5,161.6,75.7,68.1,84.4,174.5,85.4,59.2,1.4,11.7,230.3,58.0,210.9,122.9,164.8,182.2,97.6,92.6,76.4,145.5,157.2,115.1,175.7,61.0,128.0,177.0,153.9,28.5,48.0,128.3,50.9,96.6,59.8,108.6,218.0,193.5,166.6,107.9,93.2,36.3,175.7,129.8,150.6,104.5,116.3,74.4,41.5,75.5,91.2,0.0,147.1,213.8,70.0,58.0,85.5,157.5,141.2,176.3,222.6,71.1,191.8,172.1,115.9,180.7,138.4,189.6,29.0,84.4,185.9,123.6,41.9,39.0,22.3,153.4,79.9,77.1,135.2,97.0,175.9,134.2,90.6,14.2,232.9,192.8,110.0,134.1,19.2,31.8,132.4,106.9,30.2,98.5,54.2,145.5,79.0,2170.2
PX,211.4,71.7,181.7,140.0,97.7,100.3,224.4,191.3,179.0,79.4,185.8,162.5,104.5,69.3,90.3,161.4,185.8,160.3,223.7,162.7,130.4,94.8,112.2,192.9,120.3,78.6,75.5,87.2,45.1,121.1,209.6,155.7,119.8,90.8,163.8,159.3,65.2,155.7,124.3,97.1,26.8,148.0,129.7,194.3,37.0,60.6,213.7,121.1,64.1,178.3,130.6,144.1,104.8,208.8,235.4,199.7,163.8,0.0,66.6,244.3,60.4,69.1,10.3,155.7,164.5,152.6,243.2,131.5,108.5,146.9,194.3,166.1,183.0,139.5,195.4,38.7,129.7,122.2,178.7,157.7,83.4,75.0,78.0,162.9,124.7,165.6,119.1,200.3,149.6,181.5,120.2,46.9,64.1,177.7,136.5,160.1,36.9,165.6,28.5,103.8,107.8,169.4,2276.8
PY,217.7,157.5,141.2,90.8,183.5,51.1,207.8,142.1,142.8,165.2,192.1,170.3,190.3,155.1,172.7,168.8,192.7,118.3,202.9,113.5,81.2,61.1,198.0,203.0,145.7,164.4,164.2,173.0,130.9,71.9,215.9,120.6,70.6,176.6,222.7,166.2,151.0,162.6,108.5,182.9,106.4,156.3,80.5,162.1,122.8,143.2,220.0,71.9,152.5,139.0,99.2,169.0,190.6,215.1,186.2,185.1,173.4,85.7,0.0,191.5,147.8,154.9,96.1,106.5,115.3,110.6,194.0,82.3,194.3,132.8,145.1,187.6,133.8,146.9,201.7,124.5,80.5,129.6,185.6,165.1,169.2,160.8,163.8,117.5,108.0,118.2,65.2,185.7,157.0,132.3,208.6,132.7,128.5,186.2,143.9,166.4,122.7,173.0,115.9,189.6,58.6,175.7,2227.6
QE,30.8,206.3,124.6,126.5,141.5,161.6,12.6,64.5,73.7,147.2,35.5,51.8,246.0,156.9,130.7,69.0,55.2,227.9,11.9,106.8,131.5,196.7,253.7,32.9,119.2,147.9,217.0,228.7,186.6,146.3,66.9,98.6,147.6,225.4,40.4,55.1,199.8,58.0,105.2,131.3,176.4,191.6,202.1,87.2,179.4,164.7,33.1,146.3,201.3,121.2,113.1,105.0,145.9,28.2,8.8,22.0,71.4,155.7,222.4,0.0,129.5,157.0,166.1,111.8,146.9,232.2,1.0,162.4,243.6,86.5,90.7,85.6,118.8,70.0,51.8,194.5,132.2,97.7,66.1,83.3,224.9,151.4,148.6,143.8,105.6,105.1,142.8,21.4,75.2,125.9,261.7,181.5,193.0,47.1,72.8,56.1,178.4,91.2,170.0,125.7,154.1,46.4,2100.1
QF,149.3,101.6,119.6,121.5,35.6,110.6,162.3,138.1,127.2,107.7,123.7,100.4,114.8,99.2,28.2,99.3,123.7,172.2,161.6,174.6,88.5,105.9,122.5,133.0,59.8,106.9,85.8,99.1,57.0,133.0,142.1,93.6,131.7,120.7,101.7,97.2,93.5,119.7,62.2,103.7,56.7,159.9,140.0,132.2,48.2,88.9,153.2,133.0,94.0,116.2,70.1,81.9,118.3,146.7,192.0,137.6,103.3,112.7,179.4,144.8,0.0,97.4,123.1,106.8,141.9,162.9,144.3,141.8,112.4,86.2,146.3,104.0,155.2,77.4,133.3,151.5,89.2,49.8,116.6,97.2,95.3,104.9,107.9,100.8,62.6,143.3,99.8,138.2,89.1,193.4,132.1,76.8,76.0,117.2,74.4,98.0,48.8,105.1,40.4,98.1,112.7,107.3,2230.0
QM,183.4,49.2,153.7,155.6,69.7,116.2,196.4,172.2,144.2,10.2,157.8,136.0,128.8,0.1,58.9,133.4,112.4,183.4,195.7,178.6,122.6,122.2,136.5,160.3,92.3,9.5,109.4,121.1,93.1,137.0,176.2,127.7,135.7,68.3,129.2,131.3,42.7,153.8,96.3,27.9,131.9,174.8,145.6,166.3,101.8,8.6,137.0,137.0,41.6,150.3,104.2,116.0,35.6,180.8,176.2,171.7,135.8,146.8,213.5,170.7,75.7,0.0,157.2,140.9,176.0,175.7,171.8,147.4,136.0,120.3,180.4,138.1,189.3,111.5,167.4,185.6,123.3,81.9,150.7,129.7,117.3,5.8,8.8,134.9,96.7,177.4,133.9,172.3,121.6,197.4,160.1,24.4,80.0,151.6,108.5,130.5,101.3,137.6,108.1,34.6,123.7,141.4,2264.1
QO,201.0,61.3,171.3,129.6,87.3,89.9,214.0,180.9,168.6,69.0,175.4,152.1,94.1,58.9,76.5,151.0,175.4,149.9,213.3,152.3,120.0,83.6,101.8,207.2,109.9,68.2,65.1,76.8,34.7,110.7,208.0,145.3,109.4,80.4,153.4,148.9,54.8,145.3,113.9,86.7,16.4,137.6,119.3,183.9,50.9,50.2,203.3,110.7,56.3,169.1,120.2,133.7,94.4,198.4,225.0,189.3,153.4,124.5,191.2,233.9,50.0,58.7,0.0,145.3,154.1,142.2,232.8,121.1,98.1,136.5,183.9,155.7,172.6,129.1,185.0,163.3,119.3,99.5,168.3,147.3,73.0,64.6,67.6,152.5,114.3,155.2,108.7,189.9,139.2,171.1,112.4,36.5,32.3,168.9,126.1,148.1,26.5,155.2,18.1,93.4,97.4,159.0,2266.4
QR,129.7,121.9,34.6,14.6,147.9,74.0,142.7,118.5,97.3,129.6,104.1,80.8,154.7,119.5,137.1,99.9,86.1,135.6,142.0,99.7,63.6,96.8,162.4,135.9,104.0,128.8,125.7,137.4,95.3,34.4,129.3,14.0,35.7,141.0,86.5,59.6,115.4,56.0,66.8,147.3,77.0,148.6,114.5,112.6,111.5,110.8,132.0,34.4,114.3,32.4,51.6,62.3,155.0,127.1,169.0,118.0,102.3,50.1,116.8,128.0,112.2,119.3,60.5,0.0,35.0,144.6,129.1,50.5,152.3,21.5,126.7,84.4,120.0,100.9,113.7,88.9,62.9,75.6,79.0,123.4,133.6,125.2,128.2,83.9,66.3,104.4,55.2,118.6,115.3,120.1,170.4,97.1,96.2,78.0,102.2,76.8,87.1,131.3,80.3,154.0,66.5,87.7,2210.4
QU,184.1,86.8,115.7,107.7,112.8,38.9,197.1,159.0,144.9,94.5,158.5,136.7,119.6,84.4,105.4,116.1,158.5,117.2,196.4,130.4,28.5,62.5,127.3,192.2,93.0,93.7,90.6,102.3,60.2,88.8,176.9,95.1,87.5,105.9,136.6,132.0,80.3,128.4,55.8,112.2,41.9,163.1,79.4,167.0,76.4,75.7,186.4,88.8,81.8,112.3,48.2,116.7,119.9,181.5,203.1,172.4,118.5,15.0,81.7,212.0,75.5,84.2,25.4,100.9,0.0,109.5,210.9,99.2,123.6,104.0,162.0,138.8,150.7,94.2,168.1,53.8,27.8,80.5,151.4,112.4,98.5,90.1,93.1,68.3,55.3,133.3,20.1,173.0,104.3,149.2,137.9,62.0,57.8,152.0,91.2,131.2,52.0,120.3,43.6,118.9,31.4,142.1,2244.5
RN,215.0,179.4,160.2,109.8,205.4,73.0,205.8,139.4,129.8,187.1,189.4,166.1,212.2,177.0,194.6,190.7,211.7,7.6,205.1,110.8,103.1,97.0,219.9,200.3,167.6,186.3,183.2,194.9,152.8,90.9,233.1,139.6,89.6,198.5,224.6,185.2,172.9,181.6,130.4,204.8,128.3,45.6,32.5,159.4,144.7,168.3,217.3,90.9,171.8,156.8,121.1,187.9,212.5,212.4,184.2,182.4,193.1,107.6,174.3,193.1,168.1,176.8,118.0,125.5,134.3,0.0,192.0,74.8,101.5,147.1,142.4,187.7,131.1,168.8,199.0,146.4,102.4,159.2,204.6,187.0,191.1,182.7,185.7,142.9,129.9,113.7,91.8,183.0,178.9,130.3,80.8,154.6,153.7,205.5,165.8,162.1,144.6,194.9,136.2,211.5,80.5,173.0,2225.6
RS,31.9,207.4,125.7,127.6,142.6,162.7,13.7,65.6,81.6,148.3,36.6,52.9,247.1,158.0,131.8,70.1,56.3,229.0,8.8,107.9,132.6,201.8,254.8,69.0,120.3,149.0,221.0,229.8,187.7,147.4,48.1,99.7,148.7,226.5,36.9,56.2,200.9,59.1,106.3,132.4,177.5,190.5,203.2,88.3,180.5,170.0,34.2,147.4,202.4,123.5,114.2,106.1,147.0,29.3,7.8,23.1,74.7,156.8,223.5,2.4,130.6,158.1,167.2,112.9,148.0,233.3,0.0,163.5,251.1,87.6,91.8,83.9,119.9,71.1,52.9,195.6,133.3,87.3,67.2,84.4,226.0,152.5,149.7,141.4,106.7,106.2,147.4,22.5,76.3,127.0,265.4,182.6,185.3,49.8,73.9,57.2,179.5,92.3,172.7,126.8,155.2,47.5,2099.0
RV,179.8,146.3,85.3,34.9,172.3,98.4,169.9,104.2,104.9,154.0,154.2,130.9,179.1,143.9,161.5,150.6,136.8,85.0,169.2,75.6,88.0,137.5,186.8,165.1,152.5,153.2,150.1,161.8,119.7,16.0,169.4,64.7,14.7,165.4,137.2,110.3,139.8,106.7,115.3,171.7,101.4,98.0,127.2,124.2,111.6,136.1,182.1,16.0,138.7,81.9,102.3,113.1,179.4,177.2,148.3,147.2,153.0,74.5,141.2,157.2,136.6,143.7,84.9,50.6,59.4,94.6,156.1,0.0,176.7,72.2,107.2,135.1,95.9,151.6,163.8,113.3,87.3,136.4,129.7,171.9,158.0,149.6,152.6,127.8,114.8,80.3,79.6,147.8,163.8,96.0,200.8,121.5,120.6,128.7,150.7,128.5,111.5,179.8,104.7,178.4,90.9,137.8,2189.7
RW,241.2,144.2,187.9,137.5,152.2,100.6,216.6,160.7,161.4,158.3,217.1,187.4,29.2,148.2,141.4,215.9,233.0,70.3,215.9,138.5,137.1,96.1,36.9,192.3,174.8,151.1,34.3,21.8,66.9,112.2,260.8,160.9,117.3,169.7,244.4,212.9,144.1,229.0,164.4,176.0,99.5,45.8,66.5,187.1,97.9,133.1,243.5,112.2,136.6,178.1,148.7,198.6,177.3,232.2,195.0,203.7,224.7,141.6,208.3,203.9,114.9,148.0,152.0,146.8,162.0,70.9,209.2,96.1,0.0,169.8,162.1,209.0,152.3,200.4,226.7,180.4,136.4,164.4,232.3,212.2,25.9,153.9,156.9,176.9,163.9,136.8,119.4,210.7,210.5,141.1,11.7,125.8,65.4,224.9,191.0,185.0,75.1,226.5,75.5,176.3,108.1,200.7,2242.8
SB,106.7,143.9,34.7,35.2,149.4,99.3,116.4,95.5,74.3,151.6,81.1,59.3,176.7,141.5,138.6,73.6,63.1,157.6,115.7,121.7,71.7,135.1,184.4,88.2,104.1,149.4,146.3,159.4,120.6,56.4,106.3,8.7,57.7,161.6,64.9,36.6,136.0,33.0,66.9,139.2,92.8,170.6,135.1,89.6,132.1,131.4,105.7,56.4,138.9,32.5,53.3,39.4,153.8,104.1,146.0,96.4,76.0,72.1,138.8,101.7,134.2,144.6,81.1,20.5,57.0,169.9,106.1,72.5,172.9,0.0,100.4,61.4,109.3,77.9,90.7,110.9,72.4,90.8,56.0,122.1,155.6,145.8,150.2,87.3,66.4,98.9,75.8,97.0,114.0,140.5,195.7,119.1,118.2,56.6,80.7,55.4,109.1,130.0,102.3,130.3,87.1,64.7,2187.4
SC,114.9,181.0,138.0,91.7,207.0,133.1,96.7,36.6,77.2,188.7,119.6,107.9,213.8,178.6,196.2,153.1,139.3,156.3,96.0,35.2,122.7,168.2,221.5,97.5,187.2,187.9,184.8,196.5,154.4,111.5,178.9,117.4,112.8,200.1,124.5,139.2,174.5,170.6,150.0,206.4,129.9,169.3,173.6,56.6,170.6,169.9,117.2,111.5,173.4,134.6,140.7,165.8,214.1,112.3,75.1,79.6,155.5,109.2,175.9,84.0,169.7,178.4,119.6,103.3,94.1,165.9,82.9,127.6,211.4,129.6,0.0,129.5,65.5,154.1,135.9,148.0,122.0,167.0,182.4,206.6,192.7,184.3,187.3,162.5,149.5,69.8,114.3,80.2,198.5,54.3,229.5,156.2,160.8,131.2,156.9,103.9,146.2,214.5,137.8,209.8,125.6,114.8,2128.9
ST,76.4,222.1,170.2,132.8,187.1,174.2,58.2,34.0,81.5,192.8,81.1,97.4,254.9,202.5,176.3,114.6,100.8,197.4,57.5,76.3,163.8,197.8,262.6,22.1,164.8,193.5,225.9,237.6,195.5,152.6,132.8,144.2,153.9,241.2,86.0,100.7,215.6,132.1,150.8,176.9,171.0,162.8,214.7,56.7,187.4,211.0,78.7,152.6,217.1,166.8,157.1,150.6,191.5,73.8,84.5,33.5,117.0,150.3,217.0,93.4,175.1,202.6,160.7,144.4,135.2,207.0,92.3,168.7,258.9,132.1,42.2,0.0,106.6,115.6,97.4,189.1,163.1,128.5,111.7,128.9,233.8,197.0,194.2,189.4,151.2,101.9,155.4,34.1,120.8,97.0,270.6,197.3,193.1,94.6,118.4,101.7,187.3,136.8,178.9,171.3,166.7,92.0,2125.9
SW,131.6,115.4,72.4,26.1,141.4,67.5,162.6,117.3,64.3,123.1,106.0,82.7,148.2,113.0,130.6,137.7,123.9,145.8,161.9,111.2,57.1,102.6,155.9,129.7,121.6,122.3,119.2,130.9,88.8,45.9,129.8,51.8,47.2,134.5,141.2,97.4,108.9,93.8,84.4,140.8,64.3,191.7,108.0,87.3,105.0,104.3,133.9,45.9,107.8,69.0,75.1,100.1,148.5,129.0,187.3,137.9,140.1,43.6,110.3,192.8,104.1,112.8,54.0,37.7,28.5,138.1,191.7,62.0,145.8,64.0,142.8,104.3,0.0,122.8,115.6,82.4,56.4,105.5,116.8,141.0,127.1,118.7,121.7,96.9,83.9,80.4,48.7,138.5,132.9,130.0,163.9,90.6,107.8,115.8,119.8,80.3,80.6,148.9,72.2,147.5,60.0,89.6,2225.3
TE,52.5,157.4,110.5,112.4,94.3,91.5,71.1,129.0,107.8,100.0,114.6,92.8,190.2,109.7,83.5,21.8,25.5,169.8,76.0,167.4,61.4,130.6,197.9,146.4,49.1,100.7,164.1,172.9,130.8,132.2,73.4,84.5,133.5,176.5,47.2,88.1,150.9,84.5,35.1,84.1,106.3,233.7,132.0,123.1,108.4,121.7,50.1,132.2,152.4,108.3,43.0,72.9,98.7,55.3,92.7,128.5,26.4,85.6,152.3,87.4,82.3,109.8,96.0,97.7,132.8,162.1,84.9,148.3,194.2,72.4,137.2,92.1,146.1,0.0,124.2,124.4,62.1,16.2,52.8,18.1,169.1,104.2,101.4,70.2,35.5,132.4,76.2,129.1,10.0,189.4,208.5,132.6,128.4,33.0,2.7,88.9,122.6,26.0,115.8,78.5,84.0,98.2,2220.9
TH,58.1,204.6,151.9,115.3,168.8,156.7,114.2,90.0,50.8,174.5,32.5,22.1,237.4,184.2,161.4,96.3,82.5,211.2,113.5,110.4,146.3,195.8,245.1,107.4,146.5,175.2,208.4,220.1,178.0,135.1,56.3,125.9,136.4,223.7,67.7,82.4,198.1,113.8,132.5,158.6,153.5,224.2,197.2,66.1,169.9,192.0,60.4,135.1,197.0,148.5,138.8,132.2,173.2,55.5,90.2,89.5,98.7,132.8,199.5,84.7,156.8,184.3,143.2,126.9,117.7,220.8,85.8,151.2,241.4,113.8,98.2,55.9,89.1,97.3,0.0,171.6,145.6,113.5,93.4,110.6,216.3,178.7,175.9,171.1,132.9,75.4,137.9,90.1,102.5,132.4,259.1,179.8,184.4,74.4,100.1,26.4,169.8,118.5,161.4,153.0,149.2,16.7,2181.9
TI,245.6,185.4,169.1,118.7,211.4,79.0,235.7,170.0,170.7,193.1,220.0,198.2,218.2,183.0,200.6,196.7,220.6,146.2,230.8,141.4,109.1,89.0,225.9,230.9,173.6,192.3,192.1,200.9,158.8,99.8,243.8,148.5,98.5,204.5,250.6,194.1,178.9,190.5,136.4,210.8,134.3,184.2,108.4,190.0,150.7,171.1,247.9,99.8,180.4,166.9,127.1,196.9,218.5,243.0,214.1,213.0,201.3,113.6,27.9,219.4,175.7,182.8,124.0,134.4,143.2,138.5,221.9,110.2,222.2,160.7,173.0,215.5,161.7,174.8,229.6,0.0,108.4,157.5,213.5,193.0,197.1,188.7,191.7,145.4,135.9,146.1,93.1,213.6,184.9,160.2,236.5,160.6,156.4,214.1,171.8,194.3,150.6,200.9,143.8,217.5,86.5,203.6,2255.5
TO,156.2,95.2,87.8,87.7,121.2,29.3,169.2,145.0,128.0,102.9,130.6,107.3,128.0,92.8,113.8,88.2,130.6,107.6,168.5,120.8,0.7,64.4,135.7,162.4,65.1,102.1,99.0,110.7,68.6,79.2,154.4,67.2,77.9,114.3,108.7,104.1,88.7,100.5,27.9,120.6,50.3,171.5,69.8,139.1,84.8,84.1,158.5,79.2,90.2,84.4,18.6,88.9,128.3,153.6,193.5,144.5,90.6,23.4,90.1,150.2,83.9,92.6,33.8,73.0,108.1,99.9,151.3,89.6,132.0,74.7,152.4,110.9,141.1,66.3,140.2,62.2,0.0,56.7,123.5,84.5,106.9,98.5,101.5,40.4,27.4,123.7,10.5,145.1,76.4,139.6,146.3,70.4,66.2,124.4,63.3,104.9,60.4,92.4,52.0,127.3,21.8,114.2,2234.9
TU,112.5,141.2,94.3,96.2,111.6,78.6,84.8,112.8,101.9,113.7,98.4,75.1,177.3,127.0,104.2,35.5,42.8,153.6,111.7,151.2,45.2,98.9,185.0,107.7,32.9,130.3,133.5,156.7,152.3,116.0,116.8,68.3,117.3,160.3,71.9,71.9,138.0,94.4,101.9,101.4,96.3,217.5,104.3,106.9,130.8,131.2,114.8,116.0,133.6,90.9,25.2,56.6,112.4,72.6,106.6,100.8,37.9,72.7,136.1,101.1,101.2,127.1,83.1,70.0,105.1,145.9,102.2,120.6,160.1,59.5,96.4,67.2,129.9,17.2,96.5,108.2,49.2,0.0,66.7,35.4,152.9,121.5,118.7,46.0,19.3,118.0,45.0,112.9,27.3,174.8,189.7,116.4,115.5,92.0,14.3,71.1,106.4,109.8,98.0,108.1,67.8,82.0,2204.7
UC,30.6,200.6,91.4,93.3,126.3,152.7,49.2,127.9,106.7,132.0,60.0,90.2,233.4,141.7,115.5,53.8,40.0,214.3,49.9,166.3,128.4,176.3,241.1,145.3,104.0,132.7,204.4,216.1,174.0,113.1,51.5,65.4,114.4,219.7,20.4,21.9,194.1,24.8,123.6,116.1,155.7,227.3,193.2,122.0,165.9,189.5,28.2,113.1,193.0,88.0,108.4,71.7,130.7,33.4,67.4,127.4,56.2,128.8,195.5,61.9,114.3,141.8,139.2,78.6,113.7,223.3,63.0,129.2,237.4,56.6,136.1,93.8,145.0,54.8,76.3,167.6,129.1,82.5,0.0,68.1,212.3,136.2,133.4,140.7,123.1,131.3,133.9,82.5,60.0,188.3,249.1,175.8,193.0,33.5,57.6,86.2,165.8,76.0,157.4,110.5,145.2,97.1,2162.1
UT,46.0,175.8,128.9,130.8,107.8,109.9,64.6,147.4,130.4,113.5,75.4,109.7,208.6,123.2,97.0,35.3,19.0,188.2,65.3,185.8,79.8,132.7,216.3,140.1,67.5,114.2,179.6,191.3,149.2,150.6,66.9,102.9,151.9,194.9,35.8,55.3,169.3,129.0,53.5,97.6,130.9,252.1,150.4,141.5,165.4,164.7,43.6,150.6,168.2,125.5,59.8,91.3,112.2,48.8,82.8,98.5,37.7,104.0,170.7,77.3,97.4,123.3,114.4,116.1,151.2,180.5,78.4,166.7,206.2,95.5,155.6,113.3,164.5,18.3,91.7,142.8,80.5,34.5,46.3,0.0,187.5,117.7,114.9,92.1,53.9,150.8,91.1,97.9,8.5,207.8,224.3,151.0,168.2,26.5,21.1,105.7,141.0,7.9,132.6,92.0,102.4,116.6,2177.5
UX,233.0,124.6,172.1,121.7,132.6,82.0,214.8,158.9,159.6,132.3,208.9,187.1,21.0,122.2,121.8,196.3,220.7,76.8,209.9,130.3,112.1,92.0,28.7,219.8,155.2,131.5,5.2,3.8,40.9,102.8,232.7,151.5,101.5,143.7,238.0,194.2,118.1,190.6,139.4,150.0,73.5,64.5,58.3,178.9,96.2,110.3,235.3,102.8,119.6,169.9,130.1,179.0,157.7,230.4,193.2,201.9,200.9,116.6,183.3,198.5,96.9,122.0,127.0,137.4,146.2,69.1,201.0,94.3,25.0,163.7,160.3,198.2,150.5,174.4,218.5,155.4,111.4,157.1,213.6,192.6,0.0,127.9,130.9,148.4,138.9,135.0,96.1,202.5,184.5,139.3,39.3,99.8,43.3,214.2,171.4,183.2,49.1,200.5,55.9,156.7,89.5,192.5,2234.6
UY,177.5,54.8,147.8,149.7,63.8,121.8,190.5,166.3,145.1,4.3,151.9,128.6,134.4,5.4,56.4,127.5,106.5,189.0,189.8,184.2,116.7,115.5,142.1,161.2,86.4,3.6,115.0,126.7,98.7,142.6,184.5,121.8,141.3,73.9,123.3,125.4,48.3,121.8,90.4,22.0,120.4,180.4,151.2,160.4,95.9,13.2,131.1,142.6,49.8,144.4,96.7,110.1,29.7,174.9,216.8,165.8,129.9,140.9,207.6,164.8,69.8,5.5,151.3,135.0,170.1,181.3,165.9,153.0,148.0,113.0,174.5,132.2,183.4,105.6,161.5,179.7,117.4,88.3,144.8,123.8,122.9,0.0,3.0,129.0,90.8,169.7,128.0,166.4,115.7,203.0,162.3,30.0,97.8,145.4,102.6,124.6,106.9,131.7,110.3,28.7,129.3,135.5,2258.2
VA,174.5,57.6,144.8,146.7,60.8,124.6,187.5,163.3,142.1,1.3,148.9,127.1,137.2,8.3,50.0,124.5,103.5,191.8,182.6,187.0,113.7,134.6,144.9,180.7,83.4,0.6,120.7,129.5,101.5,145.4,172.7,118.8,144.1,76.7,125.2,122.4,51.1,118.8,87.4,19.0,117.4,183.2,154.0,157.4,92.9,20.2,128.1,145.4,52.6,142.6,95.3,107.2,26.7,171.9,213.8,162.8,129.1,137.9,204.6,165.4,66.8,8.4,148.3,132.0,167.1,184.1,162.9,155.8,150.8,106.7,171.5,126.4,180.4,102.6,158.5,176.7,114.4,85.3,141.8,120.8,125.7,2.8,0.0,122.5,87.8,166.7,128.5,163.4,112.7,205.8,165.1,32.8,103.9,142.4,99.6,123.2,109.7,128.7,108.9,25.7,132.1,132.5,2255.2
VC,142.4,154.5,47.3,47.2,180.5,106.6,155.4,131.2,103.2,162.2,116.8,95.0,187.3,152.1,169.7,112.6,98.8,168.2,154.7,132.3,84.3,130.2,195.0,148.6,116.7,161.4,158.3,170.0,127.9,67.0,135.2,26.7,68.3,173.6,99.2,72.3,148.0,68.7,79.5,174.9,103.4,181.2,147.1,125.3,144.1,143.4,144.7,67.0,146.9,45.1,64.3,75.1,187.6,139.8,185.1,130.7,115.0,82.7,149.4,140.7,143.2,151.9,93.1,32.5,67.6,177.2,141.8,83.1,184.9,34.2,139.4,97.1,148.3,113.6,126.4,121.5,85.0,88.3,91.7,136.1,166.2,157.8,160.8,0.0,79.0,134.6,87.8,131.3,128.0,151.1,203.0,129.7,128.8,90.7,114.9,89.5,119.7,144.0,111.3,169.3,99.1,100.4,2223.1
VE,128.7,121.8,85.5,85.4,133.2,55.9,141.7,117.5,96.3,129.5,103.1,81.3,154.6,119.4,122.4,60.7,103.1,134.2,136.8,147.4,25.8,95.0,162.3,134.9,37.6,128.7,128.5,137.3,95.2,105.2,126.9,64.9,104.5,140.9,86.1,76.6,115.3,73.0,0.5,123.0,70.7,198.1,96.4,111.6,87.1,107.5,131.0,105.2,116.8,83.3,7.4,61.4,137.6,126.1,168.0,117.0,65.3,50.0,116.7,126.3,112.1,119.2,60.4,70.7,105.8,126.5,123.8,116.2,158.6,60.9,125.7,80.6,134.6,38.8,112.7,88.8,26.5,21.5,96.0,57.0,133.5,125.1,128.1,34.6,0.0,120.9,40.6,117.6,48.9,166.2,172.9,97.0,92.8,96.6,35.8,77.4,87.0,64.9,80.2,117.4,48.4,86.7,2209.4
VG,99.4,131.0,88.0,41.7,157.0,83.1,129.4,63.5,14.2,138.7,73.8,50.5,163.8,128.6,149.6,137.6,123.8,135.7,128.7,34.9,72.7,105.9,171.5,101.1,137.2,137.9,134.8,146.5,104.4,61.5,92.2,67.4,62.8,150.1,109.0,113.0,124.5,135.5,100.0,156.4,86.1,148.7,123.6,55.1,96.3,119.9,101.7,61.5,123.4,84.6,92.4,115.7,164.1,96.8,144.3,104.7,140.0,59.2,125.9,148.0,119.7,128.4,69.6,53.3,44.1,145.3,148.7,77.6,161.4,74.9,64.7,72.1,17.3,138.4,83.4,98.0,72.0,128.8,132.4,156.6,142.7,136.1,137.3,112.5,99.5,0.0,64.3,105.3,148.5,58.5,179.5,106.2,123.4,117.4,135.4,46.5,96.2,164.5,87.8,163.1,75.6,57.4,2182.3
VI,166.8,87.5,98.4,87.5,113.5,18.7,179.8,138.8,129.2,95.2,141.2,117.9,120.3,85.1,102.7,98.8,141.2,97.0,179.1,110.2,11.2,41.5,128.0,173.0,75.7,94.4,91.3,103.0,60.9,68.6,165.0,77.8,67.3,106.6,119.3,114.7,81.0,137.2,38.5,112.9,42.6,163.8,59.2,149.7,77.1,76.4,169.1,68.6,82.5,96.2,29.2,99.4,120.6,164.2,186.3,155.1,101.2,15.7,82.4,191.8,76.2,84.9,26.1,83.6,112.0,89.3,190.7,79.0,117.9,90.0,141.8,121.5,130.5,76.9,150.8,54.5,10.5,67.3,134.1,95.1,99.2,90.8,93.8,51.0,38.0,113.1,0.0,155.7,87.0,129.0,136.0,62.7,67.3,133.1,73.9,113.9,52.7,103.0,44.3,119.6,11.2,124.8,2224.3
VL,42.2,217.7,136.0,137.9,152.9,173.0,24.0,43.0,96.6,158.6,46.9,64.9,257.4,168.3,145.5,80.4,66.6,206.4,23.3,85.3,142.9,208.1,265.1,4.8,130.6,159.3,228.4,240.1,198.0,157.7,98.6,110.0,159.0,236.8,51.8,66.5,211.2,97.9,116.6,142.7,186.2,219.4,213.5,65.7,190.8,176.1,44.5,157.7,210.1,132.6,122.9,116.3,157.3,39.6,41.1,0.5,82.8,159.3,226.0,32.2,140.9,168.4,169.7,123.2,144.2,216.0,33.3,173.8,261.4,97.9,69.2,97.0,115.6,81.4,63.2,198.1,143.6,97.6,77.5,94.7,236.3,162.8,160.0,155.2,117.0,112.7,154.2,0.0,86.6,104.4,273.1,192.9,217.0,58.5,84.2,67.5,189.8,102.6,181.4,137.1,165.5,57.8,2152.9
VZ,37.5,167.3,120.4,122.3,99.3,101.4,56.1,138.9,128.0,105.0,66.9,101.2,200.1,114.7,88.5,26.8,10.5,179.7,56.8,177.3,71.3,136.5,207.8,130.2,59.0,105.7,171.1,182.8,140.7,142.1,53.0,94.4,143.4,186.4,27.3,46.8,160.8,120.5,45.0,89.1,122.4,243.6,141.9,133.0,156.9,156.2,35.1,142.1,162.3,117.0,51.3,82.8,103.7,40.3,74.3,90.0,29.2,95.5,162.2,68.8,88.9,114.8,105.9,107.6,142.7,172.0,69.9,158.2,204.1,82.3,147.1,104.8,156.0,9.8,83.2,134.3,72.0,26.0,37.8,8.0,179.0,109.2,106.4,83.6,45.4,144.1,82.6,89.4,0.0,200.9,218.4,142.5,138.3,17.8,12.6,97.2,132.5,15.9,124.1,83.5,93.9,108.1,2169.0
WL,113.0,126.6,83.6,35.7,152.6,78.7,142.4,79.0,27.8,132.7,87.4,64.1,157.8,124.2,145.2,147.3,135.1,151.2,141.7,50.4,68.3,101.5,165.5,114.7,132.8,131.9,128.8,142.1,98.4,57.1,105.8,63.0,58.4,144.1,121.0,108.6,120.1,131.1,94.0,152.0,81.7,202.9,117.6,68.7,114.6,113.9,113.7,57.1,119.0,80.2,88.0,111.3,158.1,108.8,159.8,117.7,149.7,53.2,121.5,163.7,115.3,122.4,65.2,48.9,38.1,147.7,164.2,73.2,161.8,70.5,80.4,84.1,9.5,134.0,97.0,93.6,66.0,124.4,128.0,150.6,138.3,128.3,132.9,108.1,95.1,17.2,58.3,118.3,144.1,0.0,175.1,101.8,119.0,127.0,131.0,60.1,91.8,160.1,83.4,157.1,69.6,71.0,2197.8
WM,233.6,164.9,194.3,146.5,172.9,121.3,209.4,161.9,170.8,176.0,223.5,198.3,40.9,162.5,165.5,234.0,245.8,49.6,208.7,136.2,151.4,135.7,48.6,219.4,195.5,169.2,46.0,36.1,81.2,125.0,243.9,173.7,123.7,184.0,237.2,219.3,161.8,212.3,176.1,190.3,117.2,25.1,78.2,181.9,133.9,151.2,233.3,125.0,157.3,188.7,172.8,218.7,201.4,225.0,191.2,201.5,236.4,153.3,222.6,196.7,140.6,162.3,169.7,162.2,168.4,56.3,199.0,105.5,11.7,182.6,160.9,224.4,145.1,214.7,233.1,194.7,154.1,200.8,241.3,230.3,40.2,168.2,171.2,194.6,178.2,146.2,137.5,208.1,224.8,133.9,0.0,140.1,87.0,235.9,211.7,194.4,89.4,240.8,99.6,194.4,132.2,207.1,2232.6
WY,208.7,24.7,179.0,131.4,95.0,91.7,221.7,182.7,176.3,35.5,183.1,161.3,104.3,25.4,84.2,158.7,137.7,158.9,216.8,154.1,121.8,101.7,112.0,214.9,117.6,34.7,87.8,96.6,68.6,112.5,206.9,153.0,111.2,43.8,159.4,156.6,18.2,153.0,121.6,53.2,101.2,153.4,121.1,191.6,123.9,13.5,162.3,112.5,19.7,176.8,129.5,141.4,60.9,206.1,226.8,197.0,163.3,126.3,193.0,232.1,101.0,25.2,136.7,147.1,155.9,151.2,234.6,122.9,117.9,140.9,185.7,160.6,174.4,136.8,192.7,165.1,121.1,119.5,176.0,155.0,92.8,31.1,34.1,156.7,122.0,158.8,105.8,197.6,146.9,172.9,132.2,0.0,71.0,176.6,133.8,157.4,76.8,162.9,83.6,59.9,99.2,166.7,2268.2
XQ,202.7,81.2,147.6,88.4,89.2,54.2,192.8,148.5,138.9,88.9,177.3,154.0,58.4,78.8,81.8,161.7,177.3,117.5,192.1,119.9,87.6,51.2,66.1,186.6,111.8,96.9,32.7,44.4,0.8,78.3,209.9,127.0,77.0,161.6,164.1,150.8,136.0,173.3,111.6,106.6,36.3,105.2,65.5,168.5,37.3,131.4,208.5,78.3,73.6,144.2,107.3,135.5,114.3,200.3,196.0,170.1,164.1,88.8,158.8,192.7,51.9,81.9,81.1,104.1,112.9,106.5,200.4,88.7,65.7,135.9,130.1,160.9,131.4,131.0,186.7,130.9,65.5,103.4,170.6,149.2,40.6,145.8,87.5,106.0,114.4,122.8,67.5,183.3,144.4,140.3,77.4,56.4,0.0,170.9,128.0,150.0,5.8,160.4,14.2,174.6,65.0,160.9,2234.0
YD,19.6,157.5,131.8,133.6,92.7,112.8,36.1,150.3,139.4,98.4,48.8,66.8,197.1,108.1,85.3,19.9,6.5,191.1,36.8,188.7,82.7,135.6,204.8,76.4,72.0,98.8,168.2,179.9,137.8,153.5,34.9,105.8,154.8,176.6,7.3,28.7,152.6,60.1,56.3,82.5,133.8,240.7,153.0,144.4,130.6,115.8,17.0,153.5,149.9,128.4,64.3,94.1,96.8,22.3,56.2,70.0,22.6,106.9,173.6,48.8,82.3,108.1,117.2,118.7,153.8,185.0,51.8,169.3,194.8,98.4,160.1,115.9,167.1,21.2,65.3,145.7,83.1,62.0,19.9,34.5,176.1,104.2,99.8,94.9,56.8,155.5,93.9,71.4,26.3,212.3,212.9,132.7,156.8,0.0,24.0,110.2,129.6,42.4,122.8,76.9,105.3,59.7,2150.9
YF,55.5,154.6,107.7,109.6,97.3,88.7,74.1,126.2,105.0,103.0,111.8,90.0,187.4,112.7,86.5,24.8,28.5,167.0,79.0,164.6,58.6,127.8,195.1,143.6,46.3,103.7,161.3,170.1,128.0,129.4,76.4,81.7,130.7,173.7,50.2,85.3,148.1,81.7,32.3,87.1,103.5,230.9,129.2,120.3,111.4,124.7,53.1,129.4,149.6,105.5,40.2,70.1,101.7,58.3,95.7,125.7,29.4,82.8,149.5,90.4,85.3,112.8,93.2,94.9,130.0,159.3,87.9,145.5,191.4,69.6,134.4,89.3,143.3,2.9,121.4,121.6,59.3,13.4,55.8,21.1,166.3,107.2,104.4,67.4,32.7,129.6,73.4,126.3,13.0,186.6,205.7,129.8,125.6,36.0,0.0,86.1,119.8,29.0,113.0,81.5,81.2,95.4,2218.1
YJ,51.2,178.1,135.1,88.8,161.9,128.4,85.9,63.5,34.6,169.2,25.6,2.3,209.1,175.7,154.5,89.4,75.6,184.7,85.2,83.9,119.8,153.0,216.8,58.4,139.6,168.3,180.1,193.6,149.7,108.6,44.0,114.5,109.9,195.4,60.8,75.5,169.8,106.9,125.6,151.7,133.2,197.7,168.9,39.6,165.9,165.2,53.5,108.6,170.5,131.7,133.5,125.3,166.3,48.6,117.4,61.2,91.8,104.5,173.0,121.1,151.5,173.7,114.9,98.6,89.4,192.5,121.8,122.9,206.7,111.6,69.9,27.6,60.8,90.4,35.2,145.1,117.3,131.2,88.1,103.7,189.8,171.8,169.0,157.8,126.0,48.9,109.6,61.8,97.2,107.5,226.6,153.3,170.5,69.1,93.2,0.0,143.3,113.2,134.9,146.1,120.9,9.2,2155.4
YN,197.1,75.4,153.4,103.0,83.4,63.3,210.1,154.3,155.0,83.1,171.5,149.7,67.5,73.0,72.6,147.1,171.5,123.3,205.2,125.7,93.4,73.3,75.2,203.3,106.0,82.3,41.4,50.2,8.2,84.1,195.3,132.8,82.8,94.5,154.4,145.0,68.9,141.4,110.0,100.8,24.3,111.0,92.7,174.3,22.7,61.1,199.4,84.1,70.4,151.2,111.4,129.8,108.5,194.5,198.4,185.4,151.7,97.9,164.6,203.7,47.7,72.8,108.3,118.7,127.5,115.6,206.2,94.5,71.5,129.3,157.3,149.0,146.0,125.2,181.1,136.7,92.7,107.9,164.4,143.4,46.4,78.7,81.7,129.7,110.4,130.4,77.4,186.0,135.3,144.5,85.8,50.6,5.8,165.0,122.2,145.8,0.0,151.3,6.8,107.5,70.8,155.1,2239.8
YY,54.5,184.3,137.4,139.3,116.3,118.4,73.1,155.9,145.0,122.0,83.9,118.2,217.1,131.7,105.5,43.8,27.5,196.7,73.8,194.3,88.3,153.5,224.8,173.3,76.0,122.7,188.1,199.8,157.7,159.1,70.0,111.4,160.4,203.4,44.3,63.8,177.8,137.5,62.0,106.1,139.4,260.6,158.9,150.0,149.6,173.2,52.1,159.1,176.7,134.0,68.3,99.7,120.7,57.3,91.3,107.0,46.2,112.5,179.2,85.8,104.3,131.8,122.9,124.6,159.7,189.0,86.9,175.2,221.1,104.0,164.1,121.8,173.0,26.8,100.2,151.3,89.0,67.6,54.8,8.4,196.0,126.2,123.4,100.6,62.4,161.1,99.6,106.4,17.0,216.3,232.8,159.5,176.7,34.8,29.6,114.2,149.5,0.0,141.1,100.5,110.9,125.1,2186.0
ZD,188.7,68.6,160.2,109.8,76.6,70.1,201.7,161.1,151.5,74.7,164.7,141.4,74.3,66.2,69.2,138.7,164.7,130.1,201.0,132.5,100.2,63.8,82.0,174.0,99.2,73.9,45.3,57.0,16.6,90.9,183.1,134.6,89.6,86.1,141.1,138.2,60.5,160.7,101.6,94.0,23.7,117.8,99.5,173.2,38.6,55.9,192.6,90.9,61.0,156.8,109.5,122.9,100.1,186.1,208.6,177.0,141.1,104.7,171.4,214.1,39.3,64.4,115.1,125.5,134.3,122.4,213.0,101.3,71.9,127.2,164.1,145.0,152.8,118.4,172.7,143.5,99.5,90.8,156.0,135.0,53.2,70.3,74.9,140.0,103.6,135.4,88.9,177.6,128.5,152.9,90.0,43.8,33.9,156.6,115.4,137.4,6.8,144.5,0.0,99.1,77.6,148.3,2246.6
ZH,104.7,80.5,138.2,140.1,54.2,137.2,123.3,156.7,128.7,21.4,142.3,119.0,160.1,31.1,43.4,67.3,77.7,214.7,124.0,195.1,107.1,141.2,167.8,144.8,76.8,22.1,140.7,152.4,117.3,159.9,160.7,112.2,161.2,99.6,94.5,115.8,74.0,138.3,80.8,5.5,110.8,206.1,176.9,150.8,110.1,38.9,102.3,159.9,72.9,134.8,87.1,100.5,20.1,107.5,141.5,156.2,65.9,131.3,198.0,136.0,60.2,31.2,141.7,125.4,160.5,207.0,137.1,176.0,167.3,100.1,164.9,122.6,173.8,96.0,151.9,170.1,107.8,66.4,135.2,114.2,148.6,25.6,22.8,119.4,81.2,160.1,118.4,156.8,106.1,217.1,185.4,55.7,111.3,85.2,93.0,115.0,109.1,122.1,100.7,0.0,129.7,125.9,2248.6
ZJ,178.1,98.8,109.7,76.2,124.8,7.4,191.1,127.5,128.2,106.5,152.5,129.2,131.6,96.4,114.0,110.1,152.5,85.7,190.4,98.9,22.5,42.5,139.3,161.8,87.0,105.7,102.6,114.3,72.2,57.3,170.9,89.1,56.0,117.9,130.6,126.0,92.3,122.4,49.8,124.2,53.9,123.7,47.9,147.5,64.1,87.7,180.4,57.3,91.2,106.3,40.5,110.7,131.9,175.5,171.6,166.4,112.5,27.0,93.7,180.5,89.1,96.2,37.4,91.9,100.7,78.0,179.4,67.7,129.2,96.6,130.5,132.8,119.2,88.2,162.1,65.8,21.8,70.9,145.4,106.4,110.5,102.1,105.1,62.3,49.3,101.8,11.2,167.0,98.3,117.7,147.3,74.0,69.8,144.4,85.2,125.2,64.0,114.3,57.2,130.9,0.0,136.1,2213.0
ZM,41.9,187.8,135.7,98.5,152.6,139.9,97.4,73.2,34.0,158.3,16.3,5.3,220.6,168.0,141.8,80.1,66.3,194.4,92.5,93.6,129.5,179.0,228.3,90.6,130.3,159.0,194.5,203.3,161.2,118.3,40.1,109.7,119.6,206.9,46.9,66.2,181.3,69.1,116.3,142.4,136.7,207.4,180.4,49.3,177.4,173.5,44.2,118.3,182.8,133.5,124.2,116.1,157.0,39.3,77.4,72.7,84.7,116.0,182.7,72.1,140.6,168.1,126.4,110.1,100.9,204.0,69.6,134.4,224.6,97.6,81.4,36.3,72.3,81.1,25.9,154.8,128.8,97.3,77.2,94.4,199.5,162.5,159.7,151.4,116.7,58.6,124.6,73.3,86.3,115.6,238.9,163.0,158.8,59.8,83.9,9.6,153.0,102.3,146.2,136.8,132.4,0.0,2165.1
ZY,2238.8,2367.3,2324.3,2278.0,2349.5,2319.4,2220.6,2257.4,2278.8,2355.2,2243.5,2259.8,2400.1,2364.9,2338.7,2277.0,2263.2,2338.7,2215.7,2239.5,2309.0,2358.5,2407.8,2275.9,2327.2,2355.9,2374.0,2382.8,2340.7,2297.8,2255.0,2303.7,2299.1,2386.4,2243.8,2263.1,2360.8,2266.0,2313.2,2339.3,2316.2,2311.9,2359.9,2277.4,2356.9,2353.0,2241.1,2297.8,2362.3,2322.1,2321.1,2313.0,2353.9,2236.2,2199.0,2230.0,2281.6,2295.5,2362.2,2204.3,2337.5,2364.7,2305.9,2289.6,2280.4,2348.3,2206.8,2313.9,2404.1,2294.5,2220.7,2290.8,2251.8,2278.0,2259.8,2334.3,2308.3,2294.2,2274.1,2291.3,2379.0,2359.4,2356.6,2345.3,2313.6,2256.1,2304.1,2229.4,2283.2,2240.6,2347.1,2342.5,2338.3,2256.7,2280.8,2264.1,2332.5,2299.2,2325.7,2333.7,2311.9,2254.4,0.0
