from_stop,AC,AV,AY,AZ,BC,BG,BH,BJ,BP,BW,CB,CC,CH,CJ,CP,CS,DH,DL,DX,EI,EO,ES,EX,EY,FD,FG,FJ,FQ,FV,FX,FY,GQ,HC,HE,HG,HN,HS,HV,IG,II,IK,IL,IR,JI,KA,KB,KF,KG,KL,KN,KT,KZ,LB,LS,LW,MD,MG,MI,MJ,MN,NM,NQ,NT,NX,NZ,OE,OK,OQ,OZ,PD,PH,PR,PT,QD,QI,QL,RH,RJ,RL,RM,RP,RR,RT,RV,RZ,SI,SK,SM,ST,SY,SZ,TI,UC,UH,UP,UQ,UR,UX,UZ,VL,VO,VQ,VU,WB,XA,XK,XL,XM,XV,YB,YH,YP,ZA,ZB,ZF,ZH,ZP,ZR
AC,0.0,257.8,102.2,23.7,298.6,343.7,243.5,552.0,154.8,444.2,580.7,255.7,297.6,353.0,260.8,534.2,170.2,196.9,284.5,524.5,444.3,464.5,503.2,284.1,97.6,470.2,63.4,244.7,336.0,2559.3,237.2,358.8,217.8,464.6,344.5,445.7,195.8,392.9,199.1,462.4,403.6,109.0,236.9,240.6,234.4,96.9,545.3,161.0,569.1,203.0,363.9,571.0,117.3,284.2,228.9,380.5,221.9,287.9,538.4,216.7,318.2,595.8,167.3,222.9,585.1,541.8,351.5,571.3,158.6,548.2,286.9,72.7,426.0,424.8,232.0,322.3,389.2,563.1,545.4,229.9,511.5,259.2,118.5,574.7,328.0,349.0,167.4,251.9,539.3,349.8,551.9,212.3,79.9,398.1,267.1,245.4,402.5,348.3,298.4,253.3,255.2,426.3,322.4,230.0,276.2,71.2,140.0,571.0,363.3,325.4,212.6,459.8,232.8,473.0,404.9,444.0,232.8,391.1
AV,259.9,0.0,203.6,283.6,444.5,219.8,452.4,621.4,363.7,191.3,663.8,55.2,125.2,152.5,80.3,537.2,379.1,245.2,439.3,607.6,572.2,592.4,542.3,493.0,279.5,598.1,188.8,453.6,78.1,2422.5,20.3,517.1,206.3,488.9,220.6,573.6,404.7,520.8,408.0,209.5,531.5,242.8,445.8,368.5,95.3,254.9,628.4,369.9,652.2,53.7,491.8,640.4,223.0,127.7,390.4,537.5,82.8,415.8,591.0,425.6,464.1,678.9,376.2,211.4,668.2,624.9,479.4,654.4,367.5,617.6,495.8,261.8,173.1,171.9,440.9,64.4,517.1,594.2,628.5,453.0,594.6,387.1,200.1,577.7,501.4,476.9,376.3,159.7,622.4,477.7,635.0,340.2,213.8,551.4,395.0,368.4,149.6,48.9,426.3,462.2,378.2,173.4,450.3,438.9,254.5,253.1,218.3,654.1,491.2,481.6,375.9,206.9,360.7,497.3,226.0,468.3,441.7,138.2
AY,119.6,198.9,0.0,134.3,362.3,254.5,312.1,574.0,223.4,390.3,644.4,196.8,195.3,284.5,240.0,489.8,238.8,138.0,351.7,591.1,512.9,528.2,494.9,352.7,122.3,538.8,48.5,313.3,317.6,2568.2,178.3,427.4,158.9,441.5,255.3,514.3,264.4,456.6,267.7,409.1,472.2,97.2,305.5,309.2,170.6,109.3,609.0,229.6,637.7,144.1,432.5,593.0,64.7,181.9,292.6,449.1,163.0,356.5,543.6,285.3,386.8,655.7,235.9,164.1,653.7,610.4,420.1,639.9,227.2,570.2,355.5,158.0,367.2,366.2,300.6,263.4,456.8,546.8,614.0,298.5,580.1,327.8,129.9,530.3,396.6,417.6,236.0,154.8,603.0,418.4,620.5,284.5,73.5,466.7,335.7,256.3,343.7,243.0,362.1,321.9,271.0,372.4,391.0,298.6,207.1,112.8,37.7,639.6,431.9,394.0,281.2,401.0,301.4,449.9,298.4,416.0,301.4,337.2
AZ,24.3,282.1,121.3,0.0,322.9,368.0,267.8,576.3,179.1,468.5,605.0,280.0,288.3,372.6,285.1,558.5,194.5,221.2,307.4,546.8,468.6,488.8,527.5,308.4,114.6,494.5,87.7,269.0,360.3,2583.6,261.5,383.1,242.1,488.9,368.8,470.0,220.1,417.2,223.4,486.7,427.9,133.3,261.2,264.9,258.7,121.2,569.6,185.3,593.4,227.3,388.2,595.3,141.6,274.9,253.2,404.8,246.2,312.2,562.7,241.0,342.5,611.4,191.6,247.2,609.4,566.1,375.8,595.6,182.9,572.5,311.2,97.0,450.3,449.3,256.3,346.6,412.5,587.4,569.7,254.2,535.8,283.5,142.8,599.0,352.3,373.3,191.7,242.6,563.6,374.1,576.2,236.6,104.2,422.4,291.4,269.7,426.8,372.6,322.7,277.6,279.5,450.6,346.7,254.3,300.5,95.5,164.3,595.3,387.6,349.7,236.9,484.1,257.1,497.3,426.3,468.3,257.1,415.4
BC,285.7,453.3,356.9,305.3,0.0,412.8,389.3,302.8,285.8,513.3,331.5,399.6,494.2,385.1,449.3,285.0,304.2,451.6,163.4,273.3,195.1,215.3,254.0,417.0,352.3,221.0,318.1,365.0,483.4,2705.1,443.7,131.0,373.6,270.8,413.6,196.5,341.6,125.7,344.9,531.5,141.8,381.7,375.2,224.3,378.9,369.6,296.1,324.8,319.9,428.8,165.9,321.8,372.0,454.6,182.6,105.4,391.0,213.1,289.2,350.1,19.5,337.9,266.2,293.0,335.9,292.6,115.4,322.1,276.6,299.0,392.2,345.4,495.1,494.1,352.3,469.7,145.1,313.9,296.2,375.7,262.3,242.4,366.6,325.5,31.4,81.8,284.1,486.6,290.1,162.9,302.7,251.0,334.6,99.4,184.9,391.2,471.6,417.4,93.0,399.1,401.0,495.4,226.6,363.4,304.6,325.9,394.7,321.8,96.1,207.1,268.7,528.9,216.0,234.5,471.1,230.5,353.1,460.2
BG,302.6,237.0,246.3,326.3,362.7,0.0,414.7,598.1,311.2,261.4,626.8,147.7,284.9,283.0,240.0,472.2,329.6,287.9,357.5,570.6,490.4,510.6,477.3,442.4,322.2,516.3,231.5,373.2,231.5,2474.6,216.4,435.3,278.0,423.9,0.8,491.8,367.0,439.0,370.3,279.6,449.7,244.7,393.8,286.7,132.3,256.8,591.4,350.2,615.2,182.2,410.0,617.1,253.8,208.0,332.7,455.7,144.4,334.0,526.0,375.5,382.3,641.9,291.6,146.4,631.2,587.9,397.6,617.4,302.0,594.3,417.6,263.7,243.2,242.0,370.6,217.8,435.3,529.2,591.5,401.1,557.6,305.3,202.0,512.7,419.6,395.1,309.5,240.0,585.4,395.9,598.0,258.4,256.5,469.6,313.2,411.1,219.7,165.5,344.5,424.5,420.9,243.5,368.5,388.8,189.5,295.8,261.0,617.1,409.4,399.8,294.1,277.0,278.9,432.3,140.6,403.3,331.8,208.3
BH,247.6,474.4,318.8,214.4,400.2,445.3,0.0,691.1,139.5,545.8,719.8,432.1,385.1,477.9,429.8,673.3,226.8,331.5,386.1,663.6,583.4,603.6,642.3,27.6,211.4,609.3,280.0,301.3,507.4,2541.2,453.8,460.4,406.1,566.2,446.1,584.8,115.5,532.0,84.9,564.0,542.7,343.6,293.5,342.2,411.4,331.5,684.4,235.6,708.2,419.6,512.0,710.1,333.9,371.7,401.6,482.1,423.5,427.0,677.5,92.6,419.8,734.9,223.9,368.8,724.2,680.9,492.5,710.4,215.2,687.3,54.4,241.1,527.6,526.4,288.6,502.2,551.8,702.2,684.5,211.8,650.6,398.3,242.8,713.8,429.6,488.1,224.0,339.4,678.4,506.3,691.0,313.9,296.5,499.7,406.2,227.3,504.1,449.9,437.5,9.8,237.1,527.9,475.3,76.0,377.8,237.8,271.4,710.1,502.4,427.0,269.2,561.4,371.9,574.6,506.5,545.6,289.4,492.7
BJ,526.2,630.1,569.7,545.8,296.7,589.6,629.8,0.0,526.3,690.1,211.8,576.4,671.0,507.9,626.1,121.7,544.7,611.3,317.5,128.0,208.7,220.7,90.7,657.5,592.8,234.6,554.9,520.2,660.2,2903.3,620.1,357.9,550.4,241.7,590.4,210.1,582.1,241.1,585.4,761.9,227.0,568.1,514.1,378.4,555.7,580.2,176.4,505.7,200.2,585.9,317.9,54.2,577.2,629.7,390.9,271.6,567.8,373.0,125.9,590.6,291.1,225.6,506.7,411.2,190.6,172.9,267.4,176.8,517.1,22.4,632.7,587.1,671.9,756.8,517.6,646.5,297.1,150.6,176.5,616.2,142.6,396.5,525.4,162.2,300.4,233.8,524.6,637.2,170.4,314.9,183.0,409.0,579.9,223.3,339.0,631.7,648.4,594.2,244.8,639.6,641.5,672.2,380.7,603.9,446.9,566.4,584.4,202.1,248.1,361.2,509.2,720.5,370.1,205.4,647.9,201.4,478.8,637.0
BP,108.0,334.8,179.2,131.7,312.7,357.8,162.0,595.2,0.0,458.3,623.9,332.7,374.6,430.0,337.8,577.4,130.9,273.9,298.6,567.7,487.5,507.7,546.4,168.8,174.6,513.4,140.4,205.4,413.0,2508.2,314.2,372.9,294.8,478.7,358.6,488.9,144.7,436.1,148.0,476.5,446.8,204.0,197.6,254.7,311.4,191.9,588.5,121.7,612.3,280.0,416.1,614.2,194.3,361.2,329.8,394.6,298.9,331.1,581.6,107.9,332.3,639.0,128.0,299.9,628.3,585.0,396.6,614.5,119.3,591.4,132.0,167.7,440.1,438.9,192.7,399.3,455.9,606.3,588.6,178.8,554.7,302.4,155.3,617.9,342.1,392.2,128.1,328.9,582.5,410.4,595.1,226.4,156.9,412.2,310.3,194.3,416.6,362.4,341.6,171.8,204.1,440.4,379.4,121.2,290.3,148.2,217.0,614.2,406.5,339.5,173.3,473.9,276.0,526.9,419.0,458.1,193.5,405.2
BW,403.7,157.9,347.4,427.4,463.8,240.1,515.8,699.2,412.3,0.0,727.9,213.2,283.2,189.8,238.3,573.3,430.7,389.0,458.6,671.7,591.5,611.7,578.4,543.5,423.3,617.4,332.6,474.3,188.0,2449.1,178.3,536.4,258.8,525.0,240.9,592.9,468.1,540.1,471.4,157.3,550.8,345.8,494.9,387.8,199.5,357.9,692.5,451.3,716.3,211.7,511.1,718.2,354.9,285.7,433.8,556.8,240.8,435.1,627.1,476.6,483.4,743.0,392.7,247.5,732.3,689.0,498.7,718.5,403.1,695.4,518.7,364.8,120.9,119.7,471.7,174.3,536.4,630.3,692.6,502.2,658.7,406.4,303.1,613.8,520.7,496.2,410.6,317.7,686.5,497.0,699.1,359.5,357.6,570.7,414.3,512.2,103.8,122.0,445.6,525.6,522.0,16.9,469.6,489.9,290.6,396.9,362.1,718.2,510.5,500.9,395.2,154.7,380.0,533.4,246.3,504.4,432.9,86.0
CB,555.6,659.5,593.9,575.2,323.4,619.0,659.2,229.8,555.7,719.5,0.0,605.8,700.4,535.1,655.5,212.0,574.1,640.7,344.2,200.3,235.4,247.4,181.0,686.9,622.2,261.3,584.3,546.9,689.6,2932.7,649.5,384.6,579.8,268.4,619.8,236.8,611.5,267.8,614.8,788.6,253.7,597.5,540.8,405.1,585.1,609.6,111.1,532.4,197.9,615.3,344.6,248.8,606.6,659.1,417.6,298.3,597.2,399.7,216.2,620.0,317.8,42.2,536.1,440.5,262.9,67.7,294.1,249.1,546.5,226.0,662.1,616.5,701.3,783.5,544.3,675.9,323.8,240.9,136.5,645.6,85.9,423.2,554.8,252.5,327.1,260.5,554.0,666.6,168.1,341.6,99.0,432.1,609.3,250.0,365.7,661.1,677.8,623.6,271.5,669.0,670.9,701.6,407.4,633.3,476.3,595.8,613.8,199.8,274.8,387.9,538.6,747.2,396.8,232.1,677.3,228.1,505.5,666.4
CC,246.1,63.5,184.6,265.7,388.1,206.0,438.6,599.8,349.9,182.0,642.2,0.0,93.4,91.4,48.5,515.6,365.3,231.4,381.5,584.0,515.8,536.0,520.7,479.2,265.7,541.7,175.0,439.8,141.7,2395.2,42.9,460.7,192.5,467.3,206.8,517.2,390.9,464.4,394.2,200.2,475.1,229.0,432.0,312.1,81.5,241.1,606.8,356.1,630.6,39.9,435.4,618.8,209.2,113.9,358.1,481.1,69.0,359.4,569.4,411.8,407.7,656.0,317.0,197.7,646.6,603.3,423.0,632.8,353.7,596.0,482.0,248.0,163.8,162.8,427.1,128.0,459.7,572.6,606.9,439.2,573.0,330.7,186.3,556.1,445.0,420.5,362.5,145.9,600.8,421.3,613.4,283.8,200.0,495.0,338.6,354.6,140.3,86.1,369.9,448.4,364.4,164.1,393.9,425.1,240.7,239.3,204.5,632.5,434.8,425.2,319.5,197.6,304.3,475.7,209.3,446.7,357.2,128.9
CH,312.9,111.2,194.1,283.5,519.8,273.7,488.0,669.7,417.6,302.6,712.1,91.1,0.0,188.4,44.6,585.5,433.0,201.9,475.2,655.9,608.1,628.3,590.6,546.9,246.0,634.0,242.7,507.5,189.4,2487.5,90.6,553.0,254.6,537.2,274.5,609.5,440.3,556.7,443.6,320.8,567.4,291.4,499.7,404.4,149.2,303.5,676.7,423.8,700.5,107.6,527.7,688.7,258.9,106.8,426.3,573.4,136.7,451.7,639.3,479.5,539.4,727.2,430.1,259.7,716.5,673.2,515.3,702.7,421.4,665.9,549.7,352.2,284.4,283.2,494.8,175.7,553.0,642.5,676.8,426.1,642.9,423.0,248.4,626.0,537.3,512.8,430.2,74.5,670.7,513.6,683.3,376.1,234.6,587.3,430.9,341.5,260.9,160.2,462.2,497.8,351.3,284.7,486.2,492.8,302.8,272.4,157.0,702.4,527.1,517.5,475.4,318.2,396.6,545.6,279.9,516.6,495.6,249.5
CJ,352.0,167.2,288.3,369.4,414.3,192.8,466.3,506.1,362.8,234.2,546.0,102.5,197.1,2.1,152.2,421.9,381.2,335.1,407.7,490.3,474.8,486.8,427.0,494.0,369.4,500.7,278.7,424.8,245.4,2447.4,146.6,486.9,209.3,373.6,193.6,476.2,418.6,490.6,421.9,256.3,501.3,296.3,445.4,338.3,185.2,308.4,513.1,401.8,536.9,143.6,461.6,525.1,305.4,217.6,384.3,507.3,172.7,385.6,475.7,427.1,480.4,554.9,343.2,198.0,552.9,509.6,449.2,539.1,353.6,502.3,469.2,315.3,218.2,215.0,422.2,231.7,485.9,481.1,513.2,452.7,481.5,356.9,253.6,462.4,471.2,448.9,361.1,249.6,507.1,449.7,519.7,310.0,303.7,521.2,364.8,458.3,194.7,138.3,396.1,476.1,468.1,216.3,420.1,440.4,241.1,343.0,308.2,538.8,461.0,451.4,345.7,249.8,330.5,384.2,193.9,353.0,385.6,181.1
CP,269.1,66.5,239.0,328.4,435.7,229.0,461.6,630.6,372.9,257.9,673.0,46.4,44.8,143.7,0.0,546.4,388.3,246.8,430.5,616.8,563.4,583.6,551.5,502.2,290.9,589.3,198.0,462.8,144.7,2442.8,45.9,508.3,215.5,498.1,229.8,564.8,413.9,512.0,417.2,276.1,522.7,252.0,455.0,359.7,104.5,264.1,637.6,379.1,661.4,62.9,483.0,649.6,232.2,136.9,381.6,528.7,92.0,407.0,600.2,434.8,455.3,688.1,385.4,220.6,677.4,634.1,470.6,663.6,376.7,626.8,505.0,271.0,239.7,238.5,450.1,131.0,508.3,603.4,637.7,471.0,603.8,378.3,209.3,586.9,492.6,468.1,385.5,119.4,631.6,468.9,644.2,331.4,223.0,542.6,386.2,386.4,216.2,115.5,417.5,471.4,396.2,240.0,441.5,448.1,263.7,262.3,201.9,663.3,482.4,472.8,367.1,273.5,351.9,506.5,235.2,477.5,404.8,204.8
CS,420.5,524.4,464.0,440.1,297.4,483.9,524.1,120.2,420.6,584.4,212.5,470.7,565.3,400.0,520.4,0.0,439.0,505.6,318.2,108.7,209.4,221.4,41.1,551.8,487.1,235.3,449.2,499.8,554.5,2797.6,514.4,358.6,444.7,209.2,484.7,210.8,476.4,241.8,479.7,602.6,227.7,462.4,510.0,379.1,450.0,474.5,177.1,459.6,200.9,480.2,318.6,139.2,471.5,524.0,291.4,272.3,462.1,347.9,89.8,484.9,291.8,218.9,401.0,305.5,171.3,173.6,268.1,157.5,411.4,116.4,527.0,481.4,566.2,565.2,487.1,540.8,297.8,56.9,177.2,510.5,143.3,397.2,419.7,40.4,301.1,234.5,418.9,531.5,171.1,315.6,183.7,385.8,474.2,224.0,339.7,526.0,542.7,488.5,245.5,533.9,535.8,566.5,381.4,498.2,341.2,460.7,478.7,202.8,248.8,361.9,403.5,607.5,370.8,206.1,545.1,202.1,487.9,531.3
DH,143.9,370.7,215.1,167.6,350.4,390.0,211.6,517.5,131.4,490.5,546.2,376.8,410.5,422.6,373.7,499.7,0.0,309.8,276.9,490.0,409.8,430.0,468.7,178.2,210.5,435.7,176.3,105.3,460.6,2575.6,350.1,354.7,350.8,485.5,390.8,411.2,212.1,383.3,215.4,508.7,369.1,239.9,121.2,263.2,356.1,227.8,510.8,47.5,534.6,315.9,285.1,536.5,230.2,397.1,252.1,375.1,368.2,253.4,503.9,110.8,370.0,561.3,33.6,313.5,550.6,507.3,332.7,536.8,24.9,513.7,182.9,203.6,472.3,471.1,74.6,446.9,324.9,528.6,510.9,246.2,477.0,224.7,191.2,540.2,339.0,357.5,51.7,364.8,504.8,279.4,517.4,195.8,192.8,389.0,224.8,261.7,448.8,394.6,263.9,204.0,271.5,472.6,248.4,124.1,326.2,184.1,252.9,536.5,353.7,319.2,96.9,506.1,198.3,449.2,451.2,445.2,93.4,437.4
DL,304.3,328.0,255.4,305.2,491.0,383.6,345.4,744.4,365.2,519.4,773.1,325.9,280.3,423.2,325.0,618.9,380.6,0.0,476.9,716.9,636.7,656.9,624.0,373.1,302.2,662.6,240.6,455.1,402.6,2562.2,307.4,551.2,288.0,570.6,384.4,638.1,297.7,585.3,301.0,537.6,596.0,307.3,447.3,433.0,304.6,388.2,737.7,371.4,761.5,273.2,556.3,763.4,274.8,266.9,421.3,572.9,292.1,480.3,672.7,419.1,510.6,788.2,377.7,293.1,777.5,734.2,543.9,763.7,369.0,740.6,383.6,331.9,501.2,500.0,442.4,392.5,581.6,675.9,737.8,283.5,703.9,451.6,333.6,659.4,520.4,541.4,377.8,234.6,731.7,542.2,744.3,404.7,353.2,590.5,459.5,198.9,477.7,377.0,490.8,355.2,208.7,501.5,514.8,421.5,336.2,328.6,362.2,763.4,555.7,517.8,423.0,535.0,425.2,579.0,435.3,550.0,443.2,466.3
DX,231.8,399.4,297.8,250.0,157.7,358.9,335.4,324.8,231.9,459.4,353.5,344.3,440.3,385.4,395.4,307.0,250.3,397.7,0.0,296.7,218.5,237.3,277.4,363.1,298.4,244.4,264.2,311.1,429.5,2651.2,388.4,163.4,319.7,294.2,359.7,219.9,287.7,160.2,289.6,478.2,177.8,327.8,321.3,149.9,323.6,315.7,318.1,270.9,343.3,374.9,136.3,345.2,318.1,400.7,101.3,183.8,337.1,54.0,312.6,296.2,178.7,361.3,212.3,304.5,359.3,316.0,109.6,345.5,221.3,322.4,338.3,291.5,441.2,440.2,297.0,415.8,144.9,337.3,319.6,321.8,285.7,183.2,312.7,347.5,147.7,121.8,230.2,432.7,312.1,107.9,326.1,184.2,280.7,196.3,125.7,337.3,417.7,362.1,72.6,345.2,347.1,441.5,149.4,309.5,250.7,272.0,340.8,345.2,130.6,80.5,214.8,473.6,156.8,257.9,415.8,252.5,299.2,406.3
EI,512.3,616.2,550.6,529.9,280.1,575.7,615.9,120.9,512.4,676.2,193.2,560.5,657.1,489.8,612.2,121.1,530.8,597.4,300.9,0.0,192.1,202.1,92.1,643.6,578.9,218.0,541.0,503.6,646.3,2889.4,604.2,341.3,536.5,225.1,576.5,193.5,568.2,224.5,569.5,745.9,210.4,554.2,497.5,361.8,539.8,566.3,157.8,489.1,183.6,572.0,299.3,139.9,563.3,615.8,361.6,255.0,553.9,356.4,127.3,576.7,274.5,201.6,492.8,397.2,85.7,156.3,250.8,79.0,501.2,117.1,618.8,573.2,656.0,740.2,499.0,632.6,280.5,152.0,159.9,602.3,126.0,379.9,511.5,161.6,283.8,217.2,510.7,621.3,153.8,298.3,166.4,392.4,566.0,204.7,322.4,617.8,632.5,578.3,226.2,625.7,627.6,658.3,364.1,590.0,433.0,552.5,570.5,185.5,231.5,344.6,495.3,701.9,353.5,188.8,636.1,184.8,462.2,623.1
EO,432.7,585.4,536.7,456.4,198.3,544.9,536.3,238.0,432.8,645.4,266.7,531.7,626.3,470.2,581.4,220.2,405.8,578.3,220.5,210.5,0.0,66.1,189.2,564.0,499.3,71.8,465.1,421.8,615.5,2852.1,575.8,259.5,505.7,206.0,545.7,87.7,488.6,142.7,491.9,726.2,128.6,535.1,415.7,280.0,511.0,547.2,231.3,407.3,255.1,552.9,219.5,257.0,544.2,586.7,292.5,173.2,523.1,274.6,224.4,497.1,192.7,281.8,413.2,378.2,271.1,227.8,169.0,257.3,423.6,234.2,539.2,492.4,627.2,626.0,419.2,601.8,199.7,249.1,231.4,522.7,197.5,298.1,492.4,260.7,202.0,135.4,431.1,604.2,225.3,216.5,237.9,307.0,481.6,124.9,240.6,538.2,603.7,549.5,146.4,546.1,548.0,627.5,282.3,510.4,413.9,472.9,551.4,257.0,149.7,262.8,415.7,684.8,271.7,169.7,606.1,165.7,380.4,592.3
ES,449.6,602.3,553.6,469.2,215.2,561.8,553.2,254.9,449.7,662.3,283.6,548.6,643.2,489.6,598.3,237.1,422.7,595.2,236.0,225.4,82.8,0.0,206.1,580.9,516.2,48.7,482.0,438.7,632.4,2869.0,592.7,276.4,522.6,222.9,562.6,104.6,505.5,159.6,508.8,743.7,145.5,552.0,432.6,296.9,527.9,564.1,248.2,424.2,272.0,569.8,236.4,273.9,561.1,603.6,285.3,190.1,540.0,291.5,241.3,514.0,209.6,297.4,430.1,395.1,288.0,244.7,185.9,274.2,440.5,251.1,556.1,509.3,644.1,643.1,436.1,618.7,215.6,266.0,248.3,539.6,214.4,315.0,509.3,277.6,218.9,152.3,448.0,621.1,242.2,233.4,254.8,323.9,498.5,141.8,257.5,555.1,620.6,566.4,163.3,563.0,564.9,644.4,299.2,527.3,430.8,489.8,568.3,273.9,166.6,279.7,432.6,701.7,288.6,186.6,620.1,182.6,397.3,609.2
EX,435.4,539.3,478.9,459.1,256.2,498.8,539.0,79.0,435.5,599.3,171.3,485.6,580.2,412.4,535.3,30.9,453.9,520.5,278.4,69.5,168.2,180.2,0.0,566.7,502.0,194.1,464.1,514.7,569.4,2812.5,529.3,317.4,459.6,201.2,499.6,169.6,491.3,200.6,494.6,617.5,186.5,477.3,473.6,337.9,464.9,489.4,135.9,474.5,159.7,495.1,277.4,98.0,486.4,538.9,306.3,231.1,477.0,332.5,53.1,499.8,250.6,186.4,415.9,320.4,130.1,132.4,226.9,116.3,426.3,75.2,541.9,496.3,581.1,579.9,502.0,555.7,257.6,77.7,136.0,525.4,102.1,356.0,434.6,71.4,259.9,193.3,433.8,546.4,129.9,274.4,142.5,364.9,489.1,182.8,298.5,540.9,557.6,503.4,204.3,548.8,550.7,581.4,340.2,513.1,356.1,475.6,493.6,161.6,207.6,320.7,418.4,622.4,329.6,164.9,560.0,160.9,438.3,546.2
EY,250.9,477.7,322.1,274.6,433.6,478.7,33.3,663.4,142.8,579.2,692.1,465.5,418.5,511.3,463.2,645.6,199.1,364.9,422.8,635.9,555.7,575.9,614.6,0.0,244.8,581.6,283.3,273.6,540.8,2574.6,457.1,500.6,437.7,631.4,479.5,557.1,148.9,504.3,118.3,597.4,515.0,346.9,265.8,370.0,444.8,334.8,656.7,207.9,680.5,422.9,484.3,682.4,337.2,405.1,373.9,521.0,441.8,399.3,649.8,64.9,453.2,707.2,196.2,442.8,696.5,653.2,464.8,682.7,187.5,659.6,26.7,310.6,561.0,559.8,260.9,535.6,524.1,674.5,656.8,245.2,622.9,370.6,276.2,686.1,484.9,460.4,196.3,372.8,650.7,478.6,663.3,341.7,299.8,534.9,378.5,260.7,537.5,483.3,409.8,25.7,270.5,561.3,447.6,48.3,411.2,291.1,304.8,682.4,474.7,465.1,241.5,594.8,344.2,595.1,539.9,591.1,261.7,526.1
FD,115.2,275.0,119.4,89.1,325.4,370.5,307.7,578.8,219.0,466.4,607.5,272.9,245.3,370.2,290.0,561.0,234.4,191.7,311.3,551.3,471.1,491.3,530.0,348.3,0.0,497.0,80.6,308.9,367.6,2684.2,254.4,385.6,235.0,491.4,371.3,472.5,260.0,419.7,263.3,484.6,430.4,145.0,301.1,267.4,251.6,132.9,572.1,225.2,595.9,220.2,390.7,597.8,116.5,231.9,289.3,407.3,239.1,314.7,565.2,280.9,345.0,622.6,231.5,240.1,611.9,568.6,378.3,598.1,222.8,575.0,351.1,154.9,448.2,447.0,296.2,381.2,416.0,589.9,572.2,294.1,538.3,286.0,168.0,601.5,354.8,375.8,231.6,199.6,566.1,376.6,578.7,239.1,97.1,424.9,293.9,314.9,424.7,324.0,325.2,317.5,324.7,448.5,349.2,294.2,303.0,26.3,119.0,597.8,390.1,352.2,276.8,482.0,259.6,499.8,382.3,470.8,297.0,413.3
FG,438.6,591.3,542.6,462.3,204.2,550.8,542.2,243.9,438.7,651.3,272.6,537.6,632.2,476.1,587.3,226.1,411.7,584.2,226.4,216.4,71.8,52.0,195.1,569.9,505.2,0.0,471.0,427.7,621.4,2858.0,581.7,265.4,511.6,211.9,551.6,93.6,494.5,148.6,497.8,732.1,134.5,541.0,421.6,285.9,516.9,553.1,237.2,413.2,261.0,558.8,225.4,262.9,550.1,592.6,298.4,179.1,529.0,280.5,230.3,503.0,198.6,287.7,419.1,384.1,277.0,233.7,174.9,263.2,429.5,240.1,545.1,498.3,633.1,631.9,425.1,607.7,205.6,255.0,237.3,528.6,203.4,304.0,498.3,266.6,207.9,141.3,437.0,610.1,231.2,222.4,243.8,312.9,487.5,130.8,246.5,544.1,609.6,555.4,152.3,552.0,553.9,633.4,288.2,516.3,419.8,478.8,557.3,262.9,155.6,268.7,421.6,690.7,277.6,175.6,612.0,171.6,386.3,598.2
FJ,71.0,194.3,38.7,94.7,318.6,249.9,263.5,572.0,174.8,385.7,600.7,192.2,234.1,289.5,197.3,485.2,190.2,133.4,304.5,544.5,464.3,484.5,523.2,304.1,90.6,490.2,0.0,264.7,272.5,2563.6,173.7,378.8,154.3,436.9,250.7,465.7,215.8,412.9,219.1,403.9,423.6,110.6,256.9,260.6,170.9,106.7,565.3,181.0,589.1,139.5,383.9,591.0,78.1,220.7,248.9,400.5,158.4,307.9,558.4,236.7,338.2,615.8,187.3,159.4,605.1,561.8,371.5,591.3,178.6,568.2,306.9,110.7,367.5,366.3,252.0,258.8,409.2,583.1,565.4,249.9,531.5,279.2,143.3,525.7,348.0,369.0,187.4,188.4,559.3,369.8,571.9,232.3,16.4,418.1,287.1,256.6,344.0,243.3,318.4,273.3,266.4,367.8,342.4,250.0,202.5,64.2,76.5,591.0,383.3,345.4,232.6,401.3,252.8,445.3,301.6,416.3,252.8,332.6
FQ,228.9,413.8,300.1,252.6,333.7,373.3,296.6,500.8,216.4,473.8,529.5,360.1,454.7,405.9,409.8,483.0,115.1,394.8,260.2,473.3,393.1,413.3,452.0,263.2,295.5,419.0,261.3,0.0,443.9,2687.0,404.2,338.0,334.1,468.8,374.1,394.5,288.9,341.7,292.2,492.0,352.4,324.9,29.3,268.4,339.4,312.8,494.1,116.6,517.9,389.3,290.3,519.8,315.2,415.1,235.4,358.4,351.5,236.7,487.2,195.8,353.3,544.6,136.6,296.8,533.9,490.6,337.9,520.1,127.9,497.0,267.9,288.6,455.6,454.4,78.7,430.2,330.1,511.9,494.2,323.0,460.3,208.0,276.2,523.5,322.3,297.8,90.5,447.1,488.1,284.6,500.7,179.1,277.8,372.3,230.0,338.5,432.1,377.9,247.2,289.0,348.3,455.9,253.6,209.1,372.5,269.1,337.9,519.8,312.1,302.5,126.5,489.4,181.6,432.5,434.5,428.5,31.3,420.7
FV,344.9,84.9,312.7,402.1,490.3,304.8,537.4,706.4,448.7,208.2,748.8,140.2,166.9,237.5,165.3,622.2,464.1,320.5,485.1,692.6,618.0,638.2,627.3,578.0,364.6,643.9,273.8,538.6,0.0,2439.4,105.3,562.9,291.3,573.9,305.6,619.4,489.7,566.6,493.0,226.4,577.3,327.8,530.8,414.3,180.3,339.9,713.4,454.9,737.2,138.7,537.6,725.4,308.0,212.7,436.2,583.3,167.8,461.6,676.0,510.6,509.9,763.9,461.2,296.4,753.2,709.9,525.2,739.4,452.5,702.6,580.8,346.8,190.0,188.8,525.9,13.5,562.9,679.2,713.5,534.4,679.6,432.9,285.1,662.7,547.2,522.7,461.3,193.1,707.4,523.5,720.0,386.0,298.8,597.2,440.8,449.8,166.5,65.8,472.1,547.2,459.6,190.3,496.1,523.9,339.5,338.1,275.6,739.1,537.0,527.4,421.7,223.8,406.5,582.3,311.0,553.3,459.4,155.1
FX,2508.0,2437.2,2579.2,2508.9,2694.7,2511.8,2549.1,2948.1,2568.9,2471.4,2976.8,2441.7,2528.7,2461.5,2491.4,2845.0,2584.3,2626.0,2680.6,2920.6,2840.4,2860.6,2850.1,2576.8,2505.9,2866.3,2540.4,2658.8,2467.3,0.0,2457.6,2754.9,2530.5,2796.7,2512.6,2841.8,2501.4,2789.0,2504.7,2409.2,2799.7,2604.0,2651.0,2636.7,2471.2,2591.9,2941.4,2575.1,2965.2,2482.8,2760.0,2967.1,2594.3,2546.9,2625.0,2776.6,2483.3,2684.0,2934.5,2622.8,2714.3,2991.9,2581.4,2519.2,2981.2,2937.9,2747.6,2967.4,2572.7,2944.3,2587.3,2535.6,2445.6,2404.3,2646.1,2453.6,2785.3,2902.0,2941.5,2487.3,2907.6,2655.3,2537.3,2885.5,2724.1,2745.1,2581.5,2572.9,2935.4,2745.9,2948.0,2608.4,2556.9,2794.2,2663.2,2426.8,2429.7,2401.3,2694.5,2558.9,2426.0,2453.5,2718.5,2625.2,2562.3,2532.3,2565.9,2967.1,2759.4,2721.5,2626.7,2367.8,2628.9,2805.1,2518.0,2776.1,2646.9,2418.3
FY,239.5,20.5,178.0,259.1,424.1,199.4,432.0,601.0,343.3,211.9,643.4,34.8,104.8,129.6,59.9,516.8,358.7,224.8,417.5,585.2,551.8,572.0,521.9,472.6,259.1,577.7,168.4,433.2,98.7,2431.2,0.0,496.7,185.9,468.5,200.2,553.2,384.3,500.4,387.6,230.1,511.1,222.4,425.4,348.1,74.9,234.5,608.0,349.5,631.8,33.3,471.4,620.0,202.6,107.3,394.1,517.1,62.4,395.4,570.6,405.2,443.7,657.2,355.8,191.1,647.8,604.5,459.0,634.0,347.1,597.2,475.4,241.4,193.7,192.7,420.5,85.0,495.7,573.8,608.1,432.6,574.2,366.7,179.7,557.3,481.0,456.5,355.9,139.3,602.0,457.3,614.6,323.4,193.4,531.0,374.6,348.0,170.2,69.5,405.9,441.8,357.8,194.0,429.9,418.5,234.1,232.7,197.9,633.7,470.8,461.2,355.5,227.5,340.3,476.9,202.7,447.9,421.3,158.8
GQ,319.8,487.4,391.0,343.5,124.9,446.9,423.4,364.8,319.9,547.4,393.5,433.7,528.3,419.2,483.4,347.0,338.3,485.7,183.0,337.3,257.1,277.3,316.0,451.1,386.4,283.0,352.2,399.1,517.5,2739.2,477.8,0.0,407.7,332.8,447.7,258.5,375.7,205.7,379.0,565.6,207.3,415.8,409.3,242.5,413.0,403.7,358.1,358.9,381.9,462.9,233.1,383.8,406.1,488.7,216.7,170.9,425.1,237.1,351.2,384.2,144.5,408.6,300.3,327.2,397.9,354.6,195.4,384.1,310.7,361.0,426.3,379.5,529.2,528.0,386.4,503.8,226.1,375.9,358.2,409.8,324.3,260.6,400.7,387.5,129.7,161.8,318.2,520.7,352.1,203.3,364.7,269.5,368.7,224.4,203.1,425.3,505.7,451.5,111.2,433.2,435.1,529.5,244.8,397.5,338.7,360.0,428.8,383.8,176.1,225.3,302.8,563.0,234.2,296.5,508.1,292.5,387.2,494.3
HC,273.7,213.0,226.8,297.4,345.7,319.2,397.7,521.4,294.2,273.0,563.8,159.3,253.9,248.0,209.0,437.2,312.6,247.6,340.5,507.6,473.4,493.6,442.3,425.4,320.2,499.3,230.0,356.2,243.1,2486.2,203.4,418.3,0.0,388.9,320.0,474.8,350.0,422.0,353.3,291.2,432.7,193.0,376.8,269.7,138.6,205.1,528.4,401.7,552.2,188.5,393.0,540.4,202.1,214.3,315.7,438.7,150.7,317.0,491.0,358.5,365.3,578.9,274.6,111.4,568.2,524.9,380.6,554.4,285.0,517.6,400.6,212.0,254.8,253.6,353.6,229.4,418.3,494.2,528.5,384.1,494.6,288.3,150.3,477.7,402.6,378.1,292.5,246.3,522.4,378.9,535.0,241.4,255.0,452.6,296.2,370.8,231.3,177.1,327.5,407.5,380.6,255.1,351.5,371.8,154.5,293.8,264.6,554.1,392.4,382.8,277.1,288.6,261.9,397.3,380.4,368.3,314.8,219.9
HE,385.1,489.0,428.6,408.8,267.1,448.5,488.7,224.1,385.2,549.0,252.8,435.3,529.9,362.1,485.0,206.3,403.6,470.2,289.3,196.6,179.1,191.1,175.3,516.4,451.7,205.0,413.8,464.4,519.1,2762.2,479.0,328.3,409.3,0.0,449.3,180.5,441.0,211.5,444.3,618.1,197.4,427.0,474.6,348.8,414.6,439.1,217.4,424.2,241.2,444.8,288.3,243.1,436.1,488.6,256.0,242.0,426.7,312.5,210.5,449.5,261.5,267.9,365.6,270.1,257.2,213.9,237.8,243.4,376.0,220.3,491.6,446.0,530.8,613.2,451.7,505.4,268.5,235.2,217.5,475.1,183.6,366.9,384.3,246.8,270.8,204.2,383.5,496.1,211.4,285.3,224.0,350.4,438.8,193.7,309.4,490.6,507.3,453.1,215.2,498.5,500.4,531.1,351.1,462.8,305.8,425.3,443.3,243.1,218.5,331.6,368.1,576.7,340.5,122.1,509.7,118.1,452.5,495.9
HG,303.4,237.8,247.1,327.1,363.5,0.8,415.5,598.9,312.0,262.2,627.6,148.5,285.7,283.8,240.8,473.0,330.4,288.7,358.3,571.4,491.2,511.4,478.1,443.2,323.0,517.1,232.3,374.0,232.3,2475.4,217.2,436.1,278.8,424.7,0.0,492.6,367.8,439.8,371.1,280.4,450.5,245.5,394.6,287.5,133.1,257.6,592.2,351.0,616.0,183.0,410.8,617.9,254.6,208.8,309.4,456.5,145.2,334.8,526.8,376.3,383.1,642.7,292.4,147.2,632.0,588.7,398.4,618.2,302.8,595.1,418.4,264.5,244.0,242.8,371.4,218.6,436.1,530.0,592.3,401.9,558.4,306.1,202.8,513.5,420.4,395.9,310.3,240.8,586.2,396.7,598.8,259.2,257.3,470.4,314.0,411.9,220.5,166.3,345.3,425.3,421.7,244.3,369.3,389.6,190.3,296.6,261.8,617.9,410.2,400.6,294.9,277.8,279.7,433.1,141.4,404.1,332.6,209.1
HN,430.0,582.7,534.0,453.7,195.6,542.2,533.6,235.3,430.1,642.7,264.0,529.0,623.6,467.5,578.7,217.5,403.1,575.6,217.8,207.8,63.6,83.8,186.5,561.3,496.6,89.5,462.4,419.1,612.8,2849.4,573.1,256.8,503.0,203.3,543.0,0.0,485.9,140.0,489.2,723.5,125.9,532.4,413.0,277.3,508.3,544.5,228.6,404.6,252.4,550.2,216.8,254.3,541.5,584.0,289.8,170.5,520.4,271.9,221.7,494.4,190.0,279.1,410.5,375.5,268.4,225.1,166.3,254.6,420.9,231.5,536.5,489.7,624.5,623.3,416.5,599.1,197.0,246.4,228.7,520.0,194.8,295.4,489.7,258.0,199.3,132.7,428.4,601.5,222.6,213.8,235.2,304.3,478.9,122.2,237.9,535.5,601.0,546.8,143.7,543.4,545.3,624.8,279.6,507.7,411.2,470.2,548.7,254.3,147.0,260.1,413.0,682.1,269.0,167.0,603.4,163.0,377.7,589.6
HS,151.3,378.1,222.5,152.2,338.0,383.1,126.2,591.4,194.6,483.6,620.1,369.9,322.9,415.7,367.6,573.6,283.2,269.3,323.9,563.9,483.7,503.9,542.6,153.9,149.2,509.6,183.7,357.7,445.2,2479.0,357.5,398.2,343.9,504.0,383.9,485.1,0.0,432.3,81.8,501.8,443.0,247.3,349.9,280.0,349.2,235.2,584.7,292.0,608.5,323.3,403.3,610.4,237.6,309.5,268.3,419.9,361.3,327.3,577.8,199.9,357.6,635.2,280.3,306.6,624.5,581.2,390.9,610.7,271.6,587.6,164.4,178.9,465.4,464.2,345.0,440.0,428.6,602.5,584.8,149.6,550.9,298.6,180.6,614.1,367.4,388.4,280.4,277.2,578.7,389.2,591.3,251.7,200.2,437.5,306.5,165.1,441.9,387.7,337.8,136.0,174.9,465.7,361.8,202.3,315.6,175.6,209.2,610.4,402.7,364.8,325.6,499.2,272.2,512.4,444.3,483.4,345.8,430.5
HV,371.9,531.9,443.1,391.5,126.8,491.4,475.5,248.3,372.0,591.9,277.0,478.2,572.8,483.0,527.9,230.5,367.8,531.1,158.3,218.8,140.6,160.8,199.5,503.2,438.5,166.5,404.3,383.8,562.0,2791.3,522.3,206.0,452.2,216.3,492.2,142.0,427.8,0.0,431.1,610.1,81.9,467.9,322.1,168.4,457.5,455.8,241.6,369.3,265.4,507.4,99.8,267.3,458.2,533.2,214.9,126.5,469.6,213.8,234.7,436.3,143.3,290.8,352.4,388.4,281.4,238.1,49.3,267.6,362.8,244.5,478.4,431.6,573.7,572.7,381.2,548.3,79.0,259.4,241.7,461.9,207.8,244.6,445.2,271.0,130.5,53.8,370.3,565.2,235.6,96.8,248.2,202.7,420.8,119.8,147.0,477.4,550.2,496.0,92.9,485.3,487.2,574.0,184.5,449.6,390.8,412.1,480.9,267.3,29.5,202.0,354.9,695.1,218.2,180.0,549.7,176.0,342.4,538.8
IG,186.7,413.5,257.9,192.7,373.4,418.5,127.9,626.8,196.3,519.0,655.5,405.3,358.3,448.6,403.0,609.0,284.9,304.7,357.9,597.3,519.1,539.3,578.0,155.6,184.6,545.0,219.1,359.4,480.6,2514.4,392.9,433.6,379.3,539.4,419.3,520.5,88.7,467.7,0.0,537.2,478.4,282.7,351.6,315.4,384.6,270.6,620.1,293.7,643.9,358.7,438.7,645.8,273.0,344.9,337.3,455.3,396.7,362.7,613.2,201.6,393.0,669.3,282.0,342.1,659.9,616.6,426.3,646.1,273.3,623.0,166.1,214.3,500.8,499.8,346.7,475.4,463.0,637.9,620.2,185.0,586.3,334.0,216.0,649.5,402.8,423.8,282.1,312.6,614.1,424.6,626.7,290.7,235.6,472.9,341.9,200.5,477.3,423.1,373.2,137.7,210.3,501.1,397.2,204.0,351.0,211.0,244.6,645.8,438.1,400.2,327.3,534.6,307.6,547.8,476.8,518.8,347.5,465.9
II,391.3,173.9,329.8,410.9,451.4,227.7,503.4,686.8,399.9,135.1,715.5,157.6,252.2,172.7,207.3,560.9,418.3,376.6,444.8,657.3,579.1,599.6,566.0,531.1,410.9,605.0,320.2,461.9,204.0,2465.1,194.6,524.0,246.4,512.6,228.5,580.5,455.7,528.0,459.0,0.0,538.4,333.4,482.5,375.4,187.1,345.5,680.1,438.9,703.9,227.7,498.7,705.8,342.5,301.7,421.4,544.4,199.2,422.7,614.7,464.2,471.0,721.9,380.3,235.2,719.9,676.6,486.3,706.1,390.7,683.0,506.3,352.4,65.8,24.6,459.3,190.3,523.3,617.9,680.2,489.8,646.3,394.0,290.7,601.7,508.3,483.8,398.2,333.7,674.4,484.6,686.7,350.7,345.2,558.6,401.9,499.8,119.9,138.0,433.2,513.2,509.6,117.2,457.2,477.5,278.2,384.5,349.7,705.8,498.1,488.5,382.8,46.8,367.6,521.0,233.9,492.0,420.5,69.4
IK,402.6,555.3,473.8,426.3,129.6,514.8,506.2,226.9,402.7,615.3,255.6,501.6,596.2,459.1,551.3,209.1,375.7,567.2,190.4,199.4,119.2,139.4,178.1,533.9,469.2,145.1,435.0,391.7,585.4,2822.0,545.7,218.8,475.6,194.9,515.6,120.6,458.5,94.6,461.8,715.1,0.0,524.0,385.6,249.9,480.9,486.5,220.2,377.2,244.0,530.8,189.4,245.9,533.1,556.6,262.4,91.6,493.0,244.5,213.3,467.0,110.4,270.7,383.1,367.1,260.0,216.7,138.9,246.2,393.5,223.1,509.1,462.3,597.1,595.9,389.1,571.7,169.6,238.0,220.3,492.6,186.4,268.0,481.3,249.6,139.9,105.3,401.0,588.6,214.2,186.4,226.8,276.9,451.5,42.6,210.5,508.1,573.6,519.4,116.3,516.0,517.9,597.4,252.2,480.3,402.8,442.8,540.3,245.9,119.6,232.7,385.6,673.7,241.6,158.6,576.0,154.6,350.3,562.2
IL,107.9,257.6,87.0,131.6,316.6,275.1,318.4,570.0,229.7,375.6,598.7,255.5,282.4,321.2,260.6,552.2,245.1,199.7,302.5,542.5,462.3,482.5,521.2,359.0,146.5,488.2,90.2,319.6,335.8,2588.8,237.0,376.8,215.1,482.6,275.9,463.7,270.7,410.9,274.0,393.8,421.6,0.0,311.8,258.6,234.2,12.0,563.3,235.9,587.1,202.8,381.9,589.0,62.3,269.0,280.5,398.5,221.7,305.9,556.4,291.6,336.2,613.8,242.2,184.6,603.1,559.8,369.5,589.3,233.5,566.2,361.8,60.7,357.4,356.2,306.9,322.1,407.2,581.1,563.4,304.8,529.5,277.2,105.9,592.7,346.0,367.0,242.3,236.7,557.3,367.8,569.9,230.3,115.2,416.1,285.1,322.9,333.9,279.7,316.4,328.2,332.7,357.7,340.4,304.9,227.7,120.1,124.8,589.0,381.3,343.4,287.5,391.2,250.8,491.0,336.3,462.0,307.7,322.5
IR,211.1,384.4,282.3,234.8,304.3,343.9,278.8,471.4,198.6,444.4,500.1,330.7,425.3,376.5,380.4,453.6,101.7,377.0,230.8,443.9,363.7,383.9,422.6,245.4,277.7,389.6,243.5,29.3,414.5,2657.6,374.8,308.6,304.7,439.4,344.7,365.1,282.0,312.3,285.3,462.6,323.0,307.1,0.0,178.0,310.0,295.0,464.7,140.3,488.5,359.9,319.7,490.4,297.4,385.7,181.9,329.0,322.1,207.3,457.8,178.0,323.9,515.2,118.8,267.4,504.5,461.2,272.8,490.7,110.1,467.6,250.1,270.8,426.2,425.0,108.1,400.8,310.5,482.5,464.8,316.1,430.9,178.6,297.7,494.1,292.9,268.4,90.7,417.7,458.7,314.0,471.3,149.7,260.0,342.9,186.5,331.6,402.7,348.5,217.8,271.2,341.4,426.5,283.0,191.3,343.1,251.3,320.1,490.4,282.7,273.1,108.0,460.0,152.2,403.1,405.1,399.1,60.7,391.3
JI,283.3,417.4,354.5,307.0,208.6,376.9,386.9,377.5,283.4,477.4,406.2,363.7,458.3,409.5,413.4,359.7,191.7,416.6,122.4,350.0,269.8,290.0,328.7,414.6,349.9,295.7,315.7,207.7,447.5,2690.6,407.8,214.7,337.7,345.5,377.7,271.2,339.2,161.4,342.5,495.6,229.1,373.4,215.0,0.0,343.0,367.2,370.8,193.2,394.6,392.9,138.9,396.5,369.6,418.7,100.4,226.3,355.1,125.8,363.9,302.6,225.1,421.3,263.8,300.4,410.6,367.3,110.8,396.8,216.7,373.7,389.8,343.0,459.2,458.0,205.1,433.8,148.5,388.6,370.9,373.3,337.0,130.1,330.7,400.2,199.0,135.6,234.9,450.7,364.8,109.1,377.4,39.3,332.2,249.0,39.9,388.8,435.7,381.5,123.9,396.7,398.6,459.5,148.0,315.9,302.2,323.5,389.7,396.5,131.8,164.7,266.3,493.0,103.7,309.2,438.1,305.2,166.3,424.3
KA,225.8,104.6,169.5,245.4,366.1,124.4,418.1,587.3,329.6,209.6,629.7,95.9,152.5,137.0,107.6,503.1,345.0,211.1,360.9,571.5,493.8,514.0,508.2,458.9,245.4,519.7,154.7,419.5,179.7,2422.8,84.0,438.7,152.4,454.8,125.2,495.2,370.4,442.4,373.7,227.8,453.1,208.7,411.7,290.1,0.0,220.8,594.3,335.8,618.1,49.8,413.4,606.3,188.9,75.6,336.1,459.1,12.0,337.4,556.9,391.5,385.7,636.1,295.0,177.3,634.1,590.8,401.0,620.3,333.4,583.5,461.7,227.7,191.4,190.4,406.8,166.0,437.7,560.1,594.4,418.9,560.5,308.7,166.0,543.6,423.0,398.5,342.2,107.6,588.3,399.3,600.9,265.4,179.7,473.0,316.6,334.3,167.9,113.7,347.9,427.9,344.1,191.7,371.9,404.8,220.4,219.0,217.0,620.0,412.8,403.2,297.5,225.2,282.3,463.2,130.6,434.2,335.2,156.5
KB,95.8,269.7,99.1,119.5,304.5,287.2,306.3,557.9,217.6,387.7,586.6,267.6,294.5,333.3,272.7,540.1,233.0,211.8,290.4,530.4,450.2,470.4,509.1,346.9,134.4,476.1,102.3,307.5,347.9,2600.9,249.1,364.7,227.2,470.5,288.0,451.6,258.6,398.8,261.9,405.9,409.5,12.0,299.7,246.5,246.3,0.0,551.2,223.8,575.0,214.9,369.8,576.9,74.4,281.1,234.8,386.4,233.8,293.8,544.3,279.5,324.1,601.7,230.1,196.7,591.0,547.7,357.4,577.2,221.4,554.1,349.7,48.6,369.5,368.3,294.8,334.2,395.1,569.0,551.3,292.7,517.4,265.1,94.4,580.6,333.9,354.9,230.2,248.8,545.2,355.7,557.8,218.2,127.3,404.0,273.0,335.0,346.0,291.8,304.3,316.1,344.8,369.8,328.3,292.8,239.8,108.0,136.9,576.9,369.2,331.3,275.4,403.3,238.7,478.9,348.4,449.9,295.6,334.6
KF,516.1,620.0,554.4,535.7,283.9,579.5,619.7,190.3,516.2,680.0,65.2,566.3,660.9,495.6,616.0,172.5,534.6,601.2,304.7,160.8,195.9,207.9,141.5,647.4,582.7,221.8,544.8,507.4,650.1,2893.2,610.0,345.1,540.3,228.9,580.3,197.3,572.0,228.3,575.3,749.7,214.2,558.0,501.3,365.6,545.6,570.1,0.0,492.9,130.8,575.8,305.1,209.3,567.1,619.6,378.1,258.8,557.7,360.2,176.7,580.5,278.3,80.3,496.6,401.1,223.4,46.3,254.6,209.6,507.0,186.5,622.6,577.0,661.8,744.0,504.8,636.4,284.3,201.4,61.2,606.1,46.5,383.7,515.3,213.0,287.6,221.0,514.5,627.1,101.0,302.1,59.6,392.6,569.8,210.5,326.2,621.6,638.3,584.1,232.0,629.5,631.4,662.1,367.9,593.8,436.8,556.3,574.3,132.7,235.3,348.4,499.1,707.7,357.3,192.6,640.7,188.6,466.0,626.9
KG,149.3,376.1,220.5,173.0,361.1,400.7,235.0,528.2,136.8,501.2,556.9,387.5,415.9,433.3,379.1,510.4,36.7,315.2,287.6,500.7,420.5,440.7,479.4,201.6,215.9,446.4,181.7,116.0,471.3,2586.7,355.5,365.4,361.5,496.2,401.5,421.9,223.2,394.0,226.5,519.4,379.8,245.3,145.4,273.9,366.8,233.2,521.5,0.0,545.3,321.3,295.8,547.2,235.6,402.5,262.8,385.8,378.9,264.1,514.6,134.2,380.7,572.0,70.4,324.2,561.3,518.0,343.4,547.5,61.7,524.4,206.3,209.0,483.0,481.8,85.3,457.6,335.6,539.3,521.6,257.3,487.7,235.4,196.6,550.9,349.7,368.2,88.5,370.2,515.5,290.1,528.1,206.5,198.2,399.7,235.5,272.8,459.5,405.3,274.6,227.4,282.6,483.3,259.1,147.5,331.6,189.5,258.3,547.2,364.4,329.9,133.7,516.8,209.0,459.9,461.9,455.9,104.1,448.1
KL,529.1,633.0,572.6,552.8,296.9,592.5,632.7,203.3,529.2,693.0,149.4,579.3,673.9,506.1,629.0,185.5,547.6,614.2,319.1,175.8,208.9,220.9,154.5,660.4,595.7,234.8,557.8,520.4,663.1,2906.2,623.0,358.1,553.3,241.9,593.3,210.3,585.0,241.3,588.3,762.1,227.2,571.0,514.3,378.6,558.6,583.1,90.0,505.9,0.0,588.8,318.1,222.3,580.1,632.6,367.0,271.8,570.7,373.2,189.7,593.5,291.3,164.5,509.6,414.1,236.4,124.1,267.6,222.6,520.0,199.5,635.6,590.0,674.8,757.2,517.8,649.4,298.3,214.4,90.1,619.1,93.8,396.7,528.3,226.0,300.6,234.0,527.5,640.1,58.4,315.1,134.2,405.6,582.8,223.5,339.2,634.6,651.3,597.1,245.0,642.5,644.4,675.1,380.9,606.8,449.8,569.3,587.3,62.1,248.3,361.4,512.1,720.7,370.3,205.6,653.7,201.6,479.0,639.9
KN,206.1,54.7,149.8,229.8,391.9,166.0,398.6,567.6,309.9,246.1,610.0,52.6,102.6,149.9,57.7,483.4,325.3,191.4,386.7,553.8,519.6,539.8,488.5,439.2,225.7,545.5,135.0,399.8,132.9,2449.0,34.1,464.5,152.5,435.1,166.8,521.0,350.9,468.2,354.2,264.3,478.9,189.0,392.0,315.9,41.5,201.1,574.6,316.1,598.4,0.0,439.2,586.6,169.2,73.9,337.8,484.9,29.0,363.2,537.2,371.8,411.5,625.1,322.4,157.6,614.4,571.1,426.8,600.6,313.7,563.8,442.0,208.0,227.9,226.7,387.1,119.2,464.5,540.4,574.7,399.2,540.8,334.5,146.3,523.9,448.8,424.3,322.5,105.9,568.6,425.1,581.2,287.6,160.0,498.8,342.4,314.6,204.4,103.7,373.7,408.4,324.4,228.2,397.7,385.1,200.7,199.3,164.5,600.3,438.6,429.0,367.7,261.7,308.1,443.5,172.2,414.5,387.9,193.0
KT,340.7,508.3,411.9,360.3,158.3,467.8,444.3,336.4,340.8,568.3,365.1,454.6,549.2,495.7,504.3,318.6,285.5,506.6,128.5,306.9,228.7,248.9,287.6,463.8,407.3,254.6,373.1,301.5,538.4,2760.1,498.7,224.3,428.6,304.4,468.6,230.1,396.6,111.1,399.9,586.5,188.0,436.7,322.1,137.2,433.9,424.6,329.7,287.0,353.5,483.8,0.0,355.4,427.0,509.6,194.4,176.0,446.0,182.6,322.8,396.4,174.8,378.9,319.2,413.5,369.5,326.2,60.5,355.7,310.5,332.6,447.2,400.4,550.1,549.1,298.9,524.7,42.4,347.5,329.8,430.7,295.9,224.1,421.6,359.1,162.0,85.3,328.7,541.6,323.7,65.6,336.3,176.5,389.6,207.9,115.8,446.2,526.6,472.4,124.4,454.1,456.0,550.4,130.0,409.7,359.6,380.9,449.7,355.4,81.5,170.8,323.7,583.9,197.7,268.1,526.1,264.1,260.1,515.2
KZ,515.0,618.9,558.5,538.7,285.5,578.4,618.6,54.0,515.1,678.9,200.6,565.2,659.8,492.0,614.9,110.5,533.5,600.1,307.7,118.8,197.5,209.5,79.5,646.3,581.6,223.4,543.7,509.0,649.0,2892.1,608.9,346.7,539.2,230.5,579.2,198.9,570.9,229.9,574.2,750.7,215.8,556.9,502.9,367.2,544.5,569.0,165.2,494.5,189.0,574.7,306.7,0.0,566.0,618.5,355.6,260.4,556.6,361.8,114.7,579.4,279.9,215.7,495.5,400.0,179.4,161.7,256.2,165.6,505.9,76.5,621.5,575.9,660.7,745.8,506.4,635.3,286.9,139.4,165.3,605.0,131.4,385.3,514.2,151.0,289.2,222.6,513.4,626.0,159.2,303.7,171.8,394.2,568.7,212.1,327.8,620.5,637.2,583.0,233.6,628.4,630.3,661.0,369.5,592.7,435.7,555.2,573.2,190.9,236.9,350.0,498.0,709.3,358.9,194.2,639.6,190.2,467.6,625.8
LB,116.4,228.1,54.5,140.1,364.0,283.7,308.9,617.4,220.2,419.5,646.1,226.0,249.9,323.3,231.1,519.0,235.6,167.2,349.9,589.9,509.7,529.9,568.6,349.5,118.0,535.6,57.7,310.1,306.3,2597.4,207.5,424.2,224.2,470.7,284.5,511.1,261.2,458.3,264.5,437.7,469.0,82.3,302.3,306.0,204.7,94.4,610.7,226.4,634.5,173.3,429.3,636.4,0.0,236.5,294.3,445.9,192.2,353.3,603.8,282.1,383.6,661.2,232.7,193.2,650.5,607.2,416.9,636.7,224.0,613.6,352.3,139.0,401.3,400.1,297.4,292.6,454.6,576.0,610.8,295.3,576.9,324.6,115.0,559.5,393.4,414.4,232.8,204.2,604.7,415.2,617.3,277.7,82.7,463.5,332.5,290.4,377.8,277.1,363.8,318.7,300.2,401.6,387.8,295.4,236.3,91.6,92.3,636.4,428.7,390.8,278.0,435.1,298.2,479.1,335.4,450.1,298.2,366.4
LS,297.2,117.9,178.4,267.8,442.7,201.0,464.7,620.6,401.9,309.3,663.0,115.8,124.5,213.1,120.9,536.4,417.3,186.2,437.5,606.8,570.4,590.6,541.5,531.2,230.3,596.3,227.0,491.8,196.1,2499.4,97.3,515.3,205.5,488.1,201.8,571.8,417.0,519.0,420.3,327.5,529.7,275.7,484.0,366.7,76.5,287.8,627.6,408.1,651.4,63.1,490.0,639.6,243.2,0.0,388.6,535.7,64.0,414.0,590.2,463.8,462.3,678.1,414.4,210.6,667.4,624.1,477.6,653.6,405.7,616.8,534.0,261.0,291.1,289.9,479.1,182.4,515.3,593.4,627.7,402.8,593.8,385.3,199.3,576.9,499.6,475.1,414.5,31.9,621.6,475.9,634.2,338.4,218.9,549.6,393.2,318.2,267.6,166.9,424.5,474.5,328.0,291.4,448.5,477.1,253.7,256.7,141.3,653.3,489.4,479.8,459.7,324.9,358.9,496.5,207.2,467.5,479.9,256.2
LW,182.8,350.4,224.7,202.4,196.2,309.9,262.3,389.3,182.9,386.3,418.0,272.6,391.3,313.7,346.4,345.5,177.2,324.6,110.5,359.8,281.6,275.8,314.5,290.0,225.3,281.5,215.2,238.0,380.5,2578.1,340.8,200.5,246.6,331.3,310.7,257.0,214.6,204.2,217.9,428.6,240.9,254.7,248.2,117.8,251.9,242.6,356.6,221.9,380.4,325.9,192.8,408.3,269.1,351.7,0.0,220.9,264.0,56.4,349.7,247.2,241.8,424.4,163.3,233.4,396.4,353.1,164.7,408.6,149.6,385.5,265.2,218.4,392.2,391.2,225.3,366.8,227.4,400.4,356.7,248.7,322.8,123.5,263.7,386.0,184.8,160.3,181.2,383.7,376.6,163.0,363.2,132.4,231.7,234.8,104.4,264.2,344.6,290.4,109.7,272.1,274.0,368.4,186.5,236.4,177.6,198.9,291.8,408.3,200.6,164.3,141.7,426.0,97.1,321.0,344.1,291.0,226.1,357.3
MD,377.4,545.0,448.6,401.1,122.2,504.5,481.0,275.9,377.5,605.0,304.6,491.3,585.9,508.1,541.0,258.1,395.9,543.3,199.4,248.4,168.2,188.4,227.1,508.7,444.0,194.1,409.8,400.7,575.1,2796.8,535.4,186.8,465.3,243.9,505.3,169.6,433.3,140.2,436.6,623.2,76.0,473.4,394.6,249.0,470.6,461.3,269.2,416.5,293.0,520.5,180.4,294.9,463.7,546.3,248.3,0.0,482.7,253.5,262.3,441.8,138.7,319.7,357.9,416.1,309.0,265.7,129.9,295.2,368.3,272.1,483.9,437.1,586.8,585.6,398.1,561.4,160.6,287.0,269.3,467.4,235.4,277.0,458.3,298.6,107.9,96.3,375.8,578.3,263.2,177.4,275.8,285.9,426.3,118.7,219.5,482.9,563.3,509.1,125.3,490.8,492.7,587.1,261.2,455.1,396.3,417.6,486.4,294.9,110.6,241.7,360.4,620.6,250.6,207.6,565.7,203.6,359.3,551.9
MG,213.7,92.5,157.4,237.4,378.6,136.9,406.2,575.2,317.5,222.1,617.6,90.4,140.4,187.7,95.5,491.0,332.9,199.0,373.4,561.4,506.3,526.5,496.1,446.8,233.3,532.2,142.6,407.4,170.7,2435.3,71.9,451.2,160.1,442.7,137.7,507.7,358.5,454.9,361.8,240.3,465.6,196.6,399.6,302.6,12.4,208.7,582.2,323.7,606.0,37.7,425.9,594.2,176.8,63.5,348.6,471.6,0.0,349.9,544.8,379.4,398.2,632.7,330.0,165.2,622.0,578.7,413.5,608.2,321.3,571.4,449.6,215.6,203.9,202.7,394.7,157.0,451.2,548.0,582.3,406.8,548.4,321.2,153.9,531.5,435.5,411.0,330.1,95.5,576.2,411.8,588.8,274.3,167.6,485.5,329.1,322.2,180.4,126.2,360.4,416.0,332.0,204.2,384.4,392.7,208.3,206.9,204.9,607.9,425.3,415.7,310.0,237.7,294.8,451.1,143.1,422.1,347.7,169.0
MI,223.3,390.9,294.5,247.0,211.6,350.4,326.9,378.7,223.4,450.9,407.4,337.2,431.8,383.0,386.9,360.9,241.8,389.2,54.0,351.2,271.0,291.2,329.9,354.6,289.9,296.9,255.7,302.6,421.0,2642.7,381.3,215.9,311.2,346.7,351.2,272.4,279.2,214.3,282.5,469.1,230.3,319.3,312.8,133.2,316.5,307.2,372.0,262.4,395.8,366.4,191.8,397.7,309.6,392.2,64.5,236.3,328.6,0.0,365.1,287.7,231.2,422.5,203.8,273.9,411.8,368.5,163.7,398.0,214.2,374.9,329.8,283.0,432.7,431.5,289.9,407.3,201.4,389.8,372.1,313.3,338.2,138.9,304.2,401.4,200.2,175.7,221.7,424.2,366.0,162.0,378.6,147.8,272.2,250.2,93.8,328.8,409.2,355.0,125.1,336.7,338.6,433.0,201.9,301.0,242.2,263.5,332.3,397.7,184.7,134.6,206.3,466.5,112.5,310.4,411.6,306.4,221.2,397.8
MJ,481.6,585.5,525.1,505.3,292.9,545.0,585.2,115.7,481.7,645.5,208.0,531.8,626.4,458.6,581.5,77.1,500.1,566.7,315.1,106.2,204.9,216.9,46.1,612.9,548.2,230.8,510.3,560.9,615.6,2858.7,575.5,354.1,505.8,237.9,545.8,206.3,537.5,237.3,540.8,663.7,223.2,523.5,510.3,374.6,511.1,535.6,172.6,520.7,196.4,541.3,314.1,134.7,532.6,585.1,352.5,267.8,523.2,369.2,0.0,546.0,287.3,223.1,462.1,366.6,166.8,169.1,263.6,153.0,472.5,111.9,588.1,542.5,627.3,626.1,548.2,601.9,294.3,71.0,172.7,571.6,138.8,392.7,480.8,87.5,296.6,230.0,480.0,592.6,166.6,311.1,179.2,401.6,535.3,219.5,335.2,587.1,603.8,549.6,241.0,595.0,596.9,627.6,376.9,559.3,402.3,521.8,539.8,198.3,244.3,357.4,464.6,668.6,366.3,201.6,606.2,197.6,475.0,592.4
MN,193.7,420.5,264.9,217.4,431.3,470.9,100.7,598.4,100.1,571.4,627.1,457.7,460.3,503.5,423.5,580.6,134.1,359.6,357.8,570.9,490.7,510.9,549.6,67.3,260.3,516.6,226.1,208.6,541.5,2545.7,399.9,435.6,380.5,566.4,471.7,492.1,182.2,439.3,166.7,589.6,450.0,289.7,200.8,305.0,437.0,277.6,591.7,142.9,615.5,365.7,419.3,617.4,280.0,446.9,308.9,456.0,384.6,334.3,584.8,0.0,450.9,642.2,131.2,385.6,631.5,588.2,399.8,617.7,122.5,594.6,83.6,253.4,553.2,552.0,195.9,527.8,459.1,609.5,591.8,216.3,557.9,305.6,241.0,621.1,419.9,395.4,131.3,414.6,585.7,413.6,598.3,276.7,242.6,469.9,313.5,231.8,529.7,475.5,344.8,93.1,241.6,553.5,382.6,13.2,376.0,233.9,302.7,617.4,409.7,400.1,176.5,587.0,279.2,530.1,532.1,526.1,196.7,518.3
NM,304.9,472.5,376.1,328.6,19.1,432.0,408.5,298.9,305.0,532.5,327.6,418.8,513.4,404.3,468.5,281.1,323.4,470.8,181.0,271.4,191.2,211.4,250.1,436.2,371.5,217.1,337.3,384.2,502.6,2724.3,462.9,150.2,392.8,266.9,432.8,192.6,360.8,121.8,364.1,550.7,122.5,400.9,394.4,230.6,398.1,388.8,292.2,344.0,316.0,448.0,162.0,317.9,391.2,473.8,201.8,101.5,410.2,232.3,285.3,369.3,0.0,342.7,285.4,312.3,332.0,288.7,111.5,318.2,295.8,295.1,411.4,364.6,514.3,513.1,371.5,488.9,142.2,310.0,292.3,394.9,258.4,258.6,385.8,321.6,50.6,77.9,303.3,505.8,286.2,159.0,298.8,267.5,353.8,79.8,201.1,410.4,490.8,436.6,106.9,418.3,420.2,514.6,242.8,382.6,323.8,345.1,413.9,317.9,92.2,223.3,287.9,548.1,232.2,230.6,493.2,226.6,372.3,479.4
NQ,529.0,632.9,572.5,549.7,290.9,592.4,632.6,197.3,529.1,692.9,23.3,579.2,673.8,508.5,628.9,185.4,547.5,614.1,319.0,175.7,208.8,220.8,154.4,660.3,595.6,234.7,557.7,520.3,663.0,2906.1,624.0,358.0,553.2,241.8,593.2,210.2,584.9,241.2,588.2,762.0,227.1,570.9,514.2,378.5,552.6,583.0,84.5,505.8,171.3,588.7,312.1,222.2,580.0,632.5,385.1,271.7,570.6,373.1,189.6,593.4,291.2,0.0,509.5,414.0,236.3,41.1,267.5,222.5,521.0,199.4,635.5,589.9,668.8,751.0,517.7,649.3,291.3,214.3,109.9,619.0,59.3,396.6,528.2,225.9,300.5,233.9,527.4,640.0,141.5,315.0,72.4,405.5,582.7,224.5,339.1,634.5,645.3,597.0,244.9,642.4,644.3,675.0,380.8,606.7,449.7,569.2,587.2,173.2,248.2,361.3,512.0,714.7,370.2,205.5,650.7,195.6,478.9,639.8
NT,165.3,433.2,236.5,189.0,353.1,392.7,226.1,520.2,122.6,493.2,548.9,379.5,431.9,425.3,429.2,502.4,37.9,331.2,279.6,492.7,412.5,432.7,471.4,199.6,231.9,438.4,197.7,130.4,463.3,2541.9,371.5,357.4,353.5,488.2,393.5,413.9,178.4,361.1,181.7,511.4,371.8,261.3,122.6,301.2,358.8,249.2,513.5,85.5,537.3,337.3,323.1,539.2,251.6,418.5,254.8,377.8,370.9,256.1,506.6,132.2,372.7,564.0,0.0,316.2,553.3,510.0,321.6,539.5,10.3,516.4,204.3,225.0,475.0,473.8,112.6,449.6,362.9,531.3,513.6,212.5,479.7,227.4,212.6,542.9,341.7,317.2,53.1,386.2,507.5,317.4,520.1,198.5,214.2,391.7,262.8,228.0,451.5,397.3,266.6,225.4,237.8,475.3,286.4,145.5,391.9,205.5,274.3,539.2,331.5,321.9,76.6,508.8,201.0,451.9,453.9,447.9,118.5,440.1
NX,214.7,218.8,153.2,234.3,292.8,178.3,344.8,409.9,241.3,278.8,452.2,165.1,259.7,139.0,214.8,325.6,259.7,200.0,286.2,394.1,420.5,390.5,330.8,372.5,234.3,446.4,143.6,303.3,248.9,2492.0,208.8,365.4,139.1,277.4,179.1,421.9,297.1,369.1,300.4,297.6,379.8,156.8,323.9,216.8,144.4,168.9,416.9,324.7,440.7,174.6,340.1,428.9,165.9,218.4,262.9,385.8,156.5,264.1,379.5,305.6,312.4,458.7,221.7,0.0,456.7,413.4,327.7,442.9,232.1,406.1,347.7,175.8,260.6,259.6,300.7,235.2,364.5,382.7,417.0,331.2,383.1,235.4,114.1,366.1,349.7,325.3,239.6,225.9,410.9,326.0,423.5,192.1,168.6,399.8,243.3,323.3,237.2,182.9,274.6,354.6,333.0,260.9,298.6,318.9,47.5,207.9,173.1,442.6,339.5,329.9,224.2,294.5,209.0,285.8,236.7,256.8,261.9,225.7
NZ,572.9,676.8,616.4,596.6,340.7,636.3,676.5,181.5,573.0,736.8,255.8,623.1,717.7,549.9,672.8,183.7,591.4,658.0,362.9,85.7,252.7,264.7,152.7,704.2,639.5,278.6,601.6,564.2,706.9,2950.0,666.8,401.9,597.1,285.7,637.1,254.1,628.8,285.1,632.1,805.9,271.0,614.8,558.1,422.4,602.4,626.9,220.4,549.7,244.2,632.6,361.9,200.5,623.9,676.4,434.9,315.6,614.5,417.0,187.9,637.3,335.1,270.9,553.4,457.9,0.0,216.9,311.4,13.8,563.8,177.7,679.4,633.8,718.6,801.0,561.6,693.2,342.1,212.6,220.5,662.9,186.6,440.5,572.1,224.2,344.4,277.8,571.3,683.9,214.4,358.9,227.0,449.4,626.6,267.3,383.0,678.4,695.1,640.9,288.8,686.3,688.2,718.9,424.7,650.6,493.6,613.1,631.1,246.1,292.1,405.2,555.9,764.5,414.1,249.4,697.5,245.4,522.8,683.7
OE,509.9,613.8,553.4,533.6,277.7,573.3,613.5,184.1,510.0,673.8,40.9,560.1,654.7,486.9,609.8,166.3,528.4,595.0,299.9,156.6,189.7,201.7,135.3,641.2,576.5,215.6,538.6,501.2,643.9,2887.0,603.8,338.9,534.1,222.7,574.1,191.1,565.8,222.1,569.1,742.9,208.0,551.8,495.1,359.4,539.4,563.9,45.4,486.7,140.4,569.6,298.9,203.1,560.9,613.4,347.8,252.6,551.5,354.0,170.5,574.3,272.1,56.0,490.4,394.9,217.2,0.0,248.4,203.4,500.8,180.3,616.4,570.8,655.6,738.0,498.6,630.2,279.1,195.2,70.8,599.9,40.2,377.5,509.1,206.8,281.4,214.8,508.3,620.9,110.6,295.9,35.6,386.4,563.6,204.3,320.0,615.4,632.1,577.9,225.8,623.3,625.2,655.9,361.7,587.6,430.6,550.1,568.1,142.3,229.1,342.2,492.9,701.5,351.1,186.4,634.5,182.4,459.8,620.7
OK,322.5,490.1,393.7,346.2,97.7,449.6,426.1,275.8,322.6,550.1,304.5,436.4,531.0,508.0,486.1,258.0,318.4,488.4,110.3,248.3,168.1,188.3,227.0,453.8,389.1,194.0,354.9,334.4,520.2,2741.9,480.5,176.9,410.4,243.8,450.4,169.5,378.4,50.5,381.7,568.3,127.4,418.5,272.7,119.0,415.7,406.4,269.1,319.9,292.9,465.6,50.4,294.8,408.8,491.4,176.2,115.4,427.8,164.4,262.2,386.9,114.2,319.6,303.0,416.0,308.9,265.6,0.0,295.1,313.4,272.0,429.0,382.2,531.9,530.7,331.8,506.5,30.6,286.9,269.2,412.5,235.3,205.9,403.4,298.5,101.4,24.7,320.9,523.4,263.1,47.4,275.7,158.3,371.4,147.3,97.6,428.0,508.4,454.2,63.8,435.9,437.8,532.2,135.1,400.2,341.4,362.7,431.5,294.8,20.9,152.6,305.5,565.7,179.5,207.5,510.8,203.5,293.0,497.0
OQ,559.1,663.0,602.6,582.8,326.9,622.5,662.7,167.7,559.2,723.0,242.0,609.3,703.9,536.1,659.0,169.9,577.6,644.2,349.1,99.0,238.9,250.9,138.9,690.4,625.7,264.8,587.8,550.4,693.1,2936.2,653.0,388.1,583.3,271.9,623.3,240.3,615.0,271.3,618.3,792.1,257.2,601.0,544.3,408.6,588.6,613.1,206.6,535.9,230.4,618.8,348.1,186.7,610.1,662.6,421.1,301.8,600.7,403.2,174.1,623.5,321.3,257.1,539.6,444.1,13.8,203.1,297.6,0.0,550.0,163.9,665.6,620.0,704.8,787.2,547.8,679.4,328.3,198.8,206.7,649.1,172.8,426.7,558.3,210.4,330.6,264.0,557.5,670.1,200.6,345.1,213.2,435.6,612.8,253.5,369.2,664.6,681.3,627.1,275.0,672.5,674.4,705.1,410.9,636.8,479.8,599.3,617.3,232.3,278.3,391.4,542.1,750.7,400.3,235.6,683.7,231.6,509.0,669.9
OZ,154.9,422.8,226.1,174.5,342.7,382.3,222.6,509.8,131.3,482.8,538.5,369.1,421.5,410.2,418.8,492.0,27.5,320.8,267.8,480.3,402.1,422.3,461.0,189.2,221.5,428.0,187.3,120.0,452.9,2550.6,361.1,347.0,343.1,477.8,383.1,403.5,187.1,350.7,190.4,501.6,361.4,250.9,112.2,290.8,348.4,238.8,503.1,75.1,526.9,326.9,312.7,528.8,241.2,408.1,220.3,367.4,360.5,245.7,496.2,121.8,362.3,552.3,8.7,305.8,542.9,499.6,311.2,529.1,0.0,506.0,193.9,214.6,464.6,463.6,102.2,439.2,353.5,520.9,503.2,221.2,469.3,217.0,202.2,532.5,331.3,306.8,42.7,375.8,497.1,307.0,509.7,188.1,203.8,381.3,252.4,236.7,441.1,386.9,256.2,215.0,246.5,464.9,276.0,135.1,381.5,195.1,263.9,528.8,321.1,311.5,85.3,498.4,190.6,441.5,440.6,437.5,108.1,429.7
PD,522.4,626.3,565.9,546.1,292.9,585.8,626.0,22.4,522.5,686.3,208.0,572.6,667.2,499.4,622.3,117.9,540.9,607.5,315.1,126.2,204.9,216.9,86.9,653.7,589.0,230.8,551.1,516.4,656.4,2899.5,616.3,354.1,546.6,237.9,586.6,206.3,578.3,237.3,581.6,758.1,223.2,564.3,510.3,374.6,551.9,576.4,172.6,501.9,196.4,582.1,314.1,76.7,573.4,625.9,363.0,267.8,564.0,369.2,122.1,586.8,287.3,223.1,502.9,407.4,186.8,169.1,263.6,173.0,513.3,0.0,628.9,583.3,668.1,753.2,513.8,642.7,294.3,146.8,172.7,612.4,138.8,392.7,521.6,158.4,296.6,230.0,520.8,633.4,166.6,311.1,179.2,401.6,576.1,219.5,335.2,627.9,644.6,590.4,241.0,635.8,637.7,668.4,376.9,600.1,443.1,562.6,580.6,198.3,244.3,357.4,505.4,716.7,366.3,201.6,647.0,197.6,475.0,633.2
PH,224.1,450.9,295.3,247.8,428.8,473.9,70.1,668.9,116.0,574.4,697.6,448.8,429.8,546.1,453.9,651.1,204.6,390.0,428.3,641.4,561.2,581.4,620.1,36.7,290.7,587.1,256.5,279.1,529.1,2578.6,430.3,506.1,410.9,636.9,474.7,562.6,160.2,509.8,129.6,592.6,520.5,320.1,271.3,370.8,427.5,308.0,662.2,213.4,686.0,396.1,489.8,687.9,310.4,416.4,379.4,526.5,415.0,404.8,655.3,71.2,448.4,712.7,201.7,416.0,702.0,658.7,470.3,688.2,193.0,665.1,0.0,283.8,556.2,555.0,266.4,515.4,529.6,680.0,662.3,249.2,628.4,376.1,271.4,691.6,490.4,465.9,201.8,384.1,656.2,484.1,668.8,342.5,273.0,540.4,384.0,264.7,532.7,478.5,415.3,62.5,274.5,556.5,453.1,54.6,406.4,264.3,333.1,687.9,480.2,470.6,247.0,590.0,349.7,600.6,535.1,596.6,267.2,521.3
PR,61.6,254.3,150.8,85.3,255.8,300.9,272.1,509.2,183.4,401.4,537.9,287.7,296.5,317.9,257.3,491.4,198.8,224.9,241.7,481.7,401.5,421.7,460.4,312.7,146.2,427.4,112.0,273.3,371.5,2614.6,233.7,316.0,211.8,421.8,301.7,402.9,224.4,350.1,227.7,419.6,360.8,70.7,265.5,197.8,267.0,58.6,502.5,189.6,526.3,199.5,321.1,528.2,133.1,243.3,186.1,337.7,218.4,245.1,495.6,245.3,275.4,553.0,195.9,181.3,542.3,499.0,308.7,528.5,187.2,505.4,315.5,0.0,383.2,382.0,260.6,357.8,346.4,520.3,502.6,258.5,468.7,216.4,45.7,531.9,285.2,306.2,196.0,250.8,496.5,307.0,509.1,169.5,128.5,355.3,224.3,274.0,359.7,305.5,255.6,281.9,283.8,383.5,279.6,258.6,233.4,119.8,188.6,528.2,320.5,282.6,241.2,417.0,190.0,430.2,362.1,401.2,261.4,348.3
PT,386.3,130.1,324.8,405.9,446.4,222.7,498.4,681.8,394.9,91.3,710.5,185.4,255.4,167.7,210.5,555.9,413.3,371.6,441.2,652.3,574.1,594.3,561.0,526.1,405.9,600.0,315.2,456.9,160.2,2421.3,150.5,519.0,241.4,507.6,223.5,575.5,450.7,522.7,454.0,88.4,533.4,328.4,477.5,370.4,225.5,340.5,675.1,433.9,698.9,183.9,493.7,700.8,337.5,257.9,416.4,539.4,213.0,417.7,609.7,459.2,466.0,716.9,375.3,230.2,714.9,671.6,481.3,701.1,385.7,678.0,501.3,347.4,0.0,50.8,454.3,146.5,518.0,612.9,675.2,484.8,641.3,389.0,285.7,596.4,503.3,478.8,393.2,289.9,669.1,479.6,681.7,342.1,340.2,553.3,396.9,494.8,76.0,94.2,428.2,508.2,504.6,73.4,452.2,472.5,273.2,379.5,344.7,700.8,493.1,483.5,377.8,85.8,362.6,516.0,228.9,487.0,415.5,25.6
QD,379.2,149.5,322.9,398.8,439.3,215.6,491.3,674.7,387.8,110.7,703.4,145.5,274.8,162.8,229.9,548.8,406.2,364.5,434.1,647.2,567.0,587.2,553.9,519.0,398.8,592.9,308.1,449.8,179.6,2440.7,169.9,511.9,234.3,500.5,216.4,568.4,443.6,515.6,446.9,37.3,526.3,321.3,470.4,363.3,175.0,333.4,668.0,426.8,691.8,203.3,486.6,693.7,330.4,277.3,385.2,532.3,187.1,410.6,602.6,452.1,458.9,709.8,368.2,223.0,707.8,664.5,474.2,694.0,378.6,670.9,494.2,340.3,41.2,0.0,447.2,165.9,510.9,605.8,668.1,477.7,634.2,381.9,278.6,589.3,496.2,471.7,386.1,309.3,662.0,472.5,674.6,335.0,333.1,546.2,389.8,487.7,95.2,113.6,421.1,501.1,497.5,92.8,445.1,465.4,266.1,372.4,337.6,693.7,486.0,476.4,370.7,34.7,355.5,508.9,221.8,479.9,408.4,45.0
QI,215.1,432.6,281.1,234.7,352.5,392.1,282.8,519.6,202.6,492.6,548.3,378.9,473.5,420.0,428.6,501.8,83.3,381.0,277.6,490.1,411.9,432.1,470.8,249.4,281.7,437.8,247.5,57.6,462.7,2638.6,423.0,356.8,352.9,487.6,392.9,413.3,275.1,385.4,278.4,510.8,371.2,311.1,87.0,265.3,358.2,299.0,512.9,84.8,536.7,408.1,287.2,538.6,301.4,433.9,254.2,377.2,370.3,255.5,506.0,182.0,372.1,562.1,117.0,315.7,552.7,509.4,334.8,538.9,108.3,515.8,254.1,274.8,474.4,473.4,0.0,449.0,328.0,530.7,513.0,309.2,479.1,226.8,262.4,542.3,341.1,359.6,76.7,436.0,506.9,281.5,519.5,201.5,264.0,391.1,226.9,324.7,450.9,396.7,266.0,275.2,334.5,474.7,250.5,195.3,391.3,255.3,324.1,538.6,355.8,321.3,121.9,508.2,200.4,451.3,450.4,447.3,45.7,439.5
QL,331.3,71.3,275.0,355.0,476.7,291.2,523.8,692.8,435.1,194.6,735.2,126.6,180.6,223.9,151.7,608.6,450.5,316.6,471.5,679.0,604.4,624.6,613.7,564.4,378.3,630.3,260.2,525.0,13.6,2425.8,91.7,549.3,277.7,560.3,292.0,605.8,476.1,553.0,479.4,212.8,563.7,314.2,517.2,400.7,166.7,326.3,699.8,441.3,723.6,125.1,524.0,711.8,294.4,199.1,422.6,569.7,154.2,448.0,662.4,497.0,496.3,750.3,447.6,282.8,739.6,696.3,511.6,725.8,438.9,689.0,567.2,333.2,176.4,175.2,512.3,0.0,549.3,665.6,699.9,548.1,666.0,419.3,271.5,649.1,533.6,509.1,447.7,206.8,693.8,509.9,706.4,372.4,285.2,583.6,427.2,463.5,152.9,52.2,458.5,533.6,473.3,176.7,482.5,510.3,325.9,324.5,289.3,725.5,523.4,513.8,408.1,210.2,392.9,568.7,297.4,539.7,445.8,141.5
RH,349.3,516.9,420.5,368.9,137.5,476.4,452.9,315.6,349.4,576.9,344.3,463.2,557.8,550.3,512.9,297.8,326.3,515.2,137.1,288.1,207.9,228.1,266.8,480.6,415.9,233.8,381.7,342.3,547.0,2768.7,507.3,216.7,437.2,283.6,477.2,209.3,405.2,90.3,408.5,595.7,167.2,445.3,299.5,145.8,442.5,433.2,308.9,327.8,332.7,492.4,62.4,334.6,435.6,518.2,203.0,155.2,454.6,191.2,302.0,413.7,154.0,358.1,329.8,455.8,348.7,305.4,39.7,334.9,340.2,311.8,455.8,409.0,558.7,557.7,339.7,533.3,0.0,326.7,309.0,439.3,275.1,232.7,430.2,338.3,141.2,64.5,347.7,550.2,302.9,74.2,315.5,185.1,398.2,187.1,124.4,454.8,535.2,481.0,103.6,462.7,464.6,559.0,161.9,427.0,368.2,389.5,458.3,334.6,60.7,179.4,332.3,592.5,206.3,247.3,535.7,243.3,300.9,523.8
RJ,477.5,581.4,521.0,501.2,324.3,540.9,581.1,147.1,477.6,641.4,239.4,527.7,622.3,454.5,577.4,56.9,496.0,562.6,346.5,137.6,236.3,248.3,77.5,608.8,544.1,262.2,506.2,556.8,611.5,2854.6,571.4,385.5,501.7,266.2,541.7,237.7,533.4,268.7,536.7,659.6,254.6,519.4,567.0,406.0,507.0,531.5,204.0,516.6,227.8,537.2,345.5,166.1,528.5,581.0,348.4,299.2,519.1,400.6,65.0,541.9,318.7,254.5,458.0,362.5,198.2,200.5,295.0,184.4,468.4,143.3,584.0,538.4,623.2,622.0,544.1,597.8,325.7,0.0,204.1,567.5,170.2,424.1,476.7,16.4,328.0,261.4,475.9,588.5,198.0,342.5,210.6,433.0,531.2,250.9,366.6,583.0,599.7,545.5,272.4,590.9,592.8,623.5,408.3,555.2,398.2,517.7,535.7,229.7,275.7,388.8,460.5,664.5,397.7,233.0,602.1,229.0,544.9,588.3
RL,516.2,620.1,559.7,539.9,284.0,579.6,619.8,190.4,516.3,680.1,100.6,566.4,661.0,493.2,616.1,172.6,534.7,601.3,306.2,162.9,196.0,208.0,141.6,647.5,582.8,221.9,544.9,507.5,650.2,2893.3,610.1,345.2,540.4,229.0,580.4,197.4,572.1,228.4,575.4,749.2,214.3,558.1,501.4,365.7,545.7,570.2,41.2,493.0,130.9,575.9,305.2,209.4,567.2,619.7,378.2,258.9,557.8,360.3,176.8,580.6,278.4,115.7,496.7,401.2,223.5,81.7,254.7,209.7,507.1,186.6,622.7,577.1,661.9,744.3,504.9,636.5,285.4,201.5,0.0,606.2,80.9,383.8,515.4,213.1,287.7,221.1,514.6,627.2,101.1,302.2,95.0,392.7,569.9,210.6,326.3,621.7,638.4,584.2,232.1,629.6,631.5,662.2,368.0,593.9,436.9,556.4,574.4,132.8,235.4,348.5,499.2,707.8,357.4,192.7,640.8,188.7,466.1,627.0
RM,253.0,462.2,324.2,253.9,439.7,484.8,294.1,693.1,313.9,585.3,721.8,460.1,414.5,557.4,459.2,675.3,329.3,371.0,425.6,772.3,585.4,605.6,644.3,321.8,250.9,611.3,285.4,403.8,536.8,2501.8,441.6,499.9,422.2,605.7,485.6,586.8,246.4,534.0,249.7,603.5,544.7,349.0,396.0,381.7,438.8,336.9,686.4,320.1,710.2,407.4,505.0,712.1,339.3,401.1,370.0,521.6,426.3,429.0,679.5,367.8,459.3,736.9,326.4,427.3,798.7,682.9,492.6,784.9,317.7,689.3,332.3,280.6,567.1,565.9,391.1,526.7,530.3,704.2,686.5,0.0,652.6,400.3,282.3,715.8,469.1,490.1,326.5,368.8,680.4,490.9,693.0,353.4,301.9,539.2,408.2,179.7,543.6,489.4,439.5,303.9,189.5,567.4,463.5,370.2,417.3,277.3,310.9,712.1,504.4,466.5,371.7,600.9,373.9,614.1,546.0,585.1,513.6,532.2
RP,469.6,573.5,513.1,493.3,237.4,533.0,573.2,143.8,469.7,633.5,69.1,519.8,614.4,446.6,569.5,126.0,488.1,554.7,259.6,116.3,149.4,161.4,95.0,600.9,536.2,175.3,498.3,460.9,603.6,2846.7,563.5,298.6,493.8,182.4,533.8,150.8,525.5,181.8,528.8,702.6,167.7,511.5,454.8,319.1,499.1,523.6,55.6,446.4,111.9,529.3,258.6,162.8,520.6,573.1,307.5,212.3,511.2,313.7,130.2,534.0,231.8,84.2,450.1,354.6,176.9,30.2,208.1,163.1,460.5,140.0,576.1,530.5,615.3,697.7,458.3,589.9,238.8,154.9,81.0,559.6,0.0,337.2,468.8,166.5,241.1,174.5,468.0,580.6,82.1,255.6,40.3,346.1,523.3,164.0,279.7,575.1,591.8,537.6,185.5,583.0,584.9,615.6,321.4,547.3,390.3,509.8,527.8,113.8,188.8,301.9,452.6,661.2,310.8,146.1,594.2,142.1,419.5,580.4
RR,286.4,407.5,357.6,310.1,225.9,367.0,390.0,393.0,286.5,467.5,421.7,353.8,448.4,399.6,403.5,375.2,227.9,406.7,152.4,365.5,285.3,305.5,344.2,417.7,353.0,311.2,318.8,243.9,437.6,2680.7,397.9,230.2,327.8,361.0,367.8,286.7,342.3,233.9,345.6,485.7,244.6,363.5,264.5,147.5,333.1,370.3,386.3,229.4,410.1,383.0,222.5,412.0,372.6,408.8,103.5,250.6,345.2,128.9,379.4,350.8,245.5,436.8,266.9,290.5,426.1,382.8,194.4,412.3,277.3,389.2,392.9,346.1,449.3,448.1,241.3,423.9,232.1,404.1,386.4,376.4,352.5,0.0,320.8,415.7,214.5,190.0,284.8,440.8,380.3,192.7,392.9,129.1,335.3,264.5,108.1,391.9,425.8,371.6,139.4,399.8,401.7,449.6,216.2,364.1,305.3,326.6,379.8,412.0,204.3,194.7,269.4,483.1,26.4,324.7,428.2,320.7,202.5,414.4
RT,123.3,208.5,113.3,147.0,253.4,226.0,333.8,506.8,245.1,326.5,535.5,206.4,250.7,272.1,211.5,489.0,260.5,179.1,239.3,479.3,399.1,419.3,458.0,374.4,206.7,425.0,116.5,335.0,286.7,2539.7,187.9,313.6,166.0,419.4,226.8,400.5,286.1,347.7,289.4,344.7,358.4,79.5,327.2,195.4,185.1,91.6,500.1,251.3,523.9,153.7,318.7,525.8,88.6,197.5,217.3,335.3,172.6,242.7,493.2,307.0,273.0,550.6,257.6,135.5,539.9,496.6,306.3,526.1,248.9,503.0,377.2,61.6,308.3,307.1,322.3,273.0,344.0,517.9,500.2,320.2,466.3,214.0,0.0,529.5,282.8,303.8,257.7,205.0,494.1,304.6,506.7,167.1,141.5,352.9,221.9,302.3,284.8,230.6,253.2,343.6,312.1,308.6,277.2,320.3,178.6,180.3,151.1,525.8,318.1,280.2,202.8,342.1,187.6,427.8,287.2,398.8,323.1,273.4
RV,461.0,564.9,504.5,480.6,337.9,524.4,564.6,160.7,461.1,624.9,253.0,511.2,605.8,440.5,560.9,40.4,479.5,546.1,360.1,149.2,249.9,261.9,81.6,592.3,527.6,275.8,489.7,540.3,595.0,2838.1,554.9,399.1,485.2,249.7,525.2,251.3,516.9,282.3,520.2,643.1,268.2,502.9,550.5,419.6,490.5,515.0,217.6,500.1,241.4,520.7,359.1,179.7,512.0,564.5,331.9,312.8,502.6,388.4,81.5,525.4,332.3,266.8,441.5,345.9,211.8,214.1,308.6,198.0,451.9,156.9,567.5,521.9,606.7,605.7,527.6,581.3,338.3,16.4,217.7,551.0,183.8,437.7,460.2,0.0,341.6,275.0,459.4,572.0,211.6,356.1,224.2,426.3,514.7,264.5,380.2,566.5,583.2,529.0,286.0,574.4,576.3,607.0,421.9,538.7,381.7,501.2,519.2,243.3,289.3,402.4,444.0,648.0,411.3,246.6,582.7,242.6,528.4,571.8
RZ,305.1,472.7,376.3,328.8,41.4,432.2,408.7,299.6,305.2,532.7,328.3,419.0,513.6,404.5,468.7,281.8,323.6,471.0,159.5,272.1,191.9,212.1,250.8,436.4,371.7,217.8,337.5,384.4,502.8,2724.5,463.1,141.9,393.0,267.6,433.0,193.3,361.0,122.5,364.3,550.9,120.6,401.1,394.6,219.0,398.3,389.0,292.9,344.2,316.7,448.2,162.7,318.6,391.4,474.0,176.0,84.2,410.4,213.6,286.0,369.5,61.0,343.4,285.6,312.5,332.7,289.4,112.2,318.9,296.0,295.8,411.6,364.8,514.5,513.3,371.7,489.1,142.9,310.7,293.0,395.1,259.1,237.1,386.0,322.3,0.0,78.6,303.5,506.0,286.9,159.7,299.5,246.0,354.0,140.9,179.6,410.6,491.0,436.8,87.7,418.5,420.4,514.8,221.3,382.8,324.0,345.3,414.1,318.6,92.9,201.8,288.1,548.3,210.7,231.3,493.4,227.3,319.4,479.6
SI,325.3,478.0,396.5,344.9,72.9,437.5,428.9,251.0,325.4,538.0,279.7,424.3,518.9,485.7,474.0,233.2,298.4,477.2,113.1,221.5,143.3,163.5,202.2,456.6,391.9,169.2,357.7,314.4,508.1,2744.7,468.4,152.1,398.3,219.0,438.3,144.7,381.2,43.8,384.5,556.2,102.6,421.3,306.3,152.6,403.6,409.2,244.3,299.9,268.1,453.5,84.0,270.0,411.6,479.3,185.1,90.6,415.7,167.2,237.4,389.7,89.4,293.5,305.8,391.1,284.1,240.8,33.5,270.3,316.2,247.2,431.8,385.0,519.8,518.8,311.8,494.4,63.2,262.1,244.4,415.3,210.5,190.7,391.3,273.7,76.6,0.0,323.7,511.3,238.3,81.0,250.9,186.9,374.2,122.5,131.2,430.8,496.3,442.1,39.0,438.7,440.6,520.1,168.7,403.0,344.2,365.5,434.3,270.0,14.2,155.4,308.3,553.6,164.3,182.7,495.8,178.7,273.0,484.9
SK,161.9,401.6,233.1,185.6,321.5,361.1,229.6,488.6,142.5,461.6,517.3,347.9,428.5,393.7,397.6,470.8,52.5,327.8,248.0,461.1,380.9,401.1,439.8,196.2,228.5,406.8,194.3,80.8,431.7,2561.8,392.0,325.8,321.9,456.6,361.9,382.3,198.3,329.5,201.6,479.8,340.2,257.9,91.0,195.2,327.2,245.8,481.9,91.1,505.7,377.1,327.9,507.6,248.2,402.9,199.1,346.2,339.3,224.5,475.0,128.8,341.1,532.4,69.6,284.6,521.7,478.4,290.0,507.9,60.9,484.8,200.9,221.6,443.4,442.2,68.1,418.0,367.7,499.7,482.0,232.4,448.1,195.8,209.2,511.3,310.1,285.6,0.0,382.8,475.9,322.2,488.5,166.9,210.8,360.1,203.7,247.9,419.9,365.7,235.0,222.0,257.7,443.7,291.2,142.1,360.3,202.1,270.9,507.6,299.9,290.3,45.1,477.2,169.4,420.3,422.3,416.3,68.9,408.5
SM,265.2,150.2,146.4,240.9,472.1,233.3,432.7,622.0,369.9,341.6,664.4,148.1,92.5,240.7,137.2,537.8,385.3,154.2,441.1,608.2,574.0,594.2,542.9,499.2,198.3,599.9,195.0,459.8,214.8,2531.7,129.6,518.9,206.9,489.5,234.1,575.4,385.0,522.6,388.3,360.4,533.3,243.7,452.0,370.3,108.8,255.8,629.0,376.1,652.8,95.4,493.6,641.0,211.2,32.2,416.3,539.3,96.3,417.6,591.6,431.8,491.7,670.8,382.4,212.1,668.8,625.5,481.2,655.0,373.7,618.2,502.0,304.5,323.4,322.4,447.1,214.7,517.9,594.8,629.1,370.8,595.2,388.9,200.7,578.3,501.5,478.7,382.5,0.0,623.0,479.5,635.6,345.6,186.9,553.2,396.8,286.2,299.9,199.2,428.1,442.5,296.0,323.7,452.1,445.1,255.1,224.7,109.3,654.7,493.0,483.4,427.7,357.2,362.5,497.9,236.6,468.9,447.9,288.5
ST,544.3,648.2,587.8,563.9,312.1,607.7,647.9,218.5,544.4,708.2,164.6,594.5,689.1,523.8,644.2,200.7,562.8,629.4,332.9,189.0,224.1,236.1,169.7,675.6,610.9,250.0,573.0,535.6,678.3,2921.4,638.2,373.3,568.5,257.1,608.5,225.5,600.2,256.5,603.5,777.3,242.4,586.2,529.5,393.8,573.8,598.3,105.2,521.1,62.2,604.0,333.3,237.5,595.3,647.8,382.2,287.0,585.9,388.4,204.9,608.7,306.5,178.4,524.8,429.3,251.6,139.3,282.8,237.8,535.2,214.7,650.8,605.2,690.0,772.2,533.0,664.6,312.5,229.6,105.3,634.3,109.0,411.9,543.5,241.2,315.8,249.2,542.7,655.3,0.0,330.3,149.4,424.4,598.0,238.7,354.4,649.8,666.5,612.3,260.2,657.7,659.6,690.3,396.1,622.0,465.0,584.5,602.5,79.2,263.5,376.6,527.3,735.9,385.5,220.8,666.0,216.8,494.2,655.1
SY,310.9,478.5,382.1,334.6,155.3,438.0,414.5,333.4,311.0,538.5,362.1,424.8,519.4,470.6,474.5,315.6,285.8,476.8,98.7,305.9,225.7,245.9,284.6,442.2,377.5,251.6,343.3,301.8,508.6,2730.3,468.9,194.5,398.8,301.4,438.8,227.1,366.8,108.1,370.1,556.7,185.0,406.9,261.1,107.4,404.1,394.8,326.7,287.3,350.5,454.0,85.6,352.4,397.2,479.8,164.6,173.0,416.2,152.8,319.8,375.3,171.8,377.2,291.4,383.7,366.5,323.2,57.5,352.7,301.8,329.6,417.4,370.6,520.3,519.1,299.2,494.9,95.2,344.5,326.8,400.9,292.9,194.3,391.8,356.1,159.0,82.3,309.3,511.8,320.7,0.0,333.3,146.7,359.8,204.9,86.0,416.4,496.8,442.6,103.7,424.3,426.2,520.6,87.6,388.6,329.8,351.1,419.9,352.4,78.5,141.0,293.9,554.1,167.9,265.1,499.2,261.1,260.4,485.4
SZ,500.6,604.5,544.1,524.3,268.4,564.0,604.2,174.8,500.7,664.5,77.2,550.8,645.4,477.6,600.5,157.0,519.1,585.7,290.6,147.3,180.4,192.4,126.0,631.9,567.2,206.3,529.3,491.9,634.6,2877.7,594.5,329.6,524.8,213.4,564.8,181.8,556.5,212.8,559.8,733.6,198.7,542.5,485.8,350.1,530.1,554.6,79.3,477.4,142.9,560.3,289.6,193.8,551.6,604.1,362.6,243.3,542.2,344.7,161.2,565.0,262.8,92.3,481.1,385.6,207.9,36.2,239.1,194.1,491.5,171.0,607.1,561.5,646.3,728.7,489.3,620.9,269.8,185.9,104.7,590.6,30.9,368.2,499.8,197.5,272.1,205.5,499.0,611.6,113.1,286.6,0.0,377.1,554.3,195.0,310.7,606.1,622.8,568.6,216.5,614.0,615.9,646.6,352.4,578.3,421.3,540.8,558.8,144.8,219.8,332.9,483.6,692.2,341.8,177.1,625.2,173.1,450.5,611.4
TI,296.4,445.7,362.4,321.0,233.3,405.2,364.1,402.2,311.7,505.7,430.9,392.0,486.6,429.5,441.7,384.4,152.4,444.9,149.3,376.3,298.1,314.7,357.0,330.7,363.0,324.0,328.8,168.4,475.8,2718.9,432.5,243.0,366.0,373.8,406.0,299.5,367.5,186.1,370.8,524.5,257.4,392.4,189.0,28.3,371.3,380.3,395.5,153.9,422.9,421.2,163.6,424.8,382.7,447.0,128.7,254.6,383.4,154.1,392.2,263.3,253.4,440.9,186.1,328.8,438.9,395.6,139.1,425.1,177.4,402.0,335.4,356.1,483.9,482.9,170.8,462.1,172.2,416.9,399.2,401.6,365.3,158.4,359.0,424.9,227.3,160.3,195.6,475.4,393.1,137.4,405.7,0.0,345.3,273.7,68.2,417.1,464.0,409.8,152.2,356.5,426.9,487.8,163.7,276.6,330.5,336.6,405.4,424.8,160.1,193.0,196.5,521.3,132.0,337.5,459.9,329.9,127.0,452.6
UC,97.5,209.3,53.7,121.2,345.1,264.9,290.0,598.5,201.3,400.7,627.2,207.2,235.1,304.5,212.3,500.2,216.7,148.4,331.0,571.0,490.8,511.0,549.7,330.6,104.5,516.7,26.4,291.2,287.5,2578.6,188.7,405.3,169.3,451.9,265.7,492.2,242.3,439.4,245.6,418.9,450.1,125.6,283.4,287.1,185.9,133.2,591.8,207.5,615.6,154.5,410.4,617.5,93.1,221.7,275.4,427.0,173.4,334.4,584.9,263.2,364.7,642.3,213.8,174.4,631.6,588.3,398.0,617.8,205.1,594.7,333.4,137.2,382.5,381.3,278.5,273.8,435.7,557.2,591.9,276.4,558.0,305.7,158.3,540.7,374.5,395.5,213.9,189.4,585.8,396.3,598.4,258.8,0.0,444.6,313.6,271.6,359.0,258.3,344.9,299.8,281.4,382.8,368.9,276.5,217.5,90.7,77.5,617.5,409.8,371.9,259.1,416.3,279.3,460.3,316.6,431.3,279.3,347.6
UH,372.7,540.3,443.9,392.3,86.9,499.8,476.3,221.1,372.8,600.3,249.8,486.6,581.2,455.8,536.3,203.3,391.2,561.4,208.2,193.6,113.4,133.6,172.3,504.0,439.3,139.3,405.1,452.0,570.4,2792.1,530.7,218.0,460.6,189.1,500.6,114.8,428.6,130.4,431.9,618.5,42.6,468.7,403.4,267.7,465.9,456.6,214.4,411.8,238.2,515.8,207.2,240.1,459.0,541.6,256.1,134.3,478.0,262.3,207.5,437.1,67.7,264.9,353.2,361.3,254.2,210.9,156.7,240.4,363.6,217.3,479.2,432.4,582.1,581.1,439.3,556.7,186.4,232.2,214.5,462.7,180.6,285.8,475.5,243.8,118.4,123.1,371.1,573.6,208.4,204.2,221.0,298.3,421.6,0.0,228.3,478.2,558.6,504.4,134.1,486.1,488.0,582.4,270.0,450.4,391.6,412.9,481.7,240.1,137.4,250.5,355.7,667.9,259.4,152.8,558.1,148.8,368.1,547.2
UP,262.3,396.4,333.5,286.0,189.4,355.9,365.9,356.5,262.4,456.4,385.2,342.7,437.3,388.5,392.4,338.7,220.7,395.6,115.9,329.0,248.8,269.0,307.7,393.6,328.9,274.7,294.7,236.7,426.5,2669.6,386.8,193.7,316.7,324.5,356.7,250.2,318.2,158.4,321.5,474.6,208.1,352.4,175.0,38.3,322.0,346.2,349.8,222.2,373.6,371.9,135.9,375.5,348.6,397.7,79.4,214.1,334.1,104.8,342.9,326.7,209.0,400.3,242.8,279.4,389.6,346.3,107.8,375.8,245.7,352.7,368.8,322.0,438.2,437.0,234.1,412.8,145.5,367.6,349.9,352.3,316.0,109.1,309.7,379.2,178.0,132.6,211.9,429.7,343.8,106.1,356.4,77.6,311.2,228.0,0.0,367.8,414.7,360.5,102.9,375.7,377.6,438.5,108.0,340.0,281.2,302.5,368.7,375.5,128.8,158.2,245.3,472.0,82.7,288.2,417.1,284.2,195.3,403.3
UQ,197.4,361.6,268.6,203.4,384.1,429.2,238.5,637.5,258.3,529.7,666.2,416.0,369.0,457.1,413.7,619.7,273.7,315.4,368.6,608.0,529.8,550.0,588.7,266.2,195.3,555.7,229.8,348.2,491.3,2449.0,341.0,444.3,390.0,550.1,430.0,531.2,190.8,478.4,194.1,547.9,489.1,293.4,340.4,326.1,395.3,281.3,630.8,264.5,654.6,306.8,449.4,656.5,283.7,355.6,314.4,466.0,407.4,373.4,623.9,312.2,403.7,680.0,270.8,352.7,670.6,627.3,437.0,656.8,262.1,633.7,276.7,225.0,511.5,510.5,335.5,486.1,473.7,648.6,630.9,176.7,597.0,344.7,226.7,660.2,413.5,434.5,270.9,323.3,624.8,435.3,637.4,297.8,246.3,483.6,352.6,0.0,488.0,433.8,383.9,248.3,88.4,511.8,407.9,314.6,361.7,221.7,255.3,656.5,448.8,410.9,316.1,545.3,318.3,558.5,487.5,529.5,336.3,476.6
UR,374.0,117.8,312.5,393.6,434.1,210.4,486.1,669.5,382.6,125.4,698.2,173.1,243.1,157.6,198.2,543.6,401.0,359.3,428.9,640.0,561.8,582.0,548.7,513.8,393.6,587.7,302.9,444.6,147.9,2409.0,138.2,506.7,229.1,495.3,211.2,563.2,438.4,510.4,441.7,144.2,521.1,316.1,465.2,358.1,213.2,328.2,662.8,421.6,686.6,171.6,481.4,688.5,325.2,245.6,404.1,527.1,200.7,405.4,597.4,446.9,453.7,713.3,363.0,217.9,702.6,659.3,469.0,688.8,373.4,665.7,489.0,335.1,107.2,106.0,442.0,134.2,505.7,600.6,662.9,472.5,629.0,376.7,273.4,584.1,491.0,466.5,380.9,277.6,656.8,467.3,669.4,333.4,327.9,541.0,384.6,482.5,0.0,81.9,415.9,495.9,492.3,107.5,439.9,460.2,260.9,367.2,332.4,688.5,480.8,471.2,365.5,141.0,350.3,503.7,216.6,474.7,403.2,72.3
UX,295.8,35.8,234.3,315.4,424.4,200.7,476.4,657.3,399.6,142.3,688.5,91.1,161.1,183.7,116.2,573.1,415.0,281.1,417.8,632.3,552.1,572.3,578.2,528.9,315.4,578.0,224.7,434.9,65.9,2373.5,56.2,497.0,242.2,524.8,201.5,553.5,428.7,500.7,432.0,160.5,511.4,278.7,481.7,348.4,131.2,290.8,653.1,405.8,676.9,89.6,471.7,676.3,258.9,163.6,394.4,517.4,118.7,395.7,626.9,461.5,444.0,694.9,353.3,247.4,692.9,649.6,459.3,679.1,403.4,653.5,479.3,297.7,124.1,123.1,476.8,52.2,496.0,630.1,653.2,488.9,619.3,367.0,236.0,613.6,481.3,456.8,412.2,195.6,647.1,457.6,659.7,320.1,249.7,531.3,374.9,404.3,100.6,0.0,406.2,486.2,414.1,124.4,430.2,474.8,290.4,289.0,254.2,678.8,471.1,461.5,355.8,157.9,340.6,533.2,204.0,504.2,393.5,89.2
UZ,286.2,438.9,352.2,305.8,93.4,398.4,389.8,253.5,286.3,498.9,282.2,385.2,479.8,407.7,434.9,235.7,259.3,438.1,72.6,224.0,145.8,166.0,204.7,417.5,352.8,171.7,318.6,275.3,469.0,2705.6,429.3,113.0,359.2,221.5,399.2,147.2,342.1,94.4,345.4,517.7,105.1,382.2,269.2,133.5,364.5,370.1,246.8,260.8,270.6,414.4,124.1,272.5,372.5,440.2,121.9,111.1,376.6,128.1,239.9,350.6,109.9,296.0,266.7,310.9,286.6,243.3,84.1,272.8,277.1,249.7,392.7,345.9,480.7,479.7,272.7,455.3,113.8,264.6,246.9,376.2,213.0,151.6,352.2,276.2,97.1,50.5,284.6,472.2,240.8,94.3,253.4,160.5,335.1,125.0,94.1,391.7,457.2,403.0,0.0,399.6,401.5,481.0,135.8,363.9,305.1,326.4,395.2,272.5,64.8,116.3,269.2,514.5,125.2,185.2,456.7,181.2,233.9,445.8
VL,255.2,482.0,326.4,222.0,407.8,452.9,7.5,681.3,147.1,553.4,710.0,439.7,392.7,485.5,437.4,663.5,217.0,339.1,393.7,653.8,573.6,593.8,632.5,17.8,219.0,599.5,287.6,291.5,515.0,2548.8,461.4,468.0,413.7,573.8,453.7,575.0,123.1,522.2,92.5,571.6,532.9,351.2,283.7,349.8,419.0,339.1,674.6,225.8,698.4,427.2,502.2,700.3,341.5,379.3,391.8,489.7,431.1,417.2,667.7,82.8,427.4,725.1,214.1,376.4,714.4,671.1,482.7,700.6,205.4,677.5,44.6,248.7,535.2,534.0,278.8,509.8,542.0,692.4,674.7,219.4,640.8,388.5,250.4,704.0,437.2,478.3,214.2,347.0,668.6,496.5,681.2,321.5,304.1,507.3,396.4,234.9,511.7,457.5,427.7,0.0,244.7,535.5,465.5,66.2,385.4,245.4,279.0,700.3,492.6,434.6,259.4,569.0,362.1,613.0,514.1,553.2,279.6,500.3
VO,225.6,367.4,296.8,226.5,412.3,457.4,266.7,665.7,286.5,557.9,694.4,444.2,397.2,490.0,441.9,647.9,301.9,343.6,398.2,638.2,558.0,578.2,616.9,294.4,223.5,583.9,258.0,376.4,519.5,2429.3,346.8,472.5,327.4,578.3,458.2,559.4,219.0,506.6,222.3,576.1,517.3,321.6,368.6,354.3,423.5,309.5,659.0,292.7,682.8,312.6,477.6,684.7,311.9,383.8,376.2,494.2,331.5,401.6,652.1,340.4,431.9,709.5,299.0,332.5,698.8,655.5,465.2,685.0,290.3,661.9,304.9,253.2,539.7,538.5,363.7,514.3,502.9,676.8,659.1,204.9,625.2,372.9,254.9,688.4,441.7,462.7,299.1,351.5,653.0,463.5,665.6,326.0,274.5,511.8,380.8,84.7,516.2,462.0,412.1,276.5,0.0,540.0,436.1,342.8,389.9,249.9,283.5,684.7,477.0,439.1,344.3,573.5,346.5,586.7,518.6,557.7,364.5,504.8
VQ,386.7,140.9,330.4,410.4,446.8,223.1,498.8,682.2,395.3,17.8,710.9,196.2,266.2,172.8,221.3,556.3,413.7,372.0,441.6,654.7,574.5,594.7,561.4,526.5,406.3,600.4,315.6,457.3,171.0,2432.1,161.3,519.4,241.8,508.0,223.9,575.9,451.1,523.1,454.4,140.3,533.8,328.8,477.9,370.8,182.5,340.9,675.5,434.3,699.3,194.7,494.1,701.2,337.9,268.7,416.8,539.8,223.8,418.1,610.1,459.6,466.4,726.0,375.7,230.5,715.3,672.0,481.7,701.5,386.1,678.4,501.7,347.8,103.9,102.7,454.7,157.3,519.4,613.3,675.6,485.2,641.7,389.4,286.1,596.8,503.7,479.2,393.6,300.7,669.5,480.0,682.1,342.5,340.6,553.7,397.3,495.2,86.8,105.0,428.6,508.6,505.0,0.0,452.6,472.9,273.6,379.9,345.1,701.2,493.5,483.9,378.2,137.7,363.0,516.4,229.3,487.4,415.9,69.0
VU,379.9,471.2,451.1,403.6,229.3,430.7,447.6,396.4,350.1,531.2,425.1,417.5,512.1,463.3,467.2,378.6,235.9,470.4,137.8,368.9,288.7,308.9,347.6,414.2,446.5,314.6,412.3,251.9,501.3,2744.4,461.6,233.6,391.5,364.4,431.5,290.1,405.9,194.8,409.2,549.4,248.0,427.2,217.0,158.0,396.8,463.8,389.7,237.4,413.5,446.7,131.8,415.4,466.2,472.5,220.9,254.0,408.9,191.9,382.8,346.8,248.9,440.2,269.6,354.2,429.5,386.2,144.2,415.7,260.9,392.6,418.9,439.6,513.0,511.8,249.3,487.6,171.6,407.5,389.8,440.0,355.9,228.8,384.5,419.1,217.9,169.0,279.1,504.5,383.7,88.7,396.3,197.3,428.8,267.9,119.6,455.5,489.5,435.3,142.8,440.0,465.3,513.3,0.0,360.1,368.9,420.1,443.5,415.4,165.2,180.1,280.0,546.8,202.4,328.1,491.9,324.1,210.5,478.1
WB,210.3,437.1,281.5,234.0,447.9,487.5,87.4,615.0,116.7,588.0,643.7,474.3,476.9,520.1,440.1,597.2,150.7,376.2,374.4,587.5,507.3,527.5,566.2,54.0,276.9,533.2,242.7,225.2,558.1,2562.3,416.5,452.2,397.1,583.0,488.3,508.7,198.8,455.9,172.4,606.2,466.6,306.3,217.4,321.6,453.6,294.2,608.3,159.5,632.1,382.3,435.9,634.0,296.6,463.5,325.5,472.6,401.2,350.9,601.4,16.6,467.5,658.8,147.8,402.2,648.1,604.8,416.4,634.3,139.1,611.2,70.3,270.0,569.8,568.6,212.5,544.4,475.7,626.1,608.4,232.9,574.5,322.2,257.6,637.7,436.5,412.0,147.9,431.2,602.3,430.2,614.9,293.3,259.2,486.5,330.1,248.4,546.3,492.1,361.4,79.8,258.2,570.1,399.2,0.0,392.6,250.5,319.3,634.0,426.3,416.7,193.1,603.6,295.8,546.7,548.7,542.7,213.3,534.9
XA,244.3,248.4,188.0,268.0,268.6,207.9,374.4,490.1,270.9,308.4,532.5,194.7,289.3,216.7,244.4,405.9,289.3,229.6,278.6,476.3,450.1,470.3,411.0,402.1,263.9,476.0,173.2,332.9,278.5,2521.6,238.4,328.8,168.7,357.6,208.7,451.5,326.7,398.7,330.0,326.6,409.4,186.4,353.5,246.4,174.0,198.5,497.1,354.3,520.9,204.2,369.7,509.1,195.5,248.0,268.3,350.5,186.1,293.7,459.7,335.2,288.2,547.6,251.3,29.5,536.9,493.6,348.6,523.1,261.7,486.3,377.3,205.4,290.2,289.0,330.3,264.8,386.3,462.9,497.2,360.8,463.3,265.0,143.7,446.4,298.0,354.8,269.2,255.5,491.1,346.9,503.7,218.1,198.2,368.1,272.9,352.8,266.7,212.5,304.2,384.2,362.6,290.5,328.2,348.5,0.0,237.5,202.7,522.8,369.1,319.5,253.8,324.0,238.6,366.0,269.1,337.0,291.5,255.3
XK,88.8,248.6,93.0,112.5,336.4,304.2,281.3,589.8,192.6,440.0,618.5,246.5,271.7,343.8,251.6,572.0,208.0,187.7,322.3,562.3,482.1,502.3,541.0,321.9,26.3,508.0,54.2,282.5,326.8,2617.9,228.0,396.6,208.6,502.4,305.0,483.5,233.6,430.7,236.9,458.2,441.4,118.6,274.7,278.4,225.2,106.5,583.1,198.8,606.9,193.8,401.7,608.8,90.1,258.3,266.7,418.3,212.7,325.7,576.2,254.5,356.0,633.6,205.1,213.7,622.9,579.6,389.3,609.1,196.4,586.0,324.7,128.5,421.8,420.6,269.8,313.1,427.0,600.9,583.2,267.7,549.3,297.0,174.3,612.5,365.8,386.8,205.2,226.0,577.1,387.6,589.7,250.1,70.7,435.9,304.9,310.9,398.3,297.6,336.2,291.1,320.7,422.1,360.2,267.8,256.8,0.0,130.8,608.8,401.1,363.2,250.4,455.6,270.6,510.8,355.9,481.8,270.6,386.9
XL,156.7,262.1,37.0,150.3,386.6,278.8,349.2,640.0,260.5,453.5,668.7,248.7,157.5,346.0,202.2,514.1,275.9,103.9,372.5,612.5,532.3,552.5,519.2,389.8,112.8,558.2,85.6,350.4,279.8,2592.5,241.5,446.8,183.2,465.8,279.6,533.7,301.5,480.9,304.8,471.7,491.6,134.3,342.6,328.6,220.7,146.4,633.3,266.7,657.1,207.3,451.9,659.0,101.8,144.1,316.9,468.5,208.2,375.9,567.9,322.4,406.2,683.8,273.0,188.3,673.1,629.8,439.5,659.3,264.3,636.2,392.6,195.1,435.3,434.1,337.7,293.4,477.2,571.1,633.4,311.7,599.5,347.2,167.0,554.6,416.0,437.0,273.1,111.8,627.3,437.8,639.9,300.3,77.5,486.1,355.1,227.1,411.8,311.1,386.4,359.0,236.9,435.6,410.4,335.7,231.4,124.7,0.0,659.0,451.3,413.4,318.3,469.1,320.8,474.2,351.4,445.2,338.5,400.4
XM,519.0,622.9,562.5,542.7,286.8,582.4,622.6,193.2,519.1,682.9,139.3,569.2,663.8,496.0,618.9,175.4,537.5,604.1,309.0,165.7,198.8,210.8,144.4,650.3,585.6,224.7,547.7,510.3,653.0,2896.1,612.9,348.0,543.2,231.8,583.2,200.2,574.9,231.2,578.2,752.0,217.1,560.9,504.2,368.5,548.5,573.0,79.9,495.8,75.6,578.7,308.0,212.2,570.0,622.5,356.9,261.7,560.6,363.1,179.6,583.4,281.2,154.4,499.5,404.0,226.3,114.0,257.5,212.5,509.9,189.4,625.5,579.9,664.7,747.1,507.7,639.3,288.2,204.3,80.0,609.0,83.7,386.6,518.2,215.9,290.5,223.9,517.4,630.0,48.3,305.0,124.1,395.5,572.7,213.4,329.1,624.5,641.2,587.0,234.9,632.4,634.3,665.0,370.8,596.7,439.7,559.2,577.2,0.0,238.2,351.3,502.0,710.6,360.2,195.5,643.6,191.5,468.9,629.8
XV,342.3,502.3,413.5,366.0,97.2,461.8,445.9,275.3,342.4,562.3,304.0,448.6,543.2,507.5,498.3,257.5,338.2,501.5,130.1,247.8,167.6,187.8,226.5,473.6,408.9,193.5,374.7,354.2,532.4,2761.7,492.7,176.4,422.6,243.3,462.6,169.0,398.2,29.5,401.5,580.5,111.5,438.3,292.5,138.8,427.9,426.2,268.6,339.7,292.4,477.8,70.2,294.3,428.6,503.6,209.4,114.9,440.0,184.2,261.7,406.7,113.7,319.1,322.8,415.5,308.4,265.1,19.7,294.6,333.2,271.5,448.8,402.0,544.1,542.9,351.6,518.7,50.4,286.4,268.7,432.3,234.8,215.0,415.6,298.0,100.9,24.2,340.7,535.6,262.6,67.2,275.2,178.1,391.2,146.8,117.4,447.8,520.6,466.4,63.3,455.7,457.6,544.4,154.9,420.0,361.2,382.5,451.3,294.3,0.0,172.4,325.3,577.9,188.6,207.0,523.0,203.0,312.8,509.2
YB,271.7,439.3,342.9,295.4,160.4,398.8,375.3,327.5,271.8,499.3,356.2,385.6,480.2,431.4,435.3,309.7,290.2,437.6,59.5,300.0,219.8,240.0,278.7,403.0,338.3,245.7,304.1,351.0,469.4,2691.1,429.7,164.7,359.6,295.5,399.6,221.2,327.6,161.5,330.9,517.5,179.1,367.7,302.1,151.2,364.9,355.6,320.8,310.8,344.6,414.8,139.0,346.5,358.0,440.6,140.5,185.1,377.0,113.6,313.9,336.1,180.0,371.3,252.2,344.5,360.6,317.3,110.9,346.8,262.6,323.7,378.2,331.4,481.1,479.9,338.3,455.7,148.6,338.6,320.9,361.7,287.0,184.5,352.6,350.2,149.0,124.5,270.1,472.6,314.8,109.2,327.4,190.5,320.6,199.0,127.0,377.2,457.6,403.4,73.9,385.1,387.0,481.4,150.7,349.4,290.6,311.9,380.7,346.5,131.9,0.0,254.7,514.9,158.1,259.2,460.0,255.2,266.8,446.2
YH,148.3,400.4,219.5,172.0,320.3,359.9,251.9,487.4,148.4,460.4,516.1,346.7,441.3,392.5,396.4,469.6,99.0,314.2,246.8,459.9,379.7,399.9,438.6,242.7,214.9,405.6,180.7,127.3,430.5,2567.7,390.8,324.6,320.7,455.4,360.7,381.1,204.2,328.3,207.5,478.6,339.0,244.3,118.5,194.0,326.0,232.2,480.7,137.6,504.5,375.9,330.6,506.4,234.6,401.7,197.9,345.0,338.1,223.3,473.8,175.3,339.9,531.2,79.9,283.4,520.5,477.2,288.8,506.7,90.3,483.6,247.4,208.0,442.2,441.0,114.6,416.8,370.4,498.5,480.8,238.3,446.9,194.6,195.6,510.1,308.9,284.4,46.4,369.2,474.7,324.9,487.3,165.7,197.2,358.9,202.5,253.8,418.7,364.5,233.8,261.7,263.6,442.5,293.9,188.6,359.1,188.5,257.3,506.4,298.7,289.1,0.0,476.0,168.2,419.1,421.1,415.1,115.4,407.3
YP,344.4,106.2,288.1,362.4,404.5,180.8,456.5,639.9,353.0,140.4,668.6,110.7,205.3,128.0,160.4,514.0,371.4,329.7,397.9,610.4,532.2,552.4,519.1,484.2,364.0,558.1,273.3,415.0,136.3,2397.4,126.6,477.1,199.5,465.7,181.6,533.6,408.8,480.8,412.1,41.3,491.5,286.5,435.6,328.5,140.2,298.6,633.2,392.0,657.0,151.8,451.8,658.9,295.6,215.9,374.5,497.5,152.3,375.8,567.8,417.3,424.1,675.0,333.4,188.3,673.0,629.7,439.4,659.2,343.8,636.1,459.4,305.5,77.7,36.2,412.4,122.6,476.1,571.0,633.3,442.9,599.4,347.1,243.8,554.5,461.4,436.9,351.3,247.9,627.2,437.7,639.8,300.2,298.3,511.4,355.0,452.9,98.7,70.3,386.3,466.3,462.7,122.5,410.3,430.6,231.3,337.6,302.8,658.9,451.2,441.6,335.9,0.0,320.7,474.1,184.1,445.1,373.6,81.3
ZA,260.0,381.1,331.2,283.7,199.5,340.6,363.6,366.6,260.1,441.1,395.3,327.4,422.0,373.2,377.1,348.8,201.5,380.3,126.0,339.1,258.9,279.1,317.8,391.3,326.6,284.8,292.4,217.5,411.2,2654.3,371.5,203.8,301.4,334.6,341.4,260.3,315.9,207.5,319.2,459.3,218.2,337.1,238.1,121.1,306.7,343.9,359.9,203.0,383.7,356.6,196.1,385.6,346.2,382.4,77.1,224.2,318.8,102.5,353.0,324.4,219.1,410.4,240.5,264.1,399.7,356.4,168.0,385.9,250.9,362.8,366.5,319.7,422.9,421.7,214.9,397.5,205.7,377.7,360.0,350.0,326.1,26.4,294.4,389.3,188.1,163.6,258.4,414.4,353.9,166.3,366.5,102.7,308.9,238.1,81.7,365.5,399.4,345.2,113.0,373.4,375.3,423.2,189.8,337.7,278.9,300.2,353.4,385.6,177.9,168.3,243.0,456.7,0.0,298.3,401.8,294.3,176.1,388.0
ZB,395.5,499.4,439.0,419.2,232.8,458.9,499.1,189.8,395.6,559.4,218.5,445.7,540.3,372.5,495.4,172.0,414.0,480.6,255.0,162.3,144.8,156.8,141.0,526.8,462.1,170.7,424.2,474.8,529.5,2772.6,489.4,294.0,419.7,104.1,459.7,146.2,451.4,177.2,454.7,628.5,163.1,437.4,485.0,314.5,425.0,449.5,183.1,434.6,206.9,455.2,254.0,208.8,446.5,499.0,266.4,207.7,437.1,309.1,176.2,459.9,227.2,233.6,376.0,280.5,222.9,179.6,203.5,209.1,386.4,186.0,502.0,456.4,541.2,623.6,462.1,515.8,234.2,200.9,183.2,485.5,149.3,332.6,394.7,212.5,236.5,169.9,393.9,506.5,177.1,251.0,189.7,341.5,449.2,159.4,275.1,501.0,517.7,463.5,180.9,508.9,510.8,541.5,316.8,473.2,316.2,435.7,453.7,208.8,184.2,297.3,378.5,587.1,306.2,0.0,520.1,68.0,414.9,506.3
ZF,365.6,248.1,304.1,388.1,425.7,130.1,480.6,661.1,374.2,295.8,692.7,182.1,296.0,223.2,251.1,535.2,392.6,353.8,420.5,636.5,553.4,576.5,540.3,505.4,385.2,579.3,294.5,436.2,265.9,2509.0,227.5,498.3,348.7,486.9,130.9,554.8,430.0,502.0,433.3,314.6,512.7,307.7,456.8,352.6,143.4,322.7,654.4,416.1,678.2,193.3,473.0,680.1,316.8,219.1,395.7,518.7,155.5,397.0,589.0,438.5,448.2,696.2,354.6,209.4,694.2,650.9,460.6,680.4,365.0,657.3,480.6,326.7,280.5,279.2,433.6,252.2,497.3,592.2,654.5,464.1,620.6,368.3,265.0,578.6,482.6,458.1,372.5,251.1,648.4,458.9,661.0,321.4,322.4,532.6,376.2,474.1,257.0,199.9,407.5,487.5,483.9,277.9,431.5,451.8,252.5,358.8,360.5,680.1,472.4,462.8,357.1,311.4,341.9,495.3,0.0,466.3,394.8,242.7
ZH,365.8,469.7,409.3,385.4,228.1,429.2,469.4,185.1,365.9,529.7,213.8,416.0,510.6,345.3,465.7,167.3,384.3,450.9,248.9,155.6,140.1,152.1,136.3,497.1,432.4,166.0,394.5,445.1,499.8,2742.9,459.7,289.3,390.0,99.4,430.0,141.5,421.7,172.5,425.0,598.8,158.4,407.7,455.3,309.8,395.3,419.8,178.4,404.9,202.2,425.5,249.3,204.1,416.8,469.3,262.7,203.0,407.4,293.2,171.5,430.2,222.5,227.6,346.3,250.8,218.2,174.9,198.8,204.4,356.7,181.3,472.3,426.7,511.5,593.7,432.4,486.1,228.5,196.2,178.5,455.8,144.6,327.9,365.0,207.8,231.8,165.2,364.2,476.8,172.4,246.3,185.0,331.1,419.5,154.7,270.4,471.3,488.0,433.8,176.2,479.2,481.1,511.8,312.1,443.5,286.5,406.0,424.0,204.1,179.5,292.6,348.8,557.4,301.5,47.3,487.5,0.0,433.2,476.6
ZP,207.0,389.5,278.2,230.7,309.4,349.0,274.7,476.5,194.5,449.5,505.2,335.8,430.4,381.6,385.5,458.7,93.2,372.9,235.9,449.0,368.8,389.0,427.7,241.3,273.6,394.7,239.4,41.3,419.6,2662.7,379.9,313.7,309.8,444.5,349.8,370.2,267.0,357.1,270.3,467.7,328.1,303.0,70.7,237.0,315.1,290.9,469.8,94.7,493.6,365.0,258.9,495.5,293.3,390.8,211.1,334.1,327.2,212.4,462.9,173.9,329.0,520.3,114.7,272.5,509.6,466.3,306.5,495.8,106.0,472.7,246.0,266.7,431.3,430.1,56.8,405.9,298.7,487.6,469.9,301.1,436.0,183.7,254.3,499.2,298.0,273.5,68.6,422.8,463.8,253.2,476.4,154.8,255.9,348.0,198.6,316.6,407.8,353.6,222.9,267.1,326.4,431.6,222.2,187.2,348.2,247.2,316.0,495.5,327.5,278.2,95.1,465.1,157.3,408.2,410.2,404.2,0.0,396.4
ZR,360.6,104.4,304.3,384.3,420.7,197.0,472.7,656.1,369.2,65.6,684.8,159.7,229.7,146.7,184.8,530.2,387.6,345.9,415.5,628.6,548.4,568.6,535.3,500.4,380.2,574.3,289.5,431.2,134.5,2395.6,124.8,493.3,215.7,481.9,197.8,549.8,425.0,497.0,428.3,71.2,507.7,302.7,451.8,344.7,199.8,314.8,649.4,408.2,673.2,158.2,468.0,675.1,311.8,232.2,366.6,513.7,187.3,392.0,584.0,433.5,440.3,699.9,349.6,204.4,689.2,645.9,455.6,675.4,360.0,652.3,475.6,321.7,34.8,33.6,428.6,120.8,493.3,587.2,649.5,459.1,615.6,363.3,260.0,570.7,477.6,453.1,367.5,264.2,643.4,453.9,656.0,316.4,314.5,527.6,371.2,469.1,50.3,68.5,402.5,482.5,478.9,47.7,426.5,446.8,247.5,353.8,319.0,675.1,467.4,457.8,352.1,68.6,336.9,490.3,203.2,461.3,389.8,0.0
