from_stop,AF,AH,AI,AO,AS,AZ,BE,BG,BH,BL,BP,BU,BV,BY,CD,CJ,CP,CQ,CR,DB,DF,DQ,DR,DV,DX,EB,EH,EX,FD,FO,GD,GI,GP,HD,HH,HM,HP,IA,II,IK,IQ,IV,JF,JI,JL,JW,JY,KE,KG,KX,LH,LJ,LK,LV,LX,NA,NK,OQ,OV,OW,OX,PB,PK,PL,PR,PZ,QT,QV,RF,RI,RJ,RL,RO,RP,RU,SE,SG,TA,TE,TQ,UD,UG,UO,VJ,VL,VX,WG,WK,WM,WQ,XA,XJ,XM,XW,YA,YC,YD,YH,YU,ZT
AF,0.0,418.7,329.9,347.6,363.4,291.7,136.2,345.4,360.8,290.2,221.3,291.4,311.7,559.3,264.8,320.3,90.8,426.2,254.5,573.4,236.7,187.4,288.0,365.5,57.5,226.0,444.2,430.1,264.2,144.2,385.8,399.6,224.3,138.3,228.4,151.0,273.5,403.7,135.4,141.1,387.0,314.1,355.8,360.5,205.5,204.2,436.1,248.8,362.4,287.6,571.0,341.1,317.7,209.5,376.7,206.1,1427.1,225.8,373.0,318.8,405.1,366.3,92.5,62.6,402.2,409.5,404.8,572.3,506.7,346.9,409.4,162.4,342.3,215.5,413.1,204.3,305.1,202.6,181.9,509.8,45.3,292.3,117.5,234.8,439.7,545.8,214.2,274.9,322.7,171.9,221.2,157.7,468.2,319.0,127.7,139.4,142.0,328.0,309.4,256.9
AH,425.9,0.0,121.1,158.8,157.8,165.4,492.3,168.4,212.0,271.1,355.9,137.5,133.3,473.1,245.7,96.3,446.9,289.0,332.2,394.5,370.2,393.9,183.5,188.5,413.6,222.5,67.5,16.2,510.9,443.0,366.8,63.5,459.1,494.4,396.3,468.8,396.9,49.6,491.5,458.9,144.2,136.9,113.9,46.8,450.6,386.7,174.7,376.4,120.5,141.1,484.8,164.1,131.9,531.2,272.2,335.8,1289.9,214.7,143.2,159.8,256.3,201.5,395.6,418.7,38.4,220.8,122.1,435.1,420.8,327.8,105.7,480.2,74.3,243.8,27.6,214.8,403.9,447.7,499.7,253.9,370.0,481.9,413.6,552.6,24.1,459.6,372.6,153.2,218.2,489.7,365.6,513.8,72.3,125.2,423.4,396.8,466.7,88.6,175.2,218.4
AI,327.5,135.0,0.0,104.5,73.7,81.3,393.9,84.3,117.7,179.9,264.7,80.7,49.2,545.4,154.5,82.3,348.5,262.4,241.0,367.9,279.0,302.7,99.4,104.4,315.2,138.4,151.3,146.4,500.4,361.4,386.5,115.9,367.9,396.0,305.1,387.2,305.7,112.7,393.1,377.3,105.1,15.8,65.6,84.2,359.4,295.5,150.2,285.2,72.2,84.3,557.1,80.0,58.2,449.6,188.1,244.6,1263.3,130.6,129.9,75.7,162.0,117.4,299.8,320.3,140.2,166.4,138.9,408.5,493.1,236.6,153.7,398.6,92.9,159.7,129.4,116.4,312.7,356.5,418.1,326.2,271.6,528.5,322.4,471.0,154.3,531.9,281.4,96.4,134.1,408.1,274.4,415.4,184.5,41.1,332.3,305.6,368.3,90.0,91.1,134.3
AO,335.5,182.2,104.2,0.0,62.6,67.6,363.3,83.3,49.1,168.0,252.8,153.8,84.0,620.9,144.4,162.1,328.1,288.6,229.1,417.4,267.1,290.8,98.4,68.4,324.8,119.4,198.5,164.0,456.8,336.8,412.7,126.6,356.0,356.5,293.2,343.6,293.8,159.9,402.7,333.7,55.3,120.0,106.2,137.3,347.5,283.6,104.4,273.3,100.1,150.0,632.6,79.0,145.8,402.1,187.1,232.7,1289.5,129.6,25.3,30.0,93.4,54.6,309.4,329.9,187.4,61.8,73.1,434.7,568.6,224.7,61.7,355.0,140.1,126.2,176.6,130.3,300.8,344.6,374.7,401.7,281.2,484.9,310.1,427.4,154.4,607.4,269.5,137.3,137.3,364.5,262.5,425.0,231.7,75.9,320.4,293.7,377.9,154.4,107.4,133.3
AS,364.0,151.7,73.7,64.6,0.0,78.4,379.4,81.4,59.8,184.1,268.9,125.9,53.5,608.6,158.7,131.6,385.0,304.7,245.2,410.2,283.2,306.9,96.5,79.1,351.7,135.5,168.0,163.1,472.9,352.9,428.8,132.6,372.1,372.6,309.3,359.7,309.9,129.4,429.6,349.8,31.3,89.5,82.3,100.9,363.6,299.7,98.4,289.4,88.9,129.5,620.3,77.1,101.7,422.1,185.2,248.8,1305.6,127.7,81.8,58.7,104.1,65.3,336.3,356.8,156.9,126.5,67.1,450.8,556.3,240.8,79.9,371.1,109.6,156.8,146.1,152.9,316.9,360.7,390.6,389.4,308.1,501.0,326.6,443.5,171.0,595.1,285.6,141.6,131.2,380.6,278.6,451.9,201.2,45.4,336.5,309.8,404.8,123.9,88.2,131.4
AZ,273.1,172.5,94.5,59.9,71.6,0.0,300.9,53.6,69.0,105.6,190.4,91.4,80.8,558.5,82.0,120.3,265.7,226.2,166.7,373.4,204.7,228.4,68.7,73.7,262.4,57.0,200.6,188.0,394.7,274.4,352.7,153.4,288.3,288.8,225.5,281.2,231.4,154.3,340.3,266.0,99.3,103.5,97.9,115.8,285.1,207.5,144.3,210.9,109.7,87.6,555.4,49.3,96.8,339.7,161.5,165.8,1227.1,52.3,81.2,27.0,113.3,74.5,247.0,267.5,193.0,103.4,113.0,372.3,505.9,155.1,117.6,288.1,142.3,58.5,171.0,67.9,238.4,286.4,312.3,339.3,218.8,422.5,247.7,365.0,193.5,545.0,201.8,74.9,107.6,302.1,200.8,362.6,226.1,66.2,257.9,231.3,315.5,128.0,82.2,103.6
BE,101.4,470.3,381.5,399.2,415.0,343.3,0.0,397.0,412.4,341.8,164.4,343.0,363.3,502.4,316.4,371.9,19.8,477.8,197.6,655.6,179.8,130.5,339.6,417.1,56.8,277.6,478.2,481.7,207.3,87.3,328.9,451.2,167.4,81.4,171.5,94.1,216.6,455.3,78.5,84.2,438.6,365.7,407.4,419.5,148.6,133.6,487.7,191.9,414.0,339.2,514.1,392.7,352.7,156.5,428.3,149.2,1478.7,277.4,424.6,370.4,456.7,417.9,126.5,96.6,453.8,461.1,456.4,606.5,450.1,262.4,461.0,105.5,393.9,244.7,502.3,255.9,248.2,145.7,125.0,452.9,96.9,235.4,61.0,177.9,489.6,488.9,157.3,326.5,374.3,115.0,164.3,100.8,519.8,370.6,70.8,82.5,193.6,379.6,326.9,308.5
BG,293.4,183.9,105.9,85.2,83.0,89.5,324.0,0.0,80.2,128.7,213.5,152.0,85.7,619.1,103.3,163.8,288.8,286.8,189.8,392.3,227.8,251.5,28.8,48.6,281.1,121.6,200.2,195.3,417.5,297.5,410.9,164.8,316.7,317.2,253.9,304.3,254.5,161.6,334.3,294.4,114.4,121.7,114.5,133.1,308.2,244.3,181.5,234.0,121.1,148.2,630.8,44.2,133.9,366.7,117.5,193.4,1287.7,60.0,110.6,56.4,113.8,61.6,265.7,286.2,189.1,147.1,150.2,432.9,566.8,185.4,147.0,315.7,141.8,142.9,178.3,128.5,261.5,305.3,335.2,399.9,237.5,445.6,271.2,388.1,203.2,605.6,230.2,135.5,63.5,325.2,223.2,356.6,233.4,77.6,281.1,254.4,334.2,156.1,20.5,63.7
BH,362.6,219.9,143.9,41.4,70.1,87.8,395.8,100.5,0.0,200.5,285.3,176.1,123.7,658.8,175.1,195.7,360.6,314.1,261.6,419.6,299.6,323.3,95.6,42.7,350.3,144.9,236.2,208.8,489.3,369.3,438.2,171.4,388.5,389.0,325.7,376.1,326.3,197.6,406.1,366.2,62.8,159.7,113.7,169.1,380.0,316.1,111.9,305.8,107.6,179.7,670.5,70.8,171.9,438.5,184.3,265.2,1315.0,131.8,66.8,55.5,44.2,28.9,334.9,355.4,225.1,103.3,80.6,460.2,606.5,257.2,105.3,387.5,177.8,166.2,214.3,155.8,333.3,377.1,407.0,439.6,306.7,517.4,343.0,459.9,200.9,645.3,302.0,162.8,130.3,397.0,295.0,428.4,269.4,115.6,352.9,326.2,403.4,192.1,92.3,130.5
BL,291.7,262.0,179.8,145.3,161.1,89.4,268.3,134.2,158.5,0.0,157.8,151.9,141.3,619.0,74.9,180.8,233.1,286.7,134.1,453.9,172.1,195.8,93.4,149.1,265.8,121.5,261.1,273.4,361.8,241.8,410.8,242.9,261.0,261.5,198.2,248.6,198.8,239.7,278.6,238.7,184.7,164.0,192.6,203.8,252.5,188.6,233.8,178.3,199.2,148.1,630.7,138.8,170.8,307.1,182.1,133.2,1287.6,59.9,170.7,116.5,197.9,162.1,265.6,286.1,258.8,192.9,202.5,432.8,566.4,129.7,207.1,260.0,202.8,128.3,256.4,128.4,205.8,249.6,279.7,399.8,237.4,389.9,215.1,332.4,281.3,605.5,174.5,135.4,128.1,269.5,168.2,300.9,311.5,148.6,225.4,198.7,334.1,188.5,126.4,62.3
BP,183.5,380.7,298.5,264.0,279.8,208.1,141.4,252.9,277.2,171.7,0.0,270.6,260.0,530.0,137.5,299.5,106.2,405.4,80.7,510.9,80.2,65.7,212.1,267.8,138.9,240.2,379.8,392.1,234.9,114.9,356.5,361.6,169.1,134.6,96.0,121.7,106.9,358.4,151.7,111.8,303.4,282.7,311.3,329.9,125.6,30.8,352.5,92.3,317.9,266.8,541.7,257.5,289.5,184.1,300.8,63.8,1406.3,178.6,289.4,235.2,316.6,280.8,159.1,178.7,377.5,325.9,321.2,634.1,477.7,145.5,325.8,133.1,321.5,326.8,375.1,247.1,130.6,122.7,152.6,480.5,179.0,263.0,88.6,205.5,400.0,516.5,82.6,254.1,246.8,142.6,75.6,174.0,430.2,267.3,98.5,71.8,275.7,307.2,212.4,181.0
BU,318.9,151.7,80.2,157.0,126.2,139.1,386.9,136.8,168.2,166.0,250.8,0.0,93.8,521.6,140.6,58.9,341.5,189.3,227.1,356.5,265.1,288.8,151.9,156.9,308.2,121.4,155.1,163.1,449.5,310.5,313.4,132.6,354.0,389.0,291.2,336.3,291.8,129.4,386.1,326.4,157.6,64.4,64.3,100.9,345.5,281.6,148.9,271.3,70.9,3.6,533.3,132.5,32.8,394.8,240.6,226.2,1190.2,112.7,196.5,128.2,212.5,169.9,263.1,294.1,96.5,218.9,137.6,335.4,469.0,222.7,159.0,343.2,80.9,128.2,139.9,109.4,298.8,342.6,367.4,302.4,264.6,477.6,308.5,420.1,172.7,508.1,267.5,15.7,186.6,357.2,260.5,408.4,201.2,93.6,318.3,291.7,361.3,66.6,165.4,186.8
BV,310.4,146.2,68.2,83.3,52.5,60.1,376.8,63.1,96.5,162.8,247.6,97.7,0.0,562.4,137.4,99.3,331.4,255.0,223.9,360.5,261.9,285.6,78.2,83.2,298.1,117.2,162.5,157.6,483.3,344.3,379.1,127.1,350.8,378.9,288.0,370.1,288.6,123.9,376.0,360.2,83.9,68.4,76.8,95.4,342.3,278.4,151.0,268.1,83.4,101.3,574.1,58.8,75.2,432.5,166.9,227.5,1255.9,109.4,108.7,54.5,140.8,96.2,282.7,303.2,151.4,145.2,119.7,401.1,510.1,219.5,132.5,381.5,104.1,138.5,140.6,99.3,295.6,339.4,401.0,343.2,254.5,511.4,305.3,453.9,165.5,548.9,264.3,103.7,112.9,391.0,257.3,398.3,195.7,7.3,315.1,288.5,351.2,107.0,69.9,113.1
BY,568.8,492.7,621.7,643.3,660.7,587.4,526.7,641.1,656.5,644.1,557.3,552.6,608.1,0.0,618.7,557.8,491.5,348.9,590.5,295.2,572.7,523.4,641.9,661.2,524.2,599.5,477.9,510.5,312.0,461.6,188.8,539.8,560.3,519.9,564.4,426.1,609.5,525.9,537.0,436.0,630.4,605.9,617.0,523.1,541.5,526.5,701.6,584.8,623.6,548.8,54.1,636.8,574.9,363.7,730.6,542.1,1197.4,579.7,668.7,614.5,700.8,662.0,505.8,550.6,531.2,705.2,608.3,246.1,57.0,700.8,591.9,414.7,579.8,620.8,520.4,598.5,641.1,538.6,395.2,244.7,564.3,283.0,458.7,342.2,518.4,128.5,550.2,536.1,676.6,405.2,557.2,559.3,452.1,615.4,449.1,475.4,661.0,565.5,629.2,610.8
CD,273.1,241.6,159.4,124.9,140.7,64.9,239.1,113.8,138.1,32.6,128.6,131.5,120.9,598.6,0.0,160.4,203.9,266.3,104.9,413.5,142.9,166.6,73.0,128.7,236.6,101.1,240.7,253.0,332.9,212.6,392.8,222.5,213.9,232.3,169.0,219.4,185.5,219.3,249.4,209.5,164.3,143.6,167.0,184.9,223.3,145.7,213.4,149.1,178.8,127.7,595.5,118.4,136.9,277.9,161.7,104.0,1267.2,64.9,150.3,96.1,177.5,141.7,245.2,265.7,238.4,172.5,182.1,412.4,546.0,93.3,186.7,226.3,182.4,107.9,236.0,108.0,176.6,224.6,250.5,379.4,217.0,360.7,185.9,303.2,262.6,585.1,145.3,116.8,111.9,240.3,139.0,271.7,291.1,128.2,196.1,169.5,313.7,168.1,106.0,41.9
CJ,341.4,98.3,93.0,160.5,129.7,137.3,407.8,140.3,173.7,193.8,278.6,58.2,105.2,482.5,168.4,0.0,362.4,199.2,254.9,304.7,292.9,316.6,155.4,160.4,329.1,149.2,114.6,109.7,485.6,346.6,323.3,79.2,381.8,409.9,319.0,372.4,319.6,83.3,407.0,362.5,161.1,85.3,85.8,47.5,373.3,309.4,170.4,299.1,92.4,61.8,494.2,136.0,53.7,434.8,244.1,258.5,1200.1,129.4,168.8,131.7,218.0,173.4,299.2,330.2,83.3,222.4,147.7,345.3,430.2,250.5,131.3,383.8,22.0,195.1,92.7,130.3,326.6,370.4,403.3,263.3,285.5,417.3,336.3,456.2,117.6,469.0,295.3,73.9,190.1,393.3,288.3,429.3,147.8,97.1,346.2,319.5,382.2,7.7,147.1,190.3
CP,76.1,445.0,356.2,373.9,389.7,318.0,29.8,371.7,387.1,316.5,129.3,360.3,338.0,467.3,291.1,346.6,0.0,452.5,162.5,620.5,144.7,95.4,314.3,391.8,31.5,252.3,448.1,456.4,172.2,52.2,293.8,425.9,132.3,46.3,136.4,59.0,181.5,430.0,43.4,49.1,413.3,340.4,424.7,394.2,113.5,98.5,462.4,156.8,431.3,356.5,479.0,367.4,327.4,121.4,403.0,114.1,1453.4,252.1,399.3,345.1,431.4,392.6,96.4,71.3,428.5,435.8,431.1,571.4,415.0,227.3,435.7,70.4,368.6,219.4,472.2,230.6,213.1,110.6,89.9,417.8,71.6,200.3,25.9,142.8,464.3,453.8,122.2,343.8,349.0,79.9,129.2,65.7,494.5,345.3,35.7,47.4,168.3,354.3,301.6,283.2
CQ,419.7,262.6,272.7,294.3,311.7,238.4,486.1,292.1,307.5,295.1,379.9,203.6,259.1,453.2,269.7,208.8,440.7,0.0,356.2,105.4,394.2,417.9,292.9,312.2,407.4,250.5,219.2,280.4,471.9,453.6,348.9,288.1,483.1,483.6,420.3,470.7,420.9,292.2,485.3,460.8,343.1,256.9,268.0,256.4,474.6,410.7,352.6,400.4,274.6,199.8,464.9,287.8,225.9,533.1,381.6,359.8,1000.8,230.7,319.7,265.5,351.8,313.0,392.0,412.5,254.1,356.2,341.3,146.0,400.9,351.8,340.2,482.1,230.8,271.8,243.3,249.5,427.9,471.7,501.6,234.0,363.8,442.9,437.6,502.1,288.3,439.7,396.6,187.1,327.6,491.6,389.6,507.6,245.4,266.4,447.4,420.8,460.5,216.5,280.2,261.8
CR,229.9,333.6,251.4,216.9,232.7,161.0,187.8,205.8,230.1,124.6,77.3,223.5,212.9,576.4,90.4,252.4,152.6,358.3,0.0,463.8,54.9,115.3,165.0,220.7,185.3,193.1,332.7,345.0,281.3,161.3,402.9,314.5,180.5,181.0,117.7,168.1,112.9,311.3,198.1,158.2,256.3,235.6,264.2,282.8,172.0,108.1,305.4,44.1,270.8,219.7,588.1,210.4,242.4,230.5,253.7,57.2,1359.2,131.5,242.3,188.1,269.5,233.7,205.5,225.1,330.4,278.8,274.1,504.4,524.1,98.4,278.7,179.5,274.4,214.4,328.0,200.0,71.6,169.1,199.0,471.4,225.4,309.4,135.0,251.9,352.9,562.9,76.9,207.0,199.7,189.0,69.9,220.4,383.1,220.2,144.9,118.2,322.1,260.1,165.3,133.9
DB,522.0,366.5,376.6,430.7,415.6,319.2,590.0,396.0,411.4,399.0,483.8,288.5,363.0,286.6,375.4,312.7,544.6,103.8,460.1,0.0,498.1,521.8,396.8,416.1,511.3,354.4,323.1,384.3,436.3,557.5,311.0,392.0,587.0,587.5,524.2,551.9,524.8,428.6,589.2,545.7,423.9,360.8,366.7,354.4,578.5,500.9,456.5,504.3,378.5,303.7,283.5,391.7,333.8,514.8,485.5,459.2,1060.5,345.7,423.6,369.4,455.7,416.9,495.9,516.4,417.1,445.8,445.2,40.5,234.0,448.5,444.1,581.5,334.7,393.7,324.1,353.4,531.8,579.8,519.6,337.9,467.7,407.6,541.1,466.8,393.9,261.0,481.5,291.0,435.7,529.8,494.2,611.5,326.2,370.3,551.4,524.7,564.4,320.4,395.1,365.7
DF,202.6,362.4,280.2,245.7,261.5,189.8,160.5,234.6,258.9,153.4,67.6,252.3,241.7,549.1,119.2,281.2,125.3,387.1,62.4,492.6,0.0,110.6,193.8,249.5,158.0,221.9,361.5,373.8,254.0,134.0,375.6,343.3,126.4,153.7,115.1,140.8,64.2,340.1,170.8,130.9,285.1,264.4,293.0,311.6,144.7,98.4,334.2,12.0,299.6,248.5,560.8,239.2,271.2,203.2,282.5,65.5,1388.0,160.3,271.1,216.9,298.3,262.5,178.2,197.8,359.2,307.6,302.9,533.2,496.8,127.2,307.5,152.2,303.2,243.2,356.8,228.8,60.0,141.8,171.7,499.6,198.1,282.1,107.7,224.6,381.7,535.6,21.9,235.8,228.5,161.7,14.9,193.1,411.9,249.0,117.5,90.9,294.8,288.9,194.1,162.7
DQ,160.2,417.0,334.8,300.3,316.1,244.4,118.1,289.2,313.5,208.0,56.3,306.9,296.3,506.7,173.8,335.8,82.9,441.7,117.0,547.2,122.7,0.0,248.4,304.1,115.6,336.4,416.1,428.4,211.6,91.6,333.2,397.9,125.1,111.3,40.9,98.4,161.2,394.7,128.4,88.5,339.7,319.0,347.6,366.2,102.3,25.5,388.8,134.8,354.2,303.1,518.4,293.8,325.8,160.8,337.1,68.6,1442.6,214.9,325.7,271.5,352.9,317.1,135.8,155.4,413.8,362.2,357.5,610.8,454.4,181.8,362.1,109.8,357.8,303.5,411.4,314.7,184.9,99.4,129.3,457.2,155.7,239.7,65.3,182.2,436.3,493.2,100.2,290.4,283.1,119.3,107.2,150.7,466.5,303.6,75.1,48.5,252.4,343.5,248.7,217.3
DR,302.9,188.4,110.4,89.7,87.5,99.0,323.8,38.2,84.7,128.5,213.3,161.5,90.2,628.6,103.1,168.3,288.6,296.3,189.6,401.8,227.6,251.3,0.0,53.1,290.6,143.6,204.7,199.8,417.3,297.3,420.4,169.3,316.5,317.0,253.7,304.1,254.3,166.1,334.1,294.2,118.9,126.2,119.0,137.6,308.0,244.1,186.0,233.8,125.6,157.7,640.3,48.7,138.4,366.5,88.6,193.2,1297.2,69.5,115.1,60.9,98.3,66.1,275.2,295.7,193.6,151.6,154.7,442.4,576.3,185.2,151.5,315.5,146.3,164.9,182.8,138.0,261.3,305.1,335.0,409.4,247.0,445.4,271.0,387.9,207.7,615.1,230.0,145.0,34.6,325.0,223.0,356.4,237.9,82.1,280.9,254.2,343.7,160.6,30.0,48.7
DV,330.0,185.7,107.7,69.5,84.8,83.8,360.6,50.3,31.5,165.3,250.1,159.9,87.5,642.6,139.9,165.6,325.4,323.4,226.4,428.9,264.4,288.1,65.4,0.0,317.7,140.9,202.0,197.1,454.1,334.1,447.5,166.6,353.3,353.8,290.5,340.9,291.1,163.4,370.9,331.0,90.9,123.5,116.3,134.9,344.8,280.9,140.0,270.6,122.9,163.5,654.3,28.0,135.7,403.3,154.1,230.0,1324.3,96.6,94.9,58.2,75.8,13.0,302.3,322.8,190.9,131.4,108.7,469.5,590.3,222.0,133.4,352.3,143.6,162.2,180.1,186.9,298.1,341.9,371.8,423.4,274.1,482.2,307.8,424.7,205.0,629.1,266.8,172.1,100.1,361.8,259.8,393.2,235.2,79.4,317.6,291.0,370.8,157.9,57.1,100.3
DX,44.5,413.4,324.6,342.3,358.1,286.4,78.6,340.1,355.5,284.9,163.7,286.1,306.4,501.7,259.5,315.0,33.2,420.9,196.9,526.4,179.1,129.8,282.7,360.2,0.0,220.7,421.3,424.8,206.6,86.6,328.2,394.3,166.7,80.7,170.8,93.4,215.9,398.4,77.8,83.5,381.7,308.8,350.5,362.6,147.9,132.9,430.8,191.2,357.1,282.3,513.4,335.8,295.8,155.8,371.4,148.5,1421.8,220.5,367.7,313.5,399.8,361.0,69.6,39.7,396.9,404.2,399.5,605.8,449.4,341.6,404.1,104.8,337.0,187.8,445.4,199.0,247.5,145.0,124.3,452.2,40.0,234.7,60.3,177.2,432.7,488.2,156.6,269.6,317.4,114.3,163.6,100.1,462.9,313.7,70.1,81.8,136.7,322.7,270.0,251.6
EB,217.6,238.2,160.2,121.5,137.3,65.6,284.0,119.3,134.7,136.3,221.1,142.1,140.0,609.2,110.9,171.0,238.6,276.9,197.4,382.4,235.4,259.1,134.4,139.4,205.3,0.0,254.5,249.6,390.5,251.5,401.0,219.1,324.3,286.1,261.5,277.3,262.1,215.9,283.2,267.4,160.9,176.0,168.8,187.4,315.8,251.9,210.0,241.6,175.4,138.3,620.9,115.0,188.2,339.7,223.1,201.0,1277.8,71.9,146.9,92.7,179.0,140.2,189.9,210.4,243.4,183.4,178.7,423.0,556.9,193.0,183.3,288.7,196.1,21.3,232.6,62.5,269.1,312.9,308.2,390.0,161.7,418.6,265.7,361.1,257.5,595.7,237.8,125.6,169.1,298.2,230.8,305.5,287.7,131.9,275.5,262.0,258.4,178.7,126.1,103.0
EH,406.2,43.3,148.3,176.5,185.0,192.6,472.6,195.6,229.7,281.6,366.4,164.7,160.5,471.9,256.2,123.5,427.2,211.3,342.7,316.8,380.7,404.4,210.7,215.7,393.9,249.7,0.0,61.1,440.4,409.4,317.4,90.4,469.6,470.1,406.8,435.2,407.4,76.5,471.8,425.3,161.9,164.1,141.1,73.7,461.1,397.2,192.4,386.9,147.7,168.3,483.6,191.3,159.1,492.1,299.4,346.3,1212.2,241.9,160.9,187.0,274.0,228.7,362.0,393.0,81.8,238.5,139.8,357.4,419.6,338.3,123.4,446.6,101.5,271.0,71.0,253.9,414.4,458.2,466.1,252.7,350.3,411.4,424.1,470.6,69.0,458.4,383.1,180.4,245.4,456.1,376.1,494.1,47.5,152.4,433.9,407.3,447.0,115.8,202.4,245.6
EX,440.6,16.2,137.4,142.5,159.3,187.0,508.6,184.7,195.7,287.4,372.2,153.8,149.6,470.9,262.0,112.6,463.2,289.9,348.5,418.7,386.5,410.2,199.8,204.8,429.9,238.8,83.8,0.0,508.7,459.3,385.5,61.6,475.4,510.7,412.6,485.1,413.2,67.4,507.8,475.2,127.9,153.2,130.2,64.6,466.9,403.0,158.4,392.7,133.9,157.4,482.6,180.4,147.9,543.6,288.5,352.1,1290.8,234.1,126.9,172.6,240.0,201.2,411.9,435.0,71.3,204.5,105.8,436.0,418.3,344.1,89.4,492.0,90.6,245.6,43.9,231.1,420.2,464.0,516.0,251.7,386.3,479.7,429.9,568.9,9.5,457.4,388.9,169.5,234.5,506.0,381.9,530.1,70.1,141.5,439.7,413.1,483.0,104.9,213.3,234.7
FD,255.4,493.5,561.0,461.7,477.5,401.7,214.6,450.6,474.9,369.4,245.2,487.0,457.7,295.0,337.0,487.6,179.4,498.0,278.4,429.1,260.6,211.3,409.8,465.5,212.1,415.8,461.4,511.0,0.0,149.5,123.9,540.6,248.2,208.1,252.3,114.0,297.4,526.7,224.9,123.9,501.1,551.5,546.5,513.2,229.4,228.1,636.3,272.7,558.3,483.5,291.9,455.2,513.3,55.8,498.5,234.5,1350.4,400.2,487.1,432.9,514.3,478.5,193.7,251.9,512.9,509.3,601.3,399.1,242.4,336.0,584.9,107.1,509.6,405.3,485.2,394.1,329.0,230.7,82.9,245.5,252.2,28.0,147.0,30.1,520.9,281.5,238.1,470.5,448.7,93.1,244.4,247.2,452.6,465.0,137.0,163.3,348.9,495.3,442.8,378.7
FO,186.1,439.2,388.3,387.8,403.6,331.9,104.0,385.6,401.0,330.4,134.6,308.0,351.9,434.0,305.0,342.0,68.8,439.4,167.8,587.2,150.0,100.7,328.2,405.7,173.8,266.2,395.8,451.8,138.9,0.0,260.5,421.3,137.6,97.2,141.7,25.7,186.8,425.4,114.3,15.8,427.2,372.5,372.4,389.6,118.8,103.8,457.0,162.1,379.0,304.2,445.7,381.3,348.3,88.1,416.9,119.4,1440.3,266.0,413.2,359.0,445.3,406.5,44.1,178.9,423.9,449.7,445.7,538.1,381.7,232.6,449.6,37.1,364.0,233.3,419.9,244.5,218.4,115.9,56.6,384.5,130.2,167.0,36.0,109.5,459.7,420.5,127.5,291.5,362.9,46.6,134.5,136.6,443.4,401.7,26.4,52.7,226.9,349.7,315.5,297.1
GD,378.3,371.9,476.9,521.8,513.6,393.1,337.8,524.2,466.3,456.3,368.4,385.9,489.1,173.4,430.3,386.2,302.6,376.4,401.6,307.5,383.8,334.5,539.3,544.3,335.3,409.3,357.1,387.3,122.8,272.7,0.0,419.0,371.4,331.0,377.9,237.2,420.6,402.7,348.1,249.5,507.2,492.7,464.5,409.5,352.6,351.3,537.7,395.9,476.3,382.1,170.3,519.9,411.9,178.7,625.6,357.7,1228.8,400.6,508.6,424.3,510.6,557.3,316.9,361.7,424.6,571.9,487.5,277.5,120.8,459.2,471.1,230.3,430.1,416.1,397.2,408.3,452.2,353.9,206.1,123.9,375.4,94.1,270.2,153.3,399.3,157.5,361.3,369.4,578.2,216.3,367.6,370.4,328.9,481.0,260.2,286.5,472.1,393.9,550.4,420.6
GI,425.4,63.5,108.7,105.1,121.9,153.0,491.8,156.0,158.3,258.7,343.5,125.1,120.9,500.2,233.3,83.9,446.4,283.2,319.8,388.7,357.8,381.5,171.1,176.1,413.1,210.1,113.9,61.3,569.6,430.6,407.3,0.0,446.7,447.2,383.9,456.4,384.5,54.9,491.0,446.5,90.5,124.5,101.5,34.1,438.2,374.3,121.0,364.0,96.5,128.7,511.9,151.7,119.5,518.8,259.8,323.4,1284.1,202.3,89.5,135.2,202.6,163.8,383.2,414.2,102.0,167.1,68.4,429.3,447.9,315.4,52.0,467.8,61.9,231.4,91.2,214.3,391.5,435.3,487.3,281.0,369.5,509.0,401.2,540.2,69.2,486.7,360.2,140.8,205.8,477.3,353.2,513.3,99.4,112.8,411.1,384.4,466.2,76.2,162.8,206.0
GP,244.1,398.6,316.4,281.9,297.7,226.0,203.6,270.8,295.1,189.6,103.8,288.5,277.9,592.2,155.4,317.4,168.4,423.3,98.6,520.3,53.7,153.7,230.0,285.7,201.1,258.1,397.7,410.0,297.1,177.1,418.7,379.5,0.0,196.8,170.8,183.9,49.1,376.3,213.9,174.0,321.3,300.6,329.2,353.7,187.8,120.9,370.4,65.8,335.8,284.7,603.9,275.4,307.4,242.4,318.7,97.2,1424.2,196.5,307.3,253.1,334.5,298.7,221.3,240.9,395.4,329.5,339.1,569.4,539.6,163.4,343.7,195.3,339.4,264.9,393.0,265.0,80.3,184.9,214.8,542.7,241.2,325.2,150.4,267.7,417.9,578.7,76.1,272.0,264.7,204.8,69.8,236.2,448.1,285.2,160.7,134.0,337.9,325.1,263.0,198.9
HD,111.7,482.2,393.4,411.1,426.9,355.2,71.2,408.9,424.3,353.7,167.4,398.4,375.2,505.4,328.3,383.8,36.0,489.7,200.6,586.7,182.8,133.5,351.5,429.0,68.7,289.5,486.2,493.6,210.6,90.3,331.9,463.1,170.4,0.0,174.5,97.1,219.6,467.2,63.5,87.2,450.5,377.6,457.6,424.0,151.6,136.6,499.6,194.9,469.4,394.6,517.1,404.6,424.7,155.6,440.2,152.2,1490.6,289.3,436.5,382.3,468.6,429.8,134.5,108.5,465.7,473.0,468.3,609.5,452.8,265.4,472.9,104.0,405.8,279.0,510.3,267.8,251.2,148.7,128.0,455.9,108.8,238.4,64.0,180.9,501.5,491.9,160.3,381.9,386.2,118.0,166.6,85.8,531.7,382.5,73.8,85.5,205.5,391.5,372.9,320.4
HH,192.4,430.6,348.4,313.9,329.7,258.0,151.9,302.8,327.1,221.6,90.1,320.5,309.9,540.5,187.4,349.4,116.7,455.3,130.6,674.6,130.1,33.7,262.0,317.7,149.4,370.2,429.7,442.0,245.7,125.4,369.4,411.5,219.0,145.1,0.0,132.2,156.8,408.3,162.2,122.3,353.3,332.6,361.2,385.7,136.1,73.0,402.4,142.2,367.8,316.7,552.2,307.4,339.4,190.7,350.7,88.3,1456.2,228.5,339.3,285.1,366.5,330.7,169.6,189.2,401.1,361.5,371.1,644.6,488.2,195.4,375.7,146.2,371.4,359.7,425.0,348.5,180.5,137.4,163.1,491.0,189.5,273.5,98.7,216.0,449.9,527.0,115.4,304.0,296.7,153.1,121.7,184.5,480.1,317.2,108.9,82.3,286.2,357.1,295.0,230.9
HM,141.0,474.7,423.8,347.6,363.4,291.7,100.5,336.5,360.8,255.3,131.1,343.5,343.6,408.2,221.1,377.5,65.3,474.9,164.3,580.4,146.5,97.2,295.7,351.4,98.0,301.7,431.3,487.3,113.1,35.4,234.7,456.8,134.1,93.7,138.2,0.0,183.3,460.9,110.8,9.8,387.0,408.0,402.7,425.1,115.3,114.0,492.5,158.6,414.5,339.7,419.9,341.1,369.8,58.4,384.4,120.4,1463.6,301.5,373.0,318.8,400.2,364.4,79.6,137.8,433.1,409.5,404.8,512.3,355.6,221.9,409.4,11.3,399.5,291.2,455.4,280.0,214.9,112.4,30.8,358.7,138.1,141.2,32.5,83.7,496.9,394.7,124.0,327.0,330.4,20.8,130.3,133.1,478.9,350.9,22.9,49.2,234.8,385.2,328.7,264.6
HP,241.0,389.9,307.7,273.2,289.0,217.3,198.9,262.1,286.4,180.9,95.1,279.8,269.2,587.5,146.7,308.7,163.7,414.6,89.9,520.1,45.0,149.0,221.3,277.0,196.4,249.4,389.0,401.3,292.4,172.4,414.0,370.8,106.6,192.1,162.1,179.2,0.0,367.6,209.2,169.3,312.6,291.9,320.5,339.1,183.1,125.9,361.7,57.1,327.1,276.0,599.2,266.7,298.7,241.6,310.0,93.0,1415.5,187.8,298.6,244.4,325.8,290.0,216.6,236.2,386.7,335.1,330.4,560.7,535.2,154.7,335.0,190.6,330.7,270.7,384.3,256.3,72.5,180.2,210.1,538.0,236.5,320.5,146.1,263.0,409.2,574.0,67.4,263.3,256.0,200.1,60.4,231.5,439.4,276.5,155.9,129.3,333.2,316.4,221.6,190.2
IA,426.8,69.6,110.8,160.1,147.5,160.4,494.8,158.1,191.5,260.8,345.6,127.2,123.0,506.3,235.4,108.0,449.4,307.3,321.9,390.2,359.9,383.6,173.2,178.2,416.1,212.2,137.2,67.4,576.8,437.8,424.0,54.9,448.8,449.3,386.0,463.6,386.6,0.0,494.0,453.7,145.5,126.6,98.4,65.4,440.3,376.4,176.0,366.1,110.2,130.8,518.0,153.8,121.6,522.1,261.9,321.0,1308.2,204.4,144.5,149.5,235.8,191.2,390.4,421.2,124.7,222.1,123.4,453.4,453.7,317.5,107.0,475.0,86.0,219.0,97.3,217.3,393.6,441.6,494.5,287.1,372.5,515.1,402.9,547.4,75.3,492.8,362.3,142.9,212.1,484.5,355.3,516.3,105.5,114.9,413.2,386.5,469.2,100.3,186.7,208.1
II,144.0,540.3,424.1,441.8,457.6,385.9,101.9,439.6,455.0,384.4,178.1,409.1,405.9,516.1,268.1,443.1,66.7,520.4,211.3,669.3,193.5,144.2,382.2,459.7,99.4,320.2,496.9,552.9,221.0,101.0,342.6,522.4,181.1,77.1,185.2,107.8,230.3,526.5,0.0,97.9,481.2,408.3,473.5,490.7,162.3,147.3,530.3,205.6,480.1,405.3,527.8,435.3,449.4,170.2,470.9,162.9,1521.3,320.0,467.2,413.0,499.3,460.5,145.2,139.2,525.0,503.7,499.0,620.2,463.8,276.1,503.6,119.2,465.1,287.3,521.0,298.5,261.9,159.4,138.7,466.6,139.5,249.1,74.7,191.6,560.8,502.6,171.0,392.6,416.9,128.7,178.0,39.9,544.5,413.2,84.6,96.2,236.2,450.8,369.5,351.1
IK,131.1,464.8,413.9,337.7,353.5,281.8,90.6,326.6,350.9,245.4,121.2,333.6,333.7,418.1,211.2,367.6,55.4,465.0,154.4,614.6,136.6,87.3,285.8,341.5,88.1,291.8,421.4,477.4,123.3,25.5,244.6,446.9,124.2,83.8,128.3,9.8,173.4,451.0,100.9,0.0,377.1,398.1,392.8,407.8,105.4,104.1,482.6,148.7,404.6,329.8,429.8,331.2,373.9,68.3,374.5,106.0,1473.5,291.6,363.1,308.9,390.3,354.5,69.7,127.9,449.5,385.3,394.9,522.2,365.5,219.2,399.5,16.7,389.6,281.3,445.5,270.1,205.0,106.7,40.7,368.6,128.2,151.1,22.6,93.6,485.3,404.6,114.1,317.1,320.5,30.7,120.4,123.2,469.0,341.0,13.1,39.3,224.9,375.3,318.8,254.7
IQ,376.9,167.1,105.1,66.0,31.3,103.7,404.7,112.8,72.5,209.4,294.2,155.3,84.9,613.7,184.0,163.0,369.5,330.0,270.5,477.2,308.5,332.2,127.9,91.8,366.2,160.8,199.4,150.8,498.2,378.2,454.1,113.4,397.4,397.9,334.6,385.0,335.2,160.8,444.1,375.1,0.0,120.9,97.6,132.3,388.9,325.0,91.1,314.7,86.8,158.9,610.6,108.5,133.1,443.5,216.6,269.6,1330.9,159.1,50.4,71.4,116.8,78.0,350.8,371.3,204.9,128.0,59.8,476.1,561.4,258.9,48.5,391.9,141.0,167.6,177.5,184.3,342.2,386.0,416.1,394.5,322.6,526.3,351.9,468.8,141.2,600.2,310.9,171.0,162.6,405.9,303.9,466.4,212.9,76.8,361.8,335.1,419.3,155.3,130.8,162.8
IV,311.7,150.8,15.8,120.3,89.5,97.1,378.1,100.1,133.5,164.1,248.9,64.9,65.0,529.6,138.7,66.5,332.7,246.6,225.2,352.1,263.2,286.9,115.2,120.2,299.4,119.5,162.7,162.2,484.6,345.6,370.7,131.7,352.1,380.2,289.3,371.4,289.9,128.5,377.3,361.5,120.9,0.0,81.4,100.0,343.6,279.7,166.0,269.4,88.0,68.5,541.3,95.8,42.4,433.8,203.9,228.8,1247.5,99.7,145.7,91.5,177.8,133.2,284.0,304.5,130.4,182.2,154.7,392.7,477.3,220.8,169.5,382.8,88.5,165.4,145.2,100.6,296.9,340.7,402.3,310.4,255.8,512.7,306.6,455.2,170.1,516.1,265.6,80.6,149.9,392.3,258.6,399.6,200.3,56.9,316.5,289.8,352.5,74.2,106.9,150.1
JF,361.9,106.1,63.9,113.8,80.6,113.5,429.9,111.2,103.8,209.2,298.7,57.6,76.1,545.0,190.3,81.9,384.5,251.7,275.0,398.9,313.0,336.7,126.3,123.1,351.2,165.3,122.4,112.8,512.2,372.9,378.2,87.0,401.9,432.0,339.1,394.0,339.7,83.8,429.1,384.1,98.5,79.7,0.0,49.4,393.4,315.8,84.5,319.2,6.6,65.9,541.9,106.9,69.2,457.2,210.3,274.1,1252.6,160.6,132.1,102.7,148.1,109.3,325.5,356.3,106.6,156.2,73.2,397.8,492.4,263.4,94.6,405.6,64.0,167.4,100.5,152.4,346.7,394.7,429.8,325.8,307.6,540.0,356.0,482.5,127.1,531.5,310.7,73.3,165.2,419.6,309.1,451.4,155.6,68.0,361.6,339.6,404.3,78.3,135.1,161.2
JI,382.4,63.4,74.5,136.8,111.2,124.1,457.6,121.8,155.2,224.5,309.3,98.2,86.7,501.0,191.9,49.7,412.2,249.0,285.6,396.2,323.6,347.3,136.9,141.9,378.9,175.9,79.7,68.0,535.7,396.4,375.5,31.6,419.8,420.3,349.7,415.0,350.3,43.1,456.8,419.6,128.1,90.3,62.1,0.0,404.0,326.4,142.9,329.8,73.9,94.5,497.9,117.5,96.9,480.7,232.9,284.7,1249.9,171.2,121.2,113.2,199.5,154.9,349.0,380.0,76.2,184.5,100.1,395.1,448.4,274.0,83.7,429.1,27.7,190.0,48.8,172.9,357.3,405.3,453.3,281.8,335.3,467.1,366.6,506.0,71.7,481.6,326.0,97.6,175.8,443.1,319.7,479.1,100.2,78.6,384.2,350.2,432.0,42.0,141.4,171.8
JL,174.2,544.9,494.0,472.0,487.8,416.1,132.1,469.8,485.2,276.3,152.1,413.7,436.1,520.7,242.1,447.7,96.9,545.1,185.3,673.9,167.5,118.2,316.7,489.9,129.6,350.4,501.5,557.5,225.6,105.6,347.2,527.0,155.1,125.3,159.2,112.4,204.3,531.1,142.4,102.5,511.4,478.2,478.1,495.3,0.0,121.3,562.7,179.6,484.7,409.9,532.4,465.5,454.0,174.8,405.4,136.9,1576.1,350.2,497.4,443.2,529.5,490.7,149.8,169.4,529.6,533.9,529.2,624.8,468.4,250.1,533.8,123.8,469.7,317.5,525.6,328.7,235.9,66.6,143.3,471.2,169.7,253.7,79.3,196.2,565.4,507.2,145.0,397.2,351.4,133.3,152.0,164.7,549.1,443.4,89.1,62.5,266.4,455.4,399.7,285.6
JW,164.8,411.5,329.3,281.1,310.6,234.8,110.6,283.7,308.0,202.5,30.8,301.4,290.8,499.2,170.1,330.3,75.4,436.2,111.5,633.3,111.0,34.9,242.9,298.6,108.1,328.9,410.6,409.2,204.4,84.1,328.1,392.4,186.2,117.5,89.6,104.6,137.7,389.2,120.9,81.0,320.5,313.5,336.9,354.8,94.8,0.0,383.3,123.1,348.7,297.6,496.1,288.3,306.8,163.1,331.6,90.1,1437.1,313.3,320.2,266.0,347.4,311.6,128.3,147.9,394.6,342.4,352.0,603.3,446.6,169.1,356.6,97.8,352.3,332.1,392.2,320.9,161.4,96.1,122.0,449.7,148.2,232.2,57.4,174.7,432.5,499.4,99.7,284.9,281.8,111.8,107.1,143.2,461.0,298.1,81.3,41.0,244.9,338.0,262.2,211.8
JY,401.9,193.4,148.1,102.3,74.3,128.7,429.7,155.8,97.5,234.4,319.2,162.4,127.9,645.1,209.0,182.0,394.5,351.8,295.5,448.8,333.5,357.2,170.9,116.8,391.2,185.8,222.5,177.1,523.2,403.2,475.9,139.7,422.4,422.9,359.6,410.0,360.2,183.9,469.1,400.1,87.0,163.9,100.0,161.3,413.9,350.0,0.0,339.7,93.9,166.0,642.0,144.9,169.3,468.5,259.6,294.6,1352.7,202.1,111.1,96.4,141.8,103.0,375.8,396.3,211.4,164.2,48.9,497.9,592.8,291.1,73.6,416.9,164.1,192.6,200.6,227.3,367.2,416.9,440.9,425.9,347.6,551.3,376.5,493.8,167.5,631.6,335.9,178.1,205.6,430.9,328.9,491.4,239.2,119.8,386.8,360.1,444.3,178.4,155.8,205.8
KE,213.4,373.2,291.0,256.5,272.3,200.6,171.3,245.4,269.7,164.2,78.4,263.1,252.5,559.9,130.0,292.0,136.1,397.9,55.7,503.4,10.7,121.4,204.6,260.3,168.8,232.7,372.3,384.6,264.8,144.8,386.4,354.1,137.2,164.5,125.9,151.6,75.0,350.9,181.6,141.7,295.9,275.2,303.8,322.4,155.5,109.2,345.0,0.0,310.4,259.3,571.6,250.0,282.0,214.0,293.3,76.3,1398.8,171.1,281.9,227.7,309.1,273.3,189.0,208.6,370.0,318.4,313.7,544.0,507.6,138.0,318.3,163.0,314.0,254.0,367.6,239.6,47.9,152.6,182.5,510.4,208.9,292.9,118.5,235.4,392.5,546.4,32.7,246.6,239.3,172.5,25.7,203.9,422.7,259.8,128.4,101.7,305.6,299.7,204.9,173.5
KG,369.6,112.2,70.0,102.0,74.0,114.3,436.0,117.3,97.2,220.0,304.8,68.4,82.2,551.1,194.6,88.0,390.6,257.8,281.1,363.3,319.1,342.8,132.4,116.5,357.3,171.4,128.5,123.6,518.0,379.0,381.9,93.1,408.0,438.1,345.2,404.8,345.8,89.9,435.2,394.9,86.7,85.8,6.0,61.4,399.5,335.6,77.9,325.3,0.0,72.0,562.8,113.0,80.8,467.2,221.1,284.7,1258.7,163.6,125.5,96.1,141.5,102.7,331.6,362.4,117.4,163.9,66.6,403.9,498.8,276.7,88.0,416.2,70.1,192.7,106.6,158.5,352.8,396.6,435.7,331.9,313.7,546.1,362.5,488.6,131.5,537.6,321.5,84.1,167.1,425.7,314.5,457.5,161.7,74.1,372.3,345.7,410.4,84.4,124.1,167.3
KX,324.3,155.5,84.0,160.8,130.0,137.6,390.7,140.6,172.0,162.4,247.2,3.8,97.6,518.0,137.0,62.7,345.3,185.7,223.5,291.2,261.5,285.2,155.7,160.7,312.0,117.8,158.9,166.9,445.9,306.9,309.8,136.4,350.4,392.8,287.6,332.7,288.2,133.2,389.9,322.8,161.4,68.2,68.1,104.7,341.9,278.0,152.7,267.7,74.7,0.0,529.7,136.3,36.6,395.1,244.4,227.1,1186.6,98.0,200.3,132.0,216.3,173.7,259.5,290.5,126.6,222.7,141.4,331.8,465.7,219.1,162.8,344.1,84.7,178.0,143.7,113.2,295.2,339.0,363.6,298.8,268.4,474.0,304.9,416.5,174.8,504.5,263.9,12.0,190.4,353.6,256.9,412.2,205.0,97.4,314.8,288.1,365.1,70.4,147.4,190.6
LH,571.7,507.7,636.7,658.3,675.7,598.3,541.7,656.1,671.5,648.6,572.3,557.1,623.1,37.4,635.5,572.8,506.5,363.9,605.5,291.1,587.7,538.4,656.9,676.2,539.2,614.5,492.9,515.0,326.7,476.6,201.4,554.8,564.8,524.4,568.9,441.1,624.5,530.4,552.0,440.5,645.4,620.9,626.8,545.3,556.5,555.2,706.1,599.8,638.6,563.8,0.0,651.8,593.9,372.1,745.6,561.6,1212.4,605.8,683.7,629.5,715.8,677.0,520.8,565.6,546.2,705.9,623.3,261.1,72.3,708.6,606.9,434.2,594.8,610.8,524.9,603.0,656.1,557.8,410.0,259.7,579.3,298.0,474.1,357.2,535.1,133.0,554.7,540.6,695.8,420.2,571.5,574.3,456.6,630.4,464.1,490.4,676.0,580.5,678.3,625.8
LJ,304.0,179.7,101.7,81.0,78.8,77.8,334.6,24.3,58.0,139.3,224.1,153.9,81.5,629.7,113.9,159.6,299.4,297.4,200.4,402.9,238.4,262.1,39.4,26.4,291.7,134.9,196.0,191.1,428.1,308.1,421.5,160.6,327.3,327.8,264.5,314.9,265.1,157.4,344.9,305.0,110.2,117.5,110.3,128.9,318.8,254.9,166.5,244.6,116.9,157.5,641.4,0.0,129.7,377.3,128.1,204.0,1298.3,70.6,106.4,52.2,102.3,39.4,276.3,296.8,184.9,142.9,135.2,443.5,577.4,196.0,142.8,326.3,137.6,156.2,174.1,180.9,272.1,315.9,345.8,410.5,248.1,456.2,281.8,398.7,199.0,616.2,240.8,146.1,74.1,335.8,233.8,367.2,229.2,73.4,291.6,265.0,344.8,151.9,31.1,74.3
LK,296.1,145.8,57.4,132.5,101.7,114.6,364.1,112.3,145.7,150.1,234.9,35.9,71.0,517.2,126.5,54.1,318.7,217.3,211.2,364.5,249.2,272.9,127.4,132.4,285.4,105.5,150.3,147.3,470.9,331.6,343.8,126.7,338.1,362.7,275.3,353.9,275.9,120.9,363.3,344.0,133.1,41.6,71.2,89.1,329.6,252.0,161.0,255.4,83.0,56.1,514.1,108.0,0.0,412.4,216.1,210.3,1218.2,96.8,157.9,103.7,190.0,145.4,270.0,290.5,101.4,180.1,149.7,363.4,464.6,199.6,171.1,364.3,76.1,108.8,118.5,83.1,282.9,330.9,388.5,298.0,241.8,498.7,292.2,441.2,166.8,487.1,248.1,51.6,166.3,378.3,245.3,385.6,185.4,69.1,302.4,275.8,338.5,61.8,140.9,162.3
LV,199.5,548.2,482.3,406.1,421.9,350.2,159.0,395.0,419.3,313.8,189.6,402.0,402.1,349.7,281.4,436.0,123.8,552.7,222.8,546.2,205.0,155.7,354.2,409.9,156.5,360.2,516.1,566.0,54.9,93.9,176.2,515.3,192.6,152.2,196.7,58.4,241.8,519.4,169.3,68.3,445.5,466.5,466.4,483.6,173.8,172.5,551.0,217.1,473.0,398.2,361.4,399.6,442.3,0.0,442.9,174.4,1405.1,360.0,431.5,377.3,458.7,422.9,138.1,196.3,551.0,468.0,463.3,453.8,297.4,280.4,467.9,44.4,458.0,349.7,540.2,338.5,273.4,170.9,27.3,300.2,196.6,82.7,91.4,25.2,573.9,336.2,182.5,385.5,393.1,37.5,188.8,191.6,507.6,409.4,81.5,107.7,293.3,443.7,387.2,323.1
LX,379.8,266.9,188.9,168.2,166.0,177.5,402.3,116.7,163.2,207.0,291.8,240.0,168.7,707.1,181.6,246.8,367.1,374.8,268.1,480.3,306.1,329.8,78.4,131.6,369.1,222.1,283.2,278.3,496.1,375.8,498.9,247.8,395.0,395.5,332.2,382.6,332.8,244.6,412.6,372.7,197.4,204.7,192.3,216.1,386.5,322.6,264.5,312.3,204.1,236.2,704.0,127.2,216.9,441.1,0.0,267.2,1375.7,148.0,193.6,139.4,176.8,144.6,353.7,374.2,272.1,230.1,233.2,520.9,654.5,256.5,230.0,394.0,224.8,228.9,261.3,216.5,339.8,387.8,413.5,487.9,325.5,523.9,349.1,466.4,286.2,693.6,308.5,223.5,88.2,403.5,301.5,434.9,316.4,160.6,359.3,332.7,422.2,239.1,105.3,127.2
NA,171.0,348.3,266.1,227.1,247.4,171.6,130.5,220.5,244.8,136.1,71.5,233.7,227.6,519.1,106.9,267.1,95.3,373.0,48.3,520.2,65.8,58.0,179.7,235.4,128.0,207.8,347.4,358.4,224.3,104.0,348.0,329.2,150.2,128.2,64.9,112.1,92.5,321.5,140.8,104.1,266.5,250.3,273.7,291.6,114.7,88.6,320.1,77.9,285.5,234.4,516.0,225.1,243.6,169.3,265.2,0.0,1373.9,171.6,257.0,202.8,284.2,248.4,148.2,167.8,340.6,279.2,288.8,519.1,466.5,105.9,293.4,122.2,289.1,210.1,338.2,210.2,116.2,116.0,141.9,469.6,168.1,252.1,77.3,194.6,369.3,505.6,65.0,217.2,218.6,131.7,61.9,163.1,393.3,234.9,90.7,60.9,264.8,274.8,208.2,148.6
NK,1581.8,1424.7,1434.8,1456.4,1473.8,1400.5,1648.2,1454.2,1469.6,1457.2,1542.0,1365.7,1421.2,1297.4,1431.8,1370.9,1602.8,1162.0,1518.3,1160.1,1556.3,1580.0,1455.0,1474.3,1569.5,1412.6,1381.3,1442.5,1447.4,1615.7,1324.2,1450.2,1645.2,1645.7,1582.4,1561.5,1583.0,1454.3,1647.4,1571.4,1505.2,1419.0,1430.1,1418.5,1636.7,1572.8,1514.7,1562.5,1436.7,1361.9,1309.1,1449.9,1388.0,1499.1,1543.7,1521.9,0.0,1392.8,1481.8,1427.6,1513.9,1475.1,1554.1,1574.6,1416.2,1518.3,1503.4,1122.0,1245.1,1513.9,1502.3,1550.1,1392.9,1433.9,1405.4,1411.6,1590.0,1633.8,1530.6,1380.1,1525.9,1418.4,1594.1,1477.6,1450.4,1271.8,1558.7,1349.2,1489.7,1540.6,1551.7,1669.7,1407.5,1428.5,1584.5,1582.9,1622.6,1378.6,1442.3,1423.9
OQ,206.3,202.0,119.8,106.4,101.1,25.3,259.6,83.1,98.5,64.3,149.1,113.0,81.3,559.0,40.7,120.8,224.4,226.7,125.4,373.9,163.4,187.1,98.2,103.2,257.1,61.5,201.1,234.5,353.4,233.1,353.2,182.9,267.7,268.2,204.9,255.3,190.1,200.8,269.9,245.4,124.7,104.0,127.4,145.3,243.8,166.2,194.9,169.6,139.2,88.1,555.9,78.8,97.3,313.8,186.9,124.5,1227.6,0.0,110.7,56.5,142.8,104.0,205.6,226.1,193.6,132.9,142.5,372.8,506.4,113.8,147.1,246.8,142.8,68.3,217.5,83.8,197.1,245.1,271.0,339.8,177.4,381.2,206.4,323.7,223.0,545.5,165.8,96.5,137.1,260.8,159.5,292.2,272.6,88.6,216.7,190.0,274.1,128.5,98.9,31.0
OV,373.5,155.7,140.6,36.3,91.4,98.7,399.7,119.7,85.5,204.4,289.2,202.2,120.4,602.3,179.0,186.0,364.5,325.0,265.5,430.5,303.5,327.2,134.8,104.8,361.2,155.8,216.0,139.4,493.2,373.2,449.1,102.0,392.4,392.9,329.6,380.0,330.2,157.0,439.1,370.1,60.0,156.4,139.8,136.2,383.9,320.0,124.9,309.7,133.7,186.4,614.0,115.4,168.6,442.4,223.5,269.1,1325.9,166.0,0.0,66.4,129.8,91.0,345.8,366.3,194.2,98.3,72.3,471.1,550.0,261.1,37.1,391.4,164.0,177.1,183.4,166.7,337.2,381.0,410.9,383.1,317.6,521.3,346.9,463.8,131.5,588.8,305.9,173.7,169.5,400.9,298.9,461.4,201.5,112.3,356.7,330.1,414.3,178.3,126.5,169.7
OW,307.0,152.1,74.1,28.7,51.2,32.2,333.2,53.2,41.9,137.9,222.7,123.7,53.9,590.8,112.5,132.0,298.0,258.5,199.0,364.0,237.0,260.7,68.3,61.2,294.7,89.3,168.4,163.5,426.7,306.7,382.6,133.0,325.9,326.4,263.1,313.5,263.7,129.8,372.6,303.6,82.6,89.9,82.7,101.3,317.4,253.5,117.2,243.2,89.3,119.9,602.5,48.9,102.1,375.9,157.0,202.6,1259.4,99.5,54.1,0.0,86.2,47.4,279.3,299.8,157.3,90.6,85.9,404.6,538.5,194.6,90.5,324.9,110.0,110.6,146.5,100.2,270.7,314.5,344.4,371.6,251.1,454.8,280.4,397.3,171.4,577.3,239.4,107.2,103.0,334.4,232.4,394.9,201.6,45.8,290.3,263.6,347.8,124.3,60.0,103.2
OX,377.4,253.2,177.2,74.7,103.4,121.1,408.0,112.7,33.2,212.7,297.5,209.4,157.0,692.1,187.3,229.0,372.8,347.4,273.8,452.9,311.8,335.5,107.8,76.0,365.1,178.2,269.5,242.1,501.5,381.5,471.5,204.7,400.7,401.2,337.9,388.3,338.5,230.9,418.3,378.4,96.1,193.0,147.0,202.4,392.2,328.3,145.2,318.0,140.9,213.0,703.8,104.1,205.2,450.7,196.5,277.4,1348.3,144.0,100.1,88.8,0.0,62.2,349.7,370.2,258.4,136.6,113.9,493.5,639.8,269.4,138.6,399.7,211.1,199.5,247.6,189.1,345.5,389.3,419.2,472.9,321.5,529.6,355.2,472.1,234.2,678.6,314.2,196.1,142.5,409.2,307.2,440.6,302.7,148.9,365.0,338.4,418.2,225.4,104.5,142.7
PB,343.8,199.5,121.5,56.5,85.2,97.6,374.4,64.1,18.5,179.1,263.9,173.7,101.3,656.4,153.7,179.4,339.2,337.2,240.2,442.7,278.2,301.9,79.2,13.8,331.5,154.7,215.8,210.9,467.9,347.9,461.3,180.4,367.1,367.6,304.3,354.7,304.9,177.2,384.7,344.8,77.9,137.3,128.8,148.7,358.6,294.7,127.0,284.4,122.7,177.3,668.1,41.8,149.5,417.1,167.9,243.8,1338.1,110.4,81.9,72.0,62.8,0.0,316.1,336.6,204.7,118.4,95.7,483.3,604.1,235.8,120.4,366.1,157.4,176.0,193.9,200.7,311.9,355.7,385.6,437.2,287.9,496.0,321.6,438.5,216.0,642.9,280.6,185.9,113.9,375.6,273.6,407.0,249.0,93.2,331.4,304.8,384.6,171.7,70.9,114.1
PK,99.7,393.9,343.0,338.2,354.0,282.3,138.5,336.0,351.4,280.8,180.9,262.7,302.3,480.3,255.4,296.7,93.1,394.1,214.1,499.6,196.3,147.0,278.6,356.1,59.8,216.6,350.5,406.5,185.2,46.2,306.8,376.0,183.9,140.6,188.0,72.0,233.1,380.1,137.7,62.1,377.6,327.2,327.1,344.3,165.1,150.1,411.7,208.4,333.7,258.9,492.0,331.7,303.0,134.4,367.3,165.7,1395.0,216.4,363.6,309.4,395.7,356.9,0.0,29.8,378.6,400.1,400.4,584.4,428.0,337.5,400.0,83.4,318.7,183.7,374.6,194.9,264.7,162.2,102.9,430.8,80.6,213.3,120.2,155.8,414.4,466.8,173.8,246.2,313.3,92.9,180.8,160.0,398.1,309.6,72.7,99.0,177.3,304.4,265.9,247.5
PL,69.8,424.9,374.0,367.6,383.4,311.7,108.6,365.4,380.8,310.2,193.7,293.7,331.7,531.7,284.8,327.7,63.2,425.1,226.9,530.6,209.1,159.8,308.0,385.5,29.9,246.0,381.5,437.5,236.6,116.6,358.2,407.0,196.7,110.7,200.8,123.4,245.9,411.1,107.8,113.5,407.0,358.2,358.1,375.3,177.9,162.9,442.7,221.2,364.7,289.9,543.4,361.1,334.0,185.8,396.7,178.5,1426.0,245.8,393.0,338.8,425.1,386.3,29.8,0.0,409.6,429.5,431.4,635.8,479.4,366.9,429.4,134.8,349.7,213.1,405.6,224.3,277.5,175.0,154.3,482.2,65.3,264.7,90.3,207.2,445.4,518.2,186.6,277.2,342.7,144.3,193.6,130.1,429.1,339.0,100.1,111.8,162.0,335.4,295.3,276.9
PR,385.8,48.0,130.5,209.7,152.6,160.2,437.2,163.2,196.6,239.8,324.6,104.2,128.1,474.3,199.6,68.8,408.4,233.9,300.9,417.7,338.9,362.6,178.3,209.6,358.5,217.3,82.3,64.3,549.9,410.6,354.4,105.7,427.8,455.9,348.4,419.8,349.0,97.7,436.4,409.9,210.3,114.7,132.6,66.6,402.7,355.4,217.2,328.5,115.3,91.2,487.8,185.2,99.7,494.9,267.0,287.9,1234.8,169.9,217.6,154.6,240.9,196.3,343.1,363.6,0.0,257.3,170.2,380.0,421.7,289.3,153.8,450.4,90.8,224.1,17.1,176.3,356.0,416.4,450.7,255.1,314.9,448.4,365.7,520.2,98.5,460.8,324.7,103.3,239.3,440.7,334.3,458.7,146.7,120.0,392.2,348.9,411.6,83.4,218.1,213.2
PZ,393.5,231.3,175.1,57.9,133.5,138.5,434.2,154.2,120.0,226.0,323.7,224.7,154.9,691.8,215.3,233.0,399.0,359.5,300.0,506.7,338.0,361.7,169.3,139.3,395.7,190.3,269.4,202.1,528.0,407.7,486.0,177.6,426.9,427.4,364.1,401.6,364.7,217.9,473.6,404.6,113.3,190.9,178.5,196.4,418.4,340.8,162.4,344.2,171.0,220.9,688.7,149.9,216.7,473.0,258.0,299.1,1360.4,185.6,76.3,100.9,164.3,125.5,380.3,400.8,258.3,0.0,144.0,505.6,639.2,288.4,112.7,421.4,211.0,197.1,234.6,201.2,371.7,419.7,445.6,472.6,352.1,555.8,381.0,498.3,205.4,665.4,327.5,208.2,208.2,435.4,334.1,495.9,264.2,146.8,391.2,364.6,448.8,225.3,165.4,204.2
QT,395.8,144.4,136.3,77.7,66.6,121.0,422.0,148.1,89.8,226.7,311.5,134.7,120.2,591.0,201.3,154.3,386.8,324.1,287.8,429.6,325.8,349.5,163.2,109.1,383.5,178.1,194.8,128.1,515.5,395.5,448.2,90.7,414.7,415.2,351.9,402.3,352.5,145.7,461.4,392.4,63.1,152.1,72.3,124.9,406.2,342.3,52.5,332.0,66.2,138.3,602.7,137.2,147.1,464.7,251.9,291.4,1325.0,194.4,62.1,88.7,134.1,95.3,368.1,388.6,182.9,139.7,0.0,470.2,538.7,283.4,24.6,413.7,136.4,199.4,172.1,219.6,359.5,403.3,433.2,371.8,339.9,543.6,369.2,486.1,120.2,577.5,328.2,150.4,197.9,423.2,321.2,483.7,190.2,112.1,379.0,352.4,436.6,150.7,154.9,198.1
QV,572.7,415.6,425.7,447.3,464.7,391.4,639.1,445.1,460.5,448.1,532.9,356.6,412.1,246.0,422.7,361.8,593.7,152.9,509.2,49.0,547.2,570.9,445.9,465.2,560.4,403.5,372.2,433.4,396.0,606.6,272.8,441.1,636.1,636.6,573.3,510.1,573.9,445.2,638.3,520.0,496.1,409.9,421.0,409.4,627.6,563.7,505.6,553.4,427.6,352.8,257.7,440.8,378.9,447.7,534.6,512.8,1019.9,383.7,472.7,418.5,504.8,466.0,545.0,565.5,407.1,509.2,494.3,0.0,193.7,504.8,493.2,498.7,383.8,424.8,396.3,402.5,580.9,624.7,479.2,328.7,516.8,367.0,542.7,426.2,441.3,220.4,549.6,340.1,480.6,489.2,542.6,660.6,398.4,419.4,533.2,573.8,613.5,369.5,433.2,414.8
RF,509.8,435.6,564.6,585.9,603.6,526.2,469.6,584.0,599.4,586.7,500.2,495.2,551.0,52.2,563.4,500.7,434.4,291.8,533.4,219.0,515.6,466.3,584.8,604.1,467.1,542.4,420.8,453.1,254.6,404.5,129.3,482.7,502.9,462.5,507.3,368.7,552.4,468.5,479.9,378.9,573.3,548.8,554.7,473.2,484.4,483.1,644.2,527.7,566.5,491.7,49.1,579.7,521.8,310.2,673.5,489.5,1140.3,533.7,611.6,557.4,643.7,604.9,448.7,493.5,490.7,633.8,551.2,189.0,0.0,636.5,534.8,362.1,522.7,548.9,463.0,541.1,584.0,485.7,337.9,187.6,507.2,225.9,402.0,285.1,463.0,71.1,492.8,478.7,623.7,348.1,499.4,502.2,394.7,558.3,392.0,418.3,603.9,508.4,605.9,553.7
RI,273.1,313.4,231.2,192.5,212.5,136.7,236.8,185.6,209.9,104.4,126.3,203.3,192.7,625.4,72.0,232.2,201.6,338.1,102.6,485.3,140.6,164.3,144.8,200.5,234.3,172.9,312.5,320.6,330.6,210.3,454.3,294.3,225.3,225.8,162.5,217.1,167.3,291.1,247.1,203.0,231.9,215.4,238.8,256.7,221.0,143.4,281.0,146.8,250.6,199.5,622.3,190.2,208.7,275.6,233.5,101.7,1339.0,136.7,222.1,167.9,249.3,213.5,254.5,274.1,306.0,244.3,253.9,484.2,572.8,0.0,258.5,224.0,254.2,175.5,307.8,179.8,174.3,218.1,248.2,451.2,274.4,358.4,183.6,300.9,334.4,611.9,138.8,186.8,179.5,238.0,136.7,269.4,362.9,200.0,193.9,167.2,371.1,239.9,173.6,113.7
RJ,390.2,118.5,143.6,53.0,69.8,115.4,416.4,151.3,111.0,221.1,305.9,165.0,123.4,565.1,195.7,148.8,381.2,341.7,282.2,447.2,320.2,343.9,166.4,130.3,377.9,172.5,178.8,102.2,509.9,389.9,463.6,64.8,409.1,409.6,346.3,396.7,346.9,119.8,455.8,386.8,38.4,159.4,102.6,99.0,400.6,336.7,87.7,326.4,96.5,168.6,576.8,147.0,171.6,459.1,255.1,285.8,1342.6,197.6,37.4,83.1,155.3,116.5,362.5,383.0,157.0,115.0,35.1,487.8,512.8,277.8,0.0,408.1,126.8,193.8,146.2,222.8,353.9,397.7,427.6,345.9,334.3,538.0,363.6,480.5,94.3,551.6,322.6,180.7,201.1,417.6,315.6,478.1,164.3,115.3,373.4,346.8,431.0,141.1,158.1,201.3
RL,147.9,486.1,435.2,361.6,374.8,305.7,111.9,347.9,372.2,262.2,142.5,354.9,355.0,396.8,235.1,388.9,76.7,486.3,175.7,547.4,157.9,108.6,307.1,362.8,109.4,313.1,442.7,494.2,99.1,46.8,220.7,468.2,141.0,100.6,152.2,11.3,194.7,472.3,122.2,16.7,393.9,419.4,421.9,439.1,126.7,114.3,499.4,170.0,425.9,351.1,405.9,352.5,397.8,44.4,395.8,127.3,1452.2,315.5,384.4,330.2,411.6,375.8,91.0,149.2,447.1,423.5,416.2,500.9,341.9,243.1,420.8,0.0,410.9,298.1,466.8,291.4,226.3,126.4,16.8,347.3,149.5,129.8,46.5,72.3,509.2,387.8,130.9,333.9,344.4,9.4,145.0,144.5,552.1,362.3,34.3,60.6,246.2,396.6,335.6,276.0
RO,363.4,76.3,71.0,138.5,107.7,115.3,429.8,118.3,151.7,215.8,300.6,80.2,83.2,504.5,190.4,22.0,384.4,221.2,276.9,326.7,314.9,338.6,133.4,138.4,351.1,172.4,92.6,87.7,507.6,368.6,345.3,57.2,403.8,431.9,341.0,394.4,341.6,61.3,429.0,384.5,139.1,86.8,63.8,25.5,395.3,331.4,148.4,321.1,70.4,83.8,516.2,114.0,75.7,456.8,222.1,280.5,1222.1,164.6,146.8,109.7,196.0,151.4,321.2,352.2,81.5,200.4,125.7,367.3,452.2,272.5,109.3,405.8,0.0,193.7,70.7,152.3,348.6,392.4,425.3,285.3,307.5,439.3,358.3,478.2,95.6,491.0,317.3,95.9,168.1,415.3,310.3,451.3,125.8,75.1,368.2,341.5,404.2,14.3,125.1,168.3
RP,209.2,248.7,170.7,132.0,147.8,72.0,277.2,129.8,145.2,146.8,231.6,142.8,150.5,609.9,121.4,171.7,231.8,277.6,207.9,406.4,245.9,269.6,144.9,149.9,198.5,10.4,265.0,260.1,384.0,244.7,401.7,229.6,334.8,279.3,272.0,270.5,272.6,226.4,276.4,260.6,171.4,186.5,174.1,192.0,326.3,262.4,220.5,252.1,185.9,139.0,621.6,125.5,162.7,329.0,233.6,207.0,1278.5,82.4,157.4,103.2,189.5,150.7,183.1,203.6,227.3,193.9,189.2,423.7,557.6,196.3,193.8,281.9,206.6,0.0,243.1,55.7,279.6,323.4,301.4,390.7,154.9,411.8,258.9,354.3,268.0,596.4,248.3,126.3,179.6,291.4,241.3,298.7,298.2,142.4,268.8,272.5,251.6,179.4,158.4,113.5
RU,396.6,30.9,98.8,166.3,135.5,148.4,464.6,146.1,179.5,248.8,333.6,115.0,111.0,501.7,225.2,74.0,419.2,261.3,309.9,408.5,347.9,371.6,161.2,166.2,385.9,200.2,65.2,47.2,560.0,420.7,364.5,88.6,436.8,466.7,374.0,446.5,374.6,80.6,463.8,436.6,166.9,114.6,91.6,56.9,428.3,364.4,176.2,354.1,98.2,118.6,513.4,141.8,109.6,505.0,249.9,312.2,1262.2,192.4,174.2,137.5,223.8,179.2,370.5,391.0,10.7,228.2,153.1,407.4,449.4,305.5,136.7,457.9,52.0,207.0,0.0,187.1,381.6,425.4,477.6,282.5,342.3,458.5,390.9,530.3,56.8,488.2,350.3,130.7,200.1,467.4,344.0,486.1,103.3,102.9,401.2,374.5,439.0,66.3,174.7,196.1
SE,209.4,235.2,146.4,121.5,137.3,65.6,277.4,119.3,134.7,122.3,207.1,107.9,109.7,575.0,96.9,136.8,232.0,242.7,183.4,325.6,221.4,245.1,120.1,139.4,198.7,77.7,217.1,246.6,384.2,244.9,369.2,216.1,310.3,279.5,247.5,270.7,248.1,220.2,276.6,260.8,160.9,130.6,172.3,184.4,301.8,224.2,210.0,227.6,178.9,104.1,586.7,115.0,125.7,329.2,208.8,185.7,1243.6,57.9,146.9,92.7,179.0,140.2,183.3,203.8,192.4,169.1,178.7,388.8,522.7,179.0,183.3,282.1,158.8,84.5,229.6,0.0,255.1,304.8,301.8,355.8,155.1,412.0,258.7,354.5,256.2,561.5,223.8,91.4,154.8,291.6,216.8,298.9,284.7,117.0,268.9,248.0,251.8,144.5,141.5,89.0
SG,271.5,413.3,331.1,296.6,312.4,240.7,229.4,285.5,309.8,204.3,118.5,303.2,292.6,618.0,170.1,332.1,194.2,438.0,81.4,543.5,68.4,184.3,244.7,300.4,226.9,272.8,412.4,424.7,322.9,202.9,444.5,394.2,153.5,222.6,185.5,209.7,52.5,391.0,239.7,199.8,336.0,315.3,343.9,362.5,213.6,149.3,385.1,66.1,350.5,299.4,629.7,290.1,322.1,272.1,333.4,116.4,1438.9,211.2,322.0,267.8,349.2,313.4,247.1,266.7,410.1,358.5,353.8,584.1,565.7,178.1,358.4,221.1,354.1,294.1,407.7,279.7,0.0,210.7,240.6,568.5,267.0,351.0,176.6,293.5,432.6,604.5,90.8,286.7,279.4,230.6,83.8,262.0,462.8,299.9,186.4,159.8,363.7,339.8,245.0,213.6
TA,160.2,530.8,479.9,457.9,473.7,403.7,118.0,455.7,471.1,257.9,138.0,399.6,422.0,506.6,229.7,433.6,82.8,531.0,171.2,661.5,153.4,104.1,302.6,475.8,115.5,336.3,487.4,545.1,213.2,91.5,334.8,512.9,136.7,106.9,145.1,98.3,190.2,512.7,128.3,88.4,493.0,464.1,465.7,482.9,75.4,108.9,544.3,165.5,470.6,395.8,520.0,451.4,441.6,156.8,393.0,124.5,1562.0,337.8,483.3,429.1,515.4,476.6,135.7,155.3,515.5,521.5,515.1,610.7,456.0,237.7,519.7,108.0,455.6,321.5,513.2,314.6,221.8,0.0,130.9,457.1,155.6,239.6,66.9,182.1,553.0,488.8,130.9,384.8,339.0,119.2,139.6,150.6,530.7,429.3,70.7,48.4,252.3,441.3,421.4,271.5
TE,171.9,505.6,454.7,378.5,394.3,318.5,131.4,367.4,391.7,286.2,162.0,374.6,374.5,377.3,253.8,408.4,96.2,580.3,195.2,511.4,177.4,128.1,326.6,382.3,128.9,332.6,462.2,518.2,82.5,66.3,206.2,487.7,165.0,124.8,169.1,30.8,214.2,491.8,141.7,40.7,417.9,438.9,433.6,450.1,146.2,144.9,523.4,189.5,445.4,370.6,374.2,372.0,400.7,27.3,415.5,151.3,1432.7,317.0,403.9,349.7,431.1,395.3,110.5,168.7,490.3,426.1,435.7,481.4,324.7,252.8,440.3,24.0,430.4,322.1,486.3,310.9,245.8,147.5,0.0,327.8,169.0,110.3,63.8,52.8,527.8,363.6,154.9,357.9,365.5,9.9,161.2,164.0,535.0,381.8,54.1,80.1,265.7,416.1,359.6,295.5
TQ,539.8,247.9,352.9,400.2,389.6,397.2,471.6,400.2,433.6,415.2,500.0,369.3,365.1,219.1,389.8,328.1,436.4,252.4,476.3,372.3,514.3,468.3,415.3,420.3,469.1,370.6,233.1,265.7,256.9,406.5,133.7,295.0,505.2,464.8,540.4,371.0,541.0,281.1,481.9,380.9,385.6,368.7,345.7,278.3,486.4,471.4,416.1,520.5,352.3,372.9,230.8,395.9,363.7,308.6,504.0,479.9,1253.3,350.8,384.6,391.6,477.9,433.3,450.7,532.6,286.4,462.2,363.5,323.2,166.8,471.9,347.1,359.6,306.1,391.9,275.6,369.6,548.0,483.5,340.1,0.0,483.9,227.9,403.6,287.1,273.6,205.6,516.7,385.0,450.0,350.1,509.7,504.2,207.3,357.0,394.0,420.3,580.6,320.4,407.0,450.2
UD,72.5,370.0,281.2,298.9,314.7,243.0,138.9,296.7,312.1,241.5,224.0,242.7,263.0,562.0,216.1,271.6,93.5,377.5,302.6,483.0,239.4,190.1,239.3,316.8,60.2,177.3,351.9,381.4,266.9,131.7,388.5,350.9,227.0,141.0,231.1,153.7,276.2,355.0,138.1,143.8,338.3,265.4,307.1,319.2,208.2,193.2,387.4,251.5,313.7,238.9,573.7,292.4,252.4,216.1,328.0,208.8,1378.4,177.1,324.3,270.1,356.4,317.6,70.1,65.3,353.5,360.8,356.1,523.6,509.7,298.2,360.7,165.1,293.6,144.4,364.4,155.6,374.3,205.3,184.6,512.5,0.0,295.0,120.6,237.5,389.3,548.5,216.9,226.2,274.0,174.6,223.9,160.4,419.5,270.3,130.5,142.1,96.6,279.3,226.6,208.2
UG,285.7,465.4,532.9,526.4,569.6,470.5,243.6,479.6,539.6,398.4,274.2,459.2,491.2,266.9,364.2,459.5,208.4,469.9,307.4,420.1,289.6,240.3,438.8,494.5,241.1,482.6,433.3,483.2,28.9,178.5,93.4,512.5,277.2,236.8,281.3,143.0,326.4,498.6,253.9,152.9,595.3,523.4,523.6,491.0,258.4,243.4,608.2,301.7,530.2,455.4,278.6,519.9,458.0,80.6,527.5,259.0,1322.3,462.8,594.3,497.6,583.9,545.1,222.7,280.9,468.2,588.3,573.2,371.0,214.6,372.2,556.8,131.6,481.5,411.9,457.4,423.1,358.0,255.5,112.1,217.4,281.2,0.0,175.6,59.1,491.1,253.4,267.1,442.7,473.5,122.1,274.1,276.2,424.8,537.0,166.1,192.3,377.9,467.2,439.1,407.7
UO,108.0,465.5,414.6,314.6,330.8,255.0,67.9,303.9,328.2,222.3,98.5,334.7,311.0,441.3,190.3,368.3,32.7,465.7,131.7,575.4,113.9,64.6,263.1,318.8,65.4,292.5,422.1,478.5,146.5,26.2,270.2,447.6,101.1,61.1,105.6,33.0,150.7,451.7,78.2,23.5,354.4,398.8,393.5,410.0,82.7,81.4,483.3,126.0,405.3,330.5,438.2,308.5,360.6,91.9,351.4,87.8,1496.7,276.9,340.4,286.2,367.6,331.8,70.4,105.2,450.6,362.6,472.0,545.4,388.7,189.3,376.8,39.9,390.3,282.4,446.6,270.8,182.3,84.0,64.1,391.8,105.5,174.3,0.0,116.8,487.7,427.8,91.4,318.2,302.0,53.9,97.7,100.5,470.1,318.3,9.8,16.6,202.2,376.0,296.1,232.0
VJ,226.5,522.9,507.7,431.5,447.3,375.6,184.4,420.4,444.7,339.2,215.0,427.4,427.5,324.4,305.0,461.4,149.2,527.4,248.2,477.6,230.4,181.1,379.6,435.3,181.9,385.6,490.8,540.7,29.3,119.3,150.9,570.0,218.0,177.6,222.1,83.8,267.2,556.1,194.7,93.7,470.9,491.9,491.8,548.5,199.2,184.2,576.4,242.5,498.4,423.6,336.1,425.0,467.7,21.4,468.3,199.8,1379.8,385.4,456.9,402.7,484.1,448.3,163.5,221.7,525.7,493.4,488.7,428.5,272.1,313.0,493.3,72.4,483.4,352.7,514.9,363.9,298.8,196.3,52.9,274.9,222.0,57.4,116.4,0.0,548.6,310.9,207.9,410.9,414.3,62.9,214.9,217.0,482.3,434.8,106.8,133.1,318.7,469.1,379.9,348.5
VL,448.5,24.1,145.3,132.9,151.4,194.9,516.5,192.6,187.8,297.0,380.1,161.7,157.5,478.8,271.7,120.5,471.1,297.8,356.4,445.0,394.4,418.1,207.7,207.1,437.8,246.7,91.7,9.5,516.3,467.2,393.4,53.7,483.3,520.3,420.5,493.0,421.1,75.3,515.7,483.1,118.3,161.1,132.9,79.7,474.8,397.2,148.8,400.6,126.0,165.3,475.7,188.3,155.8,553.2,296.4,355.5,1298.7,242.0,119.0,164.7,232.1,193.3,419.8,442.9,64.3,182.3,97.9,443.9,426.2,344.8,81.5,499.9,98.5,253.5,51.8,240.7,428.1,477.8,524.1,259.6,394.2,487.6,437.4,576.8,0.0,465.3,396.8,177.4,246.6,513.9,390.5,538.0,78.0,149.4,447.6,421.0,490.9,112.8,221.2,242.6
VX,638.5,483.0,493.1,514.7,532.1,458.8,706.5,512.5,527.9,515.5,600.3,424.0,479.5,176.7,490.1,429.2,661.1,220.3,576.6,162.0,614.6,638.3,513.3,532.6,627.8,470.9,439.6,500.8,326.4,476.3,201.1,508.5,703.5,704.0,640.7,440.8,641.3,512.6,705.7,450.7,563.5,477.3,488.4,482.7,695.0,617.4,573.0,620.8,495.0,420.2,188.4,508.2,450.3,382.3,602.0,577.0,1068.8,451.1,540.1,485.9,572.2,533.4,612.4,632.9,474.5,576.6,561.7,117.5,124.1,572.2,560.6,433.9,451.2,477.7,463.7,469.9,648.3,696.3,409.9,259.4,584.2,297.7,473.4,356.9,508.7,0.0,617.0,407.5,552.2,419.9,610.0,728.0,465.8,486.8,463.9,490.1,680.9,436.9,534.7,482.2
WG,179.0,385.3,303.1,268.6,284.4,208.6,138.5,257.5,281.8,176.3,90.5,275.2,264.6,527.1,142.1,304.1,103.3,410.0,85.3,577.2,22.4,88.6,216.7,272.4,136.0,244.8,384.4,396.7,232.0,112.0,353.6,366.2,129.3,131.7,93.1,118.8,67.1,363.0,148.8,108.9,308.0,287.3,310.7,327.1,122.7,105.4,357.1,34.5,322.5,271.4,524.0,262.1,294.1,177.3,305.4,77.8,1410.9,208.6,294.0,239.8,321.2,285.4,156.2,175.8,355.8,330.5,325.8,631.2,474.8,142.9,330.4,130.2,326.1,251.6,379.7,335.1,90.8,119.8,149.7,477.6,176.1,260.1,85.3,202.6,404.6,513.6,0.0,258.7,251.4,139.7,6.9,171.1,434.8,271.9,95.6,68.9,272.8,311.8,249.7,185.6
WK,273.3,166.1,96.7,173.5,142.7,155.6,341.3,153.3,184.7,150.3,235.1,16.5,110.3,505.9,124.9,67.7,295.9,173.6,211.4,256.5,249.4,273.1,168.4,173.4,262.6,105.7,148.0,177.5,433.8,294.8,297.7,147.0,338.3,338.8,275.5,320.6,276.1,145.9,340.5,310.7,174.1,80.9,80.8,107.9,329.8,265.9,165.4,255.6,87.4,12.6,517.6,149.0,49.3,379.1,257.1,210.5,1174.5,97.0,213.0,144.7,229.0,186.4,247.4,278.4,139.3,235.4,154.1,319.7,453.3,199.8,175.5,327.5,89.7,112.5,156.4,125.9,283.1,326.9,351.7,286.7,219.0,461.9,292.8,404.4,185.4,492.4,251.8,0.0,203.1,341.5,244.8,362.8,215.6,110.1,302.6,276.0,315.7,75.4,181.9,203.3
WM,332.3,214.7,136.7,120.7,113.8,121.2,350.1,64.5,111.0,159.5,239.6,192.5,116.5,654.9,131.2,194.6,314.9,322.6,215.9,469.8,253.9,277.6,26.2,79.4,316.9,169.9,231.0,226.1,443.9,323.6,449.1,195.6,347.5,348.0,280.0,330.4,280.6,192.4,360.4,320.5,145.2,152.5,140.1,158.0,334.3,256.7,212.3,260.1,151.9,184.0,651.8,75.0,178.3,393.6,105.8,215.0,1323.5,121.2,141.4,87.2,124.6,92.4,301.5,322.0,224.6,163.6,181.0,468.7,602.3,204.3,177.8,337.3,172.6,176.7,209.1,169.0,287.6,335.6,361.5,435.7,273.3,471.7,296.9,414.2,235.7,641.4,256.3,176.0,0.0,351.3,250.0,382.7,264.2,108.4,307.1,280.5,370.0,186.9,53.1,75.0
WQ,163.5,495.6,444.7,368.5,384.3,312.6,121.4,357.4,381.7,276.2,152.0,364.4,364.5,387.3,242.0,398.4,86.2,495.8,185.2,540.5,167.4,118.1,316.6,372.3,118.9,322.6,452.2,508.2,92.2,56.3,213.8,477.7,155.0,114.6,159.1,20.8,204.2,481.8,131.7,30.7,407.9,428.9,428.8,446.0,136.2,121.2,513.4,179.5,435.4,360.6,399.0,362.0,404.7,41.4,405.3,136.8,1442.7,322.4,393.9,339.7,421.1,385.3,100.5,158.7,480.3,430.4,425.7,491.4,335.0,250.0,430.3,9.4,420.4,289.7,476.3,300.9,235.8,133.3,9.9,337.8,159.0,120.3,53.4,62.8,516.1,373.8,144.9,347.9,351.3,0.0,151.9,154.0,545.2,371.8,43.9,70.1,255.7,406.1,316.9,285.5
XA,185.3,378.3,296.1,261.6,277.4,201.6,145.5,250.5,274.8,169.3,83.5,268.2,257.6,534.1,136.9,297.1,110.3,403.0,78.3,550.2,15.4,95.6,209.7,265.4,143.0,237.8,377.4,389.7,239.3,119.0,363.0,359.2,122.3,138.7,99.4,125.1,60.1,356.7,155.8,115.2,301.7,280.3,303.7,321.6,129.7,100.6,350.8,27.5,315.5,264.4,531.0,255.1,273.6,184.3,298.4,76.9,1403.9,201.6,287.0,232.8,314.2,278.4,163.2,182.8,375.1,309.2,318.8,638.2,481.5,135.9,323.4,132.7,319.1,244.6,372.7,244.7,83.8,131.0,156.9,484.6,183.1,267.1,92.3,209.6,399.3,520.6,6.9,251.7,248.6,146.7,0.0,178.1,428.5,264.9,101.8,75.9,279.8,304.8,242.7,178.6
XJ,155.4,551.7,435.5,453.2,469.0,397.3,113.3,451.0,466.4,395.8,189.5,420.5,417.3,527.5,279.5,454.5,78.1,531.8,222.7,680.7,204.9,155.6,393.6,471.1,110.8,331.6,508.3,564.3,232.4,112.4,354.0,533.8,192.5,88.5,196.6,119.2,241.7,537.9,49.0,109.3,492.6,419.7,484.9,502.1,173.7,158.7,541.7,217.0,491.5,416.7,539.2,446.7,460.8,181.6,482.3,174.3,1532.7,331.4,478.6,424.4,510.7,471.9,156.6,150.6,536.4,515.1,510.4,631.6,475.2,287.5,515.0,130.6,476.5,298.7,532.4,309.9,273.3,170.8,150.1,478.0,150.9,260.5,86.1,203.0,572.2,514.0,182.4,404.0,428.3,140.1,189.4,0.0,555.9,424.6,96.0,107.6,247.6,462.2,380.9,362.5
XM,495.1,75.0,180.0,227.3,216.7,224.3,563.1,227.3,260.7,330.0,414.8,196.4,192.2,415.2,304.6,155.2,517.7,234.2,391.1,363.0,429.1,452.8,242.4,247.4,484.4,281.4,60.2,92.8,452.7,501.9,329.8,122.1,518.0,518.5,455.2,527.7,455.8,108.2,562.3,517.8,212.7,195.8,172.8,98.1,509.5,445.6,243.2,435.3,179.4,200.0,426.9,223.0,202.4,508.6,331.1,390.2,1235.1,273.6,211.7,218.7,305.0,260.4,454.5,485.5,130.1,289.3,190.6,380.3,362.9,386.7,174.2,534.6,133.2,288.2,102.7,285.6,462.8,512.5,558.8,196.0,440.8,424.0,472.5,483.2,100.7,401.7,431.5,212.1,281.3,548.6,424.5,584.6,0.0,184.1,482.4,455.7,537.5,147.5,255.9,277.3
XW,318.5,138.9,60.9,76.0,45.2,52.8,384.9,55.8,89.2,158.5,243.3,105.8,8.1,570.5,133.1,107.4,339.5,263.1,219.6,368.6,257.6,281.3,70.9,75.9,306.2,109.9,155.2,150.3,491.4,352.4,387.2,119.8,346.5,387.0,283.7,378.2,284.3,116.6,384.1,368.3,76.6,76.5,69.5,88.1,338.0,274.1,143.7,263.8,76.1,109.4,582.2,51.5,83.3,440.6,159.6,223.2,1264.0,102.1,101.4,47.2,133.5,88.9,290.8,311.3,144.1,137.9,112.4,409.2,518.2,215.2,125.2,389.6,96.8,131.2,133.3,107.4,291.3,335.1,409.1,351.3,262.6,519.5,301.0,462.0,158.2,557.0,260.0,111.8,105.6,399.1,253.0,406.4,188.4,0.0,310.8,284.2,359.3,111.1,62.6,105.8
YA,117.9,455.7,404.8,404.3,420.1,344.2,77.4,313.5,417.4,232.3,108.0,324.4,320.6,431.5,199.8,358.5,42.3,455.9,141.3,580.0,123.4,74.2,272.7,328.4,74.9,282.6,412.3,468.3,136.3,16.3,257.9,437.7,111.0,70.7,115.1,23.2,160.3,441.8,87.7,13.3,443.7,388.9,388.9,398.6,92.3,90.9,473.5,135.5,395.4,320.6,428.4,397.7,364.8,81.7,361.4,96.1,1486.9,282.5,429.6,375.5,461.8,422.9,60.5,114.8,414.1,466.2,462.2,535.6,379.2,206.0,466.1,34.5,380.5,272.1,436.4,260.9,191.8,89.4,54.2,381.9,146.6,164.5,9.5,106.9,477.9,417.9,100.9,307.9,307.3,44.0,107.9,110.0,459.8,327.8,0.0,26.2,243.3,366.2,305.7,241.6
YC,111.6,482.3,332.8,298.3,314.1,242.4,69.5,287.2,311.5,206.0,81.8,351.1,294.3,458.1,171.8,385.1,34.3,482.5,115.0,611.3,97.2,47.9,246.4,302.1,67.0,287.8,438.9,494.9,163.0,43.0,284.6,464.4,84.8,62.7,88.9,49.8,134.0,468.5,79.8,39.9,337.7,317.0,415.5,432.7,66.0,51.0,386.8,109.3,422.1,347.3,469.8,291.8,391.4,112.2,335.1,66.6,1513.5,287.6,323.7,269.5,350.9,315.1,87.2,106.8,467.0,360.2,355.5,562.2,405.8,179.8,360.1,61.2,407.1,254.9,463.0,266.1,165.6,63.1,80.7,408.6,107.1,191.1,16.7,133.6,502.8,444.6,74.7,334.6,281.1,70.7,81.7,102.1,486.5,301.6,26.6,0.0,203.8,392.8,246.7,215.3
YD,136.4,433.9,345.1,362.8,378.6,306.9,202.8,360.6,376.0,305.4,287.9,306.6,326.9,625.9,280.0,335.5,157.4,441.4,366.5,546.9,303.3,254.0,303.2,380.7,124.1,241.2,415.8,445.3,330.8,195.6,452.4,414.8,290.9,204.9,295.0,217.6,340.1,418.9,202.0,207.7,402.2,329.3,371.0,383.1,272.1,257.1,451.3,315.4,377.6,302.8,637.6,356.3,316.3,280.0,391.9,272.7,1442.3,241.0,388.2,334.0,420.3,381.5,134.0,129.2,417.4,424.7,420.0,587.5,573.6,362.1,424.6,229.0,357.5,208.3,428.3,219.5,438.2,269.2,248.5,576.4,63.8,358.9,184.5,301.4,453.2,612.4,280.8,290.1,337.9,238.5,287.8,224.3,483.4,334.2,194.3,206.0,0.0,343.2,290.5,272.1
YH,349.1,90.6,85.3,152.8,122.0,129.6,415.5,132.6,166.0,201.5,286.3,65.9,97.5,490.2,176.1,7.7,370.1,206.9,262.6,312.4,300.6,324.3,147.7,152.7,336.8,186.7,106.9,102.0,493.3,354.3,331.0,71.5,389.5,417.6,326.7,380.1,327.3,75.6,414.7,370.2,153.4,93.0,78.1,39.8,381.0,317.1,162.7,306.8,84.7,69.5,501.9,128.3,61.4,442.5,236.4,266.2,1207.8,178.9,161.1,124.0,210.3,165.7,306.9,337.9,91.0,214.7,140.0,353.0,437.9,258.2,123.6,391.5,14.3,202.8,85.0,138.0,334.3,378.1,411.0,271.0,293.2,425.0,344.0,463.9,109.9,476.7,303.0,81.6,182.4,401.0,296.0,437.0,140.1,89.4,353.9,327.2,389.9,0.0,139.4,182.6
YU,305.3,192.4,114.4,93.7,91.5,98.9,337.5,42.2,68.2,142.2,227.0,165.5,94.2,632.6,116.8,172.3,302.3,300.3,203.3,467.5,241.3,265.0,37.3,57.1,294.6,147.6,208.7,203.8,431.0,311.0,424.4,173.3,330.2,330.7,267.4,317.8,268.0,170.1,347.8,307.9,122.9,130.2,117.8,134.2,321.7,257.8,180.2,247.5,129.6,161.7,644.3,52.7,142.4,376.3,126.0,202.4,1301.2,98.9,119.1,64.9,71.4,70.1,279.2,299.7,197.6,141.3,148.9,446.4,580.3,198.9,155.5,324.7,150.3,154.4,186.8,142.0,275.0,324.7,348.9,413.4,251.0,459.1,284.3,401.6,211.7,619.1,243.7,149.0,72.0,338.7,236.7,370.1,241.9,86.1,294.6,267.9,347.7,164.6,0.0,72.2
ZT,257.4,225.6,143.9,109.4,124.7,53.5,275.0,75.4,121.9,79.7,164.5,116.0,105.4,583.1,54.3,144.9,239.8,250.8,140.8,356.3,178.8,202.5,31.0,90.3,245.1,85.6,225.2,237.0,368.5,248.5,374.9,206.5,267.7,268.2,204.9,255.3,205.5,203.3,285.3,245.4,156.1,128.1,156.2,174.8,259.2,195.3,197.9,185.0,162.8,112.2,594.8,85.9,134.9,317.7,119.7,144.4,1251.7,24.0,134.8,80.6,135.5,103.3,229.7,250.2,222.9,171.3,166.6,396.9,530.8,136.4,171.2,266.7,166.9,106.9,220.0,92.5,212.5,256.3,286.2,363.9,201.5,396.6,222.2,339.1,244.9,569.6,181.2,99.5,65.7,276.2,174.2,307.6,275.1,112.7,232.1,205.4,298.2,152.6,57.8,0.0
