from_stop,AA,AS,AX,BG,BI,BJ,BK,BL,BX,CE,CH,CJ,CL,CU,DE,DO,EA,EF,EL,EM,EQ,ER,EU,EW,FC,FY,GA,GD,GL,GO,GQ,HA,HP,IM,IN,IO,IR,KI,KU,KX,LJ,LW,MD,MH,MM,MN,MO,MP,NA,NK,NM,NN,NP,NQ,NT,OB,OE,PE,PG,PM,PO,PP,QA,QF,QM,RD,RG,RK,RW,SJ,SN,SY,TH,TL,TP,TU,UK,UV,UX,VB,VC,VJ,VK,VL,VM,VV,VW,VX,WD,WH,WM,XK,XM,XP,XT,YK,YL,YV,ZB,ZD,ZO,ZR
AA,0.0,293.7,218.8,205.7,393.9,71.5,141.6,104.3,152.2,319.5,198.6,138.9,253.5,248.4,373.0,153.6,86.8,242.6,104.6,35.7,126.1,208.6,148.9,169.0,115.1,75.5,362.8,248.5,204.6,251.0,197.9,152.4,164.6,133.5,208.6,192.9,166.4,348.6,312.3,282.2,209.7,135.2,326.3,223.6,260.9,232.1,90.6,142.5,388.9,164.7,215.3,413.7,221.7,178.9,190.2,155.0,312.2,309.9,251.2,128.1,259.1,232.7,246.9,189.4,120.7,166.5,284.3,330.6,141.3,89.9,263.8,229.0,379.7,160.9,184.5,173.1,379.2,295.0,200.5,114.5,101.9,361.1,360.5,1815.9,151.7,281.1,162.9,115.9,101.4,352.1,305.9,350.8,215.1,353.5,216.0,205.3,139.2,345.2,313.0,163.4,144.6,194.5
AS,288.8,0.0,87.6,78.8,128.2,216.1,283.6,258.6,258.7,25.7,92.1,281.7,476.2,475.2,89.3,390.0,226.6,475.1,246.6,257.5,372.5,315.1,373.8,281.3,270.5,247.8,585.5,133.1,127.5,485.7,467.7,264.7,416.7,369.9,455.0,305.2,401.1,105.2,525.0,20.4,316.2,333.2,80.7,330.1,373.2,58.1,344.0,249.0,123.2,304.2,113.7,148.0,65.8,200.4,228.1,297.0,537.1,16.1,135.8,232.4,117.2,345.0,96.9,293.7,300.0,178.1,509.2,123.3,295.6,353.9,530.1,335.5,104.9,267.4,409.4,279.6,119.9,513.8,129.0,256.5,221.7,144.5,80.2,2021.9,293.7,93.9,399.3,228.2,255.4,121.0,121.9,67.1,181.2,586.8,442.8,173.6,187.2,124.9,141.2,386.1,145.9,306.8
AX,206.9,100.1,0.0,9.8,233.2,179.7,255.4,192.5,227.5,123.7,101.0,184.2,451.1,375.5,210.0,360.6,200.6,377.6,223.2,173.4,333.1,307.5,346.5,282.1,169.7,127.0,560.4,70.6,81.6,386.0,440.4,260.6,397.9,340.5,415.6,286.4,301.4,131.4,497.7,86.4,306.9,267.1,160.4,302.8,354.4,67.0,297.6,239.7,225.9,238.1,70.0,250.7,76.9,191.3,114.3,270.5,454.9,114.1,73.3,230.7,108.1,326.2,51.0,286.6,199.5,112.3,481.9,112.6,229.5,296.9,502.8,326.2,216.7,240.1,386.4,270.3,216.2,486.5,85.3,228.3,185.9,165.2,197.5,1922.2,265.5,68.0,369.9,234.4,189.6,146.3,96.0,180.0,95.7,551.1,334.4,85.9,144.2,152.4,95.0,361.0,60.3,302.7
BG,248.3,89.2,7.7,0.0,200.7,195.0,244.5,155.4,216.6,112.8,90.1,192.0,440.2,383.3,177.5,360.9,189.7,385.4,212.3,214.8,333.4,296.6,335.6,271.2,177.5,168.4,549.5,53.0,70.7,393.8,429.5,262.7,387.0,338.2,415.9,275.5,309.2,120.5,486.8,75.5,296.0,259.3,127.9,291.9,343.5,56.1,297.9,228.8,193.4,230.3,59.1,218.2,66.0,180.4,122.1,259.6,498.9,103.2,55.7,219.8,97.2,315.3,40.1,275.7,207.3,142.2,471.0,101.7,221.7,314.8,491.9,315.3,184.2,229.2,375.5,259.4,183.7,475.6,74.4,217.4,175.0,154.3,165.0,1930.0,254.6,57.1,370.2,236.5,181.5,156.6,81.9,147.5,103.5,540.2,342.2,93.7,133.3,149.7,84.1,350.1,101.7,304.8
BI,377.2,120.5,178.5,169.7,0.0,332.0,383.6,330.5,275.4,92.1,210.5,365.0,493.0,558.4,85.7,445.6,328.8,560.5,346.6,345.8,464.8,349.8,390.5,324.0,353.7,301.4,633.1,129.8,209.8,568.9,484.4,366.8,439.8,393.1,534.6,330.4,484.3,64.3,541.7,138.8,350.9,434.4,59.1,346.8,398.4,176.5,422.0,283.7,49.4,405.4,196.1,17.5,184.3,235.3,316.2,397.0,553.8,104.3,129.3,272.6,152.1,370.2,177.1,328.5,383.2,281.3,525.9,82.4,396.8,453.9,546.8,370.2,97.7,284.1,426.1,314.3,116.3,530.5,211.4,356.5,312.0,66.4,73.2,2014.8,393.7,131.1,487.8,346.6,354.5,97.2,104.0,63.5,276.5,603.5,526.0,268.8,272.4,103.3,100.3,402.9,233.6,408.9
BJ,74.8,224.3,192.1,161.8,352.3,0.0,70.0,42.4,80.6,247.9,127.0,67.7,300.3,259.0,313.7,186.4,15.2,261.1,33.0,41.3,158.9,137.0,195.7,97.4,53.2,33.6,409.6,204.6,133.0,269.5,230.7,80.8,232.8,166.3,241.4,121.3,184.9,280.0,346.9,210.6,138.1,117.0,282.4,152.0,189.3,160.5,160.1,70.9,345.0,88.0,143.7,369.8,150.1,107.3,146.3,83.4,338.4,238.3,207.3,56.5,187.5,161.1,162.2,117.8,83.8,104.6,331.1,258.9,79.4,140.3,296.6,157.4,320.4,89.3,235.6,101.5,344.3,335.7,128.9,42.9,30.3,317.2,304.6,1805.7,80.1,209.5,195.7,44.3,39.5,287.8,234.3,291.5,153.2,400.3,217.9,143.4,67.6,301.3,241.4,210.2,100.4,122.9
BK,116.4,286.0,276.4,246.1,389.0,84.2,0.0,126.7,138.4,309.6,188.7,125.4,216.2,211.1,365.8,116.3,60.5,230.0,35.5,152.2,88.8,200.4,111.6,159.1,141.7,117.9,325.5,288.9,176.7,238.4,160.6,142.5,127.3,96.2,171.3,183.0,155.9,339.5,275.0,272.3,199.8,121.7,316.2,213.7,148.4,222.2,53.3,132.6,381.7,151.2,187.4,406.5,211.8,169.0,240.1,15.1,274.9,300.0,291.6,118.2,249.2,222.8,205.9,179.5,108.2,188.9,247.0,320.7,161.8,70.2,226.5,219.1,372.5,151.0,151.5,163.2,372.0,257.7,172.6,29.8,74.0,400.8,353.3,1802.4,10.1,253.2,125.6,116.3,123.5,331.5,281.2,335.8,237.5,316.2,170.0,227.7,111.3,337.6,303.1,126.1,185.6,94.2
BL,97.9,243.8,149.6,159.5,348.4,52.7,122.8,0.0,129.5,267.4,146.5,36.5,299.0,227.8,325.2,199.1,68.0,229.9,90.6,64.4,171.6,191.5,194.4,150.2,22.0,76.7,377.6,220.3,143.2,238.3,265.9,133.6,210.1,179.0,264.4,174.1,153.7,322.3,372.1,230.1,190.9,103.8,275.6,204.8,242.1,216.7,136.1,123.7,341.1,74.8,153.9,365.9,169.6,184.5,150.4,137.9,307.2,257.8,223.0,109.3,201.6,213.9,200.7,170.6,51.8,62.1,303.4,262.3,66.2,135.4,331.8,210.2,331.9,142.1,234.3,154.3,331.4,350.8,139.1,95.7,83.1,314.9,312.7,1774.5,132.9,217.7,208.4,107.4,26.3,308.9,242.5,295.2,110.7,368.3,186.7,100.9,127.7,315.0,244.7,208.9,118.8,175.7
BX,176.0,265.2,238.4,229.6,282.2,105.2,193.1,143.6,0.0,291.0,170.1,168.9,219.6,342.4,300.6,174.0,113.8,336.6,131.6,142.5,193.2,92.5,118.9,50.6,155.5,132.8,328.9,305.8,211.6,329.0,212.8,95.2,166.4,121.5,263.0,58.8,287.2,214.5,270.1,247.9,93.6,240.3,274.0,75.2,126.8,203.6,150.4,26.4,277.2,189.2,226.4,314.8,193.2,44.8,235.3,178.3,282.2,281.4,308.5,37.4,125.0,98.6,240.8,73.3,185.0,209.9,254.3,196.4,180.6,188.8,275.2,112.9,328.6,12.5,154.5,57.0,331.2,258.9,211.6,141.5,113.0,296.3,291.5,1837.1,181.9,244.7,216.2,97.2,140.7,312.1,272.7,278.4,258.5,331.9,310.0,244.6,146.2,318.2,178.9,129.5,206.6,137.3
CE,315.1,26.2,111.7,102.9,104.6,240.2,307.7,282.7,288.8,0.0,116.2,308.0,512.4,499.3,65.7,414.1,252.9,501.4,270.7,281.6,396.6,339.2,407.8,305.4,293.5,273.9,621.7,159.4,151.6,509.8,501.7,288.8,440.8,394.0,479.1,329.3,425.2,80.8,559.0,38.5,340.3,357.3,57.1,364.1,397.3,82.2,368.1,273.1,99.6,328.3,140.0,124.4,92.1,252.6,252.2,321.1,571.1,10.0,127.3,258.7,169.4,369.1,121.0,320.0,323.3,202.2,543.2,99.6,319.7,378.0,564.1,359.6,72.4,301.4,443.4,303.7,71.9,547.8,155.3,280.6,248.0,118.7,53.2,2046.0,317.8,118.0,423.4,262.6,279.8,95.2,102.0,44.1,207.5,612.4,458.2,197.7,211.3,101.3,117.6,422.3,163.9,330.9
CH,198.8,97.2,113.6,104.8,227.8,123.9,191.4,166.4,162.6,120.8,0.0,191.7,386.2,383.0,186.6,297.8,136.6,385.1,159.2,165.3,280.3,224.6,281.6,189.1,177.2,157.6,495.5,161.3,90.5,393.5,375.5,172.5,324.5,277.7,362.8,213.0,308.9,146.5,432.8,83.5,224.0,241.0,180.9,237.9,281.0,33.4,251.8,156.8,220.5,212.0,101.2,245.3,23.0,110.6,135.9,206.5,444.9,111.2,164.0,142.4,123.2,252.8,119.7,203.7,207.0,85.9,417.0,127.7,203.4,261.7,437.9,243.3,193.3,175.2,321.5,187.4,192.8,421.6,86.4,164.3,131.7,180.3,174.1,1929.7,201.5,119.9,307.1,146.3,163.2,216.1,144.7,174.6,157.6,486.2,341.9,147.8,95.0,222.2,110.1,296.1,108.9,214.6
CJ,106.4,283.4,189.4,199.3,385.9,61.2,131.3,39.7,138.0,309.2,188.3,0.0,262.4,191.2,365.0,162.5,76.5,193.3,99.1,72.9,135.0,200.0,157.8,158.7,16.3,83.2,341.0,256.2,194.3,201.7,229.3,142.1,173.5,142.4,227.8,182.6,117.1,338.3,335.5,266.1,199.4,103.9,318.3,213.3,250.6,221.8,99.5,132.2,380.9,103.3,205.0,405.7,211.4,168.6,190.2,144.7,270.6,299.6,258.9,117.8,248.8,222.4,223.5,179.1,16.1,101.9,266.8,320.3,94.7,98.8,295.2,218.7,371.7,150.6,193.4,162.8,371.2,314.2,190.2,104.2,91.6,354.7,352.5,1737.9,141.4,270.8,171.8,105.6,54.8,348.7,298.8,342.8,150.5,331.7,158.8,140.7,128.9,352.9,302.7,172.3,152.9,184.2
CL,265.0,480.1,453.3,444.5,497.1,316.0,223.1,351.8,210.7,505.9,385.0,312.0,0.0,152.3,515.5,131.5,283.7,133.0,264.0,300.8,157.1,256.9,112.2,201.1,328.3,347.7,109.2,520.7,426.5,125.4,92.2,241.8,162.6,131.5,85.5,185.4,194.2,432.4,71.5,468.6,308.5,270.3,488.9,150.5,205.3,418.5,180.4,241.3,492.1,299.8,437.2,529.7,408.1,259.7,446.1,208.3,58.6,496.3,523.4,252.3,339.9,225.2,455.7,288.2,293.8,414.0,30.7,411.4,310.4,301.2,67.2,236.4,522.2,202.0,75.9,271.9,521.7,65.1,422.4,253.0,323.8,511.2,505.1,1613.5,211.9,459.6,123.2,233.5,355.6,527.0,484.4,472.2,462.6,99.9,186.5,452.8,361.1,533.1,393.8,97.7,416.8,184.3
CU,244.7,481.2,385.0,394.9,583.8,256.8,214.6,235.3,333.6,504.8,383.9,195.5,174.4,0.0,560.6,190.5,272.1,18.8,294.7,268.5,124.8,371.2,217.5,270.9,211.8,280.8,210.6,451.8,389.9,27.2,158.8,239.8,233.2,202.1,130.8,301.2,85.5,534.7,203.0,467.5,395.0,209.8,511.0,266.3,254.3,417.4,185.4,327.8,576.5,239.3,400.6,601.3,407.0,364.2,385.8,197.9,140.2,495.2,454.5,313.4,444.4,282.5,419.1,374.7,178.3,297.5,136.4,515.9,249.9,184.7,172.5,352.2,567.3,317.8,187.3,358.4,566.8,196.6,385.8,244.5,287.2,550.3,548.1,1654.3,203.4,466.4,182.2,266.0,250.1,544.3,491.2,530.6,346.1,201.3,42.5,336.3,324.5,548.5,498.3,213.5,348.5,200.1
DE,361.5,82.5,170.2,161.4,91.8,298.7,365.8,312.7,293.0,58.4,174.7,349.3,516.6,540.6,0.0,467.1,311.0,542.7,333.6,328.0,454.7,373.0,412.0,347.6,334.8,281.6,625.9,114.1,192.0,551.1,505.9,347.3,463.4,414.6,556.1,351.9,466.5,85.0,563.2,97.0,372.4,415.8,44.2,368.3,419.9,140.7,426.6,305.2,103.8,386.8,180.4,75.7,150.6,256.8,310.7,380.9,575.3,68.5,111.5,296.2,173.6,391.7,161.4,352.1,364.6,260.7,547.4,103.8,378.2,436.1,568.3,391.7,6.6,305.6,451.9,335.8,31.3,552.0,195.7,338.7,306.5,122.9,10.9,2008.4,375.9,113.3,509.3,321.1,338.0,79.4,82.7,57.9,260.8,616.6,499.5,251.0,254.6,85.5,121.8,426.5,214.9,389.4
DO,161.4,391.2,359.9,367.2,446.2,203.8,119.5,210.2,161.6,414.8,293.9,170.4,129.7,191.8,462.3,0.0,180.1,189.5,155.0,197.2,99.5,202.2,75.7,151.5,186.7,239.0,233.5,410.0,296.3,181.9,44.2,120.4,91.4,60.3,112.4,132.2,136.6,377.0,158.6,377.5,255.3,166.7,435.8,97.3,112.5,327.4,76.8,188.1,438.9,196.2,307.0,476.5,317.0,206.5,360.7,102.8,163.1,405.2,412.7,199.1,286.7,140.7,325.5,235.0,153.2,272.4,160.5,358.2,206.8,115.2,110.1,183.2,469.0,148.8,90.7,218.7,468.5,147.1,292.2,149.4,193.6,458.0,449.8,1707.8,108.3,372.8,9.2,146.6,239.5,451.1,400.8,419.0,321.0,224.2,150.7,311.2,230.9,457.2,340.6,90.2,306.7,80.7
EA,98.5,225.4,215.8,185.5,328.4,23.6,54.8,66.1,81.7,249.0,128.1,91.4,301.4,265.9,305.2,171.1,0.0,284.8,17.7,65.0,143.6,138.1,196.8,98.5,76.9,57.3,410.7,228.3,116.1,293.2,215.4,81.9,182.1,151.0,226.1,122.4,208.6,281.1,348.0,211.7,139.2,140.7,258.5,153.1,190.4,161.6,108.1,72.0,321.1,111.7,126.8,345.9,151.2,108.4,179.5,68.2,360.1,239.4,231.0,57.6,188.6,162.2,145.3,118.9,106.7,128.3,332.2,260.1,103.1,125.0,281.3,158.5,320.8,90.4,232.4,102.6,320.8,336.8,112.0,27.7,13.4,340.2,296.1,1857.2,64.9,192.6,180.4,45.4,63.2,270.9,217.4,283.6,176.9,401.4,224.8,167.1,50.7,277.0,242.5,211.3,124.1,124.0
EF,251.6,488.1,391.9,401.8,588.4,263.7,233.5,242.2,344.4,511.7,390.8,202.4,155.5,19.2,567.5,209.8,279.0,0.0,296.8,275.4,144.1,400.8,236.8,290.2,217.5,285.7,191.7,458.7,396.8,8.3,169.2,259.1,252.5,221.4,111.9,316.0,104.8,540.8,184.1,474.4,401.9,216.7,520.8,281.1,273.6,424.3,192.3,334.7,583.4,246.2,407.5,608.2,413.9,371.1,392.7,216.8,121.3,502.1,461.4,320.3,451.3,301.8,426.0,381.6,184.2,304.4,117.5,522.8,256.8,191.6,153.6,367.0,574.2,332.6,202.1,365.3,573.7,177.7,392.7,306.7,294.1,557.2,555.0,1635.4,222.3,473.3,201.5,308.1,257.0,551.2,498.1,537.5,353.0,190.8,53.4,343.2,331.4,555.4,505.2,228.3,354.8,219.4
EL,148.6,248.3,240.9,210.6,351.2,48.7,32.1,91.2,106.8,268.7,153.2,116.5,248.4,243.3,330.3,148.5,25.0,267.0,0.0,90.1,121.0,163.2,143.8,123.6,103.1,80.4,357.7,248.0,141.2,270.6,192.8,107.0,164.3,128.4,203.5,147.5,188.1,303.2,307.2,231.0,164.3,153.9,283.6,178.2,215.5,186.7,85.5,97.1,346.2,136.8,146.5,371.0,170.9,128.1,204.6,45.5,307.1,264.5,256.1,82.7,213.7,187.3,170.4,138.6,139.4,153.4,279.2,285.1,128.2,102.4,258.7,183.6,345.9,115.5,179.4,127.7,360.9,289.9,137.1,5.1,33.1,365.3,321.2,1834.6,42.2,217.7,157.8,70.5,81.2,296.0,240.3,308.1,202.0,356.8,210.9,192.2,75.8,302.1,267.6,163.1,149.2,149.1
EM,33.5,260.1,183.0,169.9,360.4,35.7,105.8,68.5,112.5,283.7,162.8,93.8,287.0,281.9,337.2,187.1,51.0,287.2,73.6,0.0,159.6,174.5,182.4,133.2,79.3,41.7,396.3,212.7,168.8,295.6,231.4,116.6,198.1,167.0,242.1,157.1,211.0,313.6,345.8,246.4,173.9,168.7,287.6,187.8,225.1,196.3,124.1,106.7,353.1,114.1,179.5,377.9,185.9,143.1,154.4,120.9,345.7,274.1,215.4,92.3,223.3,196.9,211.1,153.6,109.1,130.7,317.8,294.8,105.5,123.4,297.3,193.2,343.9,125.1,222.3,137.3,343.4,328.5,164.7,78.7,66.1,325.3,324.7,1849.4,115.9,245.3,196.4,90.4,65.6,316.3,273.3,307.2,179.3,387.0,240.8,169.5,103.4,309.4,277.2,196.9,109.4,158.7
EQ,131.6,375.8,366.5,376.4,463.1,174.0,89.7,216.8,178.5,399.4,278.5,177.0,151.4,122.2,455.6,97.3,150.3,141.1,125.2,167.4,0.0,219.1,92.6,146.0,193.3,209.2,260.7,380.2,266.5,149.5,83.9,114.9,108.3,77.2,82.4,149.1,67.0,393.9,190.1,362.1,272.2,136.9,406.0,114.2,129.4,312.0,47.0,205.0,455.8,166.4,277.2,493.4,301.6,223.4,367.3,73.0,192.9,389.8,382.9,208.0,303.6,157.6,295.7,251.9,159.8,279.0,182.2,375.1,177.0,166.2,149.8,200.1,462.3,165.7,112.4,235.6,461.8,168.8,262.4,119.6,163.8,474.9,443.1,1707.0,78.5,343.0,106.6,141.1,231.9,421.3,371.0,425.6,327.6,251.4,81.1,317.8,201.1,427.4,357.5,107.1,276.9,75.2
ER,228.1,318.8,346.9,316.6,353.8,153.2,236.8,197.2,106.6,343.1,223.7,221.0,266.0,384.9,372.2,217.7,165.9,379.1,185.2,196.1,236.9,0.0,161.4,80.7,209.1,186.4,410.0,357.9,265.2,371.5,255.3,119.7,141.6,144.5,305.5,58.1,329.7,286.1,316.5,301.5,119.1,284.0,344.1,117.7,98.1,257.2,194.1,76.1,348.8,242.8,274.4,386.4,245.3,116.4,299.6,222.0,324.7,333.5,360.6,89.5,196.6,69.9,292.9,97.3,238.6,257.9,296.8,268.0,234.2,232.5,317.7,18.6,400.2,97.9,197.0,82.5,402.8,286.6,259.6,195.1,161.0,366.4,363.1,1879.6,225.6,341.7,227.0,121.7,194.3,382.2,368.2,350.0,306.5,374.4,352.5,298.2,199.8,389.8,250.5,177.6,255.2,161.8
EU,152.7,370.0,341.0,332.2,387.1,203.7,110.8,201.5,102.5,393.6,272.7,161.7,104.5,223.4,403.2,105.5,171.4,217.6,146.3,188.5,131.1,143.1,0.0,88.8,178.0,237.4,213.8,408.4,314.2,210.0,93.8,129.5,50.3,19.2,144.0,73.1,168.2,317.9,151.1,356.3,196.2,158.0,379.5,38.2,71.4,306.2,68.1,129.0,379.8,187.5,324.9,417.4,295.8,147.4,333.8,94.1,163.2,384.0,411.1,140.0,227.6,112.9,343.4,175.9,144.5,263.7,135.3,299.1,198.1,106.5,156.2,124.1,409.9,89.7,39.8,159.6,409.4,139.9,310.1,140.7,211.5,398.9,390.7,1718.1,99.6,347.3,97.2,121.2,243.0,414.7,372.1,359.9,312.3,204.5,182.3,302.5,248.8,420.8,281.5,14.5,305.1,72.0
EW,204.5,274.7,297.0,266.7,353.5,104.8,162.6,147.3,67.1,300.5,179.6,172.6,206.5,325.4,366.3,157.0,117.5,319.6,140.1,146.2,162.7,93.8,101.9,0.0,158.1,136.5,315.8,309.5,215.3,312.0,195.8,40.6,135.3,138.2,246.0,23.8,270.2,288.8,253.1,257.4,164.9,209.8,357.7,58.2,91.8,213.1,119.9,97.7,348.5,192.9,226.0,386.1,202.7,116.1,251.2,145.9,265.2,290.9,312.2,109.1,196.3,63.6,244.5,144.6,195.3,209.5,237.3,267.7,184.3,158.3,258.2,74.8,381.9,58.4,137.5,128.3,396.9,241.9,211.2,145.2,112.6,367.6,353.8,1820.1,151.4,291.8,199.2,32.3,144.1,370.1,316.6,328.6,258.1,306.5,284.3,248.3,149.9,376.2,250.2,116.4,205.3,82.7
FC,90.1,267.1,173.1,183.0,369.6,44.9,115.0,23.4,125.6,292.9,172.0,13.4,275.8,205.7,348.7,177.0,60.2,206.7,78.0,56.6,149.5,182.0,172.3,142.4,0.0,66.9,354.4,241.1,178.0,216.2,243.8,125.8,186.9,155.8,242.3,166.3,131.6,322.0,350.0,249.8,183.1,118.4,302.0,197.0,234.3,205.5,114.0,115.9,364.6,87.0,188.7,389.4,196.3,153.5,173.9,128.4,285.1,283.3,242.6,101.5,232.5,206.1,208.4,162.8,30.6,85.6,281.3,303.9,78.4,113.3,309.7,202.4,364.3,134.3,207.9,146.5,379.3,328.7,173.9,87.9,75.3,338.4,339.6,1752.4,125.1,254.5,186.3,89.3,38.5,332.4,280.5,326.5,134.2,354.6,173.3,124.4,112.6,336.6,286.4,185.7,135.7,167.9
FY,77.8,208.4,141.2,128.1,316.3,50.6,122.7,65.4,133.3,234.2,113.3,88.7,353.0,282.0,295.4,233.5,65.9,282.1,85.7,46.3,206.0,189.7,248.4,148.1,77.3,0.0,429.8,170.9,110.0,292.5,277.8,133.5,242.5,211.4,288.5,174.0,207.9,293.3,399.6,191.1,190.8,140.0,248.7,204.7,242.0,185.3,170.5,123.6,311.3,111.0,120.7,336.1,136.4,153.3,112.6,136.1,361.4,224.6,173.6,107.2,168.4,213.8,169.3,168.5,106.8,64.6,383.8,230.8,102.4,169.8,343.7,210.1,311.0,142.0,284.0,154.2,326.0,388.4,105.9,95.6,81.0,283.5,286.3,1828.7,132.8,186.3,242.8,97.0,60.2,274.5,216.3,273.2,176.2,430.9,249.6,166.4,94.5,267.6,213.3,260.9,66.7,175.6
GA,377.5,592.6,600.3,610.2,609.6,427.7,335.6,406.2,323.2,618.4,497.5,366.4,112.4,206.7,628.0,228.1,396.2,187.4,376.5,439.4,266.2,369.4,224.7,313.6,381.5,449.7,0.0,622.7,539.0,179.8,187.5,354.3,275.1,244.0,180.5,297.9,284.5,544.9,102.6,581.1,421.0,389.2,601.4,263.0,317.8,531.0,292.9,353.8,604.6,418.7,549.7,642.2,520.6,372.2,556.7,320.8,113.0,608.8,625.4,364.8,452.4,337.7,568.2,400.7,348.2,468.4,85.1,523.8,429.3,393.6,121.6,348.9,656.0,314.5,184.0,384.4,643.6,132.5,534.9,365.5,436.3,623.7,615.5,1644.0,324.4,572.1,219.8,346.0,459.7,639.5,600.1,584.7,517.0,8.8,240.9,507.2,473.6,645.6,506.3,210.2,518.5,296.8
GD,247.3,137.0,61.3,68.2,145.3,220.1,290.2,232.9,296.9,112.9,159.4,258.2,520.5,449.5,124.4,401.0,235.4,451.6,258.0,213.8,373.5,357.2,415.9,317.6,243.7,169.4,599.3,0.0,140.0,460.0,445.3,301.0,412.0,380.9,456.0,341.5,375.4,121.5,567.1,157.5,358.3,307.5,77.7,372.2,409.5,125.4,338.0,291.1,140.3,278.5,128.4,165.1,135.3,293.3,202.7,305.3,528.9,123.0,2.6,276.7,210.1,381.3,109.4,338.0,273.5,152.7,551.3,140.4,269.9,337.3,511.2,377.6,131.1,309.5,451.5,321.7,130.6,555.9,143.7,263.1,250.5,159.4,114.0,1996.2,300.3,122.0,410.3,264.5,229.7,103.5,91.4,102.8,157.1,598.4,408.4,147.3,202.6,96.6,158.3,430.4,101.6,343.1
GL,199.1,126.5,88.1,79.3,212.2,124.2,173.7,166.7,198.4,177.5,127.4,192.0,390.0,383.3,189.0,290.1,118.9,385.4,141.5,165.6,262.6,260.4,285.4,219.1,177.5,104.1,499.3,135.8,0.0,393.8,334.4,202.5,301.1,270.0,345.1,243.0,309.2,186.1,448.8,112.8,259.8,241.3,139.4,273.7,311.0,93.4,227.1,192.6,204.9,212.3,10.6,229.7,103.3,137.3,121.4,188.8,462.7,140.5,138.5,178.2,134.5,282.8,29.1,239.5,207.3,71.4,420.8,139.0,203.7,244.0,400.3,279.1,195.7,211.0,325.3,223.2,195.2,431.5,3.7,146.6,104.2,224.0,176.5,1930.0,183.8,76.4,299.4,176.3,163.5,154.7,104.4,159.0,143.1,490.0,342.2,133.3,62.5,160.8,121.4,299.9,94.4,244.6
GO,259.2,495.7,399.5,409.4,598.3,271.3,241.1,249.8,348.1,519.3,398.4,210.0,147.1,26.8,575.1,201.4,286.6,7.6,309.2,283.0,151.7,377.6,244.4,297.8,226.3,295.3,183.3,466.3,404.4,0.0,160.8,266.7,260.1,229.0,103.5,307.6,112.4,549.2,175.7,482.0,409.5,224.3,525.5,272.7,281.2,431.9,199.9,342.3,591.0,253.8,415.1,615.8,421.5,378.7,400.3,224.4,112.9,509.7,469.0,327.9,458.9,309.4,433.6,389.2,192.8,312.0,109.1,530.4,264.4,199.2,145.2,358.6,581.8,324.2,193.7,372.9,581.3,169.3,400.3,314.3,301.7,564.8,562.6,1627.0,229.9,480.9,193.1,326.0,264.6,558.8,505.7,545.1,360.6,174.0,69.4,350.8,339.0,563.0,512.8,219.9,363.0,227.0
GQ,202.0,431.8,420.7,430.6,483.2,292.5,160.1,271.0,198.6,455.4,334.5,231.2,85.7,164.5,499.3,40.5,220.7,145.2,195.6,237.8,84.1,239.2,96.0,184.9,247.5,279.6,189.2,450.6,336.9,137.6,0.0,161.0,132.0,100.9,72.7,169.2,121.2,414.0,114.3,418.1,292.3,207.3,475.6,134.3,153.1,368.0,117.4,225.1,475.9,236.8,347.6,513.5,357.6,243.5,421.5,143.4,118.8,445.8,453.3,236.1,323.7,209.0,366.1,272.0,214.0,333.2,116.5,395.2,247.4,220.4,65.8,220.2,506.0,185.8,55.3,255.7,505.5,107.9,332.8,190.0,234.2,495.0,486.8,1663.5,148.9,413.4,32.2,187.2,285.8,491.7,441.4,456.0,381.8,179.9,135.3,372.0,271.5,497.8,377.6,81.5,347.3,121.3
HA,163.8,270.7,290.8,260.5,386.9,98.6,121.9,141.1,102.3,294.3,173.4,172.8,237.6,244.3,360.1,125.2,111.3,263.2,157.4,140.0,122.0,124.9,133.0,31.0,151.9,132.3,346.9,303.3,209.1,271.6,169.5,0.0,166.4,105.1,204.5,54.9,189.1,317.7,284.2,257.0,184.5,169.1,348.6,89.3,122.9,206.9,79.2,117.3,379.6,198.6,219.8,417.2,196.5,147.2,245.0,105.2,296.3,284.7,306.0,102.9,227.4,94.7,238.3,164.2,155.6,203.3,268.4,298.9,178.1,117.6,235.4,105.9,366.8,89.5,172.9,147.9,366.3,273.0,205.0,151.8,106.4,398.7,347.6,1849.8,110.7,285.6,134.5,26.1,137.9,363.9,313.6,348.1,251.9,337.6,203.2,242.1,143.7,370.0,281.3,147.5,200.0,42.0
HP,176.5,417.1,375.0,409.1,456.3,247.2,134.6,225.3,169.9,442.9,322.0,185.5,155.2,274.1,474.7,156.2,195.2,268.3,170.1,212.3,181.8,143.4,82.7,142.3,201.8,278.9,308.4,451.9,311.4,260.7,144.5,135.5,0.0,42.3,194.7,121.4,218.9,389.4,174.8,399.8,262.6,181.8,448.1,121.0,40.5,355.5,91.9,200.5,451.3,211.3,322.1,488.9,345.1,218.9,375.8,117.9,213.9,433.3,454.6,211.5,299.1,68.7,340.6,242.3,167.3,287.5,186.0,370.5,221.9,130.3,206.9,124.4,481.4,161.2,90.5,226.0,480.9,144.9,307.3,164.5,208.7,470.4,462.2,1768.8,123.4,387.9,147.9,185.0,254.9,486.2,415.9,453.1,336.1,263.6,233.0,326.3,246.0,492.3,353.0,68.2,348.0,95.8
IM,134.1,361.7,332.6,339.9,384.2,176.5,92.2,182.9,97.8,387.5,266.6,143.1,140.6,214.6,402.6,73.1,152.8,233.5,133.1,169.9,92.3,144.0,36.0,88.2,158.2,209.7,302.0,382.7,269.0,241.9,117.4,93.1,31.0,0.0,174.8,72.5,159.4,316.5,205.9,344.4,195.6,139.4,376.0,37.6,52.1,300.1,49.5,128.4,379.2,168.9,279.7,416.8,289.7,146.8,333.4,75.5,199.3,377.9,385.4,139.4,227.0,112.3,298.2,175.3,124.9,245.1,171.4,298.5,179.5,87.9,183.3,123.5,409.3,89.1,75.9,159.0,408.8,176.0,264.9,122.1,166.3,398.3,392.2,1754.2,81.0,345.5,82.4,129.6,212.2,423.8,370.3,380.4,293.7,341.5,173.5,283.9,203.6,429.9,280.9,50.5,283.5,53.4
IN,217.3,461.5,422.2,432.1,536.4,294.0,175.4,272.5,251.8,485.1,364.2,232.7,79.0,107.2,552.5,111.7,236.0,87.9,210.9,253.1,85.6,292.4,149.2,238.1,249.0,318.0,180.8,489.0,352.2,80.3,80.0,200.6,194.0,162.9,0.0,222.4,122.7,467.2,107.6,447.8,345.5,222.6,491.7,187.5,242.3,397.7,132.7,278.3,529.1,252.1,362.9,566.7,387.3,296.7,423.0,158.7,110.4,475.5,491.7,289.3,376.9,262.2,381.4,325.2,215.5,334.7,109.8,448.4,262.7,221.9,77.1,273.4,559.2,239.0,108.5,308.9,558.7,101.2,348.1,205.3,249.5,548.2,540.0,1624.5,164.2,428.7,103.4,226.8,287.3,507.0,456.7,509.2,383.3,171.5,136.8,373.5,286.8,513.1,430.8,134.7,385.7,160.9
IO,225.4,297.8,317.9,287.6,337.1,125.7,183.5,168.2,52.5,321.4,200.5,193.5,207.8,326.7,353.2,158.3,138.4,320.9,161.0,167.1,183.6,69.9,103.2,20.8,179.0,159.4,317.1,330.4,236.2,313.3,197.1,61.5,111.4,114.3,247.3,0.0,271.5,267.9,254.4,284.1,146.2,230.7,329.5,59.5,67.9,234.0,140.8,79.0,329.8,213.8,246.9,367.4,223.6,97.4,283.8,166.8,266.5,311.8,333.1,90.0,177.6,39.7,265.4,125.9,217.2,230.4,238.6,249.1,205.2,179.2,259.5,50.9,359.9,39.7,143.1,109.6,359.4,256.4,232.1,166.1,133.5,348.9,340.7,1821.4,172.3,312.7,200.5,53.2,165.0,364.7,337.5,309.9,279.0,307.8,285.6,269.2,170.8,370.8,231.5,117.7,227.1,103.6
IR,159.1,395.6,299.4,309.3,498.2,171.2,141.0,149.7,248.0,419.2,298.3,109.9,179.6,74.0,475.0,143.8,186.5,92.9,209.1,182.9,78.1,310.0,158.1,211.5,126.2,195.2,284.7,366.2,304.3,101.3,112.1,180.4,173.8,142.7,110.6,214.6,0.0,449.1,218.3,381.9,309.4,124.2,425.4,179.7,194.9,331.8,99.8,242.2,490.9,153.7,315.0,515.7,321.4,278.6,300.2,124.3,214.3,409.6,368.9,227.8,358.8,223.1,333.5,289.1,92.7,211.9,210.4,430.3,164.3,99.1,178.0,265.6,481.7,260.6,140.6,272.8,481.2,197.0,300.2,214.2,201.6,464.7,462.5,1728.4,129.8,380.8,135.5,225.9,164.8,458.7,408.8,445.0,260.5,275.4,32.9,250.7,238.9,462.9,412.7,172.6,262.9,140.7
KI,320.7,118.3,114.9,106.1,66.9,274.8,342.3,262.6,209.7,91.5,137.4,298.4,433.3,550.4,85.2,382.0,289.3,544.6,311.9,285.4,401.2,289.7,326.9,264.3,286.5,240.8,540.0,161.8,154.8,537.0,420.8,303.2,377.5,328.7,471.0,266.8,416.4,0.0,478.1,104.6,287.3,391.9,59.4,283.2,334.8,103.4,358.4,220.1,61.8,362.9,145.0,99.4,113.3,170.9,228.5,359.2,490.2,129.7,128.8,210.3,88.5,306.6,123.4,267.0,314.5,224.2,462.3,20.5,354.3,396.8,483.2,306.6,89.7,220.5,368.6,250.7,100.8,466.9,160.3,315.2,281.8,78.7,73.9,2039.3,352.4,121.2,424.2,296.7,315.9,96.7,97.8,61.4,209.9,533.3,511.1,200.9,217.4,102.8,36.7,340.6,174.1,345.3
KU,307.3,524.6,532.1,486.8,541.7,358.3,265.4,382.4,257.1,548.2,427.3,342.6,94.0,188.3,557.8,157.1,326.0,169.0,300.9,343.1,195.5,297.7,154.5,243.4,358.9,392.0,106.8,563.0,468.8,161.4,116.5,284.1,174.8,173.8,109.8,227.7,232.6,472.5,0.0,510.9,350.8,312.6,534.1,192.8,215.4,460.8,222.7,283.6,534.4,342.1,479.5,572.0,450.4,302.0,532.9,248.7,94.6,538.6,565.7,294.6,382.2,243.6,498.0,330.5,325.4,444.6,66.7,453.7,352.7,331.8,103.2,278.7,564.5,244.3,113.8,314.2,564.0,29.8,464.7,295.3,366.1,553.5,545.3,1649.5,254.2,501.9,148.8,275.8,397.2,569.3,529.9,514.5,493.2,97.5,230.9,483.4,403.4,575.4,436.1,140.0,459.7,226.6
KX,276.5,11.5,73.1,64.3,141.9,201.6,269.1,244.1,244.2,37.2,77.6,269.4,457.9,460.7,103.0,375.5,208.3,456.8,232.1,243.0,358.0,300.6,359.3,266.8,256.0,233.3,573.2,120.8,113.0,471.2,453.2,250.2,396.2,355.4,440.5,290.7,386.6,118.9,510.5,0.0,301.7,318.7,100.2,315.6,358.7,43.6,329.5,234.5,136.9,289.7,101.4,161.7,47.5,185.9,213.6,282.5,522.6,33.4,117.5,220.1,102.7,330.5,82.4,275.4,285.5,163.6,494.7,137.0,281.1,339.4,515.6,321.0,118.6,252.9,394.9,265.1,133.6,499.3,116.7,242.0,209.4,161.8,93.9,2007.4,279.2,79.4,384.8,213.7,234.9,132.5,104.2,80.8,168.9,572.3,428.3,159.1,172.7,138.6,154.9,373.8,131.4,292.3
LJ,340.4,235.4,282.0,254.9,292.7,265.5,333.0,308.0,216.6,259.0,138.1,333.3,440.2,524.6,308.8,403.7,278.2,526.7,300.8,306.9,422.9,228.2,335.6,271.2,318.8,204.1,515.9,297.7,176.0,545.7,429.5,311.9,372.9,330.5,479.7,289.4,450.5,223.5,486.8,221.7,0.0,382.6,285.1,291.9,329.4,171.6,380.1,186.9,285.4,353.6,186.7,323.0,161.2,136.1,221.4,348.1,498.9,249.4,300.4,201.8,133.2,301.2,205.2,209.6,348.6,171.4,471.0,204.7,345.0,403.3,491.9,246.9,315.5,229.2,375.5,193.3,315.0,475.6,171.9,305.9,273.3,304.5,296.3,2070.7,343.1,252.5,432.9,287.9,304.8,330.8,280.5,265.5,243.1,524.7,483.5,233.3,180.5,336.9,187.1,350.1,194.4,354.0
LW,161.5,340.7,262.5,268.5,459.0,116.3,186.4,112.8,193.1,364.3,243.4,118.1,266.2,213.0,430.1,166.3,131.6,215.1,154.2,128.0,138.8,255.1,161.6,213.8,103.6,140.3,362.8,311.3,249.4,223.5,210.6,197.2,177.3,146.2,221.3,237.7,138.9,394.2,325.0,327.0,254.5,0.0,386.2,268.4,198.4,276.9,103.3,187.3,451.7,29.4,260.1,476.5,266.5,223.7,263.3,201.5,292.4,354.7,314.0,172.9,303.9,277.5,278.6,234.2,133.4,175.0,297.0,375.4,40.0,102.6,276.5,273.8,436.8,205.7,201.5,217.9,436.3,307.7,245.3,159.3,146.7,423.8,417.6,1758.9,196.5,325.9,175.6,171.0,72.7,404.2,353.9,405.8,223.6,353.5,171.9,213.8,184.0,408.0,357.8,176.1,208.0,144.2
MD,320.1,59.2,128.7,119.9,67.5,275.4,324.4,271.3,251.7,35.1,151.4,307.9,475.3,499.2,46.6,425.8,269.6,501.3,292.2,286.6,413.3,330.0,370.7,306.3,293.4,240.2,584.6,72.7,150.6,509.7,464.6,324.0,422.1,373.3,514.8,310.6,425.1,41.9,521.9,73.7,331.1,375.2,0.0,327.0,378.6,117.4,402.2,263.9,62.5,346.2,139.0,87.3,127.3,215.5,259.1,337.8,534.0,45.2,70.1,254.9,132.3,350.4,120.0,310.8,323.2,222.1,506.1,62.6,337.6,394.7,527.0,350.4,53.3,264.3,410.6,294.5,77.2,510.7,154.3,297.3,254.9,81.6,34.1,2045.9,334.5,71.9,468.0,297.8,297.4,38.0,44.8,16.6,219.4,583.7,458.1,209.6,213.2,44.1,80.5,385.2,168.3,366.1
MH,159.7,331.7,302.7,293.9,348.8,165.4,117.8,208.5,64.2,355.3,234.4,168.7,148.2,267.1,364.9,98.7,178.4,261.3,153.3,195.5,117.9,104.8,43.6,50.5,185.0,199.1,257.5,370.1,275.9,253.7,137.5,91.2,77.3,46.2,187.7,34.8,211.9,279.6,194.8,318.0,157.9,165.0,341.2,0.0,102.8,267.9,75.1,90.7,341.5,194.5,286.6,379.1,257.5,109.1,295.5,101.1,206.9,345.7,372.8,101.7,189.3,74.6,305.1,137.6,151.5,270.7,179.0,260.8,205.1,113.5,199.9,85.8,371.6,51.4,83.5,121.3,371.1,183.6,271.8,147.7,173.2,360.6,352.4,1761.8,106.6,309.0,140.9,82.9,204.7,376.4,337.0,321.6,319.3,248.2,226.0,309.5,210.5,382.5,243.2,58.1,266.8,79.0
MM,180.5,378.7,379.0,368.5,418.0,206.6,138.6,229.3,133.4,402.3,281.4,189.5,198.7,261.0,434.1,119.5,199.2,279.9,174.1,216.3,138.7,102.8,126.2,101.7,205.8,240.3,308.0,411.3,315.4,304.2,188.0,139.5,43.4,46.3,238.2,80.8,205.8,348.8,218.3,365.0,222.0,185.8,410.4,84.0,0.0,314.9,95.9,159.9,410.7,215.3,326.1,448.3,304.5,178.3,379.8,121.9,257.4,392.7,414.0,170.9,258.5,28.1,344.6,201.7,172.3,291.5,229.5,330.0,225.9,134.3,250.4,83.8,440.8,120.6,134.0,185.4,440.3,188.4,311.3,168.5,212.7,429.8,421.6,1812.3,127.4,391.9,128.8,134.1,258.6,445.6,416.7,390.8,340.1,298.7,219.9,330.3,250.0,451.7,312.4,111.7,308.0,99.8
MN,232.8,63.7,80.1,71.3,194.3,157.9,225.4,200.4,209.1,87.3,33.9,225.7,432.7,417.0,153.1,331.8,170.6,419.1,193.2,199.3,314.3,258.6,328.1,223.1,211.2,191.6,542.0,127.8,124.5,427.5,422.0,206.5,358.5,311.7,396.8,247.0,342.9,113.0,479.3,50.0,258.0,275.0,147.4,284.4,315.0,0.0,285.8,190.8,187.0,246.0,135.2,211.8,9.8,172.9,169.9,240.5,491.4,77.7,130.5,176.4,89.7,286.8,153.7,237.7,241.0,119.9,463.5,94.2,237.4,295.7,484.4,277.3,159.8,221.7,368.0,221.4,159.3,468.1,120.4,198.3,165.7,146.8,140.6,1963.7,235.5,86.4,341.1,180.3,197.5,182.6,114.4,141.1,191.6,532.7,375.9,181.8,129.0,188.7,76.6,342.6,142.9,248.6
MO,84.5,328.7,283.0,290.3,431.7,126.9,42.6,133.3,181.1,352.3,231.4,93.5,162.8,157.7,408.5,62.9,103.2,176.6,78.1,120.3,35.4,184.7,58.2,111.6,109.8,162.1,272.1,333.1,219.4,185.0,107.2,80.5,73.9,42.8,117.9,114.7,102.5,382.2,221.6,315.0,242.5,89.8,358.9,79.8,95.0,264.9,0.0,175.3,424.4,119.3,230.1,449.2,254.5,211.7,283.8,25.9,221.5,342.7,335.8,160.9,291.9,123.2,248.6,222.2,76.3,195.5,193.6,363.4,129.9,38.3,173.1,165.7,415.2,131.3,98.1,205.9,414.7,204.3,215.3,72.5,116.7,443.5,396.0,1742.5,31.4,295.9,72.2,106.7,162.9,374.2,320.7,378.5,244.1,262.8,116.6,234.3,154.0,380.3,345.8,72.7,229.8,40.8
MP,153.4,244.8,270.7,240.4,279.9,78.5,146.0,121.0,29.6,268.4,147.5,146.3,253.2,337.6,296.0,203.7,91.2,339.7,113.8,119.9,222.9,67.7,148.6,84.2,131.8,112.2,362.5,283.2,189.0,358.7,242.5,124.9,209.4,151.2,292.7,88.5,263.5,210.7,299.8,231.1,67.1,195.6,272.3,104.9,165.9,181.0,180.1,0.0,272.6,166.6,199.7,310.2,170.6,40.2,224.9,161.1,311.9,258.8,285.9,14.8,120.4,137.7,218.2,46.8,161.6,183.2,284.0,191.9,158.0,216.3,304.9,86.4,302.7,42.2,188.5,30.5,302.2,288.6,184.9,118.9,86.3,291.7,283.5,1866.8,156.1,265.5,245.9,100.9,117.8,307.5,290.3,252.7,231.8,353.2,296.5,222.0,123.6,313.6,174.3,163.1,179.9,167.0
NA,376.1,131.4,172.1,163.3,49.8,318.6,396.7,319.8,284.6,107.3,194.6,356.4,508.2,547.7,98.8,458.7,341.9,549.8,364.5,342.6,477.9,397.0,403.6,339.2,341.9,296.2,613.9,145.0,222.9,558.2,497.5,379.9,470.9,428.5,547.7,387.4,473.6,76.6,554.8,160.0,403.8,423.7,75.1,359.9,427.4,160.6,435.1,296.8,0.0,394.7,211.3,67.3,170.5,248.4,286.5,411.8,566.9,117.4,142.4,287.8,165.2,399.2,192.3,383.5,371.7,294.4,539.0,95.4,386.1,467.0,559.9,378.0,105.5,297.2,443.5,367.2,105.0,543.6,226.6,369.6,327.2,19.0,86.3,2032.9,406.8,144.2,500.9,341.0,345.9,110.3,113.6,55.5,267.9,622.7,506.6,258.1,285.5,116.4,130.6,418.1,229.5,422.0
NK,130.9,310.1,231.9,237.9,428.4,85.7,155.8,82.2,162.5,333.7,212.8,87.5,294.1,278.8,399.5,194.2,101.0,280.9,123.6,97.4,166.7,224.5,189.5,183.2,73.0,109.7,428.6,280.7,218.8,289.3,238.5,166.6,205.2,174.1,249.2,207.1,204.7,363.6,352.9,296.4,223.9,27.8,355.6,237.8,275.1,246.3,131.2,156.7,421.1,0.0,229.5,445.9,235.9,193.1,232.7,170.9,358.2,324.1,283.4,142.3,273.3,246.9,248.0,203.6,102.8,144.4,324.9,344.8,9.4,130.5,304.4,243.2,406.2,175.1,229.4,187.3,405.7,335.6,214.7,128.7,116.1,393.2,387.0,1786.8,165.9,295.3,203.5,140.4,42.4,373.6,320.1,375.2,193.0,419.3,237.7,183.2,153.4,377.4,327.2,204.0,177.4,208.7
NM,210.7,113.6,77.4,68.6,201.5,135.8,185.3,178.3,210.0,166.8,116.7,203.6,401.6,394.9,178.3,301.7,130.5,397.0,153.1,177.2,274.2,272.0,297.0,230.7,189.1,115.7,510.9,125.1,11.5,405.4,346.0,214.1,312.7,281.6,356.7,254.6,320.8,176.2,460.4,96.3,271.4,252.9,131.6,285.3,322.6,82.7,238.7,204.2,194.2,223.9,0.0,219.0,92.6,148.9,133.0,200.4,474.3,129.8,127.8,189.8,123.8,294.4,18.4,251.1,218.9,83.0,432.4,128.3,215.3,255.6,411.9,290.7,185.0,222.6,336.9,234.8,184.5,443.1,15.2,158.2,115.8,213.3,169.2,1941.6,195.4,65.7,311.0,177.6,175.4,144.0,90.5,156.7,154.7,501.6,353.8,144.9,74.1,150.1,110.7,311.5,105.4,256.2
NN,395.4,134.4,194.6,185.8,16.0,350.2,399.7,346.6,287.6,110.3,226.6,383.2,511.2,574.5,93.9,461.7,344.9,576.6,367.5,361.9,480.9,367.6,406.6,342.2,368.7,315.5,649.2,148.0,225.9,585.0,500.5,382.9,458.0,409.2,550.7,346.5,500.4,79.6,557.8,148.9,367.0,450.5,78.1,362.9,414.5,192.6,438.1,299.8,65.5,421.5,214.3,0.0,202.5,251.4,334.4,414.8,569.9,120.4,145.4,290.8,168.2,386.3,195.3,346.7,398.5,297.4,542.0,98.4,412.9,470.0,562.9,386.3,88.1,300.2,446.5,330.4,108.0,546.6,229.6,372.6,330.2,84.6,89.3,1997.3,409.8,147.2,503.9,374.6,372.7,113.3,120.1,58.5,294.7,611.2,533.4,284.9,288.5,119.4,116.4,421.1,248.8,425.0
NP,222.9,71.9,90.5,81.7,202.4,148.0,215.5,190.5,190.6,97.7,24.0,215.8,410.3,407.1,163.5,321.9,160.7,409.2,178.5,189.4,304.4,248.7,305.7,213.2,201.3,179.7,519.6,138.2,114.6,417.6,399.6,196.6,348.6,301.8,386.9,237.1,333.0,122.6,456.9,54.6,248.1,265.1,154.9,262.0,305.1,10.3,275.9,180.9,197.4,236.1,125.3,222.2,0.0,134.7,160.0,228.9,469.0,88.1,140.9,166.5,100.1,276.9,143.8,227.8,231.1,110.0,441.1,104.6,227.5,285.8,462.0,267.4,170.2,199.3,341.3,211.5,194.1,445.7,110.5,188.4,155.8,157.2,153.1,1953.8,225.6,96.8,331.2,160.1,187.3,193.0,124.8,141.9,181.7,518.7,366.0,171.9,119.1,199.1,87.0,320.2,132.4,238.7
NQ,177.9,192.9,193.5,184.7,237.3,103.0,170.5,145.5,36.1,218.7,103.0,170.8,259.7,378.6,255.7,210.2,115.7,372.8,133.5,144.4,229.4,116.1,155.1,90.7,156.3,136.7,369.0,241.2,140.9,365.2,249.0,131.4,206.5,157.7,299.2,95.0,288.0,169.6,306.3,175.6,115.5,220.1,229.1,111.4,163.0,136.5,186.6,48.3,232.3,191.1,151.6,269.9,126.1,0.0,186.3,185.6,318.4,209.1,243.9,39.3,80.1,134.8,170.1,95.2,186.1,136.3,290.5,151.6,182.5,225.0,311.4,134.8,262.4,48.7,195.0,78.9,261.9,295.1,136.8,143.4,110.8,251.4,243.2,1873.3,180.6,199.8,252.4,123.1,142.3,267.2,224.6,233.5,208.0,359.7,346.2,198.2,148.1,273.3,134.0,169.6,158.4,173.5
NT,205.4,208.6,110.6,120.5,332.2,160.2,230.3,107.4,240.9,234.4,211.7,144.0,406.5,335.3,311.3,306.6,175.5,337.4,193.3,171.9,279.1,297.3,301.9,257.7,129.5,121.2,485.1,181.3,192.3,345.8,373.4,241.1,317.6,286.5,371.9,281.6,261.2,241.3,479.6,197.1,298.4,211.3,264.6,312.3,349.6,177.7,243.6,231.2,327.2,182.3,180.7,352.0,187.6,195.2,0.0,243.7,414.7,224.8,184.0,216.8,218.8,321.4,161.7,278.1,160.1,72.8,410.9,223.2,173.7,242.9,439.3,317.7,326.9,249.6,337.5,261.8,326.9,458.3,196.0,203.2,190.6,275.9,300.9,1882.0,240.4,178.7,315.9,204.6,133.5,257.0,203.5,289.1,30.6,475.8,302.9,40.9,138.4,263.1,205.7,316.4,165.8,283.2
OB,101.3,300.5,299.8,262.8,403.4,99.0,16.7,150.1,159.0,324.4,205.4,112.0,201.1,196.0,382.5,101.2,75.4,216.6,57.6,137.1,73.7,215.4,96.5,173.9,125.4,132.6,312.1,305.6,193.4,223.3,145.5,159.2,113.9,81.1,156.2,199.7,140.8,355.4,259.9,283.2,216.5,106.6,333.9,118.1,133.3,238.9,38.2,149.3,398.4,136.1,202.2,423.2,226.6,183.8,300.6,0.0,259.8,314.8,306.4,133.0,265.9,239.5,220.7,194.3,92.1,212.3,231.9,337.3,146.7,55.1,211.4,235.8,398.1,167.7,132.1,179.9,413.1,242.6,187.4,46.6,88.8,417.5,373.4,1787.3,5.5,269.9,110.5,122.7,138.3,346.3,296.0,360.3,260.9,309.5,163.6,251.1,128.0,354.3,319.8,112.7,201.4,79.1
OE,321.4,546.4,487.7,497.6,563.5,359.5,279.5,338.0,278.9,570.0,449.1,298.2,64.0,138.5,579.6,159.9,374.8,119.2,315.0,371.2,198.0,319.5,176.3,265.2,314.5,383.5,95.2,554.5,456.3,111.6,119.3,305.9,226.7,195.6,112.3,249.5,216.3,494.3,92.6,532.7,372.6,312.5,555.9,214.6,269.4,482.6,236.8,305.4,556.2,342.0,467.0,593.8,472.2,323.8,488.5,262.8,0.0,560.4,557.2,316.4,404.0,289.3,485.5,352.3,281.0,400.2,21.0,475.5,352.6,287.4,53.4,300.5,586.3,266.1,135.6,336.0,585.8,122.5,452.2,309.4,353.6,575.3,567.1,1599.7,268.3,523.7,151.6,297.6,352.8,591.1,548.5,536.3,448.8,85.9,181.1,439.0,390.9,597.2,457.9,161.8,451.2,240.7
PE,305.0,16.1,101.6,92.8,114.2,230.1,297.6,272.6,272.7,9.5,106.1,297.9,492.4,489.2,75.3,404.0,242.8,491.3,265.4,271.5,386.5,329.1,387.8,295.3,283.4,261.8,601.7,149.3,141.5,499.7,481.7,278.7,430.7,383.9,469.0,319.2,415.1,91.2,539.0,34.4,330.2,347.2,66.7,344.1,387.2,72.1,358.0,263.0,109.2,318.2,129.9,134.0,82.0,214.4,242.1,312.7,551.1,0.0,152.0,248.6,131.2,359.0,110.9,309.9,313.2,192.1,523.2,109.3,309.6,367.9,544.1,349.5,82.0,281.4,427.7,293.6,105.9,527.8,145.2,270.5,237.9,128.3,64.9,2035.9,307.7,107.9,413.3,242.2,269.7,104.8,132.7,53.1,197.4,592.4,448.1,187.6,201.2,110.9,127.2,402.3,159.9,320.8
PG,249.9,134.3,63.9,70.8,142.6,222.7,292.8,235.5,292.8,110.2,162.0,260.8,523.1,452.1,121.7,403.6,238.0,454.2,260.6,216.4,376.1,359.8,418.5,320.2,246.3,170.0,601.9,2.5,142.6,462.6,447.9,303.6,414.6,383.5,458.6,344.1,378.0,117.0,569.7,148.8,360.9,310.1,75.0,374.8,412.1,128.0,340.6,293.7,137.6,281.1,131.0,162.4,137.9,290.6,205.3,306.2,531.5,120.3,0.0,279.3,207.4,383.9,112.0,340.6,276.1,155.3,553.9,137.6,272.5,339.9,513.8,380.2,128.4,312.1,454.1,324.3,137.3,558.5,146.3,265.7,253.1,156.7,109.2,1998.8,302.9,119.3,412.9,267.1,232.3,100.8,88.7,99.5,159.7,592.6,419.7,149.9,205.2,93.9,155.6,433.0,98.1,345.7
PM,138.5,227.7,255.8,225.5,288.1,63.6,131.1,106.1,24.0,253.5,132.6,131.4,243.7,322.7,319.3,194.2,76.3,324.8,98.9,105.0,213.4,80.4,139.1,74.7,116.9,97.3,353.0,268.3,174.1,349.2,233.0,115.4,190.5,141.7,283.2,79.0,248.6,220.4,290.3,216.2,81.5,180.7,279.9,95.4,147.0,166.1,170.6,14.3,283.1,151.7,184.8,320.7,155.7,50.7,210.0,144.5,302.4,243.9,271.0,0.0,130.9,118.8,203.3,61.2,146.7,168.3,274.5,202.3,143.1,209.0,295.4,100.8,334.9,32.7,179.0,44.9,325.5,279.1,170.0,104.0,71.4,302.2,306.8,1857.3,141.2,250.6,236.4,75.7,102.9,328.9,275.4,263.2,216.9,352.1,281.6,207.1,108.7,335.0,184.8,153.6,164.1,157.5
PO,261.1,114.9,113.3,104.5,159.4,186.2,253.7,228.7,119.3,138.5,103.1,254.0,342.9,461.8,175.5,293.4,198.9,456.0,221.5,227.6,312.6,199.3,238.3,173.9,239.5,169.1,452.2,161.0,141.0,448.4,332.2,214.6,289.7,240.9,382.4,178.2,371.2,90.2,389.5,101.2,198.7,303.3,151.8,194.6,246.2,136.6,269.8,131.5,152.1,274.3,151.7,189.7,126.2,83.1,186.4,268.8,401.6,128.9,163.7,122.5,0.0,218.0,170.2,178.4,269.3,136.4,373.7,71.4,265.7,308.2,394.6,218.0,182.2,131.9,278.2,162.1,181.7,378.3,136.9,226.6,194.0,171.2,163.0,1956.5,263.8,119.6,335.6,206.3,225.5,187.0,144.4,132.2,208.1,442.9,420.7,198.3,145.5,193.1,53.8,252.8,159.4,256.7
PP,208.7,350.5,370.6,340.3,389.8,178.4,166.8,220.9,105.2,374.1,253.2,217.7,226.9,289.2,405.9,147.7,191.1,308.1,202.3,244.5,166.9,74.6,154.4,73.5,234.0,212.1,336.2,383.1,288.9,332.4,216.2,114.2,71.6,74.5,266.4,52.6,234.0,320.6,246.5,336.8,193.8,214.0,382.2,112.2,28.1,286.7,124.1,131.7,382.5,243.5,299.6,420.1,276.3,150.1,336.5,150.1,285.6,364.5,385.8,142.7,230.3,0.0,318.1,173.5,200.5,283.1,257.7,301.8,254.1,162.5,278.6,55.6,412.6,92.4,162.2,157.2,412.1,216.6,284.8,196.7,186.2,401.6,393.4,1840.5,155.6,365.4,157.0,105.9,217.7,417.4,393.4,362.6,331.7,326.9,248.1,321.9,223.5,423.5,284.2,139.9,279.8,128.0
QA,229.7,97.3,58.9,50.1,180.7,154.8,204.3,197.3,224.7,148.3,98.2,222.6,448.3,413.9,159.8,320.7,149.5,416.0,172.1,196.2,293.2,289.3,343.7,249.7,208.1,136.7,557.6,106.6,30.5,424.4,365.0,233.1,331.7,300.6,375.7,273.6,339.8,155.1,494.9,83.6,290.4,271.9,113.1,300.0,341.6,64.2,257.7,223.2,175.7,242.9,18.9,200.5,74.1,188.5,152.0,217.7,507.0,111.3,109.3,208.8,105.3,313.4,0.0,270.1,237.9,102.0,479.1,109.7,234.3,274.6,430.9,309.7,166.5,237.3,379.3,253.8,190.4,483.7,34.2,177.2,134.8,194.8,147.3,1960.6,214.4,47.2,330.0,196.6,194.4,125.5,72.0,129.8,173.7,548.3,372.8,163.9,93.1,131.6,92.2,358.2,124.1,275.2
QF,360.7,255.7,302.3,275.2,310.7,285.8,353.3,328.3,236.9,279.3,158.4,353.6,460.5,544.9,329.1,424.0,298.5,547.0,321.1,327.2,443.2,246.8,355.9,291.5,339.1,224.4,536.2,318.0,196.3,566.0,449.8,332.2,393.2,350.8,500.0,309.7,470.8,243.8,507.1,236.2,20.2,402.9,302.5,312.2,349.7,191.9,400.4,207.2,305.7,373.9,207.0,343.3,181.5,156.4,241.7,366.7,519.2,269.7,320.7,222.1,153.5,321.5,225.5,0.0,368.9,191.7,491.3,224.9,365.3,423.6,512.2,267.2,357.1,249.5,391.5,213.6,359.7,495.9,192.2,326.2,293.6,324.8,320.0,2091.0,363.4,272.8,453.2,297.9,325.4,351.1,297.6,306.9,263.4,545.0,512.5,253.6,200.8,357.2,207.4,370.4,213.8,374.3
QM,123.6,300.6,206.6,216.5,403.1,78.4,148.5,56.9,159.1,326.4,205.5,17.1,246.3,175.9,382.2,147.2,93.7,177.2,111.5,90.1,119.7,215.5,142.5,176.9,32.2,100.4,325.7,273.4,211.5,186.4,214.0,159.3,157.4,126.3,212.5,199.8,101.8,355.5,320.2,283.3,216.6,88.6,336.5,230.5,267.8,239.0,84.2,149.4,398.1,118.1,222.2,422.9,228.6,186.8,208.4,161.9,255.3,316.8,276.1,136.0,266.0,239.6,240.7,196.3,0.0,120.1,251.5,337.4,128.7,83.5,279.9,235.9,397.8,167.8,178.1,180.0,412.8,298.9,208.4,121.4,108.8,371.9,373.1,1722.6,158.6,288.0,156.5,122.8,72.0,365.9,312.8,360.0,168.7,324.8,143.5,157.9,146.1,370.1,319.9,156.2,169.2,201.4
RD,126.2,179.4,110.5,120.4,307.0,99.0,176.7,111.8,162.4,205.2,84.3,104.2,382.1,295.5,286.1,279.9,121.9,297.6,144.5,92.7,252.4,236.1,277.5,196.5,89.7,48.3,445.3,159.9,81.0,306.0,324.2,179.9,290.9,259.8,334.9,217.4,221.4,228.9,428.7,162.1,237.2,186.4,239.4,233.8,285.4,117.8,216.9,170.0,302.0,157.4,91.7,326.8,107.4,122.3,49.9,190.1,374.9,195.6,162.6,161.7,139.4,257.2,110.2,216.9,120.3,0.0,412.9,210.8,148.8,216.2,433.8,256.5,292.8,171.1,313.1,200.6,292.3,417.5,76.9,149.6,107.2,275.8,273.6,1842.2,186.8,157.5,289.2,153.7,108.9,235.8,185.5,256.1,71.6,444.4,254.4,61.8,65.5,241.9,193.3,292.0,56.6,222.0
RG,304.4,566.9,470.7,480.6,542.4,342.5,262.5,321.0,257.8,590.5,469.6,281.2,42.9,121.5,558.5,142.9,357.8,102.2,298.0,354.2,181.0,298.4,155.2,244.1,297.5,366.5,74.1,537.5,439.3,94.6,102.3,263.4,234.4,203.3,95.3,228.4,199.3,473.2,71.5,553.2,351.5,295.5,534.8,193.5,248.3,503.1,219.8,284.3,535.1,325.0,450.0,572.7,492.7,302.7,471.5,245.8,27.8,580.9,540.2,295.3,382.9,268.2,468.5,331.2,264.0,383.2,0.0,454.4,335.6,270.4,36.4,279.4,565.2,245.0,114.5,314.9,564.7,128.8,435.2,292.4,336.6,554.2,546.0,1582.7,251.3,515.8,134.6,289.6,336.1,570.0,540.6,515.2,431.8,64.8,164.1,422.0,373.9,576.1,436.8,140.7,434.2,223.7
RK,300.1,95.5,96.1,87.3,85.6,256.0,323.5,243.8,193.0,121.2,118.6,280.4,412.6,531.6,104.0,363.2,268.7,525.7,286.5,266.6,382.4,267.4,308.1,243.7,267.0,222.2,522.0,143.7,136.0,518.2,402.0,284.4,359.4,310.6,452.2,248.0,397.6,17.9,459.3,78.2,268.5,373.1,77.5,264.4,316.0,84.6,339.6,201.3,80.6,344.1,124.3,118.2,94.4,152.8,210.4,336.9,471.4,111.6,146.5,192.3,69.7,287.8,105.4,248.1,296.5,206.1,443.5,0.0,335.5,378.0,464.4,287.8,132.0,201.7,343.7,231.9,134.6,448.1,139.7,296.4,263.7,99.8,94.9,2026.3,333.6,102.4,405.4,268.1,295.2,115.6,130.3,81.8,191.8,521.1,499.2,182.1,198.6,121.6,17.9,322.6,154.4,326.5
RW,121.4,300.6,222.4,228.4,418.9,76.2,146.3,72.7,153.0,324.2,203.3,78.0,303.8,269.3,390.0,203.9,91.5,271.4,114.1,87.9,176.4,215.0,199.2,173.7,63.5,100.2,419.1,271.2,209.3,279.8,248.2,157.1,214.9,183.8,258.9,197.6,195.2,354.1,362.6,286.9,214.4,37.5,346.1,228.3,265.6,236.8,140.9,147.2,411.6,8.5,220.0,436.4,226.4,183.6,223.2,161.4,348.7,314.6,273.9,132.8,263.8,237.4,238.5,194.1,93.3,134.9,334.6,335.3,0.0,140.2,314.1,233.7,396.7,165.6,239.1,177.8,396.2,345.3,205.2,119.2,106.6,383.7,377.5,1796.5,156.4,285.8,213.2,130.9,32.9,364.1,313.8,365.7,183.5,409.8,228.2,173.7,143.9,367.9,317.7,213.7,167.9,199.2
SJ,98.9,360.7,297.4,304.7,462.2,169.2,74.6,147.7,177.6,384.3,263.4,107.9,196.3,191.2,440.5,96.4,135.2,210.1,110.1,134.7,68.9,218.2,91.7,145.1,124.2,176.5,305.6,347.5,251.4,218.5,140.7,114.0,107.4,76.3,151.4,148.2,136.0,393.0,255.1,347.0,271.3,104.2,390.9,113.3,128.5,296.9,33.4,204.1,454.9,133.7,262.1,492.5,286.5,222.5,298.2,57.9,255.0,374.7,350.2,192.9,302.7,156.7,280.6,251.0,90.7,209.9,227.1,374.2,144.3,0.0,206.6,199.2,447.2,164.8,131.6,234.7,446.7,237.8,247.3,104.5,148.7,474.0,428.0,1776.0,63.4,327.9,105.7,140.2,177.0,406.2,352.7,410.5,258.5,296.3,150.1,248.7,186.0,412.3,356.6,106.2,244.2,74.3
SN,267.9,527.5,485.6,495.5,544.6,357.4,226.0,335.9,260.0,551.1,430.2,296.1,70.1,136.4,560.7,106.4,286.6,117.1,261.5,303.7,150.0,300.6,157.4,246.3,312.4,345.5,123.3,516.5,402.8,109.5,65.8,226.9,197.9,166.8,77.1,230.6,187.1,475.4,98.7,513.8,353.7,273.2,537.0,195.7,219.0,463.7,183.3,286.5,537.3,302.7,413.5,574.9,453.3,304.9,486.4,209.3,52.9,541.5,519.2,297.5,385.1,270.4,432.0,333.4,278.9,398.1,49.1,456.6,313.3,285.3,0.0,281.6,567.4,247.2,116.7,317.1,566.9,92.3,398.7,255.9,300.1,556.4,548.2,1597.6,214.8,479.3,98.1,253.1,350.7,572.2,504.1,517.4,446.7,114.0,179.0,436.9,337.4,578.3,439.0,142.9,413.2,187.2
SY,260.0,337.3,357.4,327.1,376.6,165.2,218.1,207.7,92.0,360.9,240.0,233.0,247.3,366.2,392.7,199.0,177.9,360.4,200.5,206.6,218.2,18.9,142.7,60.3,218.5,198.9,391.3,369.9,275.7,352.8,236.6,101.0,122.9,125.8,286.8,39.4,311.0,307.4,297.8,323.6,138.1,265.3,369.0,99.0,79.4,273.5,175.4,95.1,369.3,253.3,286.4,406.9,263.1,136.9,323.3,201.4,306.0,351.3,372.6,110.0,217.1,51.2,304.9,117.8,251.8,269.9,278.1,288.6,244.7,213.8,299.0,0.0,399.4,79.2,182.6,101.5,398.9,267.9,271.6,205.6,173.0,388.4,380.2,1860.9,206.9,352.2,208.3,92.7,204.8,404.2,377.0,349.4,318.5,400.1,325.1,308.7,210.3,410.3,271.0,157.2,266.6,143.1
TH,375.2,90.5,176.0,167.2,87.2,304.5,371.6,318.5,309.2,64.2,180.5,363.0,528.9,546.4,5.8,479.4,316.8,548.5,334.6,333.8,460.5,383.6,424.3,351.0,341.7,289.4,629.3,127.8,197.8,556.9,518.2,353.1,466.8,418.0,568.4,364.2,472.3,98.1,575.5,108.8,384.7,421.6,55.0,380.6,432.2,146.5,432.4,317.5,109.6,392.6,194.1,69.0,164.3,260.2,316.5,385.0,587.6,74.3,117.3,299.6,185.9,404.0,175.1,355.5,371.2,266.5,559.7,116.2,384.0,441.9,580.6,404.0,0.0,317.9,459.9,348.1,61.5,564.3,201.5,344.5,312.3,128.7,13.7,2001.7,381.7,119.1,521.6,316.6,352.0,93.1,88.5,28.4,266.6,637.3,514.0,256.8,260.4,91.3,134.1,429.9,221.6,395.2
TL,188.8,280.2,251.2,242.4,297.3,113.9,180.5,156.4,12.7,303.8,182.9,181.7,210.9,329.8,313.4,161.4,126.6,324.0,149.2,155.3,180.6,107.0,106.3,41.9,167.2,147.6,320.2,318.6,224.4,316.4,200.2,82.6,157.7,108.9,250.4,46.2,274.6,228.1,257.5,266.5,106.4,227.7,289.7,62.6,114.2,216.4,137.8,39.2,290.0,202.0,235.1,327.6,206.0,57.6,244.0,163.8,269.6,294.2,321.3,50.2,137.8,86.0,253.6,86.1,214.2,218.6,241.7,209.3,193.4,176.2,262.6,97.2,320.1,0.0,146.2,69.8,319.6,246.3,220.3,154.3,121.7,309.1,300.9,1824.5,169.3,257.5,203.6,74.3,153.5,324.9,282.3,270.1,267.2,310.9,288.7,257.4,159.0,331.0,191.7,120.8,215.3,124.7
TP,193.4,408.5,381.7,372.9,425.5,240.0,151.5,278.1,139.1,429.9,313.4,242.6,64.6,183.5,443.9,65.6,212.1,177.7,192.4,229.2,91.2,185.3,40.6,129.5,253.4,276.1,178.2,449.1,354.9,170.1,53.9,170.2,86.6,59.9,104.1,113.8,128.3,357.8,111.2,391.2,236.9,198.7,417.3,78.9,133.7,346.9,108.8,169.7,420.5,228.2,361.2,458.1,332.1,188.1,370.1,136.7,123.3,424.7,451.8,180.7,268.3,153.6,384.1,212.2,220.1,344.6,95.4,339.7,238.8,227.5,116.3,164.8,471.9,130.4,0.0,200.3,474.5,100.0,346.4,181.4,252.2,435.2,434.8,1678.2,140.3,388.0,57.3,172.2,279.6,451.0,416.0,421.7,393.2,173.0,151.1,379.1,289.5,461.5,322.2,26.1,344.9,112.7
TU,377.0,272.0,318.6,291.5,329.3,302.1,369.6,344.6,253.2,295.6,174.7,369.9,476.8,561.2,345.4,440.3,314.8,563.3,337.4,343.5,459.5,264.8,372.2,307.8,355.4,240.7,552.5,334.3,212.6,582.3,466.1,348.5,409.5,367.1,516.3,326.0,487.1,260.1,523.4,258.3,36.5,419.2,321.7,328.5,366.0,208.2,416.7,223.5,322.0,390.2,223.3,359.6,197.8,172.7,258.0,384.7,535.5,286.0,337.0,238.4,169.8,337.8,241.8,16.2,385.2,208.0,507.6,241.3,381.6,439.9,528.5,283.5,352.1,265.8,412.1,0.0,351.6,512.2,208.5,342.5,309.9,341.1,332.9,2107.3,379.7,289.1,469.5,324.5,341.7,367.4,313.9,302.1,279.7,561.3,520.1,269.9,217.1,373.5,223.7,386.7,231.0,390.6
UK,360.0,90.4,178.1,169.3,144.9,321.6,373.7,320.6,300.9,56.9,182.6,347.8,539.5,548.5,53.0,475.0,333.9,565.6,341.5,335.9,462.6,380.9,419.9,346.1,342.7,289.5,648.8,112.6,199.9,559.0,513.8,355.2,486.3,413.1,564.0,359.8,474.4,92.9,571.1,104.9,380.3,423.7,64.2,376.2,427.8,148.6,434.5,313.1,111.7,394.7,178.9,128.8,173.5,264.7,333.6,388.8,583.2,67.0,134.4,294.7,181.5,399.6,184.3,350.6,372.5,283.6,555.3,111.7,386.1,444.0,576.2,399.6,59.7,313.5,459.8,343.7,0.0,559.9,194.2,346.6,329.4,130.8,42.6,2061.5,383.8,121.2,517.2,329.0,336.5,77.9,105.6,44.3,283.7,624.5,507.4,258.9,262.5,93.4,129.7,425.0,222.8,397.3
UV,280.9,498.2,505.7,460.4,515.3,331.9,239.0,356.0,230.7,521.8,400.9,316.2,60.8,175.2,531.4,130.7,299.6,155.9,274.5,316.7,169.1,271.3,128.1,217.0,332.5,365.6,136.7,536.6,442.4,148.3,90.1,257.7,144.9,147.4,83.4,201.3,206.2,446.1,29.8,484.5,324.4,286.2,507.7,166.4,185.5,434.4,196.3,257.2,508.0,315.7,453.1,545.6,424.0,275.6,506.5,222.3,124.5,512.2,539.3,268.2,355.8,213.7,471.6,304.1,299.0,418.2,96.6,427.3,326.3,305.4,94.5,252.3,538.1,217.9,87.4,287.8,537.6,0.0,438.3,268.9,339.7,527.1,518.9,1679.4,227.8,475.5,122.4,249.4,370.8,542.9,500.3,488.1,466.8,127.4,217.8,457.0,377.0,549.0,409.7,113.6,433.3,200.2
UX,195.4,128.4,92.2,83.4,216.3,120.5,170.0,163.0,194.7,181.6,131.5,188.3,386.3,379.6,193.1,286.4,115.2,381.7,137.8,161.9,258.9,256.7,281.7,215.4,173.8,100.4,495.6,139.9,4.0,390.1,330.7,198.8,297.4,266.3,341.4,239.3,305.5,191.0,445.1,116.9,256.1,237.6,146.4,270.0,307.3,97.5,223.4,188.9,209.0,208.6,14.7,233.8,107.4,133.6,117.7,185.1,459.0,144.6,142.6,174.5,138.6,279.1,33.2,235.8,203.6,67.7,417.1,143.0,200.0,240.3,396.6,275.4,208.7,207.3,321.6,219.5,199.3,427.8,0.0,142.9,100.5,228.1,180.6,1926.3,180.1,80.5,295.7,162.3,160.1,158.8,105.3,163.1,139.4,486.3,338.5,129.6,58.8,164.9,125.5,296.2,90.1,240.9
VB,143.5,256.1,246.5,216.2,359.1,54.3,27.0,96.8,108.5,279.7,158.8,122.1,243.3,238.2,335.9,143.4,30.7,257.1,5.6,95.7,115.9,170.5,138.7,129.2,107.6,88.0,352.6,259.0,146.8,265.5,187.7,112.6,154.4,123.3,198.4,153.1,183.0,309.6,302.1,242.4,169.9,148.8,286.3,183.8,221.1,192.3,80.4,102.7,351.8,142.4,157.5,376.6,181.9,139.1,210.2,42.1,302.0,270.1,261.7,88.3,219.3,192.9,176.0,149.6,135.3,159.0,274.1,290.8,133.8,97.3,253.6,189.2,342.6,121.1,178.6,133.3,342.1,284.8,142.7,0.0,44.1,370.9,323.4,1829.5,37.1,223.3,152.7,86.4,93.6,301.6,248.1,305.9,207.6,343.3,197.1,197.8,81.4,307.7,273.2,153.2,155.7,154.7
VC,94.8,219.0,212.1,181.8,312.6,19.9,69.4,62.4,98.0,280.2,123.9,87.7,285.7,279.0,291.7,185.8,14.6,281.1,32.4,61.3,158.3,154.4,181.1,114.8,73.2,51.6,395.0,224.6,102.6,289.5,230.1,98.2,196.8,165.7,240.8,138.7,204.9,288.8,344.5,201.7,155.5,137.0,245.0,169.4,206.7,196.1,122.8,88.3,307.6,108.0,113.3,332.4,147.0,124.7,166.0,82.8,358.4,235.2,227.3,73.9,179.0,178.5,131.8,135.2,103.8,124.6,316.5,241.7,99.4,139.7,296.0,174.8,298.4,106.7,216.7,118.9,297.9,327.2,98.5,42.3,0.0,326.7,281.3,1825.7,79.5,179.1,195.1,72.0,59.2,257.4,203.9,269.5,173.2,385.7,237.9,163.4,37.2,263.5,224.1,195.6,120.7,140.3
VJ,357.0,152.4,153.0,144.2,65.5,299.5,366.7,300.7,264.0,125.3,175.5,337.3,487.6,528.6,116.8,438.1,311.9,530.7,329.7,323.5,455.6,344.0,383.0,318.6,322.8,277.1,631.9,163.0,192.9,539.1,476.9,359.3,488.9,446.5,527.1,322.9,454.5,92.8,534.2,140.9,343.4,404.6,90.2,339.3,445.4,141.5,414.5,276.2,18.0,375.6,181.3,85.3,151.4,227.8,267.4,380.1,546.3,135.4,160.4,267.2,144.6,417.2,162.3,323.1,352.6,261.5,518.4,129.1,367.0,436.2,539.3,396.0,123.5,276.6,418.6,306.8,132.4,523.0,196.6,339.6,297.2,0.0,104.3,2050.9,376.8,159.3,480.3,321.9,326.8,128.3,131.6,73.5,248.8,640.7,496.2,239.0,255.5,134.4,111.5,397.5,205.2,401.4
VK,352.4,73.4,161.1,152.3,104.3,289.6,356.7,303.6,283.9,47.4,165.6,338.3,505.6,531.5,10.4,458.0,300.0,531.7,324.5,318.9,445.6,363.9,402.9,336.6,325.7,272.5,614.9,105.0,182.9,542.0,496.8,338.2,452.4,403.6,547.0,342.8,457.4,75.3,554.1,87.9,363.3,406.7,32.2,359.2,410.8,131.6,417.5,296.1,94.7,377.7,169.4,86.1,139.6,248.9,299.7,371.8,566.2,57.5,100.5,288.3,164.5,382.6,152.3,341.1,355.5,249.7,538.3,94.7,369.1,427.0,559.2,382.6,17.1,296.5,442.8,326.7,31.6,542.9,187.8,329.6,297.4,111.9,0.0,2018.8,366.8,104.2,500.2,312.0,327.3,68.4,71.7,13.5,249.8,607.5,490.4,241.9,245.5,76.4,112.7,417.4,205.8,380.3
VL,1623.7,1897.8,1770.4,1780.3,1891.5,1673.4,1590.4,1664.1,1648.4,1875.0,1800.5,1624.3,1458.5,1441.1,1886.5,1512.8,1688.7,1421.8,1625.9,1685.1,1500.6,1689.0,1545.8,1634.7,1640.6,1697.4,1403.3,1868.4,1767.2,1414.2,1472.2,1615.6,1604.3,1573.2,1414.9,1619.0,1526.7,1863.8,1487.1,1884.1,1742.1,1559.3,1836.9,1584.1,1638.9,1837.5,1564.4,1674.9,1925.7,1588.8,1777.9,1909.0,1823.6,1693.3,1799.1,1573.7,1386.2,1911.8,1871.1,1685.9,1773.5,1658.8,1821.5,1721.8,1607.1,1726.3,1382.4,1845.0,1599.4,1563.7,1404.6,1670.0,1893.2,1635.6,1505.1,1705.5,1892.7,1480.7,1763.1,1620.3,1664.5,1880.2,1874.0,0.0,1579.2,1838.5,1504.5,1641.8,1629.8,1870.2,1857.0,1856.5,1774.9,1447.3,1483.7,1765.1,1701.8,1876.3,1827.4,1531.3,1765.1,1575.9
VM,106.3,297.2,287.6,257.3,400.2,95.4,11.1,137.9,149.6,320.8,199.9,115.3,206.1,201.0,377.0,106.2,71.7,219.9,46.6,142.1,78.7,211.6,101.5,170.3,131.6,129.1,315.4,300.1,187.9,228.3,150.5,153.7,117.2,86.1,161.2,194.2,145.8,350.7,264.9,283.5,211.0,111.6,327.4,123.1,138.3,233.4,43.2,143.8,392.9,141.1,198.6,417.7,223.0,180.2,251.3,5.0,264.8,311.2,302.8,129.4,260.4,234.0,217.1,190.7,98.1,200.1,236.9,331.9,151.7,60.1,216.4,230.3,383.7,162.2,141.4,174.4,383.2,247.6,183.8,41.0,85.2,412.0,364.5,1792.3,0.0,264.4,115.5,127.5,134.7,342.7,289.2,347.0,248.7,306.1,159.9,238.9,122.5,348.8,314.3,116.0,196.8,84.1
VV,277.8,125.1,56.7,47.9,135.7,202.9,252.4,245.4,242.5,101.0,116.0,270.7,466.1,462.0,112.5,368.8,197.6,464.1,220.2,244.3,341.3,339.1,361.5,297.8,256.2,180.8,575.4,104.4,78.6,472.5,413.1,281.2,379.8,348.7,423.8,321.7,387.9,109.6,527.5,139.6,338.5,320.0,62.9,317.8,389.7,82.0,305.8,271.3,128.4,291.0,67.0,153.2,91.9,206.3,200.1,267.5,541.4,111.1,107.1,256.9,123.1,361.5,48.0,318.2,286.0,150.1,496.9,128.4,282.4,322.7,479.0,357.8,119.2,255.1,401.4,301.9,118.7,510.2,82.3,225.3,182.9,147.5,100.0,2008.7,262.5,0.0,378.1,255.0,242.2,78.2,24.8,82.5,152.5,566.1,420.9,142.7,141.2,84.3,146.4,376.0,114.1,323.3
VW,169.7,399.5,368.2,375.5,454.5,212.1,127.8,218.5,169.9,423.1,302.2,178.7,120.4,182.5,470.6,8.3,188.4,180.2,163.3,205.5,90.2,210.5,84.0,159.8,195.0,247.3,224.2,418.3,304.6,172.6,34.9,128.7,99.7,68.6,103.1,140.5,127.3,385.3,149.3,385.8,263.6,175.0,444.1,105.6,120.8,335.7,85.1,196.4,447.2,204.5,315.3,484.8,325.3,214.8,369.0,111.1,153.8,413.5,421.0,207.4,295.0,149.0,333.8,243.3,161.5,280.7,151.2,366.5,215.1,123.5,100.8,191.5,477.3,157.1,81.4,227.0,476.8,137.8,300.5,157.7,201.9,466.3,458.1,1698.5,116.6,381.1,0.0,154.9,247.8,459.4,409.1,427.3,329.3,214.9,141.4,319.5,239.2,465.5,348.9,98.5,315.0,89.0
VX,137.0,242.3,264.6,234.3,364.9,72.4,148.1,114.9,100.8,257.8,147.2,129.9,249.3,270.5,333.9,151.4,74.8,289.4,102.9,113.8,148.2,146.9,144.7,42.7,126.8,104.1,368.9,266.8,182.9,297.8,238.6,26.1,178.1,131.3,230.7,66.6,215.3,297.2,295.9,225.0,158.3,195.3,315.0,101.0,134.6,180.7,105.4,91.1,359.9,160.5,193.6,397.5,160.0,127.5,208.5,133.3,308.0,248.2,269.5,66.4,207.7,106.4,201.8,138.0,180.8,177.1,280.1,279.1,151.9,143.8,301.0,117.6,349.5,109.5,180.3,121.7,364.5,284.7,168.5,112.8,80.2,317.3,324.8,1862.9,136.9,259.4,160.7,0.0,101.4,337.7,273.9,311.7,225.7,357.7,238.1,215.9,117.5,343.8,261.6,169.5,172.9,68.2
WD,88.4,265.4,189.7,195.4,385.9,43.2,113.3,40.0,124.2,291.2,170.6,45.3,343.9,236.3,357.3,207.9,58.8,238.4,76.3,54.9,180.4,180.6,239.3,140.7,30.5,65.2,386.4,238.2,176.3,246.8,274.4,124.1,218.9,187.8,272.9,164.9,162.5,320.3,380.6,248.4,181.4,77.4,316.3,195.3,232.6,203.8,144.6,114.2,378.9,48.7,187.0,403.4,193.4,150.6,190.2,127.0,315.7,281.9,240.9,99.8,230.8,204.7,205.8,161.4,60.6,101.9,312.2,302.2,40.1,144.2,340.3,200.7,364.0,132.9,274.6,144.8,387.6,359.6,172.5,86.5,73.6,350.7,347.9,1783.3,123.4,253.1,216.9,97.9,0.0,331.4,277.9,332.7,150.8,385.2,195.2,140.7,110.9,334.9,284.7,253.8,134.3,166.5
WH,348.8,113.0,134.6,125.8,144.4,280.8,330.3,295.2,307.2,86.7,203.0,331.8,526.9,523.1,101.7,446.7,275.5,525.2,298.1,315.3,419.2,381.6,422.3,357.9,317.3,268.9,636.2,101.4,156.5,533.6,516.2,359.1,457.7,426.6,501.7,362.2,449.0,96.1,573.5,131.3,382.7,397.9,51.5,378.6,430.2,169.0,383.7,315.5,114.1,368.9,144.9,126.2,178.9,267.1,278.0,345.4,585.6,96.8,98.8,306.5,183.9,402.0,125.9,362.4,347.9,228.0,557.7,114.1,360.3,400.6,578.6,402.0,88.0,315.9,457.9,346.1,112.4,562.3,160.2,303.2,260.8,133.2,112.7,2070.0,340.4,77.8,456.0,322.6,320.1,0.0,50.7,68.2,243.3,626.9,482.0,233.5,219.1,6.0,132.1,436.8,202.8,401.2
WM,304.9,97.1,83.8,75.0,105.4,233.5,283.0,272.5,296.7,76.2,189.3,297.8,513.2,489.1,84.5,395.9,224.7,491.2,242.5,274.9,368.4,369.6,408.6,328.4,283.3,209.9,625.7,131.5,105.7,499.6,440.2,308.3,410.4,379.3,450.9,348.8,418.5,79.8,563.0,120.8,369.0,347.1,41.0,368.1,416.8,155.3,336.4,298.4,100.4,321.6,97.6,128.4,165.2,256.6,227.2,296.4,571.9,83.1,100.3,296.0,170.2,388.3,75.1,345.3,313.1,177.2,544.0,100.4,313.0,353.3,506.1,384.9,91.2,305.4,448.5,329.0,100.1,548.6,112.9,252.4,210.0,122.7,72.0,2035.8,289.6,27.1,408.7,282.1,269.6,50.2,0.0,65.5,179.6,616.4,448.0,169.8,168.3,56.3,121.6,426.3,136.0,353.9
XK,336.8,61.0,147.5,138.7,113.4,277.2,343.1,290.0,271.5,36.9,153.2,324.6,458.6,517.9,22.1,444.4,288.3,520.0,312.1,305.3,432.0,351.5,389.3,289.6,313.3,258.9,567.9,89.4,169.3,528.4,483.2,325.8,440.7,393.1,533.4,329.2,443.8,61.7,540.5,75.5,349.7,393.1,16.6,345.6,397.2,119.2,403.9,282.5,81.1,364.1,155.7,97.3,129.1,198.8,288.0,359.4,552.6,45.8,86.8,238.2,150.9,369.0,136.7,294.1,343.1,252.1,524.7,82.3,355.5,414.6,545.6,369.0,28.2,282.9,430.4,313.1,49.4,529.3,171.0,316.0,283.8,64.9,12.4,2030.6,353.2,90.6,486.6,299.6,314.4,56.7,64.7,0.0,236.1,595.1,478.0,228.3,231.9,62.8,99.1,368.5,193.4,367.9
XM,199.3,208.5,108.3,118.2,304.8,154.1,224.2,101.3,234.8,272.4,209.4,137.9,400.4,329.2,283.9,300.5,169.4,331.3,192.0,165.8,273.0,291.2,295.8,251.6,123.4,123.1,479.0,179.0,190.0,339.7,367.3,235.0,311.5,280.4,365.8,275.5,255.1,281.0,473.5,194.8,292.3,205.2,237.2,306.2,343.5,175.4,237.5,225.1,299.8,176.2,178.4,324.6,185.3,199.1,39.6,237.6,408.6,222.5,181.7,210.7,216.5,315.3,159.4,272.0,153.2,76.7,404.8,220.9,167.6,236.8,433.2,311.6,290.6,243.5,331.4,255.7,290.1,452.2,193.7,197.1,184.5,273.6,273.5,1875.9,234.3,176.4,309.8,208.8,127.4,267.6,201.2,261.7,0.0,469.7,288.1,10.3,142.3,273.7,203.4,310.3,168.7,277.1
XP,368.7,583.8,547.1,557.0,600.8,418.9,326.8,397.4,314.4,609.6,488.7,376.2,122.2,197.9,619.2,219.3,387.4,178.6,367.7,430.6,257.4,360.6,215.9,304.8,372.7,440.9,9.2,632.5,530.2,171.0,178.7,345.5,266.3,235.2,171.7,289.1,275.7,533.1,93.8,566.5,412.2,398.5,592.6,254.2,309.0,522.2,284.1,345.0,595.8,428.0,540.9,633.4,530.4,363.4,547.9,312.0,104.2,600.0,616.6,356.0,443.6,328.9,578.0,391.9,339.4,459.6,76.3,515.0,438.6,346.8,112.8,340.1,647.2,305.7,179.6,375.6,649.8,123.7,544.7,356.7,427.5,614.9,610.1,1653.3,315.6,563.3,211.0,347.5,489.9,649.3,609.9,597.0,508.2,0.0,232.1,498.4,464.8,636.8,497.5,201.4,509.7,288.0
XT,210.5,436.4,342.4,352.3,538.9,222.6,172.0,192.7,294.9,462.2,341.3,152.9,192.1,41.0,518.0,147.9,237.9,51.2,247.3,225.9,82.2,330.1,174.9,228.3,168.0,236.2,251.7,409.2,347.3,68.3,116.2,197.2,199.0,167.9,114.7,258.6,42.9,491.3,222.4,419.1,352.4,167.2,479.7,223.7,211.7,374.8,142.8,285.2,533.9,196.7,366.4,558.7,364.4,321.6,351.6,157.2,181.3,452.6,420.3,270.8,401.8,239.9,376.5,332.1,134.7,254.9,214.5,473.2,207.3,142.1,182.1,309.6,533.6,275.2,149.1,315.8,548.6,201.1,351.6,201.9,244.6,507.7,508.9,1695.4,160.8,423.8,139.6,258.6,207.8,501.7,448.6,496.4,311.9,250.8,0.0,293.7,281.9,505.9,455.7,170.9,305.0,157.5
YK,189.0,198.2,98.0,107.9,296.8,143.8,213.9,91.0,220.6,262.1,199.1,127.6,390.1,318.9,273.6,290.2,159.1,321.0,181.7,155.5,262.7,282.6,285.5,241.3,113.1,112.8,468.7,168.7,179.7,329.4,357.0,224.7,301.2,270.1,355.5,265.2,244.8,270.7,463.2,184.5,282.0,194.9,224.0,295.9,333.2,165.1,227.2,214.8,289.5,165.9,168.1,314.3,175.0,188.8,49.4,229.0,398.3,212.2,171.4,200.4,206.2,305.0,149.1,261.7,142.9,66.4,394.5,210.7,157.3,226.5,422.9,301.3,280.3,233.2,325.4,245.4,279.8,441.9,183.4,186.8,174.2,263.3,261.1,1865.6,224.0,166.1,299.5,198.5,117.4,257.3,194.1,243.6,9.7,459.4,277.8,0.0,132.0,263.4,193.1,300.0,158.4,266.8
YL,136.5,183.9,153.5,144.7,277.6,61.6,111.1,104.1,135.8,242.9,86.6,129.4,327.4,320.7,254.4,227.5,56.3,322.8,78.9,103.0,200.0,197.8,222.8,156.5,114.9,95.3,436.7,201.2,65.3,331.2,271.8,139.9,238.5,207.4,282.5,180.4,246.6,251.5,386.2,170.2,197.2,178.7,204.8,211.1,248.4,158.8,164.5,130.0,270.3,149.7,76.0,295.1,109.7,124.6,128.7,126.2,400.1,197.9,203.9,115.6,141.7,220.2,94.5,176.9,144.7,78.7,358.2,204.4,141.1,181.4,337.7,216.5,261.1,148.4,262.7,160.6,260.6,368.9,61.2,84.0,41.6,289.4,241.9,1867.4,121.2,141.8,236.8,113.7,100.9,220.1,169.8,224.4,150.4,427.4,279.6,140.6,0.0,226.2,186.8,237.3,101.7,182.0
YV,342.7,117.7,141.5,132.7,136.2,287.7,337.2,302.1,310.2,93.6,209.9,338.7,533.8,530.0,95.6,453.6,282.4,532.1,305.0,309.2,426.1,390.2,429.2,364.8,324.2,262.8,643.1,95.3,163.4,540.5,523.1,366.0,464.6,433.5,508.6,369.1,455.9,102.2,580.4,132.2,389.6,402.9,55.5,385.5,437.1,175.9,390.6,322.4,121.0,373.9,151.8,120.1,185.8,274.0,284.9,352.3,592.5,103.7,92.7,313.4,190.8,408.9,132.8,369.3,354.0,234.9,564.6,121.0,365.3,407.5,585.5,408.9,89.8,322.8,469.1,353.0,127.0,569.2,167.1,310.1,267.7,140.1,106.6,2063.9,347.3,84.7,462.9,339.8,325.4,6.8,57.6,75.1,250.2,633.8,488.9,240.4,226.0,0.0,139.0,443.7,196.1,408.1
ZB,282.1,79.7,78.1,69.3,105.5,238.0,305.5,225.8,171.1,103.3,100.6,262.4,394.7,513.6,121.6,345.2,250.7,507.8,273.3,248.6,364.4,251.1,290.1,225.7,247.9,202.2,504.0,125.8,118.0,500.2,384.0,266.4,341.5,292.7,434.2,230.0,379.6,36.3,441.3,66.0,250.5,355.1,97.9,246.4,298.0,66.6,321.6,183.3,98.2,326.1,106.4,135.8,76.5,134.9,192.5,320.6,453.4,93.7,128.5,174.3,51.7,269.8,87.4,230.2,277.7,188.2,425.5,17.5,317.5,360.0,446.4,269.8,128.3,183.7,330.0,213.9,127.8,430.1,121.7,278.4,245.8,117.3,109.1,2008.3,315.6,84.4,387.4,258.1,277.6,133.1,112.4,78.3,173.9,494.7,472.5,164.1,180.6,139.2,0.0,304.6,135.5,308.5
ZD,167.2,384.5,355.5,346.7,401.6,218.2,125.3,216.0,112.9,408.1,287.2,176.2,90.0,208.9,417.7,91.0,185.9,203.1,160.8,203.0,116.6,157.6,14.5,103.3,192.5,249.9,199.3,422.9,328.7,195.5,79.3,144.0,64.8,33.7,129.5,87.6,153.7,331.6,136.6,370.8,210.7,172.5,391.1,52.7,85.9,320.7,82.6,143.5,394.3,202.0,339.4,431.9,310.3,161.9,348.3,108.6,148.7,398.5,425.6,154.5,242.1,127.4,357.9,190.4,158.0,278.2,120.8,313.6,212.6,121.0,141.7,138.6,424.4,104.2,25.3,174.1,448.3,125.4,324.6,155.2,226.0,413.4,408.6,1703.6,114.1,361.8,82.7,146.0,257.5,429.2,386.6,395.5,326.8,198.4,176.5,317.0,263.3,435.3,296.0,0.0,323.7,86.5
ZO,145.9,148.5,73.5,60.4,248.6,118.4,189.4,132.1,200.0,211.0,151.6,161.5,418.8,348.7,227.7,300.2,138.7,350.2,152.4,113.0,272.7,256.4,315.1,216.8,144.0,68.6,497.9,104.1,132.2,359.2,344.5,200.2,310.6,280.1,355.2,240.7,274.6,225.6,466.3,131.8,257.5,206.7,175.8,271.4,308.7,117.6,237.2,190.3,243.6,177.7,120.6,268.4,128.1,160.5,101.9,202.8,428.1,164.7,100.7,175.9,158.7,280.5,73.4,236.6,173.5,56.0,450.5,163.1,169.1,236.5,410.4,276.8,243.3,208.7,350.7,220.9,258.3,455.1,135.9,162.3,145.0,210.6,218.6,1895.4,199.5,118.6,309.5,163.7,128.3,207.4,143.4,206.1,123.0,497.6,316.3,113.8,103.8,199.9,145.6,329.0,0.0,242.3
ZR,121.7,310.4,320.2,300.2,426.6,138.3,79.8,170.5,142.0,334.0,213.1,130.7,183.0,202.2,399.8,83.1,140.4,221.1,115.3,157.5,79.9,164.6,78.4,70.7,147.0,172.0,292.3,343.0,256.6,229.5,127.4,39.6,94.1,63.0,162.4,94.6,147.0,357.4,241.8,296.7,224.2,127.0,396.1,129.0,162.6,246.6,37.1,157.0,419.3,156.5,267.3,456.9,236.2,186.9,321.0,63.1,241.7,324.4,345.7,142.6,267.1,134.4,285.8,203.9,113.5,232.7,213.8,338.6,167.1,75.5,193.3,145.6,406.5,129.2,118.3,187.6,406.0,230.3,252.5,109.7,153.9,438.4,387.3,1807.7,68.6,333.1,92.4,65.8,177.6,411.4,361.1,387.8,281.3,283.0,161.1,271.5,191.2,417.5,321.0,92.9,239.7,0.0
