from_stop,AQ,AU,AW,BC,BE,BM,BZ,CF,CO,DI,DL,DM,EC,EH,FC,FR,GC,GJ,GK,GO,HC,HQ,HS,IQ,IV,IW,JF,JQ,KO,LH,LP,MG,ML,MO,MZ,NJ,NM,NO,NQ,OL,OM,OZ,PG,PO,QJ,QM,QY,RE,RK,RM,RP,RZ,SC,SI,SJ,SM,SN,SO,SP,SY,TF,TG,TS,TU,TW,UA,UB,UI,UN,VL,VN,VP,VT,WA,WB,WE,WI,WP,WY,XI,XJ,YA,YS,YX,ZA,ZI,ZM
AQ,0.0,119.6,363.4,311.4,457.8,363.9,276.6,188.6,337.1,166.9,148.1,345.2,523.7,489.8,302.9,386.2,189.1,303.2,158.8,436.4,273.5,263.1,301.2,307.1,178.2,209.5,144.4,126.2,144.2,235.6,227.0,426.6,385.1,177.3,411.3,428.6,254.6,284.7,129.9,330.7,523.6,327.0,329.4,515.6,363.4,182.6,178.1,190.2,207.6,254.3,254.9,231.1,114.1,156.4,374.6,1747.4,306.0,183.2,313.2,320.4,448.8,23.5,413.4,198.7,256.3,432.3,444.3,59.6,190.8,397.6,177.2,271.4,98.0,479.6,154.8,261.3,515.1,312.6,218.4,364.3,339.7,232.5,287.3,187.1,272.9,160.4,157.0
AU,120.1,0.0,355.0,287.5,458.8,353.2,246.1,68.9,239.2,80.5,94.8,226.7,525.4,491.5,289.9,368.9,123.3,290.2,134.9,425.7,227.7,250.1,277.3,283.2,91.8,123.1,193.9,216.6,39.8,211.7,165.3,415.6,374.4,164.3,400.3,417.9,241.6,271.7,150.5,258.5,525.3,208.5,251.5,498.0,336.8,96.2,73.7,96.5,183.7,167.9,168.5,210.5,134.7,177.0,345.9,1741.1,291.0,107.5,193.6,307.4,450.5,103.4,389.5,219.3,243.3,460.4,446.0,80.2,104.4,386.9,90.8,185.0,148.7,470.8,68.4,174.9,497.5,288.7,132.0,353.6,275.1,156.8,211.6,207.7,197.2,40.7,52.6
AW,349.7,361.8,0.0,44.7,136.5,16.6,152.6,377.0,213.1,375.2,226.2,219.5,170.6,136.7,139.9,20.5,347.3,120.8,213.8,91.7,224.1,106.7,58.5,69.8,386.5,352.3,371.9,389.6,322.0,134.7,244.2,60.8,55.8,187.3,45.5,83.9,130.6,121.7,344.1,193.0,170.5,203.0,187.3,162.5,65.8,325.4,315.7,320.5,161.4,205.6,385.7,138.3,328.3,347.4,161.3,1831.0,121.6,277.1,190.1,159.3,95.7,333.0,52.7,412.9,113.5,126.4,91.2,296.6,333.7,68.3,358.2,370.1,324.3,136.8,327.5,199.1,162.0,65.5,361.2,35.0,173.9,228.6,226.1,401.3,235.7,348.8,306.3
BC,301.3,299.0,35.3,0.0,169.8,20.7,107.8,365.2,168.3,337.7,163.4,176.4,206.0,172.1,140.4,49.2,258.7,117.7,151.0,124.0,178.5,103.6,13.8,66.7,349.0,307.5,296.3,319.0,259.2,71.9,226.8,96.2,72.7,138.9,80.9,116.2,85.8,118.6,281.3,164.6,205.9,158.2,160.6,197.9,94.4,280.6,252.9,256.8,98.6,160.8,352.9,98.1,265.5,276.8,196.7,1786.2,118.5,232.3,144.4,194.7,131.1,284.6,88.1,350.1,110.4,158.7,126.6,248.2,288.8,85.2,313.4,321.7,261.5,169.1,282.7,154.3,197.4,62.4,316.4,51.9,209.3,183.8,181.3,338.5,190.9,339.8,241.6
BE,417.3,393.4,146.0,188.7,0.0,160.6,304.1,442.5,332.9,442.8,311.6,287.1,76.6,42.7,223.1,130.5,424.4,188.4,292.3,159.3,344.2,174.3,202.5,150.4,454.1,471.1,452.5,470.2,402.6,215.3,309.7,85.8,169.9,254.9,101.1,151.5,264.8,233.8,424.7,242.6,76.5,320.7,254.9,50.5,97.4,446.3,394.2,399.0,242.0,324.4,453.3,214.1,408.9,428.0,157.7,1975.0,187.1,396.9,311.0,208.9,46.5,400.6,120.3,495.1,179.0,73.7,50.6,362.1,454.6,157.4,479.1,435.6,404.9,72.6,448.4,320.0,50.0,146.1,482.1,172.2,223.5,346.3,352.6,481.9,303.9,416.4,385.0
BM,325.8,337.9,14.5,28.0,149.0,0.0,135.9,353.1,196.4,351.3,202.3,195.6,185.2,151.3,120.0,35.0,323.4,96.9,189.9,103.2,206.6,82.8,41.9,45.9,362.6,335.6,348.0,365.7,298.1,110.8,220.3,75.4,51.9,163.4,60.1,95.4,113.9,97.8,320.2,143.8,185.1,186.3,163.4,177.1,73.6,308.7,291.8,296.6,137.5,188.9,361.8,114.4,304.4,323.5,175.9,1814.3,97.7,260.4,172.5,173.9,110.3,309.1,67.3,389.0,89.6,137.9,105.8,272.7,316.9,64.4,341.5,346.2,300.4,148.3,310.8,182.4,176.6,41.6,344.5,31.1,188.5,211.9,209.4,377.4,212.4,324.9,280.5
BZ,276.9,262.6,133.7,100.6,270.5,121.4,0.0,257.3,66.6,229.8,247.0,125.6,306.7,272.8,59.7,156.5,150.8,108.0,239.7,218.3,71.4,67.9,90.4,114.3,241.1,199.6,325.9,348.6,222.8,175.8,146.4,196.9,167.0,114.5,181.6,210.5,23.3,76.0,303.1,30.1,306.6,107.4,115.3,298.6,170.6,172.7,196.5,148.9,170.8,52.9,245.0,65.5,287.3,306.4,113.4,1840.2,110.8,165.9,36.5,59.2,231.8,290.9,188.8,371.9,61.1,253.0,227.3,223.8,180.9,179.5,205.5,261.5,283.3,263.4,174.8,46.4,298.1,119.8,208.5,152.6,46.7,137.2,87.4,360.3,126.3,281.4,207.1
CF,119.9,54.9,410.0,342.5,513.8,408.2,258.7,0.0,251.8,46.7,197.2,239.3,580.4,546.5,306.4,430.5,137.0,323.6,189.9,480.7,240.3,283.5,332.3,338.2,30.1,161.4,193.7,216.4,94.8,266.7,177.9,470.6,429.4,197.7,455.3,472.9,275.0,305.1,150.3,271.1,580.3,221.1,264.1,553.0,394.5,134.5,128.7,127.1,238.7,206.2,206.8,251.5,134.5,176.8,358.5,1796.1,324.4,120.1,230.0,323.4,505.5,103.2,444.5,219.1,276.7,452.7,501.0,80.0,142.8,441.9,132.1,223.3,148.5,525.8,102.7,213.2,552.5,343.7,170.3,408.6,287.7,169.4,224.2,207.5,209.8,23.8,107.6
CO,299.2,239.5,195.2,162.1,345.7,182.9,61.2,234.2,0.0,206.7,223.9,82.4,392.2,358.3,108.9,218.0,127.7,163.4,216.6,295.3,48.3,123.3,151.9,175.8,218.0,176.5,302.8,325.5,199.7,184.8,118.8,282.4,228.5,140.8,267.1,287.5,114.8,124.7,280.0,73.6,392.1,64.2,48.6,367.6,251.4,149.6,173.4,125.8,199.8,29.8,221.9,91.3,264.2,283.3,161.0,1885.4,166.2,138.3,49.7,125.9,317.3,267.8,256.3,348.8,116.5,330.0,312.8,220.7,157.8,241.0,182.4,238.4,260.2,340.4,151.7,23.3,367.1,181.3,185.4,214.1,90.2,89.8,64.3,337.2,96.9,258.3,184.0
DI,155.0,90.0,380.3,315.1,488.5,380.8,267.4,35.0,198.9,0.0,151.8,248.0,553.0,519.1,315.1,403.1,90.2,358.7,162.5,453.3,178.6,318.6,304.9,310.8,11.2,114.6,228.8,251.5,129.9,239.3,180.0,443.2,402.0,232.8,427.9,445.5,310.1,330.9,185.4,279.8,552.9,229.8,272.8,525.6,367.1,87.7,163.8,124.8,211.3,159.4,160.0,286.6,169.6,211.9,367.2,1793.6,361.5,152.2,185.1,332.1,478.1,138.3,417.1,254.2,311.8,487.8,473.6,115.1,95.9,414.5,125.0,176.5,183.6,498.4,55.9,166.4,525.1,316.3,123.5,381.2,296.4,178.1,232.9,242.6,218.5,58.9,142.7
DL,144.1,138.0,235.2,163.2,334.5,233.4,171.8,202.5,232.3,198.0,0.0,169.2,401.1,371.7,193.8,244.6,119.0,256.5,10.6,301.4,224.5,176.3,153.0,158.9,209.3,232.1,145.6,163.3,93.7,87.4,105.7,291.3,250.1,137.0,280.5,293.6,149.8,202.4,113.0,202.2,401.0,208.7,224.6,373.7,212.5,205.2,91.9,96.7,59.4,212.4,180.1,162.1,102.0,121.1,260.7,1723.2,257.3,103.2,209.3,211.0,326.2,127.4,265.2,188.2,169.5,336.1,321.7,91.0,213.5,262.6,194.2,169.0,98.0,346.5,155.8,218.3,373.2,164.4,241.0,229.3,218.8,152.5,215.7,170.2,192.9,174.3,76.1
DM,208.9,220.9,209.2,192.7,303.6,209.7,91.8,254.8,84.9,228.3,205.3,0.0,369.5,335.6,139.5,232.0,149.3,149.0,198.0,325.9,55.4,108.9,182.5,173.8,239.6,214.6,254.8,277.5,181.1,102.3,88.8,313.0,230.9,46.5,297.7,318.1,100.4,130.5,232.0,104.2,369.4,19.2,97.2,361.4,214.0,187.7,154.8,143.6,117.3,87.2,260.0,76.9,216.2,235.3,191.6,1834.9,151.8,108.3,112.9,156.5,294.6,192.2,286.9,300.8,102.1,278.1,290.1,155.8,195.9,243.4,220.5,276.5,212.2,325.4,186.1,108.3,360.9,179.3,223.5,210.1,120.8,59.8,39.3,289.2,66.9,258.9,165.4
EC,506.6,484.8,172.7,217.5,89.2,189.4,325.4,533.9,407.0,532.1,396.1,415.1,0.0,36.4,297.6,152.9,504.1,277.7,383.7,195.4,423.9,263.6,231.3,239.7,543.4,552.9,541.8,559.5,491.9,304.6,401.1,114.6,206.0,344.2,129.9,187.6,338.9,307.9,514.0,316.7,0.1,396.9,344.2,103.1,186.7,526.0,485.6,490.4,331.3,406.2,542.6,295.2,498.2,517.3,285.0,2003.8,278.5,471.0,389.8,283.0,75.3,489.9,156.4,584.4,270.4,112.8,79.4,453.5,534.3,193.5,558.8,527.0,494.2,126.3,528.1,399.7,103.6,235.4,561.8,207.8,297.6,422.5,420.0,571.2,429.6,505.7,476.2
EH,470.1,448.3,136.2,181.0,52.7,152.9,288.9,497.4,370.5,495.6,364.4,378.6,33.8,0.0,275.1,122.8,474.1,241.2,347.2,158.9,393.9,227.1,194.8,203.2,506.9,522.9,505.3,523.0,455.4,268.1,364.6,78.1,169.5,307.7,93.4,151.1,302.4,271.4,477.5,280.2,33.7,360.4,307.7,60.8,152.6,496.0,449.1,453.9,294.8,376.2,506.1,258.7,461.7,480.8,248.5,1967.3,242.0,434.5,360.7,246.5,38.8,453.4,119.9,546.3,233.9,76.3,42.9,417.0,504.2,157.0,528.8,490.5,457.7,82.9,498.1,369.7,60.3,198.9,531.8,171.3,261.1,386.0,391.9,534.7,393.1,469.2,437.8
FC,294.8,307.8,154.3,142.0,253.5,162.8,91.8,329.0,131.2,301.5,292.7,139.3,300.0,265.6,0.0,174.4,222.5,76.4,271.7,203.1,143.6,85.8,108.7,132.6,312.8,258.1,340.7,363.4,268.0,193.7,176.5,194.0,184.9,132.4,178.7,195.3,41.6,29.4,315.3,40.9,299.9,121.6,123.5,275.4,161.6,244.4,241.7,220.6,189.1,124.6,316.7,83.4,302.1,321.2,67.3,1858.5,77.7,195.2,108.7,16.9,224.6,278.1,164.1,386.7,79.4,191.8,220.6,241.7,253.1,197.4,277.2,320.0,298.1,248.2,246.5,118.1,274.9,137.7,280.2,170.5,49.9,146.7,144.7,372.5,140.6,345.8,252.8
FR,365.5,381.6,19.8,64.5,116.0,36.4,172.4,392.8,262.8,391.0,250.8,270.9,156.7,122.8,153.0,0.0,366.4,136.6,227.2,71.2,286.2,122.5,78.3,89.6,402.3,365.7,391.7,409.4,341.8,154.5,257.6,40.3,75.6,203.1,25.0,63.4,194.7,170.3,363.9,172.5,150.0,259.3,203.1,142.0,45.3,388.3,329.1,333.9,181.2,219.0,401.5,162.3,348.1,367.2,140.8,1850.8,137.4,326.8,253.0,145.4,75.2,348.8,32.2,434.3,129.3,112.5,70.7,312.4,396.6,69.3,421.1,385.9,344.1,116.3,390.4,262.0,141.5,85.3,424.1,54.8,153.4,284.9,284.2,421.1,292.0,364.6,324.2
GC,184.0,148.2,343.1,277.9,451.3,343.6,177.1,114.0,170.2,78.9,132.6,157.7,508.1,474.2,224.8,365.9,0.0,279.3,125.3,411.2,124.5,239.2,267.7,273.6,90.2,129.5,211.9,234.6,108.4,202.1,89.7,398.3,364.8,153.4,383.0,403.4,230.7,240.6,189.1,189.5,508.0,139.5,182.5,483.5,329.9,102.6,82.1,34.5,174.1,105.3,174.9,207.2,173.3,192.4,276.9,1794.5,282.1,61.9,131.0,241.8,433.2,167.3,372.2,257.9,232.4,445.9,428.7,130.9,110.8,377.3,75.1,191.4,169.3,456.3,36.7,112.3,483.0,279.1,138.4,344.0,206.1,87.8,142.6,246.3,128.2,137.9,92.7
GJ,292.1,270.3,103.4,132.0,197.8,103.9,161.0,319.4,177.2,317.6,256.9,161.9,263.7,229.8,82.3,126.2,282.8,0.0,244.5,176.4,212.3,49.1,123.6,100.5,328.9,340.5,338.0,360.7,259.7,165.4,200.6,166.6,125.1,129.7,151.3,168.6,127.6,64.1,315.2,110.1,263.6,181.1,129.7,255.6,108.2,313.6,253.4,258.2,192.1,193.8,328.1,80.7,299.4,318.5,154.0,1873.4,19.3,234.4,177.4,99.8,188.8,275.4,158.2,384.0,55.9,172.3,184.3,239.0,321.8,137.6,327.9,312.5,295.4,219.6,315.7,187.3,255.1,96.2,349.4,104.3,119.1,206.8,201.3,372.4,178.7,291.2,244.0
GK,158.5,147.9,220.0,152.5,323.8,218.2,161.1,216.9,221.6,212.4,12.3,158.5,390.4,356.5,196.3,233.9,133.4,245.8,0.0,290.7,231.8,165.6,142.3,148.2,223.7,246.5,153.0,175.7,108.1,76.7,95.0,280.6,239.4,126.3,265.3,282.9,139.1,187.2,130.2,191.5,390.3,211.5,213.9,363.0,201.8,219.6,101.8,106.6,48.7,214.1,194.5,143.2,114.4,133.5,250.0,1735.6,246.6,117.6,197.7,195.8,315.5,141.8,254.5,199.0,158.8,325.4,311.0,105.4,227.8,251.9,208.6,178.9,110.4,335.8,170.2,207.6,362.5,153.7,255.4,218.6,208.1,166.9,230.1,187.4,207.3,188.7,90.5
GO,410.6,433.4,93.8,134.3,109.7,106.2,229.4,437.9,307.9,436.1,297.8,316.0,145.9,112.0,212.5,71.8,411.5,181.7,285.4,0.0,332.1,167.6,148.1,141.4,447.4,460.3,438.5,461.2,393.6,206.3,352.4,54.3,53.9,248.2,69.6,7.1,239.8,208.8,415.7,217.6,145.8,297.8,248.2,72.2,90.4,433.4,387.3,392.1,233.0,313.6,446.6,199.2,399.9,419.0,185.9,1879.7,176.5,371.9,297.2,183.9,71.0,393.9,51.6,484.5,174.4,34.6,66.5,357.5,441.6,41.4,466.2,431.0,395.9,45.0,435.5,307.1,71.7,137.1,469.2,84.7,198.5,323.4,320.9,472.9,330.5,409.7,377.9
HC,281.8,221.0,227.8,192.4,373.9,213.2,91.5,216.8,84.6,189.3,211.3,54.1,422.5,388.6,162.3,241.7,110.3,202.0,198.1,325.6,0.0,163.1,182.2,206.1,200.6,158.0,290.4,308.1,182.3,156.5,118.8,312.7,258.8,129.7,297.4,317.8,154.6,155.0,261.5,103.9,422.4,35.9,96.9,397.9,284.1,132.2,154.9,108.4,171.5,30.6,204.5,123.5,246.8,265.9,191.3,1868.0,202.8,125.4,55.5,156.2,348.4,250.4,286.6,333.0,156.3,360.3,343.1,203.3,140.5,271.3,165.0,219.9,242.8,370.7,134.3,38.7,397.4,211.6,168.0,244.4,120.5,80.3,7.5,318.7,84.7,240.9,164.7
HQ,242.9,221.1,117.7,84.6,194.6,105.4,118.4,270.2,157.8,268.4,229.6,112.7,290.7,256.8,39.7,140.5,249.1,40.0,240.3,202.3,169.7,0.0,74.4,98.3,279.7,297.9,288.8,311.5,210.5,159.8,151.4,180.9,151.0,80.5,165.6,194.5,85.0,21.5,266.0,67.5,290.6,147.7,80.5,282.6,105.0,271.0,204.2,247.2,154.8,151.2,278.9,31.5,250.2,269.3,111.4,1824.2,42.8,221.8,134.8,57.2,215.8,226.2,172.8,334.8,6.7,169.1,211.3,189.8,279.2,163.5,303.8,263.3,246.2,247.4,273.1,144.7,282.1,103.8,306.8,136.6,76.5,173.3,170.8,323.2,129.5,242.0,194.8
HS,287.5,285.2,45.5,10.2,180.0,31.0,94.0,351.4,154.5,323.9,154.4,162.6,216.2,182.3,147.0,66.0,244.9,127.9,137.2,134.2,164.7,113.8,0.0,76.9,335.2,293.7,282.5,305.2,245.4,58.1,213.0,106.4,82.9,125.1,91.1,126.4,72.0,128.8,267.5,124.4,216.1,144.4,146.8,208.1,104.6,266.8,239.1,243.0,84.8,147.0,339.1,76.1,251.7,263.0,206.9,1772.4,128.7,218.5,130.6,204.9,141.3,270.8,98.3,336.3,120.6,168.9,136.8,234.4,275.1,95.4,299.6,307.9,247.7,179.3,268.9,140.5,207.6,72.6,302.6,62.1,219.5,170.0,173.1,324.7,177.1,326.0,227.8
IQ,302.5,291.9,69.4,90.1,177.6,69.9,118.7,360.9,179.2,356.4,156.3,178.3,242.1,208.2,116.6,92.2,277.4,97.5,143.9,142.4,190.2,83.4,79.9,0.0,367.7,318.4,297.0,319.7,252.1,64.8,212.3,132.3,91.1,146.1,117.0,134.6,96.7,98.4,274.2,144.4,242.0,169.1,164.0,214.7,56.2,291.5,245.8,250.6,91.5,171.7,338.5,115.0,258.4,277.5,176.8,1827.1,92.3,261.6,155.3,174.8,167.2,285.8,106.2,343.0,90.2,177.1,162.7,249.4,299.7,103.6,352.6,322.9,254.4,187.5,314.2,165.2,214.2,5.5,327.3,70.3,189.4,194.7,192.2,331.4,195.1,332.7,236.4
IV,158.4,93.4,391.6,326.4,499.8,392.1,278.7,38.4,210.2,11.2,163.1,259.3,564.3,530.4,326.4,414.4,101.5,362.1,173.8,464.6,189.9,322.0,316.2,322.1,0.0,125.9,232.2,254.9,133.3,250.6,191.3,454.5,413.3,236.2,439.2,456.8,313.5,342.2,188.8,291.1,564.2,241.1,284.1,536.9,378.4,99.0,167.2,136.1,222.6,170.7,171.3,290.0,173.0,215.3,378.5,1804.9,364.9,158.6,196.4,343.4,489.4,141.7,428.4,257.6,315.2,491.2,484.9,118.5,107.2,425.8,136.3,187.8,187.0,509.7,67.2,177.7,536.4,327.6,134.8,392.5,307.7,189.4,244.2,246.0,229.8,62.3,146.1
IW,143.1,187.3,386.1,350.7,494.3,371.5,249.8,119.6,188.5,166.4,211.3,222.4,560.1,539.2,297.8,400.0,144.4,337.1,233.3,477.8,167.4,330.8,340.5,381.6,149.8,0.0,208.1,193.9,214.7,310.1,195.0,464.9,417.1,245.0,449.6,470.0,322.3,290.1,197.6,262.2,560.0,204.2,237.2,547.0,433.9,38.3,190.1,142.5,282.1,149.0,45.3,291.2,181.8,224.1,326.2,1824.6,337.9,169.9,172.8,291.3,499.8,91.2,438.8,266.4,324.0,466.2,495.3,127.3,30.0,429.6,244.9,61.8,165.7,522.9,181.2,156.0,546.5,387.1,70.8,398.2,273.6,179.1,175.8,254.8,195.2,143.7,198.8
JF,148.0,154.7,368.1,289.5,467.9,314.3,305.2,219.7,324.9,198.0,128.8,333.5,534.5,504.6,356.0,378.0,220.2,352.3,144.0,434.8,303.8,312.2,283.3,292.3,209.3,240.6,0.0,22.7,175.3,220.8,272.1,424.7,383.5,226.4,409.4,427.0,283.2,337.8,32.2,365.3,534.4,315.3,358.0,507.1,352.6,213.7,209.2,225.3,192.8,289.4,184.0,272.6,48.7,21.2,423.7,1693.9,353.1,214.3,309.2,369.5,459.6,131.3,398.6,94.9,305.4,473.5,455.1,137.4,222.0,396.0,208.3,168.4,77.5,479.9,185.9,292.4,506.6,297.8,249.5,362.7,381.9,267.6,326.8,81.7,304.0,191.5,189.6
JQ,125.3,168.9,380.0,307.7,488.2,328.5,323.4,237.9,343.1,216.2,151.5,351.7,552.7,518.8,370.2,402.8,238.4,370.5,162.2,453.0,322.8,330.4,297.5,310.5,227.5,209.8,18.2,0.0,193.5,239.0,276.3,442.9,401.7,244.6,427.6,445.2,301.4,352.0,50.4,383.5,552.6,333.5,376.2,525.3,366.8,231.9,227.4,239.5,211.0,303.6,161.3,298.4,66.9,39.4,441.9,1712.1,373.3,232.5,329.3,387.7,477.8,108.6,416.8,111.5,323.6,487.7,473.3,155.6,240.1,414.2,226.5,145.7,95.7,498.1,204.1,310.6,524.8,316.0,267.7,380.9,400.1,281.8,336.6,99.9,322.2,209.7,206.3
KO,135.1,39.7,312.8,247.6,421.0,313.3,206.2,108.7,199.3,105.0,102.3,186.8,485.5,451.6,250.0,335.6,83.4,250.3,95.0,385.8,187.8,210.2,237.4,243.3,138.9,147.6,163.0,185.7,0.0,171.8,111.4,375.7,334.5,124.4,360.4,378.0,201.7,231.8,140.2,218.6,485.4,168.6,211.6,458.1,299.6,120.7,33.8,56.6,143.8,172.3,193.0,178.2,124.4,143.5,306.0,1745.6,253.1,67.6,198.0,267.5,410.6,118.4,349.6,209.0,203.4,420.5,406.1,120.0,128.9,347.0,115.3,155.5,120.4,430.9,120.2,179.3,457.6,248.8,156.5,313.7,235.2,116.9,171.7,197.4,157.3,80.5,12.8
LH,237.6,227.0,140.9,75.7,249.1,141.4,84.3,296.0,144.8,291.5,91.4,152.9,313.6,279.7,119.5,163.7,212.5,169.0,79.0,213.9,155.8,88.8,65.5,71.4,302.8,284.0,232.1,254.8,187.2,0.0,189.3,203.8,162.6,81.2,188.5,206.1,62.3,110.4,209.3,114.7,313.5,134.7,137.1,286.2,127.7,257.1,180.9,185.7,26.6,137.3,273.6,66.4,193.5,212.6,173.2,1762.2,163.8,196.7,120.9,119.0,238.7,220.9,177.7,278.1,82.0,248.6,234.2,184.5,265.3,175.1,287.7,258.0,189.5,259.0,249.3,130.8,285.7,76.9,292.9,141.8,131.3,160.3,157.8,266.5,167.4,267.8,171.5
LP,151.8,160.3,238.0,195.6,328.0,236.2,143.0,194.2,136.1,175.1,144.7,123.6,396.0,362.1,175.2,258.5,96.1,175.5,137.4,308.7,124.6,135.4,185.4,191.3,186.4,190.0,197.7,220.4,120.5,119.8,0.0,298.9,257.4,49.6,283.6,300.9,126.9,157.0,174.9,155.4,395.9,105.4,148.4,387.9,237.8,163.1,94.2,83.0,91.8,124.8,235.4,103.4,159.1,178.2,242.8,1780.3,176.3,47.7,148.6,192.7,321.1,135.1,290.5,243.7,128.6,304.6,316.6,98.7,171.3,269.9,171.3,251.9,155.1,351.9,132.9,131.8,387.4,196.8,198.9,236.6,172.0,53.7,108.5,232.1,94.1,198.3,102.9
MG,395.0,373.2,58.0,102.8,73.5,74.7,210.7,422.3,292.3,420.5,284.2,300.4,109.7,75.8,196.9,38.2,395.9,166.1,271.8,80.7,315.7,152.0,116.6,127.8,431.8,444.7,424.9,447.6,380.0,192.7,289.5,0.0,91.3,232.6,15.2,72.9,224.2,193.2,402.1,202.0,109.6,282.2,232.6,101.6,74.8,417.8,373.7,378.5,219.4,298.0,431.0,183.6,386.3,405.4,170.3,1889.1,166.9,356.3,282.5,168.3,34.8,378.3,41.7,472.5,158.8,36.3,30.3,341.9,426.0,78.8,450.6,415.4,382.3,123.7,419.9,291.5,101.1,123.5,453.6,93.1,182.9,307.8,313.7,459.3,314.9,394.1,364.3
ML,367.3,379.4,71.7,80.3,164.9,52.2,175.4,394.6,235.9,392.8,243.8,237.1,201.1,167.2,200.4,59.7,364.9,138.4,231.4,51.2,246.9,124.3,94.1,87.4,404.1,375.1,384.5,407.2,339.6,152.3,275.8,91.3,0.0,204.9,76.0,43.4,153.4,139.3,361.7,205.5,201.0,225.8,204.9,123.5,78.3,348.2,333.3,338.1,179.0,228.4,403.3,155.9,345.9,365.0,173.8,1829.2,133.2,299.9,212.0,171.8,126.2,350.6,39.5,430.5,131.1,85.9,121.7,314.2,356.4,12.5,381.0,387.7,341.9,96.3,350.3,221.9,123.0,83.1,384.0,30.7,186.4,251.4,248.9,418.9,253.9,366.4,323.9
MO,162.3,140.5,186.0,154.9,280.4,186.5,99.2,189.6,159.7,187.8,149.0,167.8,346.3,312.4,125.5,208.8,153.0,125.8,159.7,259.0,170.7,85.7,144.7,150.6,199.1,230.4,208.2,230.9,129.9,79.1,70.8,249.2,207.7,0.0,233.9,251.2,77.2,107.3,185.4,153.3,346.2,149.6,152.0,338.2,190.8,203.5,123.6,128.4,94.1,152.2,198.3,53.7,169.6,188.7,197.2,1790.8,128.6,104.6,135.8,143.0,271.4,145.6,240.8,254.2,78.9,254.9,266.9,109.2,211.7,220.2,198.1,182.7,165.6,302.2,189.8,145.7,337.7,156.1,228.3,186.9,162.3,77.0,118.5,242.6,48.9,161.4,114.2
MZ,379.7,357.9,42.7,87.5,88.8,59.4,195.4,407.0,277.0,405.2,273.7,285.1,125.0,91.1,167.2,29.3,380.6,150.8,256.5,65.4,300.4,136.7,101.3,112.5,416.5,429.4,409.6,432.3,364.7,177.4,274.2,15.2,76.0,217.3,0.0,57.6,208.9,177.9,386.8,186.7,124.9,266.9,217.3,116.9,59.5,402.5,358.4,363.2,204.1,282.7,415.7,168.3,371.0,390.1,155.0,1873.8,151.6,341.0,266.3,153.0,50.1,363.0,26.4,457.2,143.5,51.6,45.6,326.6,410.7,63.5,435.3,400.1,367.0,110.5,404.6,276.2,116.4,108.2,438.3,77.8,167.6,292.5,290.0,444.0,299.6,378.8,347.1
NJ,403.4,426.2,86.6,127.1,117.5,99.0,222.2,430.7,300.7,428.9,290.6,308.8,153.7,119.8,205.3,64.6,404.3,174.5,278.2,7.7,324.9,160.4,140.9,134.2,440.2,453.1,431.3,454.0,386.4,199.1,345.2,62.1,46.7,241.0,77.4,0.0,232.6,201.6,408.5,210.4,153.6,290.6,241.0,80.0,83.2,426.2,380.1,384.9,225.8,306.4,439.4,192.0,392.7,411.8,178.7,1872.5,169.3,364.7,290.0,176.7,78.8,386.7,44.4,477.3,167.2,42.4,74.3,350.3,434.4,34.2,459.0,423.8,388.7,52.8,428.3,299.9,79.5,129.9,462.0,77.5,191.3,316.2,313.7,465.7,323.3,402.5,370.7
NM,253.5,259.0,110.3,77.2,247.1,98.0,21.9,279.3,82.4,251.8,243.4,90.5,283.3,249.4,84.3,133.1,172.8,84.6,236.1,194.9,93.4,44.5,67.0,90.9,263.1,221.6,299.4,322.1,219.2,152.4,126.9,173.5,143.6,91.1,158.2,187.1,0.0,66.1,276.6,52.3,283.2,72.3,74.7,275.2,147.2,194.7,192.9,170.9,147.4,74.9,267.0,42.1,260.8,279.9,110.8,1816.8,87.4,146.4,58.5,56.6,208.4,236.8,165.4,345.4,37.7,229.6,203.9,200.4,202.9,156.1,227.5,283.5,256.8,240.0,196.8,68.4,274.7,96.4,230.5,129.2,68.9,97.9,95.4,333.8,105.0,297.0,203.5
NO,276.4,312.8,109.4,140.7,201.5,107.6,96.8,334.0,136.2,306.5,297.2,144.3,267.4,233.5,18.1,129.9,227.5,46.9,289.9,180.1,147.3,33.4,130.5,104.2,317.8,276.3,322.3,345.0,273.0,169.1,194.7,212.7,128.8,114.0,197.4,172.3,63.4,0.0,299.5,45.9,267.3,126.1,128.5,259.3,109.2,249.4,246.7,225.6,195.8,129.6,321.7,73.2,283.7,302.8,89.8,1880.3,47.7,200.2,113.2,35.6,192.5,259.7,186.6,368.3,40.2,176.0,188.0,223.3,257.6,141.3,282.2,338.2,279.7,223.3,251.5,123.1,258.8,99.9,285.2,108.0,54.9,151.7,155.7,356.7,158.8,350.8,257.3
NQ,119.5,144.3,357.7,290.2,461.5,355.9,298.8,146.8,318.5,191.6,122.4,327.1,528.1,494.2,330.4,378.2,213.8,326.7,137.6,428.4,297.4,286.6,280.0,285.9,202.9,234.2,48.3,66.0,168.9,214.4,265.7,418.3,377.1,200.8,403.0,420.6,276.8,308.2,0.0,354.2,528.0,308.9,351.6,500.7,339.5,207.3,202.8,214.9,186.4,279.0,155.5,254.6,16.4,26.4,398.1,1699.1,327.5,207.9,304.7,343.9,453.2,102.8,392.2,61.0,279.8,463.1,448.7,83.1,215.6,389.6,201.9,139.9,45.2,473.5,179.5,286.0,500.2,291.4,185.5,356.3,363.2,257.2,312.0,49.4,297.6,118.6,181.7
OL,300.6,266.8,161.7,128.6,272.0,149.4,76.4,300.7,90.2,274.2,251.2,98.3,318.5,284.6,35.2,184.5,195.2,98.0,243.9,221.6,119.3,95.9,118.4,142.3,285.5,255.9,362.6,385.3,227.0,200.7,134.7,208.7,195.0,156.7,193.4,213.8,51.3,51.0,339.8,0.0,318.4,80.1,82.5,293.9,177.7,229.0,200.7,189.5,198.8,109.2,301.3,125.2,324.0,343.1,87.3,1868.2,100.8,154.2,92.8,52.2,243.6,283.9,182.6,408.6,89.1,256.3,239.1,247.5,237.2,207.5,261.8,317.8,320.0,266.7,231.1,102.7,293.4,147.8,264.8,180.6,16.5,105.7,103.2,397.0,112.8,304.8,211.3
OM,506.4,484.6,174.7,217.3,89.0,189.2,325.2,533.7,406.8,531.9,395.9,414.9,0.1,36.2,311.4,152.7,504.2,277.5,383.5,195.2,424.8,263.4,231.1,239.5,543.2,553.0,536.6,559.3,491.7,304.4,451.3,114.4,205.8,344.0,129.7,187.4,338.7,307.7,513.8,316.5,0.0,396.7,344.0,102.9,186.5,526.1,485.4,490.2,331.1,406.3,542.4,295.0,498.0,517.1,284.8,2003.6,272.3,470.8,389.9,282.8,75.1,489.7,156.2,582.6,270.2,112.6,79.2,453.3,534.3,193.3,558.9,526.8,494.0,126.1,528.2,399.8,103.4,235.2,561.9,207.6,297.4,422.3,419.8,571.0,429.4,505.5,476.0
OZ,227.1,201.7,208.9,173.5,355.0,194.3,72.6,235.6,65.7,209.1,186.1,18.1,403.6,369.7,120.3,229.4,130.1,167.2,178.8,306.7,36.2,127.1,163.3,187.2,220.4,195.4,297.5,320.2,161.9,120.5,83.6,293.8,239.9,91.6,278.5,298.9,118.6,136.1,274.7,85.0,403.5,0.0,78.0,379.0,265.2,168.5,135.6,124.4,135.5,68.0,240.8,87.5,258.9,278.0,172.4,1880.1,168.0,89.1,91.8,137.3,328.7,210.4,267.7,345.1,120.3,296.3,324.2,174.0,176.7,252.4,201.3,257.3,254.9,351.8,166.9,89.1,378.5,192.7,204.3,225.5,101.6,40.6,20.1,331.9,47.7,239.7,144.3
PG,225.1,242.0,174.9,173.2,269.3,175.4,72.3,275.9,47.4,249.4,226.4,73.5,335.2,301.3,114.4,197.7,170.4,114.7,219.1,247.9,94.5,74.6,163.0,172.0,260.7,224.0,271.0,293.7,202.2,175.9,109.9,238.1,196.6,62.7,222.8,240.1,66.1,96.2,248.2,84.7,335.1,55.3,0.0,327.1,179.7,197.1,175.9,164.7,190.9,77.3,269.4,42.6,232.4,251.5,172.1,1853.6,117.5,129.4,108.9,131.9,260.3,208.4,267.4,317.0,67.8,243.8,255.8,172.0,205.3,209.1,229.9,285.9,228.4,291.1,199.2,70.8,326.6,167.7,232.9,175.8,101.3,80.9,78.4,305.4,88.0,280.0,186.5
PO,477.2,455.4,163.3,203.8,59.8,175.7,298.9,504.5,377.4,502.7,366.7,385.5,100.5,73.9,282.0,141.3,481.0,248.3,354.3,69.4,401.6,234.2,217.6,210.3,514.0,529.8,507.4,530.1,462.5,275.2,421.9,103.2,123.4,314.8,118.5,76.6,309.3,278.3,484.6,287.1,100.4,367.3,314.8,0.0,157.3,502.9,456.2,461.0,301.9,383.1,513.2,265.8,468.8,487.9,255.4,1931.7,243.1,441.4,366.7,253.4,63.9,460.5,121.1,553.4,241.0,101.4,68.0,424.1,511.1,110.9,535.7,497.6,464.8,23.1,505.0,376.6,0.4,206.0,538.7,154.2,268.0,392.9,390.4,541.8,400.0,476.3,446.8
QJ,345.2,344.9,73.7,100.0,121.9,74.3,169.3,411.5,242.5,409.4,206.9,250.6,185.8,154.6,132.7,64.4,328.0,116.3,194.5,88.9,265.9,104.9,113.8,50.5,418.3,394.9,352.6,370.3,305.1,115.4,239.7,76.0,93.1,185.5,60.7,81.1,177.1,146.1,324.8,152.2,185.7,232.4,185.5,161.2,0.0,368.0,296.4,301.2,144.5,248.2,381.2,133.8,309.0,328.1,120.5,1880.1,117.1,306.5,231.8,121.2,110.9,328.5,49.9,393.6,109.0,126.3,106.4,292.1,376.3,89.7,400.8,365.6,305.0,136.7,364.8,241.7,160.7,48.6,403.8,72.3,133.1,258.0,258.2,384.4,265.1,385.7,289.4
QM,149.5,139.7,345.4,312.3,458.0,333.1,211.4,84.5,150.1,131.3,202.2,184.0,521.7,500.8,235.9,368.2,106.0,298.7,194.9,439.4,129.8,273.5,302.1,343.2,114.7,26.8,280.2,262.0,179.6,271.7,142.6,426.5,378.7,200.7,411.2,431.6,265.0,251.7,202.9,223.8,521.6,165.8,198.8,508.6,395.5,0.0,151.7,104.1,243.7,110.6,72.2,241.5,187.1,229.4,287.8,1831.0,301.5,131.5,136.3,252.9,461.4,118.1,400.4,271.7,266.7,427.8,456.9,132.6,8.1,391.2,198.9,88.7,171.0,484.5,142.8,117.6,508.1,348.7,35.7,359.8,235.2,140.7,145.8,260.1,156.8,108.6,162.3
QY,161.5,79.7,294.9,227.4,400.8,293.1,203.5,148.7,199.1,162.2,82.1,186.6,465.3,431.4,233.8,315.4,83.2,230.1,74.8,365.6,187.6,190.0,217.2,223.1,173.5,196.3,208.0,225.7,39.9,151.6,125.2,355.5,314.3,104.2,340.2,357.8,181.5,211.6,180.2,218.4,465.2,168.4,211.4,437.9,276.7,169.4,0.0,56.4,123.6,172.1,241.7,150.4,164.4,183.5,301.5,1785.6,230.9,67.4,195.9,247.3,390.4,144.8,329.4,249.0,183.2,400.3,385.9,108.4,177.6,326.8,158.4,258.2,160.4,410.7,120.0,179.1,437.4,228.6,205.2,293.5,235.0,116.7,171.5,237.4,157.1,120.5,24.2
RE,177.4,113.6,310.8,243.3,416.7,309.0,165.9,140.8,159.0,105.7,98.0,146.5,481.2,447.3,237.1,324.7,26.7,246.0,90.7,381.5,147.5,205.9,233.1,239.0,117.0,139.8,227.4,250.1,73.8,167.5,85.1,371.4,330.2,120.1,356.1,373.7,197.4,227.5,204.6,178.3,481.1,128.3,171.3,453.8,292.6,112.9,47.5,0.0,139.5,115.6,185.2,166.3,188.8,207.9,265.7,1810.0,246.8,27.3,139.4,230.6,406.3,160.7,345.3,273.4,199.1,416.2,401.8,124.3,121.2,342.7,101.9,201.7,184.8,426.6,63.5,122.6,453.3,244.5,148.7,309.4,194.9,76.6,131.4,261.8,117.0,154.4,56.2
RK,210.9,200.3,168.9,103.7,277.1,169.4,112.3,269.3,172.8,264.8,64.7,109.7,341.6,307.7,147.5,191.7,185.8,197.0,52.3,241.9,183.8,116.8,93.5,99.4,276.1,298.9,205.4,228.1,160.5,27.9,120.7,231.8,190.6,77.5,216.5,234.1,90.3,138.4,182.6,142.7,341.5,162.7,165.1,314.2,155.7,272.0,154.2,159.0,0.0,165.3,246.9,94.4,166.8,185.9,201.2,1778.5,191.8,170.0,148.9,147.0,266.7,194.2,205.7,251.4,110.0,276.6,262.2,157.8,280.2,203.1,261.0,231.3,162.8,287.0,222.6,158.8,313.7,104.9,307.8,169.8,159.3,188.3,185.8,239.8,126.5,241.1,144.8
RM,269.3,209.6,246.3,210.9,345.2,231.7,110.0,204.3,39.4,176.8,194.0,72.6,411.0,390.1,148.3,266.8,97.8,188.0,186.7,328.7,17.6,162.8,200.7,224.6,188.1,146.6,272.9,295.6,169.8,175.0,107.4,315.8,277.3,117.2,300.5,320.9,154.3,141.0,250.1,122.4,410.9,54.4,88.1,397.9,284.8,119.7,143.5,95.9,190.0,0.0,192.0,130.8,234.3,253.4,177.1,1855.5,188.8,112.9,25.6,142.2,350.7,237.9,289.7,320.5,156.0,317.1,346.2,191.9,128.0,289.8,152.5,208.5,230.3,373.8,121.8,6.9,397.4,230.1,155.5,262.9,139.0,84.2,34.4,307.3,73.3,228.4,152.2
RP,60.3,141.9,385.7,333.7,480.1,386.2,298.9,168.1,237.0,189.2,170.4,270.9,546.0,512.1,325.2,408.5,192.9,325.5,181.1,458.7,216.7,285.4,323.5,329.4,200.5,48.4,166.7,148.5,166.5,257.9,229.5,448.9,407.4,199.6,433.6,450.9,276.9,307.0,152.2,310.7,545.9,252.7,285.7,537.9,385.7,86.8,200.4,191.0,229.9,197.5,0.0,253.4,136.4,178.7,396.9,1807.8,328.3,218.4,223.2,342.7,471.1,45.8,435.7,221.0,278.6,454.6,466.6,81.9,78.6,419.9,199.5,16.4,120.3,501.9,177.1,204.5,537.4,334.9,119.3,386.6,322.1,227.6,232.7,209.4,243.7,182.7,179.3
RZ,210.2,188.4,124.2,201.9,223.4,140.3,44.3,237.5,104.8,274.2,192.4,112.9,291.4,257.5,74.2,138.1,195.2,70.9,200.5,204.1,115.0,30.8,78.6,102.5,285.5,244.0,261.1,278.8,177.8,193.1,97.6,185.1,152.8,47.8,169.8,196.3,22.3,52.4,233.3,98.4,291.3,94.7,47.8,283.3,133.2,217.1,164.4,193.3,159.0,97.3,289.4,0.0,217.5,236.6,142.3,1838.7,80.4,168.8,81.8,88.1,225.2,193.5,177.0,303.7,24.0,200.0,212.0,157.1,225.4,165.3,249.9,230.6,213.5,247.3,219.2,90.8,282.8,108.0,252.9,132.0,107.4,120.3,123.4,290.5,89.7,209.3,160.2
SC,103.0,127.8,338.9,273.7,447.1,339.4,282.3,130.3,302.0,175.1,110.4,310.6,511.6,477.7,309.9,361.7,197.3,310.2,121.1,411.9,281.7,270.1,263.5,269.4,186.4,217.7,59.1,81.8,152.4,197.9,235.2,401.8,360.6,184.3,386.5,404.1,260.3,291.7,15.7,337.7,511.5,292.4,335.1,484.2,325.7,190.8,186.3,198.4,169.9,262.5,139.0,238.1,0.0,42.2,381.6,1714.9,313.0,191.4,288.2,327.4,436.7,86.3,375.7,84.5,263.3,446.6,432.2,66.6,199.0,373.1,185.4,123.4,28.7,457.0,163.0,269.5,483.7,274.9,169.0,339.8,346.7,240.7,295.5,72.9,281.1,102.1,165.2
SI,153.1,129.4,340.5,268.2,448.7,289.0,283.9,198.4,303.6,176.7,112.0,312.2,513.2,479.3,330.7,363.3,198.9,331.0,122.7,413.5,283.3,290.9,258.0,271.0,188.0,219.3,19.4,42.1,154.0,199.5,236.8,403.4,362.2,205.1,388.1,405.7,261.9,312.5,33.5,344.0,513.1,294.0,336.7,485.8,327.3,192.4,187.9,200.0,171.5,264.1,189.1,258.9,50.0,0.0,402.4,1672.6,333.8,193.0,289.8,348.2,438.3,136.4,377.3,94.6,284.1,448.2,433.8,116.1,200.6,374.7,187.0,173.5,78.8,458.6,164.6,271.1,485.3,276.5,228.2,341.4,360.6,242.3,297.1,83.0,282.7,170.2,166.8
SJ,302.8,344.8,198.0,175.9,173.7,196.7,128.2,360.3,168.2,332.8,329.2,176.3,239.6,205.7,71.3,176.0,253.8,73.9,321.9,200.5,174.4,59.8,165.7,189.6,344.1,302.6,348.7,371.4,305.0,274.5,212.7,187.6,211.1,140.4,172.3,192.7,98.6,67.6,325.9,77.9,239.5,158.1,160.5,231.5,156.6,275.7,278.7,251.9,246.1,155.9,348.0,91.4,310.1,329.2,0.0,1915.5,68.7,232.2,139.5,42.7,164.7,286.1,161.5,394.7,66.6,148.2,160.2,249.7,283.9,198.6,308.5,364.5,306.1,195.5,277.8,149.4,231.0,195.1,311.5,175.7,58.8,183.7,181.2,383.1,190.8,382.8,289.3
SM,1649.6,1609.8,1743.5,1710.4,1858.4,1731.2,1751.6,1678.8,1812.1,1657.1,1592.4,1820.2,1811.7,1848.2,1786.8,1766.3,1679.3,1796.2,1603.1,1840.3,1851.3,1756.1,1700.2,1794.1,1668.4,1723.5,1550.4,1573.1,1634.4,1715.7,1717.2,1850.4,1752.2,1685.5,1791.4,1791.3,1729.6,1777.7,1564.5,1782.0,1811.9,1802.0,1804.4,1893.0,1804.9,1672.8,1668.3,1680.4,1651.9,1832.1,1685.6,1733.7,1581.0,1530.9,1840.5,0.0,1799.0,1673.4,1788.2,1786.3,1887.1,1632.9,1769.4,1625.6,1749.3,1830.7,1891.2,1596.5,1713.2,1764.7,1667.4,1670.0,1581.6,1895.1,1645.0,1839.1,1892.5,1799.6,1708.6,1733.7,1798.6,1722.7,1777.5,1614.0,1763.1,1650.6,1647.2
SN,292.9,271.1,106.5,132.8,196.5,104.7,161.8,320.2,178.0,318.4,257.7,162.7,264.5,230.6,83.1,120.4,283.6,0.8,245.3,177.2,212.3,49.9,124.4,101.3,329.7,341.3,338.8,361.5,260.5,166.2,187.4,167.4,125.9,130.5,152.1,169.4,128.4,64.9,316.0,110.9,264.4,181.9,130.5,256.4,106.3,314.4,254.2,259.0,192.9,194.6,328.9,89.7,300.2,319.3,154.8,1874.2,0.0,235.2,178.2,100.6,189.6,276.2,159.0,384.8,56.7,173.1,185.1,239.8,322.6,138.4,328.7,313.3,296.2,220.4,316.5,188.1,255.9,97.0,350.2,105.1,119.9,207.6,210.5,373.2,179.5,292.0,242.9
SO,176.3,112.5,307.4,239.4,415.6,260.2,138.5,146.4,131.6,141.0,96.9,119.1,469.5,435.6,186.2,330.2,62.0,233.3,89.6,372.6,120.1,193.2,229.2,237.9,152.3,175.1,208.3,231.0,72.7,166.4,43.7,359.7,329.1,107.4,344.4,364.8,184.7,202.0,185.5,150.9,469.4,100.9,143.9,444.9,294.2,148.2,46.4,35.2,138.4,120.3,220.5,161.2,169.7,188.8,238.3,1790.9,236.1,0.0,146.0,203.2,394.6,159.6,333.6,254.3,186.4,407.3,390.1,123.2,156.4,341.6,137.2,237.0,165.7,417.7,98.8,127.3,444.4,243.4,184.0,308.3,167.5,49.2,104.0,242.7,89.6,150.5,57.0
SP,285.7,225.1,226.7,192.2,319.5,212.1,91.3,219.8,30.0,193.2,215.2,89.0,385.3,364.4,122.6,241.5,114.2,162.3,203.1,303.0,34.0,153.4,181.1,205.9,204.5,162.1,294.3,312.0,186.2,191.4,122.9,290.1,258.6,133.6,274.8,295.2,144.9,115.3,265.6,103.7,385.2,69.9,78.7,372.2,259.1,136.1,159.0,112.3,206.4,16.3,208.4,113.8,250.7,269.8,151.4,1871.9,163.1,129.3,0.0,116.5,325.0,254.3,264.0,336.9,145.7,291.4,320.5,208.3,144.4,271.1,168.9,224.9,246.7,348.1,138.2,9.8,371.7,211.4,171.9,223.4,98.8,99.7,42.4,322.8,88.8,244.8,168.6
SY,301.3,323.2,168.5,133.1,240.3,153.9,107.2,344.4,146.6,316.9,312.4,154.7,286.8,252.9,28.5,171.8,237.9,71.8,300.3,189.9,157.7,100.4,122.9,146.8,328.2,286.7,352.2,369.9,283.4,194.0,205.1,177.0,153.7,138.9,161.7,182.1,55.8,24.8,324.4,56.3,286.7,136.5,138.9,262.2,146.0,259.8,257.1,236.0,203.3,140.0,332.1,89.9,308.6,327.7,54.1,1872.7,72.6,210.6,123.6,0.0,211.9,284.6,150.9,393.2,93.6,224.6,207.4,248.2,268.0,188.0,292.6,348.6,304.6,235.0,261.9,133.5,261.7,152.3,295.6,132.9,65.3,162.1,166.1,381.6,169.2,361.2,265.8
TF,434.3,412.5,97.3,142.1,38.6,114.0,250.0,461.6,331.6,459.8,323.5,339.7,74.8,40.9,236.2,77.5,435.2,205.4,311.1,120.0,355.8,191.3,155.9,167.1,471.1,484.0,464.2,486.9,419.3,232.0,328.8,39.2,130.6,271.9,54.5,112.2,263.5,232.5,441.4,241.3,74.7,321.5,271.9,66.7,114.1,457.1,413.0,417.8,258.7,337.3,470.3,231.1,425.6,444.7,209.6,1928.4,206.2,395.6,320.9,207.6,0.0,417.6,81.0,511.8,198.1,37.4,4.0,381.2,465.3,118.1,489.9,454.7,421.6,88.8,459.2,330.8,66.2,162.8,492.9,132.4,222.2,347.1,353.0,498.6,354.2,433.4,401.7
TG,16.6,96.0,339.8,287.8,434.2,340.3,253.0,165.0,313.5,143.3,124.5,321.6,500.1,466.2,279.3,362.6,165.5,279.6,135.2,412.8,249.9,239.5,277.6,283.5,154.6,101.1,120.8,102.6,120.6,212.0,203.4,403.0,361.5,153.7,387.7,405.0,231.0,261.1,106.3,307.1,500.0,303.4,305.8,492.0,339.8,159.0,154.5,166.6,184.0,230.7,52.6,207.5,90.5,132.8,351.0,1764.1,282.4,159.6,289.6,296.8,425.2,0.0,389.8,175.1,232.7,408.7,420.7,36.0,167.2,374.0,153.6,37.0,74.4,456.0,131.2,237.7,491.5,289.0,194.8,340.7,316.1,208.9,263.7,163.5,249.3,136.8,133.4
TS,358.9,337.1,42.1,84.7,125.3,56.6,227.4,386.2,256.2,384.4,248.1,264.3,161.5,127.6,160.8,20.1,359.8,130.0,235.7,38.9,280.4,115.9,98.5,91.7,395.7,408.6,388.8,411.5,343.9,156.6,300.7,51.7,49.5,196.5,36.4,31.1,188.1,157.1,366.0,165.9,161.4,246.1,196.5,111.2,38.7,381.7,337.6,342.4,183.3,261.9,394.9,147.5,350.2,369.3,134.2,1857.3,124.8,320.2,245.5,132.2,86.6,342.2,0.0,434.8,122.7,73.6,82.1,305.8,389.9,37.0,414.5,379.3,346.2,84.0,383.8,255.4,110.7,87.4,417.5,75.0,146.8,271.7,269.2,423.2,278.8,358.0,328.2
TU,170.8,195.6,409.0,341.5,512.8,409.0,350.1,198.1,369.8,242.9,173.7,378.4,579.4,545.5,381.3,422.9,265.1,378.0,188.9,479.7,348.7,337.9,331.3,337.2,254.2,285.5,111.9,129.6,220.2,265.7,317.0,469.6,428.4,252.1,456.1,471.9,328.1,361.3,65.3,405.5,579.3,360.2,402.9,552.0,390.8,258.6,254.1,266.2,237.7,330.3,206.8,298.3,67.7,90.0,449.4,1762.7,380.6,259.2,354.1,395.2,504.5,154.1,443.5,0.0,331.1,514.4,500.0,136.2,266.9,440.9,253.2,193.0,96.5,524.8,230.8,337.3,551.5,342.7,236.8,407.6,414.5,308.5,371.7,12.8,350.7,169.9,234.5
TW,236.1,214.3,113.2,77.8,201.4,98.6,125.2,263.4,164.6,261.6,218.3,105.9,283.9,250.0,46.5,133.7,255.9,46.8,233.5,195.5,176.5,6.7,67.6,91.5,272.9,304.7,282.0,304.7,203.7,153.0,130.6,174.1,144.2,73.7,158.8,187.7,91.8,28.3,259.2,74.3,283.8,154.5,73.7,275.8,145.1,277.8,197.4,202.2,148.0,158.0,272.1,24.7,243.4,262.5,118.2,1817.4,47.6,178.4,141.6,64.0,209.0,219.4,166.0,328.0,0.0,175.9,204.5,183.0,286.0,156.7,271.9,256.5,239.4,240.6,279.9,151.5,275.3,97.0,313.6,129.8,83.3,180.1,184.1,316.4,122.7,235.2,186.1
UA,405.2,383.4,77.7,122.5,75.0,94.4,230.4,432.5,312.0,430.7,298.8,275.0,111.2,77.3,202.2,64.3,404.4,176.3,281.6,48.4,324.2,162.2,136.3,137.6,442.0,453.2,434.7,457.4,389.8,202.5,299.7,19.6,111.0,242.8,34.9,92.6,243.9,212.9,411.9,221.7,111.1,301.9,242.8,74.4,84.6,426.3,383.5,388.3,229.2,306.5,441.2,193.8,396.1,415.2,190.0,1908.8,177.1,376.0,290.1,188.0,36.3,388.5,61.4,480.7,169.0,0.0,31.8,352.1,434.6,98.5,459.1,425.6,392.1,47.2,428.4,300.0,73.9,133.3,462.1,112.8,202.6,327.5,332.6,469.1,334.6,404.3,372.2
UB,430.2,408.4,95.4,138.0,43.1,109.9,245.9,457.5,327.5,455.7,319.4,335.6,79.3,45.4,232.1,73.4,431.1,201.3,307.0,115.9,351.7,187.2,151.8,163.0,467.0,479.9,460.1,482.8,415.2,227.9,372.0,35.1,126.5,267.8,50.4,108.1,259.4,228.4,437.3,237.2,79.2,317.4,267.8,71.2,110.0,453.0,408.9,413.7,254.6,333.2,466.2,218.8,421.5,440.6,205.5,1924.3,196.1,391.5,316.8,203.5,4.4,413.5,76.9,506.1,194.0,33.3,0.0,377.1,461.2,114.0,485.8,450.6,417.5,80.6,455.1,326.7,70.7,158.7,488.8,128.3,218.1,343.0,340.5,494.5,350.1,429.3,399.5
UI,53.0,59.9,306.0,251.7,396.0,304.2,216.9,80.3,277.4,107.2,88.4,285.5,464.0,430.1,243.2,326.5,129.4,243.5,99.1,376.7,213.0,203.4,241.5,247.4,118.5,149.8,152.6,170.3,84.5,175.9,181.3,366.9,325.4,117.6,351.6,368.9,194.9,225.0,124.8,271.0,463.9,267.3,269.7,455.9,301.0,122.9,118.4,130.5,147.9,194.6,89.0,171.4,109.0,128.1,314.9,1730.2,244.3,123.5,253.5,260.7,389.1,36.3,353.7,193.6,196.6,372.6,384.6,0.0,131.1,337.9,117.5,73.4,105.0,419.9,95.1,201.6,455.4,252.9,158.7,304.6,280.0,172.8,227.6,182.0,213.2,52.1,97.3
UN,141.3,144.6,355.9,320.5,464.1,341.4,219.6,89.5,158.3,136.2,215.2,192.2,529.9,509.1,267.2,369.8,114.2,306.9,203.2,447.6,137.2,281.7,310.4,351.4,119.6,18.5,268.0,253.8,184.5,279.9,164.8,434.8,386.9,208.9,419.4,439.8,273.2,259.9,216.3,232.0,529.8,174.1,207.0,516.8,403.7,8.1,160.0,112.3,251.9,118.9,64.0,242.1,200.5,242.8,296.0,1822.8,307.8,139.7,142.6,261.2,469.6,109.9,408.6,286.7,275.0,436.1,465.1,145.9,0.0,399.4,189.4,80.5,184.4,492.7,151.0,125.8,516.3,356.9,40.6,368.0,243.4,148.9,145.6,273.5,165.0,113.5,168.6
VL,379.8,391.9,69.2,92.8,152.4,64.7,187.9,407.1,283.3,405.3,256.3,291.4,188.6,154.7,187.9,47.2,377.4,150.9,243.9,38.7,259.4,136.8,106.6,99.9,416.6,387.6,397.0,419.7,352.1,164.8,327.8,78.8,12.5,217.4,63.5,30.9,165.9,184.2,374.2,193.0,188.5,273.2,217.4,111.0,65.8,360.7,345.8,350.6,191.5,240.9,415.8,168.4,358.4,377.5,161.3,1841.7,145.7,347.3,224.5,159.3,113.7,363.1,27.0,443.0,143.6,73.4,109.2,326.7,368.9,0.0,393.5,400.2,354.4,83.8,362.8,234.4,110.5,95.6,396.5,43.2,173.9,298.8,296.3,431.4,305.9,378.9,336.4
VN,156.1,78.7,353.3,288.1,461.5,353.8,232.7,142.9,225.8,107.8,124.8,213.3,526.0,492.1,280.4,376.1,89.2,297.9,135.5,426.3,214.3,257.8,277.9,283.8,119.1,115.9,184.0,206.7,83.3,212.3,137.9,416.2,375.0,172.0,400.9,418.5,249.3,279.4,161.2,245.1,525.9,195.1,238.1,498.6,340.1,89.0,117.2,101.1,184.3,194.6,161.3,225.8,145.4,164.5,332.5,1766.6,300.7,94.1,220.3,297.4,451.1,139.4,390.1,230.0,251.0,461.0,446.6,103.0,97.2,387.5,0.0,177.8,141.4,471.4,65.6,201.6,498.1,289.3,124.8,354.2,261.7,143.4,198.2,218.4,183.8,119.5,96.1
VP,43.8,125.4,371.5,317.2,461.5,369.7,282.4,194.4,252.6,172.7,153.9,286.5,529.5,495.6,312.3,392.0,208.5,309.0,164.6,442.2,232.3,268.9,307.0,312.9,184.0,64.0,146.2,132.0,150.0,241.4,259.1,432.4,390.9,183.1,417.1,434.4,260.4,290.5,135.7,336.5,529.4,268.3,301.3,521.4,366.5,102.4,183.9,206.6,213.4,213.1,15.5,236.9,119.9,162.2,380.4,1791.3,309.8,189.0,236.9,326.2,454.6,29.3,419.2,204.5,262.1,438.1,450.1,65.4,94.1,403.4,183.0,0.0,103.8,485.4,160.6,220.1,520.9,318.4,134.9,370.1,345.5,243.2,248.3,192.9,259.3,166.2,162.8
VT,92.1,113.3,324.4,259.2,432.6,324.9,267.8,133.8,287.5,160.6,95.9,296.1,497.1,463.2,313.4,347.2,182.8,313.7,106.6,397.4,267.2,273.6,249.0,254.9,171.9,203.2,97.4,84.4,137.9,183.4,220.7,387.3,346.1,187.8,372.0,389.6,245.8,295.2,54.0,327.9,497.0,277.9,320.6,469.7,311.2,176.3,171.8,183.9,155.4,248.0,128.1,241.6,38.2,80.5,385.1,1774.0,316.5,176.9,273.7,330.9,422.2,75.4,361.2,122.8,266.8,432.1,417.7,100.0,184.5,358.6,170.9,112.5,0.0,442.5,148.5,255.0,469.2,260.4,158.1,325.3,344.5,226.2,281.0,111.2,266.6,105.6,150.7
WA,456.9,479.7,140.1,180.6,65.9,152.5,275.7,484.2,354.2,482.4,344.1,362.3,120.1,86.2,258.8,118.1,457.8,228.0,331.7,46.2,378.4,213.9,194.4,187.7,493.7,506.6,484.8,507.5,439.9,252.6,398.7,109.3,100.2,294.5,124.6,53.4,286.1,255.1,462.0,263.9,120.0,344.1,294.5,27.1,136.7,479.7,433.6,438.4,279.3,359.9,492.9,245.5,446.2,465.3,232.2,1926.0,222.8,418.2,343.5,230.2,70.0,440.2,97.9,530.8,220.7,54.6,74.1,403.8,487.9,87.7,512.5,477.3,442.2,0.0,481.8,353.4,26.6,183.4,515.5,131.0,244.8,369.7,367.2,519.2,376.8,456.0,424.2
WB,147.2,69.8,344.4,279.2,452.6,344.9,211.4,77.2,204.5,42.1,115.9,192.0,517.1,483.2,259.1,367.2,34.2,289.0,126.6,417.4,158.8,248.9,269.0,274.9,53.4,98.7,175.1,197.8,74.4,203.4,124.0,407.3,366.1,163.1,392.0,409.6,240.4,270.5,152.3,223.8,517.0,173.8,216.8,489.7,331.2,71.8,108.3,68.8,175.4,139.6,144.1,216.9,136.5,155.6,311.2,1757.7,291.8,85.2,165.3,276.1,442.2,130.5,381.2,221.1,242.1,452.1,437.7,94.1,80.0,378.6,54.7,160.6,132.5,462.5,0.0,146.6,489.2,280.4,107.6,345.3,240.4,122.1,176.9,209.5,162.5,101.1,87.2
WE,275.8,216.1,227.7,194.6,340.3,215.4,93.7,210.8,32.4,183.3,200.5,79.1,404.0,383.1,118.2,250.5,104.3,181.0,193.2,321.7,24.9,155.8,184.4,208.3,194.6,153.1,279.4,302.1,176.3,181.5,99.9,308.8,261.0,123.7,293.5,313.9,147.3,134.0,256.6,106.1,403.9,60.9,81.1,390.9,277.8,126.2,150.0,102.4,196.5,6.5,198.5,123.8,240.8,259.9,170.1,1862.0,183.8,119.4,18.6,135.2,343.7,244.4,282.7,325.4,149.0,310.1,339.2,198.4,134.4,273.5,159.0,215.0,236.8,366.8,128.3,0.0,390.4,213.8,162.0,242.1,117.5,90.7,40.9,313.8,79.8,234.9,160.6
WI,476.7,454.9,162.8,203.3,59.3,175.2,298.4,504.0,376.9,502.2,366.2,385.0,101.0,74.4,281.5,140.8,480.5,247.8,353.8,68.9,401.1,233.7,217.1,209.8,513.5,529.3,506.9,529.6,462.0,274.7,421.4,102.7,122.9,314.3,118.0,76.1,308.8,277.8,484.1,286.6,100.9,366.8,314.3,0.4,156.8,502.4,455.7,460.5,301.4,382.6,512.7,265.3,468.3,487.4,254.9,1931.2,242.6,440.9,366.2,252.9,63.4,460.0,120.6,552.9,240.5,100.9,67.5,423.6,510.6,110.4,535.2,497.1,464.3,22.6,504.5,376.1,0.0,205.5,538.2,153.7,267.5,392.4,389.9,541.3,399.5,475.8,446.3
WP,306.8,296.2,63.9,92.5,172.1,64.4,123.0,365.2,183.5,360.7,160.6,182.6,236.6,202.7,111.1,86.7,281.7,92.0,148.2,136.9,194.5,77.9,84.2,4.2,372.0,322.7,301.3,324.0,256.4,69.1,216.6,126.8,85.6,150.4,111.5,129.1,101.0,92.9,278.5,138.9,236.5,173.4,158.5,209.2,50.7,295.8,250.1,254.9,95.8,176.0,342.8,109.5,262.7,281.8,171.3,1831.4,86.8,265.9,159.6,169.3,161.7,290.1,100.7,347.3,84.7,171.6,157.2,253.7,304.0,98.1,356.9,327.2,258.7,182.0,318.5,169.5,208.7,0.0,331.6,64.8,183.9,199.0,196.5,335.7,199.4,337.0,240.7
WY,118.2,103.9,400.6,385.1,495.0,401.1,289.7,48.7,203.1,95.5,185.3,237.0,574.7,527.0,288.9,423.4,184.9,340.4,232.5,473.6,182.8,300.3,374.9,380.8,78.9,56.5,210.5,215.8,143.8,309.3,194.9,463.8,422.3,214.5,448.5,465.8,291.8,321.9,167.1,302.1,574.6,218.8,251.8,552.8,437.1,52.9,177.7,158.1,281.3,163.6,101.9,268.3,151.3,193.6,340.8,1860.7,343.2,151.1,189.3,305.9,486.0,101.5,453.4,235.9,293.5,469.5,481.5,96.8,37.8,434.8,163.1,118.4,135.2,516.8,151.5,170.6,552.3,386.3,0.0,401.5,288.2,200.4,198.8,224.3,209.8,72.8,156.6
XI,336.5,348.6,40.9,49.5,177.7,21.4,157.4,363.8,217.9,362.0,213.0,206.3,213.9,180.0,126.7,63.7,334.1,107.6,200.6,72.0,228.9,93.5,63.3,56.6,373.3,357.1,353.7,376.4,308.8,121.5,245.0,104.1,20.7,174.1,88.8,64.2,135.4,108.5,330.9,154.5,213.8,207.8,174.1,144.3,84.3,330.2,302.5,307.3,148.2,210.4,372.5,125.1,315.1,334.2,194.6,1828.1,102.4,318.3,194.0,144.2,139.0,319.8,60.3,399.7,100.3,106.7,134.5,283.4,338.4,33.2,372.3,356.9,311.1,117.1,370.9,203.9,143.8,52.3,366.0,0.0,207.2,233.4,230.9,388.1,223.1,335.6,293.1
XJ,319.0,285.9,180.8,147.7,255.4,168.5,87.9,319.8,109.3,293.3,270.3,117.4,301.9,268.0,26.7,180.5,214.3,89.5,263.0,205.0,138.4,115.0,137.5,161.4,304.6,267.4,381.7,404.4,246.1,211.7,153.8,192.1,214.1,175.8,176.8,197.2,70.4,42.5,358.9,19.0,301.8,99.2,101.6,277.3,161.1,240.5,219.8,208.6,217.9,120.7,312.8,144.3,343.1,362.2,70.7,1887.3,92.3,173.3,104.3,43.7,227.0,302.3,166.0,427.7,108.2,239.7,222.5,265.9,248.7,203.1,273.3,329.3,339.1,250.1,242.6,114.2,276.8,166.9,276.3,150.6,0.0,124.8,122.3,416.1,131.9,323.9,230.4
YA,194.8,161.0,225.5,190.1,371.6,210.9,89.2,194.9,82.3,168.4,145.4,69.8,420.2,386.3,136.9,246.0,89.4,199.7,138.1,323.3,70.8,169.3,179.9,203.8,179.7,183.3,256.8,279.5,121.2,162.8,42.9,310.4,256.5,84.2,295.1,315.5,112.8,152.7,234.0,101.6,420.1,51.6,94.6,395.6,281.8,156.4,94.9,83.7,134.8,112.2,228.7,137.3,218.2,237.3,189.0,1839.4,200.5,48.4,125.8,153.9,345.3,178.1,284.3,304.4,162.5,358.0,340.8,141.7,164.7,269.0,164.6,245.2,214.2,368.4,126.2,105.7,395.1,209.3,192.2,242.1,118.2,0.0,54.7,291.2,40.3,199.0,105.5
YS,247.1,224.6,220.2,176.4,357.9,205.6,75.5,232.9,68.6,205.4,213.8,38.1,406.5,372.6,146.3,225.7,126.4,186.0,201.7,309.6,17.1,147.1,174.6,190.1,216.7,166.8,306.5,324.2,184.8,140.5,106.5,296.7,242.8,114.5,281.4,301.8,138.6,139.0,278.7,87.9,406.4,19.9,80.9,381.9,265.7,148.3,163.7,124.5,155.5,39.4,220.6,107.5,262.9,282.0,175.3,1884.1,186.8,112.0,71.6,148.6,331.6,266.5,270.6,349.1,148.7,344.3,327.1,202.4,156.6,255.3,181.1,228.7,258.9,354.7,150.4,54.8,381.4,195.6,184.1,228.4,104.5,71.9,0.0,327.5,70.6,257.0,167.2
YX,158.0,182.8,396.2,328.7,500.0,394.4,337.3,185.3,357.0,230.1,160.9,365.6,566.6,532.7,368.9,416.7,252.3,365.2,176.1,466.9,336.7,325.1,318.5,324.4,241.4,272.7,99.1,116.8,207.4,252.9,304.2,456.8,415.6,239.3,441.5,459.1,315.3,346.7,50.7,392.7,566.5,347.4,390.1,539.2,378.0,245.8,241.3,253.4,224.9,317.5,194.0,285.5,54.9,77.2,436.6,1749.9,366.0,246.4,341.3,382.4,491.7,141.3,430.7,11.6,318.3,501.6,487.2,121.6,254.0,428.1,240.4,178.4,83.7,512.0,218.0,324.5,538.7,329.9,224.0,394.8,401.7,295.7,358.9,0.0,336.1,157.1,220.2
ZA,190.5,189.1,232.2,204.9,322.2,225.7,104.0,223.0,97.1,196.5,173.5,84.6,435.0,401.1,173.4,246.1,117.5,169.7,166.2,338.1,85.6,129.6,194.7,194.5,207.8,194.0,236.4,259.1,149.3,123.0,71.0,325.2,251.6,43.8,309.9,330.3,121.1,151.2,213.6,116.4,434.9,66.4,109.4,410.4,234.7,167.1,123.0,111.8,138.0,94.5,239.4,97.6,197.8,216.9,203.8,1819.0,170.5,76.5,118.3,168.7,360.1,173.8,299.1,282.4,122.8,298.8,355.6,137.4,175.3,264.1,192.7,255.9,193.8,383.2,154.3,101.5,409.9,200.0,202.9,230.8,133.0,28.0,69.5,270.8,0.0,227.1,131.7
ZI,96.0,31.0,383.8,318.6,492.0,384.3,273.1,28.1,270.3,74.9,173.3,257.8,556.5,522.6,299.4,406.6,154.4,299.7,166.0,456.8,258.8,259.6,308.4,314.3,58.3,154.2,169.8,192.5,70.9,242.8,182.4,446.7,405.5,173.8,431.4,449.0,251.1,281.2,126.4,289.6,556.4,239.6,282.6,529.1,370.6,127.3,104.8,127.6,214.8,199.0,199.6,227.6,110.6,152.9,371.1,1772.2,302.5,138.6,224.7,316.9,481.6,79.3,420.6,195.2,252.8,428.8,477.1,56.1,135.5,418.0,121.9,116.4,124.6,501.9,130.9,206.0,528.6,319.8,163.1,384.7,306.2,187.9,242.7,183.6,228.3,0.0,83.7
ZM,150.8,57.3,302.3,233.3,406.1,299.0,193.4,124.4,186.5,149.6,94.3,174.0,471.2,437.3,240.8,316.2,70.6,237.5,80.7,373.0,176.1,197.4,224.6,230.5,154.6,182.2,183.7,201.4,15.7,159.0,111.1,361.4,321.7,111.6,346.1,365.2,188.9,217.5,155.9,205.8,472.6,154.3,198.8,445.3,282.6,156.8,19.5,42.3,131.0,158.0,229.1,157.8,140.1,159.2,293.2,1761.3,236.8,54.8,183.3,253.2,396.3,134.1,336.8,226.3,189.1,406.2,393.3,137.6,165.1,334.2,145.8,244.1,136.1,418.1,107.4,166.5,444.8,236.0,192.6,300.9,222.4,104.1,167.3,213.1,143.0,96.2,0.0
