from_stop,AB,AE,AL,AW,BB,BC,BN,BW,CI,CN,DA,DJ,DK,DO,DT,DZ,EJ,EP,EU,EV,EX,FH,FI,FR,FW,GA,GN,GV,GZ,HQ,IE,IG,IJ,IL,JC,JI,JS,JU,KF,KG,KR,LL,MD,MI,MQ,MY,MZ,NL,OP,OT,OV,OX,OZ,PF,QR,RC,RD,RP,SG,SW,SY,SZ,TE,TX,UC,UE,UG,US,UU,UV,VF,VI,WI,WO,XG,XI,XL,XO,XX,YG,YH,YS,YV,YW,ZF,ZV
AB,0.0,288.6,345.7,109.9,244.2,391.0,365.3,402.2,91.9,426.8,438.6,373.9,376.7,119.1,165.0,282.7,458.3,9.1,478.1,155.9,365.6,78.5,448.1,325.2,268.2,505.1,366.1,109.5,302.7,79.4,462.9,358.3,140.0,202.0,2032.6,302.0,296.0,363.2,396.3,340.2,352.9,29.3,122.7,428.5,201.2,109.1,349.3,334.9,321.9,503.0,458.0,466.1,459.2,278.2,427.9,406.8,544.0,461.8,397.9,432.0,461.3,298.8,44.6,312.4,437.5,11.5,325.1,336.6,428.5,123.3,414.6,338.6,407.8,371.2,134.1,249.0,364.3,378.2,157.8,98.7,350.0,70.1,16.4,493.8,50.8,402.9
AE,295.8,0.2,240.0,170.4,151.4,241.6,147.5,196.9,283.3,277.6,289.7,168.8,227.5,212.4,117.3,156.7,309.1,286.5,329.2,119.0,180.9,296.3,298.9,191.0,147.3,355.7,161.2,159.8,126.7,209.1,313.7,153.5,125.8,157.6,1867.4,79.9,40.3,214.0,247.4,135.5,142.9,265.5,155.2,279.3,84.2,149.2,164.4,129.8,64.6,360.6,308.6,316.9,310.0,93.3,278.7,257.6,394.6,312.9,193.0,282.8,291.8,247.1,249.2,107.3,288.1,307.4,120.7,131.5,234.7,252.8,250.1,189.4,258.6,186.8,137.5,177.5,159.2,229.0,126.3,165.2,144.9,218.1,278.7,344.6,313.2,253.5
AL,352.8,236.5,0.0,272.6,138.2,332.0,235.3,258.4,376.3,335.8,360.2,197.1,359.0,317.2,226.6,252.2,440.6,362.0,460.4,232.5,183.9,362.8,430.4,71.9,136.3,487.4,260.9,307.6,142.5,260.2,366.5,213.4,275.0,194.0,1812.2,182.0,210.4,345.5,378.6,235.0,222.9,317.1,268.7,410.8,196.1,301.9,167.6,204.9,189.4,485.3,440.3,448.4,329.9,143.1,341.0,389.1,526.3,444.1,216.2,414.3,443.6,41.3,300.8,182.4,419.8,341.2,219.9,197.6,269.8,323.9,319.5,320.9,390.1,189.5,291.6,188.7,207.2,360.5,233.8,296.8,184.2,269.5,369.3,476.1,317.6,385.2
AW,110.0,163.2,264.7,0.0,137.4,351.9,270.9,313.4,117.6,387.7,400.7,285.1,337.6,80.0,121.3,193.9,419.2,100.7,447.2,45.9,276.8,130.2,408.7,234.3,177.3,466.0,327.0,70.9,211.8,23.0,423.8,269.5,100.9,143.4,1922.8,203.3,203.1,324.1,357.2,296.5,259.4,83.1,10.6,389.4,112.4,72.5,260.5,246.1,223.2,492.8,418.9,427.0,420.1,189.4,388.8,367.7,504.9,419.3,309.1,392.9,402.1,217.8,63.2,223.6,398.4,121.6,276.1,247.8,389.3,86.7,375.5,299.5,368.7,282.4,94.7,151.4,275.5,339.1,130.1,59.6,261.2,32.3,93.1,454.7,150.0,363.6
BB,266.2,144.7,127.2,186.0,0.0,336.0,221.9,258.8,289.6,371.8,384.8,198.1,321.7,230.6,86.7,113.9,403.3,275.4,424.6,94.2,184.9,276.2,392.8,126.6,75.4,450.1,247.5,175.3,104.1,173.6,407.9,214.4,136.7,55.7,1785.3,168.6,154.5,308.2,336.0,217.0,204.8,233.7,130.4,373.5,57.8,160.6,168.6,191.5,179.1,448.0,403.0,411.1,330.9,136.5,372.9,351.8,489.0,403.4,217.2,377.0,386.2,80.3,213.8,169.0,382.5,254.6,196.6,193.2,271.0,237.3,320.5,283.6,352.8,190.5,153.3,43.7,208.2,323.2,95.5,210.2,185.2,182.9,282.7,438.8,231.0,347.7
BC,409.9,244.5,354.7,355.5,363.3,0.0,255.5,122.5,379.0,43.6,74.1,168.9,88.2,377.0,321.7,360.9,142.1,400.6,197.0,304.1,145.9,391.5,65.3,299.3,267.8,196.1,90.6,324.6,241.4,360.2,98.4,153.3,310.9,337.7,1728.1,177.5,216.6,94.7,107.8,113.4,127.7,379.8,340.3,126.4,288.4,334.8,161.8,141.0,197.4,225.4,86.2,159.6,94.7,232.7,8.9,42.3,237.5,155.3,147.3,49.5,154.7,315.3,363.1,163.7,131.0,421.5,129.6,171.2,112.9,348.0,105.1,55.3,101.3,183.0,302.3,292.4,159.3,91.7,330.5,345.5,184.6,350.9,393.0,187.3,446.5,114.4
BN,371.4,120.2,241.7,301.1,256.9,206.8,0.0,165.5,340.5,231.4,286.4,157.6,224.5,338.5,199.0,236.6,306.1,362.1,325.9,211.7,182.6,353.3,295.9,192.9,154.8,352.9,126.4,286.1,128.4,288.7,262.1,142.0,218.5,224.7,1863.8,47.5,94.1,211.0,244.1,100.5,136.6,341.3,247.9,276.3,164.1,245.4,166.3,118.6,73.1,350.8,305.8,313.9,225.5,95.2,215.8,254.6,391.8,309.6,209.1,279.8,309.1,248.8,325.0,96.1,285.3,383.0,85.4,120.3,229.0,309.5,215.1,186.4,255.6,179.5,263.6,173.3,148.0,226.0,206.2,257.9,133.7,298.0,354.5,341.6,408.0,250.7
BW,416.4,170.7,274.6,341.8,283.9,102.2,169.7,0.0,394.1,127.5,153.1,83.1,155.7,386.4,238.8,277.3,189.6,407.8,265.3,264.3,65.8,405.9,168.3,219.2,181.9,242.9,48.3,338.5,161.3,329.4,158.2,67.5,288.1,257.6,1737.8,116.4,143.7,141.5,170.0,76.8,41.9,389.5,302.2,200.9,204.8,312.0,81.7,55.2,123.8,260.5,188.5,245.1,121.6,137.6,111.9,145.3,294.0,237.4,43.5,152.5,201.5,235.2,369.6,77.9,216.5,428.0,98.0,85.4,103.2,362.4,110.5,102.8,186.8,102.9,317.4,213.0,73.5,138.5,246.9,322.0,98.8,338.7,399.5,244.5,474.0,181.7
CI,110.8,271.8,358.2,122.4,256.8,364.9,343.5,379.2,0.0,400.8,412.6,380.4,350.7,93.0,179.2,295.2,432.3,132.4,452.1,168.4,378.1,12.4,421.8,337.7,287.3,479.0,340.1,88.9,315.2,91.9,436.8,364.7,143.0,214.5,1990.5,275.9,310.5,337.2,364.9,314.1,354.7,111.5,133.1,402.5,213.7,114.7,361.9,341.3,295.8,483.8,431.9,440.0,433.2,290.8,401.9,380.8,517.9,432.4,404.5,405.9,415.1,311.4,95.3,318.9,411.4,99.2,289.2,343.1,402.4,31.2,388.6,312.5,381.8,383.8,113.6,254.8,370.8,352.2,170.3,101.7,356.4,82.6,124.7,467.8,73.1,376.7
CN,443.8,247.2,345.2,389.4,353.8,39.5,246.0,121.9,412.9,0.0,76.8,159.4,107.4,410.9,316.0,353.6,168.7,434.5,208.8,338.0,136.4,425.7,105.2,289.8,258.3,222.7,101.9,358.5,231.9,394.1,83.1,143.8,344.8,328.2,1747.3,192.7,221.1,93.9,127.0,126.2,113.7,413.7,374.2,125.8,281.1,371.7,152.3,131.5,200.1,232.8,125.8,199.2,46.5,225.3,48.5,81.9,273.8,194.9,137.8,89.1,201.4,305.8,397.4,154.2,170.6,455.4,140.9,161.7,103.4,381.9,36.1,81.9,140.9,173.5,336.0,276.8,149.8,118.3,323.2,384.2,175.1,384.8,426.9,223.6,480.4,133.6
DA,466.4,320.4,385.9,412.0,385.0,80.3,286.7,163.3,435.5,73.1,0.0,200.1,75.3,433.5,356.4,394.3,138.9,457.1,183.7,360.6,177.1,448.3,70.4,330.5,292.5,185.7,142.6,381.9,272.6,462.8,24.2,184.5,368.7,368.9,1700.7,233.4,261.3,88.9,89.6,170.4,160.2,439.5,399.2,66.9,321.8,392.6,193.0,172.2,240.8,190.4,88.5,146.7,40.5,263.9,70.5,30.3,224.6,139.0,178.5,54.6,220.3,346.5,419.6,194.9,118.1,478.0,191.6,202.4,227.2,404.5,50.9,122.6,88.4,214.2,358.8,323.6,190.5,160.3,363.9,402.0,215.8,408.7,449.5,174.4,503.0,101.3
DJ,446.1,165.7,211.5,322.6,220.1,163.7,164.5,86.2,404.1,167.5,191.9,0.0,216.5,367.2,220.5,217.9,250.4,387.9,317.9,244.4,34.2,456.1,229.4,156.1,124.6,304.4,122.4,349.8,98.2,310.2,198.2,16.3,282.2,194.5,1722.5,111.2,139.6,203.0,236.1,120.2,36.9,367.1,280.6,240.9,185.6,309.1,18.6,50.0,118.6,314.5,250.0,305.9,161.6,91.6,172.7,206.1,355.5,301.6,66.5,213.3,283.1,172.1,350.8,72.7,277.3,434.5,134.9,70.4,120.1,373.2,151.2,163.6,247.6,21.8,327.3,143.1,10.1,200.0,227.7,346.8,57.0,319.5,380.3,305.3,410.9,242.7
DK,391.8,245.5,345.8,337.4,324.1,81.7,257.8,215.7,360.9,125.5,82.6,193.4,0.0,358.9,336.0,373.6,82.3,382.5,101.3,286.0,168.7,373.7,101.8,322.1,290.6,129.1,139.6,306.5,264.2,342.1,96.7,209.7,292.8,360.5,1639.8,190.2,231.1,14.3,19.5,163.9,172.2,361.7,322.2,51.7,301.1,319.7,184.6,190.0,210.1,127.0,81.2,90.1,103.2,232.2,71.9,50.8,168.0,85.8,173.5,76.0,145.8,338.1,345.4,212.7,61.5,403.4,178.6,236.4,166.1,329.9,113.6,72.0,31.8,205.8,284.0,309.1,203.5,91.6,343.2,332.2,223.0,332.8,374.9,117.8,428.4,26.1
DO,117.6,209.2,402.4,98.4,240.3,302.9,281.5,317.1,86.6,338.7,350.5,318.3,288.6,0.0,225.8,296.8,370.2,108.3,390.0,191.6,343.3,99.5,360.0,353.6,315.5,417.0,278.0,64.9,289.1,67.9,374.8,302.7,198.4,246.3,1928.5,213.9,247.7,275.1,308.2,252.1,297.3,87.5,111.2,340.4,215.3,88.1,327.0,279.3,233.8,414.9,369.9,378.0,371.1,255.9,339.8,318.7,455.9,373.7,342.5,343.9,373.2,320.7,71.2,256.8,349.4,129.2,237.0,281.0,340.4,55.7,326.5,250.5,319.7,340.2,133.7,261.0,308.7,290.1,233.0,77.7,294.4,58.6,100.7,405.7,159.8,314.8
DT,178.2,121.4,204.8,103.6,77.5,304.6,198.6,235.5,185.9,316.8,384.2,207.2,322.3,148.2,0.0,116.0,403.9,168.9,423.7,149.6,198.9,198.4,393.7,209.2,164.6,450.7,224.2,138.6,144.7,91.2,347.5,191.6,169.1,83.5,1862.9,145.3,131.2,308.8,336.6,193.7,181.5,148.1,116.4,374.1,34.5,140.7,182.6,168.2,155.8,448.6,403.6,411.7,310.9,113.2,313.6,352.4,489.6,404.0,231.2,377.6,386.8,157.9,131.8,145.7,383.1,189.8,173.3,169.9,272.9,154.9,300.5,284.2,353.4,204.5,163.2,91.5,197.6,323.8,8.7,131.8,183.3,100.5,161.3,439.4,195.6,348.5
DZ,298.3,144.6,281.2,223.7,133.5,327.8,221.8,258.7,305.9,340.0,408.6,230.4,345.5,268.3,120.0,0.0,427.1,289.0,448.4,145.5,222.1,318.5,416.9,177.6,120.6,473.9,247.4,258.7,155.1,211.3,370.7,214.8,188.0,121.5,1910.4,168.5,154.4,332.0,365.1,216.9,204.7,268.2,184.1,397.3,86.7,211.9,205.8,191.4,179.0,500.7,426.8,434.9,334.1,136.4,336.8,375.6,512.8,427.2,254.4,400.8,410.0,206.4,251.9,168.9,406.3,309.9,196.5,193.1,296.1,275.0,323.7,307.4,376.6,227.7,201.6,94.7,220.8,347.0,128.8,251.9,206.5,220.6,281.4,462.6,315.7,371.5
EJ,452.2,305.9,439.1,397.8,395.1,124.1,318.2,208.8,421.3,167.8,125.0,254.5,202.5,419.3,396.4,434.0,0.0,442.9,132.3,346.4,231.5,434.1,134.5,390.3,352.2,66.1,176.2,366.9,325.8,402.5,149.3,238.9,353.2,422.1,1692.1,250.6,291.5,74.7,180.8,200.5,208.8,422.1,382.6,192.0,361.5,380.1,247.4,226.6,270.5,64.0,155.1,103.5,145.6,292.6,114.3,93.2,105.0,99.2,232.9,118.4,82.8,446.2,405.8,249.3,74.9,463.8,215.2,256.8,274.7,390.3,156.0,108.6,40.1,268.6,344.4,370.7,244.9,62.7,403.6,392.6,270.2,393.2,435.3,54.8,488.8,175.3
EP,9.2,278.9,336.5,100.7,235.0,381.8,356.1,393.0,101.2,417.6,429.4,364.7,367.5,109.9,157.4,273.5,449.1,0.0,477.5,146.7,356.4,87.8,438.6,316.0,259.0,495.9,356.9,100.3,293.5,70.2,453.7,349.1,130.8,192.8,2023.4,292.8,288.7,354.0,387.1,326.4,339.0,17.4,111.3,419.3,192.0,102.4,340.1,325.7,312.7,522.7,448.8,456.9,450.0,269.0,418.7,397.6,534.8,449.2,388.7,422.8,432.0,289.6,35.4,303.2,428.3,20.8,306.0,327.4,419.3,132.6,405.4,329.4,398.6,362.0,128.2,233.1,355.1,369.0,148.6,89.5,340.8,60.9,7.2,484.6,60.1,393.5
EU,498.1,352.1,358.1,426.6,336.4,190.2,362.1,228.7,467.2,226.1,184.5,205.7,106.2,465.2,397.2,404.0,134.0,490.1,0.0,400.1,181.0,487.4,156.3,342.2,304.2,164.5,277.1,412.3,276.5,422.0,150.9,229.4,399.1,372.8,1629.3,308.8,335.4,128.4,90.7,304.9,238.0,471.2,437.2,105.9,371.7,471.1,204.3,255.6,316.2,102.5,136.7,29.0,188.8,267.8,172.6,151.5,66.8,37.6,185.8,176.7,195.1,358.2,459.1,278.3,66.8,499.0,326.1,248.7,178.6,436.2,199.2,178.3,98.4,225.9,390.5,328.8,223.2,205.7,406.0,454.8,235.3,423.5,481.2,118.5,475.4,79.2
EV,161.4,116.7,218.7,51.3,91.4,304.5,224.9,267.4,169.1,340.3,352.1,239.1,290.2,131.4,75.3,147.9,371.8,152.1,391.6,0.0,230.8,181.6,361.6,188.3,131.3,418.6,238.8,122.3,165.8,74.4,376.4,223.5,152.3,97.4,1876.8,157.3,157.1,276.7,304.5,208.3,213.4,131.3,36.2,342.0,66.4,123.9,214.5,200.1,177.2,416.5,371.5,379.6,372.7,143.4,341.4,320.3,457.5,371.9,263.1,345.5,354.7,171.8,114.6,177.6,351.0,173.0,187.9,201.8,304.8,138.1,328.1,252.1,321.3,236.4,146.4,105.4,229.5,291.7,84.1,115.0,215.2,83.7,144.5,407.3,201.4,316.4
EX,443.3,182.2,208.7,319.8,217.3,148.0,181.0,74.4,402.1,151.8,176.2,24.6,200.8,364.4,217.7,215.1,234.7,385.1,302.2,241.6,0.0,453.3,213.7,153.3,121.8,288.7,123.5,354.8,95.4,307.4,182.5,40.9,284.1,191.7,1688.2,127.7,156.1,187.3,220.4,144.9,61.6,364.3,277.8,225.2,182.8,354.4,15.8,74.7,135.1,298.8,234.3,290.2,145.9,88.8,157.0,190.4,339.8,285.9,32.2,197.6,267.4,169.3,348.0,97.4,261.6,431.7,159.6,67.6,85.8,371.1,135.5,147.9,231.9,37.0,343.8,140.3,34.7,184.3,224.9,344.0,54.2,316.7,377.5,289.6,408.1,227.0
FH,97.9,284.7,371.4,135.6,269.9,378.4,356.7,391.6,13.0,413.9,425.7,393.8,363.8,106.5,192.6,308.7,445.7,107.1,473.7,181.6,391.3,0.0,435.2,350.9,293.9,550.5,353.5,102.9,328.7,105.4,450.0,377.9,156.5,227.7,2003.7,289.4,323.6,350.3,383.4,322.7,367.8,128.2,146.5,415.6,226.9,128.1,375.0,354.8,309.0,519.0,445.4,453.2,446.3,304.2,415.0,393.9,531.1,448.9,417.7,419.4,428.3,324.8,108.3,332.3,424.9,86.6,312.2,356.2,415.8,41.8,401.7,325.7,394.9,396.9,126.7,268.3,384.2,365.3,183.5,114.9,369.9,96.1,137.9,480.9,60.2,389.8
FI,467.0,320.7,400.5,469.3,378.8,62.6,318.5,185.5,435.8,106.6,83.0,248.1,75.9,434.1,409.6,438.9,139.5,457.4,164.2,360.9,223.4,448.6,0.0,376.8,338.8,186.3,153.6,381.7,318.9,456.6,76.5,216.3,368.0,415.2,1694.5,265.4,304.5,89.5,90.2,181.4,190.4,440.1,399.8,60.7,376.3,391.6,239.6,204.0,285.3,191.0,20.5,147.3,102.4,310.2,53.1,50.0,225.2,139.6,228.2,13.9,217.7,392.8,420.2,226.7,118.4,478.6,202.6,234.2,221.0,407.8,112.8,118.3,89.0,260.8,359.4,369.9,258.5,154.7,418.4,402.6,277.7,465.9,449.8,175.0,503.6,101.9
FR,305.1,224.4,78.0,224.9,79.1,295.2,198.5,221.6,328.5,299.0,323.4,160.3,322.2,269.5,165.9,157.6,403.8,314.3,432.2,173.4,147.1,315.4,393.6,0.0,64.3,450.6,224.1,259.9,66.3,212.5,329.7,176.6,215.9,134.2,1775.4,145.2,171.8,308.7,336.5,200.1,181.4,272.6,235.5,374.0,137.0,262.0,130.8,168.1,152.6,448.5,403.5,411.6,293.1,104.2,304.2,352.3,489.5,403.9,179.4,377.5,386.7,31.1,252.7,145.6,383.0,293.5,173.2,160.8,232.9,276.2,282.7,284.1,353.3,152.7,232.5,88.9,170.4,323.7,174.7,249.1,147.4,221.8,321.6,439.3,269.9,348.4
FW,283.3,182.9,161.3,202.9,81.8,256.8,160.8,183.9,291.7,261.3,285.7,122.6,284.5,253.3,118.8,99.7,366.1,268.2,385.9,132.8,109.4,297.7,355.9,56.9,0.0,418.7,192.2,237.9,28.6,196.3,292.0,144.7,168.8,75.6,1797.7,107.5,133.4,270.3,304.1,161.7,143.7,253.2,168.3,336.3,96.4,192.7,98.9,130.4,114.9,417.6,365.1,373.9,255.4,68.6,266.5,314.6,451.8,369.6,141.7,339.8,354.8,88.1,236.9,107.9,344.6,294.9,145.4,123.1,195.3,260.0,244.3,246.4,315.6,114.3,188.9,24.5,132.0,291.8,133.4,232.9,109.7,199.8,260.6,401.6,321.1,310.7
GA,518.4,372.6,505.3,464.0,461.3,190.3,384.4,259.9,487.4,234.0,192.4,348.3,248.8,485.5,461.0,500.2,65.5,509.1,134.7,412.6,323.6,500.3,200.7,456.5,418.4,0.0,228.0,432.6,392.0,468.7,215.5,290.7,419.4,488.3,1666.4,316.8,355.9,140.9,227.1,250.8,265.1,488.3,448.8,258.2,427.7,443.3,339.5,278.4,336.7,72.3,221.3,169.7,211.8,358.8,180.5,159.4,97.6,162.0,328.4,184.6,37.6,512.4,471.6,301.1,141.1,530.0,267.0,308.6,320.9,456.5,222.2,160.4,106.3,360.7,410.8,443.0,296.7,114.5,469.8,454.0,322.0,459.4,501.5,81.4,555.0,221.6
GN,375.9,153.3,275.3,285.0,290.5,80.3,154.4,38.3,344.9,104.9,129.3,122.2,133.1,343.0,231.0,270.2,167.0,366.6,234.5,233.6,104.9,357.5,145.7,226.5,181.9,221.0,0.0,290.6,162.0,322.3,135.6,106.6,240.4,258.3,1737.3,86.8,125.9,119.6,152.7,27.7,81.0,345.8,272.2,178.3,197.7,264.3,120.8,89.8,106.7,260.0,166.6,222.5,99.0,128.8,89.3,122.7,272.1,214.8,82.6,129.9,179.6,282.4,329.1,112.5,193.9,387.5,48.9,120.0,102.4,314.0,88.6,80.2,164.2,142.0,265.1,213.0,112.6,116.6,239.8,275.0,133.4,331.6,359.0,221.9,412.5,159.1
GV,115.9,158.7,300.5,175.9,173.7,318.9,297.5,331.9,89.9,354.7,366.0,333.8,304.6,52.3,157.6,229.7,385.7,106.6,407.0,124.5,312.6,102.5,375.5,270.6,219.6,432.5,293.5,0.0,247.6,65.7,390.3,318.7,131.8,179.7,1944.0,229.4,198.6,290.6,318.9,263.5,308.6,85.8,160.7,355.9,148.2,155.2,296.8,294.8,249.3,459.8,385.9,393.5,386.6,225.7,355.3,334.2,471.9,385.8,358.0,359.4,368.6,253.6,68.6,272.8,364.9,127.0,242.6,296.5,355.9,59.0,342.0,266.5,335.2,355.7,27.3,187.2,324.2,305.6,165.9,165.9,309.9,56.4,98.5,421.7,163.1,330.8
GZ,303.9,133.3,132.6,229.3,147.8,228.8,132.1,155.2,311.6,232.6,257.0,93.9,255.8,273.9,146.8,119.6,337.4,294.6,357.2,152.7,80.7,324.4,327.2,70.8,26.3,384.2,157.7,264.3,0.0,216.9,263.3,110.2,195.2,96.2,1769.0,78.8,107.2,242.3,275.4,131.8,119.7,273.8,188.9,307.6,116.3,263.9,64.4,101.7,86.2,382.1,337.1,345.2,226.7,39.9,237.8,285.9,423.1,340.9,113.0,311.1,340.4,139.7,257.5,79.2,316.6,315.5,116.7,94.4,166.6,280.6,216.3,217.7,286.9,86.3,211.8,44.8,104.0,257.3,154.0,253.5,81.0,226.2,287.0,372.9,338.6,282.0
HQ,86.9,235.1,266.2,30.4,164.7,328.8,307.4,343.0,94.5,364.6,377.1,294.4,314.5,56.9,87.1,203.2,396.1,77.6,417.4,76.4,286.1,107.1,385.9,245.7,194.5,442.9,303.9,47.3,223.2,0.0,400.7,278.8,77.8,122.5,1953.1,239.8,218.4,301.0,328.8,273.4,268.7,56.8,41.0,366.3,121.7,49.4,269.8,255.4,259.7,469.7,395.8,403.9,397.0,198.7,365.7,344.6,481.8,396.2,318.4,369.8,379.0,219.3,40.5,232.9,375.3,98.5,262.9,257.1,366.2,63.6,352.4,276.4,345.6,291.7,71.6,162.8,284.8,316.0,78.3,36.5,270.5,9.2,70.0,431.6,125.0,340.7
IE,481.7,285.2,382.4,450.9,360.7,95.6,284.0,159.9,450.7,70.4,35.2,230.0,90.6,448.8,354.0,420.5,154.2,472.4,137.9,375.9,205.3,463.6,83.5,358.7,327.2,201.0,139.9,396.4,300.8,438.5,0.0,181.8,382.7,397.1,1676.4,230.7,259.1,104.2,86.9,164.2,151.7,451.6,463.7,42.6,319.1,409.6,221.2,169.5,238.1,198.9,62.9,162.0,37.8,294.2,85.8,45.6,206.3,157.7,210.1,69.9,217.7,374.7,435.3,192.2,133.4,493.3,178.9,199.7,202.7,419.8,48.2,119.9,103.7,242.4,373.9,345.7,187.8,156.3,361.2,475.1,213.1,447.8,464.8,189.7,499.7,81.4
IG,394.9,148.9,227.1,320.3,235.7,147.4,148.2,69.9,387.9,151.2,176.8,15.6,200.2,364.9,216.6,233.5,234.1,385.6,309.8,242.1,49.8,400.7,212.8,171.7,140.2,288.1,106.1,333.0,113.8,307.9,181.9,0.0,265.9,210.1,1738.1,94.9,121.5,186.7,219.8,107.4,15.9,368.0,280.7,224.6,183.3,289.8,34.2,33.7,102.3,305.0,233.7,289.6,145.3,105.1,156.4,189.8,339.2,281.9,65.8,197.0,246.7,187.7,348.5,56.4,261.0,450.1,122.9,63.9,107.2,356.9,134.9,147.3,231.3,37.4,308.0,164.8,5.9,183.7,225.4,344.5,72.6,317.2,378.0,289.0,426.5,226.4
IJ,138.5,141.3,279.0,154.4,151.7,370.9,249.5,301.8,136.7,406.7,418.5,286.3,356.6,99.0,135.6,208.2,438.2,129.2,458.0,103.0,291.1,149.5,427.7,248.6,197.4,485.0,263.4,89.4,226.1,88.8,442.8,270.7,0.0,157.7,1937.1,181.9,181.7,343.1,376.2,232.9,260.6,108.4,139.2,408.4,126.7,23.8,274.8,247.3,201.8,482.9,437.9,446.0,439.1,203.7,407.8,386.7,523.9,441.7,310.5,411.9,421.1,232.1,91.7,224.8,417.4,150.1,212.5,249.0,408.6,105.7,394.5,318.5,387.7,296.7,113.7,165.7,276.7,358.1,144.4,34.5,262.4,79.5,121.6,473.7,189.4,382.6
IL,207.6,159.7,171.5,133.0,44.2,329.5,232.8,255.9,215.2,333.3,357.7,194.6,356.5,177.6,146.2,110.4,438.1,198.3,457.9,179.0,181.4,228.1,427.9,123.1,66.1,484.9,258.4,168.0,100.6,120.6,364.0,210.9,198.5,0.0,1829.6,179.5,167.1,343.0,376.1,232.5,220.4,177.5,145.8,408.3,72.3,167.6,165.1,202.4,186.9,482.8,437.8,445.9,327.4,140.6,338.5,386.6,523.8,441.6,213.7,411.8,441.1,124.6,161.2,179.9,417.3,219.2,217.4,195.1,267.3,184.3,317.0,318.4,387.6,187.0,192.6,46.9,204.7,358.0,139.0,157.2,181.7,129.9,190.7,473.6,268.5,382.7
JC,1788.7,1650.8,1645.6,1714.1,1623.9,1528.1,1649.6,1515.5,1796.4,1531.9,1556.3,1493.2,1522.5,1758.7,1686.3,1683.7,1484.9,1779.4,1416.2,1760.1,1468.5,1808.1,1572.3,1621.9,1590.4,1475.1,1564.6,1749.1,1564.0,1701.7,1562.6,1509.5,1779.6,1660.3,0.0,1596.3,1624.7,1536.9,1500.8,1588.9,1525.3,1758.6,1726.9,1522.2,1651.4,1748.7,1484.4,1543.1,1603.7,1418.4,1551.7,1445.3,1526.0,1557.4,1537.1,1567.8,1377.4,1450.2,1473.3,1577.7,1494.9,1637.9,1742.3,1565.8,1475.3,1786.5,1603.6,1536.2,1465.9,1765.4,1515.6,1528.0,1514.7,1505.6,1773.7,1608.9,1503.3,1564.4,1693.5,1738.3,1522.8,1711.0,1771.8,1427.6,1762.9,1495.3
JI,322.4,66.9,188.4,247.8,203.6,159.2,67.5,117.9,292.9,183.8,238.8,104.3,176.9,292.4,145.7,183.3,258.5,313.1,278.3,169.6,129.3,305.7,248.3,139.6,101.5,305.3,78.8,238.5,75.1,235.4,214.5,88.7,170.9,171.4,1816.2,0.0,40.8,163.4,196.5,52.9,83.3,292.3,205.8,228.7,110.8,197.8,113.0,65.3,19.8,303.2,258.2,266.3,177.9,41.9,168.2,207.0,344.2,262.0,128.5,232.2,261.5,195.5,276.0,42.8,237.7,334.0,37.8,67.0,181.4,261.9,167.5,138.8,208.0,126.2,216.0,120.0,94.7,178.4,152.9,210.3,80.4,244.7,305.5,294.0,339.8,203.1
JS,312.9,27.8,212.8,238.3,168.7,216.1,110.1,157.7,311.1,238.3,296.9,128.7,233.8,282.9,134.6,173.8,315.4,303.6,335.2,146.4,153.7,323.7,304.9,164.0,119.4,362.2,135.7,187.2,99.5,225.9,269.0,113.1,153.2,195.8,1829.2,56.8,0.0,220.3,248.1,111.7,103.0,282.8,185.0,285.6,101.3,177.1,137.4,89.7,24.5,389.0,315.1,323.2,232.4,66.3,225.1,263.9,401.1,315.5,152.9,289.1,298.3,219.9,266.5,67.2,294.6,324.5,94.7,91.4,194.3,280.2,222.0,195.7,264.9,150.6,162.2,150.5,119.1,235.3,143.4,192.6,104.8,235.2,296.0,350.9,330.3,259.8
JU,377.4,231.6,364.3,323.0,320.3,74.4,243.4,157.8,346.4,111.1,75.3,206.9,13.4,344.5,320.0,359.2,95.0,368.1,123.4,271.6,182.2,359.0,84.8,315.5,270.9,141.8,125.2,291.6,251.0,327.7,99.6,223.2,278.4,347.3,1653.3,175.8,214.9,0.0,33.0,148.0,162.3,347.3,307.8,65.2,286.7,302.3,198.1,175.6,195.7,168.6,94.7,102.8,95.9,217.8,64.6,43.5,180.7,98.5,187.0,68.7,140.2,371.4,330.6,198.3,74.2,389.0,164.2,249.9,179.6,315.5,106.3,57.6,44.5,219.3,269.8,302.0,217.0,77.2,328.8,313.0,236.5,318.4,360.5,130.5,414.0,39.4
KF,412.5,266.5,325.2,352.9,309.8,97.2,278.5,195.8,376.3,146.2,112.6,172.8,20.6,379.6,355.1,369.6,103.0,398.0,88.9,306.7,148.1,388.9,81.5,307.8,263.5,144.6,160.3,321.5,243.6,387.6,76.1,195.4,313.5,339.9,1619.2,210.9,250.0,35.0,0.0,188.1,205.1,385.6,345.3,31.1,321.8,332.2,170.3,222.7,230.8,154.5,66.9,93.7,114.0,234.9,92.6,71.5,155.4,103.1,152.9,95.2,170.1,323.8,365.7,245.4,82.2,424.1,224.1,215.8,145.7,345.4,130.7,92.7,52.5,185.2,304.9,300.9,189.2,112.3,363.9,348.1,202.4,390.6,390.4,138.5,449.1,5.3
KG,351.6,129.3,251.0,257.2,266.2,104.3,130.1,63.0,320.7,130.8,153.3,110.7,159.0,318.7,203.2,242.4,192.9,338.8,258.5,205.8,130.8,329.7,170.0,202.2,159.1,245.0,23.9,265.8,137.7,298.0,161.5,99.7,217.6,234.0,1763.2,62.5,98.1,143.6,176.7,0.0,89.6,323.0,247.0,204.2,169.9,236.5,129.4,69.2,82.4,263.8,192.5,248.4,124.9,106.0,115.2,148.6,296.1,242.2,108.5,155.8,203.6,258.1,306.7,91.9,217.9,363.2,16.1,99.4,128.4,289.7,112.6,106.1,190.1,130.7,242.3,185.2,99.2,147.1,215.5,257.0,112.8,303.8,334.7,247.8,388.2,183.3
KR,374.4,128.9,240.4,299.8,246.7,131.4,127.7,53.9,367.4,135.2,160.8,41.1,184.2,344.4,196.1,235.3,218.1,365.1,293.8,221.6,72.1,379.9,196.8,182.7,147.7,272.1,85.6,312.5,127.1,287.4,165.9,25.5,245.4,223.4,1726.1,74.4,101.0,170.7,203.8,81.9,0.0,347.5,257.8,208.6,162.8,269.3,59.8,13.2,81.8,289.0,217.7,273.6,129.3,93.9,140.4,173.8,323.2,265.9,49.8,181.0,230.7,198.7,328.0,35.9,245.0,386.0,102.4,43.4,91.3,336.4,118.9,131.3,215.3,63.0,290.5,178.1,31.5,167.7,204.9,280.0,56.8,296.7,357.5,273.0,437.5,210.2
LL,30.0,259.0,316.3,80.5,217.5,361.6,335.9,373.5,122.1,397.4,410.4,344.5,347.3,89.7,137.2,256.0,428.9,17.5,456.9,129.2,336.2,105.4,418.4,298.5,245.3,475.7,336.7,80.1,273.3,50.0,433.5,328.9,113.3,172.6,2003.2,272.6,268.5,336.5,361.6,306.2,321.5,0.0,91.1,399.1,171.8,82.2,322.6,305.5,292.5,480.4,428.6,436.7,429.8,250.5,398.5,377.4,514.6,429.0,368.5,402.6,411.8,272.1,15.6,283.0,408.1,41.6,285.8,307.2,399.3,150.2,385.2,309.2,378.4,344.5,104.4,212.9,337.6,348.8,128.4,73.3,320.6,40.7,9.9,464.4,80.9,373.3
MD,125.2,150.2,251.9,12.8,124.6,364.7,258.1,301.3,130.5,402.9,415.9,272.3,352.8,95.2,110.7,181.1,434.4,113.5,462.4,33.1,264.0,143.0,423.9,221.5,171.0,481.2,272.0,83.2,199.0,35.8,439.0,256.7,116.1,130.6,1910.0,190.5,192.5,336.9,367.1,241.5,248.8,98.3,0.0,404.6,99.6,85.3,249.9,233.3,210.4,485.9,434.1,442.2,435.3,178.3,404.0,382.9,520.1,434.5,296.3,408.1,417.3,205.0,78.4,210.8,411.2,136.8,221.1,235.0,338.2,99.5,388.3,314.7,383.9,269.6,109.9,138.6,264.9,354.3,117.3,78.8,248.4,45.1,105.9,469.9,165.2,378.8
MI,457.8,311.5,339.7,408.2,318.0,113.0,343.7,209.6,426.8,115.4,80.2,187.3,65.9,424.9,380.4,377.8,148.3,448.5,95.2,352.0,162.6,439.7,50.0,316.0,284.5,195.1,184.9,372.5,258.1,395.8,44.9,203.6,358.8,354.4,1633.7,256.2,297.1,80.3,44.2,209.2,219.4,427.7,421.0,0.0,345.5,442.8,178.5,237.2,276.1,193.0,29.4,108.2,82.8,251.5,103.2,90.6,163.6,113.1,167.4,64.0,211.8,332.0,411.4,259.9,127.5,480.6,223.9,230.3,160.0,395.9,93.2,164.9,97.8,199.7,350.0,303.0,197.4,157.6,387.6,432.4,216.9,405.1,440.9,183.8,457.0,38.7
MQ,211.5,87.1,223.4,136.9,67.3,270.0,164.0,200.9,219.1,282.2,348.1,172.6,286.2,181.5,33.2,81.4,367.8,202.2,387.6,58.7,164.3,232.0,357.3,174.6,136.5,414.6,189.6,171.9,110.1,124.5,372.4,157.0,101.2,73.3,1852.6,110.7,96.6,272.7,305.8,163.7,146.9,184.6,97.3,338.0,0.0,125.1,148.0,133.6,121.2,441.4,367.5,375.6,276.3,76.9,337.4,316.3,453.5,371.3,196.6,341.5,350.7,230.5,164.7,111.1,347.0,223.1,138.7,135.3,238.5,188.2,265.9,248.1,317.3,169.9,114.8,161.1,163.0,287.7,42.0,161.1,148.7,133.8,194.6,403.3,228.9,312.4
MY,114.6,169.7,307.4,182.8,180.1,347.0,277.9,360.5,112.8,382.8,394.6,314.7,332.7,75.1,164.0,236.6,414.3,105.3,442.3,131.4,319.5,125.6,403.8,277.0,225.8,461.1,322.1,65.5,254.5,64.9,418.9,299.1,28.3,186.1,1965.5,210.3,210.1,319.2,347.0,291.6,289.0,87.7,170.0,384.5,155.1,0.0,303.2,275.7,230.2,487.9,414.0,422.1,415.2,232.1,383.9,362.8,500.0,414.4,338.9,388.0,397.2,260.5,67.8,253.2,393.5,126.2,281.1,277.4,384.5,81.8,370.6,294.6,363.8,325.1,90.1,194.1,305.1,334.2,172.8,15.4,290.8,55.6,97.7,449.8,165.5,358.7
MZ,427.4,166.1,192.8,303.9,201.4,164.3,165.1,90.7,386.2,168.1,192.5,29.4,217.1,348.5,200.2,199.2,251.0,369.2,320.0,225.7,16.2,437.4,229.7,137.4,105.9,305.0,139.8,338.9,79.5,291.5,198.8,45.7,268.2,175.8,1704.5,111.8,138.4,203.6,236.7,153.2,61.7,348.4,264.3,241.5,166.9,292.1,0.0,71.9,119.2,344.0,250.6,306.5,162.2,72.9,173.3,206.7,356.1,298.8,48.5,213.9,263.6,153.4,331.7,86.1,277.9,415.8,139.8,51.7,102.0,355.2,151.8,164.2,248.2,21.8,328.1,130.5,39.5,200.6,209.0,328.1,38.3,300.8,361.6,305.9,392.2,243.3
NL,361.1,115.6,227.1,286.5,233.4,144.7,114.4,67.2,354.1,148.5,172.9,38.9,238.1,331.1,184.4,222.0,231.4,351.8,339.5,208.3,73.2,366.9,210.4,169.4,140.2,285.4,89.8,299.7,113.8,274.1,179.2,23.3,232.1,210.1,1739.4,61.1,89.5,224.6,257.7,87.6,17.9,331.0,244.5,221.9,149.5,259.0,57.6,0.0,68.5,295.5,231.0,327.5,142.6,80.6,153.7,187.1,336.5,323.2,63.1,194.3,264.1,185.4,314.7,22.6,298.9,372.7,99.0,30.1,104.6,323.1,132.2,144.6,269.2,60.8,277.2,158.7,29.3,181.0,191.6,310.7,43.5,283.4,344.2,286.3,424.2,264.3
OP,322.2,47.0,188.2,247.6,203.4,191.5,85.5,132.4,329.8,213.7,271.1,104.1,209.2,292.2,145.5,183.1,290.8,312.9,310.6,165.6,129.1,342.7,280.6,139.4,101.3,337.6,111.1,206.9,74.9,235.2,244.4,88.5,172.4,171.2,1804.6,32.2,20.9,195.7,228.8,85.2,83.1,292.1,201.8,261.0,110.6,199.3,112.8,65.1,0.0,335.5,290.5,298.6,207.8,41.7,200.5,239.3,376.5,294.3,128.3,264.5,293.8,195.3,275.8,42.6,270.0,333.8,70.1,66.8,169.8,298.9,197.4,171.1,240.3,126.0,184.4,119.8,94.5,210.7,152.7,211.8,80.2,244.5,305.3,326.3,339.6,235.4
OT,526.1,380.1,437.2,483.6,393.4,220.1,392.1,285.0,517.3,241.7,221.0,284.8,185.3,493.2,454.2,482.1,73.2,516.8,56.9,420.3,260.1,529.8,213.0,420.3,376.2,73.6,271.6,434.0,355.6,493.3,216.4,307.9,449.2,451.9,1621.2,324.5,385.7,170.7,141.5,273.8,323.9,518.1,496.4,185.0,420.9,451.0,282.8,312.6,344.4,0.0,192.4,108.1,219.5,326.9,188.2,167.1,34.1,90.9,264.9,192.3,108.2,436.3,501.8,335.3,138.1,537.7,310.6,327.8,257.5,486.3,223.1,181.9,114.0,297.2,418.3,384.5,294.9,136.0,470.7,507.8,314.4,480.5,531.3,16.0,555.9,136.0
OV,487.6,341.6,379.9,448.4,358.2,83.5,383.9,249.8,456.7,127.2,91.2,227.5,96.5,454.7,419.0,418.0,160.1,478.3,136.9,381.8,202.8,469.2,20.5,356.2,318.2,206.9,174.2,401.8,298.3,436.0,55.9,243.8,388.6,394.6,1673.9,286.0,325.1,110.1,90.6,202.0,211.3,457.5,459.0,40.1,385.7,412.5,218.7,224.6,305.9,211.6,0.0,148.4,93.8,289.6,73.7,70.6,203.8,160.2,207.6,34.5,238.3,372.2,440.8,247.3,139.3,499.2,213.2,270.5,200.2,425.7,104.2,138.9,109.6,239.9,376.8,349.3,237.6,175.3,427.8,472.6,257.1,445.3,470.7,195.6,497.2,78.9
OX,481.4,335.1,350.8,419.3,329.1,153.3,354.8,220.7,450.4,197.0,154.2,198.4,98.9,448.5,391.5,388.9,104.9,472.1,28.7,375.6,173.7,463.3,148.7,327.1,295.6,151.7,269.8,396.1,269.2,406.9,143.6,214.7,382.4,365.5,1658.1,279.8,320.7,103.9,77.2,294.1,230.5,451.3,432.1,98.6,356.6,453.9,189.6,248.3,299.7,138.1,128.1,0.0,174.8,262.6,143.5,122.4,97.1,4.8,178.5,147.6,168.4,343.1,435.0,271.0,29.9,491.7,308.8,241.4,171.1,419.5,185.2,161.6,69.3,210.8,373.6,314.1,208.5,181.2,398.7,443.5,228.0,416.2,464.5,140.4,468.1,71.7
OZ,436.6,247.3,345.3,382.2,353.9,82.1,246.1,122.0,405.7,32.5,30.2,159.5,105.6,403.7,316.1,353.7,168.8,427.3,174.5,330.8,136.5,418.5,101.0,289.9,258.4,216.0,102.0,351.3,232.0,405.8,36.5,143.9,337.6,328.3,1713.0,192.8,221.2,121.4,125.2,126.3,113.8,406.5,367.0,79.2,281.2,364.5,152.4,131.6,200.2,213.9,99.5,177.0,0.0,225.4,91.1,60.6,254.9,172.7,137.9,84.9,201.5,305.9,390.2,154.3,148.4,448.2,141.0,161.8,103.5,374.7,10.3,82.0,118.7,173.6,328.8,276.9,149.9,118.4,323.3,377.0,175.2,377.6,419.7,204.7,473.2,131.8
PF,305.5,93.1,146.4,233.0,161.6,200.2,92.1,129.7,313.1,210.3,278.9,100.7,215.8,275.5,129.3,152.8,297.4,296.2,325.4,152.7,87.3,325.7,286.9,97.6,53.0,344.2,117.7,265.9,33.1,218.5,241.0,85.1,195.2,129.4,1775.6,38.8,65.4,202.3,230.1,87.2,75.0,278.6,191.3,267.6,96.0,219.1,69.3,61.7,46.2,348.9,297.1,305.2,204.4,0.0,207.1,245.9,385.2,297.5,124.9,271.1,280.3,153.5,258.7,39.2,276.6,376.0,66.8,63.4,166.6,284.3,194.0,177.7,246.9,91.2,255.1,82.4,91.1,217.3,136.0,259.1,76.8,227.8,288.6,332.9,352.4,241.8
QR,419.7,254.3,364.5,365.3,373.1,9.8,265.3,133.0,388.7,53.4,65.1,178.7,79.2,386.8,333.1,370.7,142.8,410.4,179.4,313.9,155.7,401.6,56.6,309.1,277.6,189.6,100.4,334.4,251.2,370.0,89.4,163.1,320.7,347.5,1719.1,187.3,228.2,104.5,98.8,124.7,133.0,389.6,350.1,117.4,298.2,347.6,171.6,150.8,207.2,187.5,77.2,150.6,85.7,229.3,0.0,33.3,228.5,146.3,157.1,40.5,184.6,325.1,373.3,173.5,122.0,431.3,139.4,181.0,122.7,357.8,96.1,65.1,92.3,192.8,311.9,296.1,169.1,101.5,340.3,360.1,194.4,360.7,402.8,178.3,456.3,105.4
RC,436.0,289.7,390.8,381.6,369.1,49.9,298.5,173.2,405.1,93.6,31.7,238.4,44.9,403.1,380.2,417.8,108.5,426.7,145.1,330.2,213.7,417.9,40.3,367.1,335.6,155.3,140.6,350.7,309.2,386.3,56.0,196.3,337.0,405.5,1684.8,234.4,275.3,58.5,64.5,164.9,166.2,405.9,366.4,96.7,345.3,363.9,229.6,184.0,254.3,153.2,60.9,116.3,52.3,302.6,40.1,0.0,194.2,112.0,218.5,24.2,172.0,383.1,389.6,206.7,87.7,447.6,179.6,214.2,211.1,374.1,62.7,105.3,58.0,250.8,328.2,354.1,202.3,141.7,387.4,376.4,268.0,377.0,419.1,144.0,472.6,71.1
RD,543.0,396.7,403.0,471.5,381.3,227.3,407.0,272.9,512.1,271.0,228.2,250.6,151.1,510.1,442.1,441.1,107.4,533.7,37.4,437.2,225.9,524.9,200.9,379.3,341.3,97.6,322.0,457.7,321.4,459.1,195.8,266.9,444.0,417.7,1587.0,353.7,380.3,165.5,129.4,344.8,282.9,512.9,482.1,150.8,408.8,508.6,241.8,300.5,361.1,34.1,180.3,73.9,233.7,312.7,217.5,196.4,0.0,82.5,230.7,221.6,135.3,395.3,496.6,323.2,103.9,543.9,361.0,293.6,223.5,481.1,244.1,216.1,143.3,263.0,432.2,372.4,260.7,170.2,450.9,499.7,280.2,468.4,526.1,50.1,520.3,123.9
RP,476.5,330.5,355.1,427.0,336.8,144.7,359.1,225.7,441.8,192.1,150.5,202.7,103.2,443.6,394.2,393.2,100.0,463.5,41.2,370.7,178.0,454.4,158.5,331.4,293.4,143.1,224.3,387.5,273.5,411.2,147.9,219.0,377.5,369.8,1662.4,274.9,314.0,99.0,87.7,252.1,235.0,449.6,434.2,102.9,360.9,401.4,193.9,252.6,294.8,135.6,132.4,4.3,169.9,264.8,138.6,117.5,104.8,0.0,182.8,142.7,177.7,347.4,429.7,275.3,25.0,488.1,288.1,245.7,175.6,410.9,176.6,156.7,64.4,215.1,368.9,324.5,216.2,176.3,403.0,451.8,232.3,420.5,455.9,135.5,472.4,76.2
SG,465.6,185.4,231.0,342.1,239.6,137.6,184.2,42.1,423.8,141.4,165.8,46.9,190.4,386.7,240.0,237.4,224.3,407.4,291.8,263.9,22.2,475.6,203.3,175.6,144.1,278.3,91.2,369.5,117.7,329.7,172.1,63.2,301.9,214.0,1703.0,130.9,159.3,176.9,210.0,115.5,51.9,386.6,300.1,214.8,205.1,328.8,38.1,69.7,138.3,288.4,223.9,279.8,135.5,111.1,146.6,180.0,329.4,275.5,0.0,187.2,257.0,191.6,370.3,92.4,251.2,454.0,130.2,89.9,97.5,392.9,125.1,137.5,221.5,59.3,347.0,162.6,57.0,173.9,247.2,366.3,76.5,339.0,399.8,279.2,430.4,216.6
SW,451.9,305.6,406.7,397.5,385.0,47.8,303.4,171.1,420.9,91.5,66.7,254.3,60.8,419.0,396.1,433.7,124.4,442.6,161.0,346.1,229.6,433.8,14.9,383.0,351.5,171.2,138.5,366.6,325.1,402.2,91.0,201.2,352.9,421.4,1700.7,250.3,291.2,74.4,80.4,162.8,171.1,421.8,382.3,75.7,361.2,379.8,245.5,188.9,270.2,169.1,35.5,132.2,87.3,318.5,38.0,34.9,210.1,127.9,234.4,0.0,187.9,399.0,405.5,211.6,103.6,463.5,177.5,219.1,227.0,390.0,97.7,103.2,73.9,266.7,344.1,370.0,207.2,139.6,403.3,392.3,232.5,392.9,435.0,159.9,488.5,87.0
SY,460.5,314.7,447.4,406.1,403.4,208.6,355.2,222.2,429.6,252.3,209.5,268.6,178.8,427.6,403.1,442.3,83.8,451.2,176.1,354.7,245.6,442.1,218.7,399.0,354.7,41.3,190.3,374.7,334.1,410.8,233.8,253.0,361.5,430.4,1707.8,258.9,298.0,159.2,265.3,213.1,227.4,433.6,393.3,276.5,369.8,385.4,261.5,240.7,278.8,108.9,239.6,188.0,230.1,302.6,198.8,177.7,139.0,180.3,247.0,202.9,0.0,415.0,414.1,263.4,159.4,472.1,239.3,270.9,212.5,398.6,240.5,122.7,124.6,282.7,352.7,385.1,259.0,76.8,411.9,400.9,284.3,401.5,443.6,99.7,497.1,259.8
SZ,311.4,202.2,46.8,231.2,85.4,307.4,201.5,224.6,334.9,311.2,336.8,163.3,325.2,275.8,172.2,188.2,394.1,320.6,434.8,179.7,150.1,321.7,372.8,30.5,88.4,448.1,227.1,266.2,96.9,218.8,341.9,179.6,222.2,164.8,1770.8,148.2,174.8,311.7,344.8,201.2,184.3,275.7,241.8,377.0,143.3,268.3,133.8,171.0,155.6,465.0,393.7,414.6,305.3,107.2,316.4,349.8,499.2,410.3,182.4,357.0,406.7,0.0,259.0,148.6,386.0,299.8,176.2,150.8,245.1,282.5,294.9,287.1,356.3,155.7,235.8,119.5,173.4,343.7,181.0,259.4,137.4,228.1,327.9,449.0,276.2,351.2
TE,46.3,243.7,301.0,65.2,199.1,345.9,320.6,358.2,138.3,382.1,395.1,329.2,332.0,74.4,121.9,237.6,413.6,37.4,441.6,110.8,320.9,125.3,403.1,280.5,230.0,460.0,321.0,64.8,258.0,34.7,418.2,313.6,94.9,157.3,1987.9,257.3,252.8,318.1,346.3,290.9,303.1,19.4,75.8,383.8,156.1,66.9,304.6,290.2,277.2,465.1,412.9,421.4,414.5,235.2,383.2,362.1,498.9,413.7,353.2,387.3,396.1,253.7,0.0,267.7,392.8,57.9,270.5,291.9,384.0,169.7,369.9,293.9,363.1,326.5,89.1,197.2,319.2,333.1,113.1,58.0,305.3,25.4,29.4,449.1,97.2,358.0
TX,338.4,92.9,204.4,263.8,227.4,167.2,91.7,89.7,331.3,171.0,195.4,61.4,215.4,308.4,161.7,199.3,253.9,329.1,316.8,185.6,95.7,344.2,232.9,163.4,117.5,307.9,112.3,277.0,91.1,251.4,201.7,45.8,209.4,187.4,1761.9,38.4,66.8,201.9,235.0,91.4,40.4,308.3,221.8,267.2,126.8,236.3,80.1,22.4,45.8,341.7,296.7,304.8,165.1,57.9,176.2,245.5,382.7,300.5,85.6,216.8,286.6,179.4,292.0,0.0,276.2,350.0,76.3,24.1,127.1,300.4,154.7,177.3,246.5,83.3,254.5,136.0,51.8,203.5,168.9,288.0,37.5,260.7,321.5,332.5,355.8,241.6
UC,451.4,305.1,379.4,397.0,357.7,123.3,317.4,249.3,420.4,167.0,124.2,227.0,127.5,418.5,394.0,417.5,74.9,442.1,65.9,345.6,202.3,433.3,133.7,355.7,324.2,121.7,199.2,365.6,297.8,435.5,148.5,243.3,352.4,394.1,1686.7,249.8,288.9,73.9,112.0,227.0,259.3,424.5,384.2,127.2,360.7,376.3,218.2,276.9,269.7,137.8,154.3,28.5,144.8,289.1,113.5,92.4,125.7,24.2,207.1,117.6,156.3,371.7,404.6,299.6,0.0,463.0,238.2,270.0,199.6,389.5,155.2,131.6,39.3,239.4,340.6,348.8,237.1,151.2,402.8,387.0,256.6,392.4,434.5,110.4,488.0,100.5
UE,11.5,342.2,357.3,121.5,255.8,435.9,414.5,450.1,80.3,471.7,483.5,385.5,421.6,130.7,176.6,294.3,503.2,20.7,523.0,167.5,377.2,66.9,493.0,336.8,279.8,560.4,411.0,121.1,314.3,91.0,507.8,369.9,151.6,213.6,2044.2,346.9,307.6,408.1,441.2,385.1,364.5,40.9,134.3,473.4,212.8,120.7,360.9,346.5,366.8,547.9,502.9,511.0,504.1,289.8,472.8,451.7,588.9,506.7,409.5,476.9,506.2,310.4,56.2,324.0,482.4,0.0,370.0,348.2,473.4,111.7,459.5,383.5,452.7,382.8,145.7,260.6,375.9,423.1,169.4,110.3,361.6,81.7,28.0,538.7,39.2,447.8
UG,336.9,114.6,236.3,236.0,241.5,121.3,115.4,79.3,295.9,145.9,171.5,125.8,190.0,304.0,192.0,221.2,208.0,327.6,299.6,184.6,145.9,318.8,186.7,177.5,142.9,262.0,40.9,251.1,123.0,283.3,176.6,120.1,201.4,219.3,1778.3,47.8,76.9,176.5,204.3,10.4,100.1,310.0,233.2,241.8,148.7,225.3,144.5,84.3,67.7,278.9,261.3,279.4,140.0,91.5,130.3,163.7,313.1,271.7,123.6,170.9,220.6,233.4,290.1,107.0,240.8,348.5,0.0,114.5,143.7,265.0,129.6,151.9,221.1,147.7,229.3,164.0,116.2,157.6,200.8,236.0,127.9,282.6,320.0,262.9,373.5,216.0
US,429.2,127.3,212.6,298.2,203.2,164.9,126.1,87.4,365.7,168.7,193.1,59.1,249.8,342.8,196.1,219.0,251.6,363.5,351.2,220.0,77.8,378.6,230.6,139.2,125.7,305.6,110.0,311.4,99.3,285.8,199.4,43.5,243.8,195.6,1759.6,72.8,101.2,236.3,269.4,107.8,38.1,342.7,256.2,242.1,161.2,270.7,61.5,20.1,80.2,315.7,251.2,339.2,162.8,92.7,173.9,207.3,356.7,334.9,83.3,214.5,284.3,155.2,326.4,34.3,310.6,417.6,110.7,0.0,124.8,334.8,152.4,164.8,280.9,81.0,288.9,144.2,49.5,201.2,203.3,322.4,13.4,295.1,355.9,306.5,394.0,276.0
UU,442.3,211.4,287.4,382.3,296.0,87.9,210.3,86.1,411.3,91.6,115.9,103.3,140.6,409.4,278.7,293.9,174.5,433.0,241.9,304.2,78.6,423.8,153.4,232.0,194.7,228.4,107.7,356.5,174.1,370.0,122.3,108.0,327.9,270.4,1680.4,157.0,183.7,127.2,160.1,132.0,82.5,412.1,340.3,165.0,245.3,352.0,94.4,95.8,164.4,245.4,174.0,230.0,85.7,167.4,96.8,130.2,279.6,225.6,83.4,137.4,187.0,248.0,395.8,118.5,201.4,453.9,146.6,126.0,0.0,380.4,75.2,87.7,171.7,115.7,334.6,225.1,113.4,124.0,287.5,406.5,132.9,379.4,425.4,229.4,486.8,166.7
UV,110.3,239.9,326.9,91.1,225.4,333.6,312.2,347.8,30.8,369.4,381.2,349.0,319.3,61.7,147.8,263.9,400.9,101.0,420.7,137.1,346.8,40.7,390.4,306.4,255.9,447.7,308.7,58.1,283.9,60.6,405.5,333.4,111.7,183.2,1959.2,244.6,279.1,305.8,333.6,278.2,323.3,80.2,101.7,371.1,182.4,83.3,330.5,310.0,264.5,452.4,400.6,408.7,401.8,259.4,370.5,349.4,486.6,401.0,373.2,374.6,383.8,280.0,63.9,287.5,380.1,121.9,257.8,311.7,371.1,0.0,357.2,281.2,350.4,352.4,81.9,223.5,339.4,320.8,139.0,70.4,325.1,51.3,93.4,436.4,104.0,345.5
VF,426.2,236.9,334.9,371.8,343.5,71.7,235.7,112.3,395.3,22.1,40.6,149.1,116.0,393.3,304.1,343.3,158.4,416.9,193.5,320.4,126.1,407.8,111.1,279.5,241.5,212.4,91.6,340.9,221.6,395.4,46.9,133.5,327.2,317.9,1723.4,182.4,209.0,111.0,130.3,114.4,107.9,396.1,356.6,89.6,270.8,351.1,142.0,121.2,189.8,229.3,109.9,187.4,10.3,212.9,80.7,71.0,263.5,179.7,127.5,95.3,171.0,295.5,379.4,143.9,158.8,437.8,130.6,151.4,93.0,364.3,0.0,71.6,129.1,163.2,315.4,272.6,139.5,108.0,312.9,361.8,164.8,367.2,409.3,213.3,462.8,142.0
VI,354.5,221.4,331.6,300.1,340.2,52.3,232.4,100.1,323.5,102.9,114.7,145.8,52.8,321.6,300.2,337.8,86.7,345.2,154.2,248.7,122.8,336.4,124.2,276.2,244.7,140.7,67.5,269.2,218.3,304.8,139.0,130.2,255.5,314.6,1692.7,154.4,195.3,39.3,72.4,91.8,100.1,324.4,284.9,104.6,265.3,282.4,138.7,117.9,174.3,150.8,134.1,142.2,86.3,196.4,104.0,82.9,191.8,137.9,124.2,108.1,119.4,292.2,308.1,140.6,113.6,366.1,106.5,148.1,89.8,292.6,75.9,0.0,83.9,159.9,246.7,263.2,136.2,36.3,307.4,294.9,161.5,295.5,337.6,141.6,391.1,79.0
WI,412.0,265.7,398.9,357.6,354.9,83.9,278.0,192.4,381.1,127.6,84.8,256.7,157.2,379.1,356.2,393.8,50.4,402.7,87.0,306.2,232.0,393.9,94.3,350.1,312.0,97.2,159.8,326.7,285.6,362.3,109.1,222.5,313.0,381.9,1716.4,210.4,251.3,34.5,135.5,184.1,192.4,381.9,342.4,151.8,321.3,339.9,247.9,210.2,230.3,95.1,114.9,58.2,105.4,252.4,74.1,53.0,136.1,53.9,236.8,78.2,113.9,406.0,365.6,232.9,29.6,423.6,198.8,240.4,229.4,350.1,115.8,92.2,0.0,269.1,304.2,330.5,266.8,111.8,363.4,352.4,286.3,353.0,395.1,85.9,448.6,130.0
WO,460.3,189.2,225.7,336.8,234.3,176.5,188.2,102.9,419.0,180.3,204.7,23.6,229.3,381.4,233.1,232.1,263.2,402.1,330.7,258.6,28.4,470.6,241.9,170.3,132.3,317.2,146.1,371.8,112.4,324.4,211.0,39.9,301.1,208.7,1716.7,134.9,161.5,215.8,243.6,142.4,55.9,384.5,294.8,253.7,199.8,325.0,32.8,73.7,142.3,356.2,262.8,318.7,174.4,103.7,185.5,218.9,368.3,311.0,60.7,226.1,275.8,186.3,364.6,96.4,290.1,448.7,162.9,84.6,114.3,388.1,164.0,176.4,260.4,0.0,351.0,163.4,33.7,212.8,241.9,361.0,71.2,333.7,394.5,318.1,425.1,255.5
XG,137.9,134.4,276.4,152.1,145.8,294.6,272.9,305.2,112.5,330.1,338.6,309.7,280.0,74.8,129.7,205.9,361.6,128.6,378.1,97.1,288.5,128.3,351.4,242.7,192.2,408.7,266.1,25.4,223.5,88.0,366.2,294.4,103.9,155.1,1919.9,205.3,171.2,263.2,296.3,242.1,284.3,110.8,133.3,331.8,120.8,131.1,272.2,270.7,225.2,413.1,361.3,369.4,362.5,197.8,331.2,310.1,447.3,361.8,333.9,335.3,344.8,229.8,94.5,248.2,337.5,149.5,225.1,272.4,332.0,84.5,314.6,241.9,311.1,328.3,0.0,163.1,296.8,281.5,141.8,143.3,285.8,78.7,120.8,397.1,185.6,302.9
XI,252.9,152.5,193.0,178.3,57.2,289.2,192.5,216.3,260.6,293.0,318.6,154.3,329.2,222.9,94.2,68.6,410.8,243.6,430.6,101.7,141.1,273.4,400.3,82.8,32.3,457.6,218.1,213.3,60.3,165.9,323.7,170.6,144.2,45.2,1829.4,139.2,162.0,315.7,348.8,192.2,175.4,226.0,137.9,381.0,65.3,168.1,124.8,162.1,146.6,484.4,410.5,418.6,287.1,98.2,298.2,359.3,496.5,410.9,173.4,384.5,393.7,114.0,206.1,139.6,390.0,264.5,177.1,154.8,226.9,229.6,276.7,291.1,360.3,146.7,160.8,0.0,164.4,330.7,103.0,202.5,141.4,175.2,236.0,446.3,313.8,355.2
XL,455.7,155.6,221.1,326.5,229.7,153.6,154.4,76.1,394.1,157.4,181.8,9.6,206.4,371.1,222.8,227.5,240.3,391.8,307.8,248.3,43.8,465.7,219.3,165.7,128.4,294.3,112.3,339.2,107.8,314.1,188.1,6.2,272.1,204.1,1732.1,101.1,127.7,192.9,226.0,108.6,22.1,371.0,284.5,230.8,189.5,296.0,28.2,39.9,108.5,333.3,239.9,295.8,151.5,99.1,162.6,196.0,345.4,288.1,72.0,203.2,252.9,181.7,354.7,62.6,267.2,444.1,129.1,70.1,113.5,363.1,141.1,153.5,237.5,31.4,314.2,158.8,0.0,189.9,231.6,306.7,66.6,323.4,384.2,295.2,420.5,232.6
XO,383.6,237.8,370.5,329.2,326.5,98.2,278.3,145.3,352.7,122.5,176.6,191.7,101.9,350.7,326.2,365.4,50.3,374.3,184.2,277.8,168.7,365.2,184.9,322.1,277.1,104.3,113.4,297.8,257.2,333.9,199.7,176.1,284.6,353.5,1742.5,182.0,221.1,125.1,121.5,136.2,150.5,353.5,314.0,153.7,292.9,308.5,184.6,163.8,201.9,121.2,205.5,153.9,132.2,224.0,107.2,143.6,155.4,146.2,170.1,168.8,62.9,338.1,336.8,186.5,125.3,395.2,152.4,194.0,135.6,321.7,121.8,45.8,90.5,205.8,272.8,308.2,182.1,0.0,335.0,324.0,207.4,324.6,366.7,105.2,420.2,128.1
XX,169.4,130.7,213.6,94.8,86.3,313.4,207.4,244.3,177.1,325.6,393.0,216.0,331.1,139.4,7.2,124.8,412.7,160.1,432.5,140.8,207.7,189.9,402.5,218.0,126.2,459.5,233.0,129.8,153.5,82.4,356.3,200.4,160.3,92.3,1871.7,154.1,138.1,317.6,350.7,207.1,195.0,139.3,107.6,382.9,43.3,129.4,191.4,177.0,164.6,457.4,412.4,420.5,319.7,120.3,322.4,361.2,498.4,416.2,240.0,386.4,415.7,166.7,123.0,154.5,391.9,181.0,192.0,178.7,281.7,146.1,309.3,293.0,362.2,213.3,154.4,107.0,206.4,332.6,0.0,119.0,192.1,91.7,152.5,448.2,186.8,357.3
YG,99.1,182.9,320.3,84.7,193.0,336.3,310.1,345.0,97.3,367.3,380.3,346.9,317.2,59.6,176.9,249.5,398.8,89.8,426.8,144.3,371.9,109.8,388.3,289.9,239.4,450.4,306.6,50.0,267.4,49.4,403.4,336.1,41.2,199.0,1957.1,242.5,219.0,308.5,331.5,276.1,321.2,72.2,90.5,369.0,168.0,8.8,312.1,307.9,262.4,450.3,403.3,406.6,399.7,286.2,368.4,347.3,489.3,398.9,371.1,372.5,386.5,273.4,52.3,285.4,378.0,110.7,255.7,309.6,369.2,66.3,355.1,279.1,348.3,368.8,74.3,203.0,337.3,323.5,185.7,0.0,323.0,40.1,82.2,434.3,150.0,343.2
YH,415.8,140.7,199.2,310.3,189.8,178.3,139.5,100.8,379.2,182.1,206.5,72.5,263.2,354.9,208.2,205.6,265.0,425.0,364.6,232.1,64.4,425.8,244.0,125.8,112.3,319.0,123.4,324.8,85.9,297.9,212.8,56.9,257.2,182.2,1752.7,86.2,114.6,249.7,282.8,121.2,51.5,354.8,268.3,255.5,173.3,284.1,48.1,33.5,93.6,329.1,264.6,352.6,176.2,79.3,187.3,220.7,370.1,348.3,96.7,227.9,297.7,141.8,338.5,47.7,324.0,404.2,124.1,13.4,138.2,348.2,165.8,178.2,294.3,70.0,302.3,130.8,62.9,214.6,215.4,334.5,0.0,307.2,368.0,319.9,380.6,289.4
YS,77.6,225.8,275.5,39.7,211.8,319.5,298.1,333.0,85.2,355.3,368.3,334.9,305.2,47.6,96.4,212.5,386.8,68.3,406.6,85.7,295.4,97.8,376.6,255.0,198.0,433.6,294.6,38.5,232.5,9.2,391.4,319.3,68.5,131.8,1945.1,230.5,266.2,291.7,324.8,264.1,309.2,50.7,50.3,357.0,131.0,40.1,279.1,295.9,250.4,460.4,386.5,394.6,387.7,208.0,356.4,335.3,472.5,386.9,359.1,360.5,369.7,228.6,30.8,273.4,366.0,89.2,243.7,297.6,356.9,54.3,343.1,267.1,336.3,301.0,65.9,172.1,325.3,306.7,87.6,27.2,311.0,0.0,60.7,422.3,134.3,331.2
YV,16.8,271.9,329.2,93.4,227.7,374.5,348.8,385.7,108.9,410.3,422.1,357.4,360.2,102.6,150.1,266.2,441.8,7.5,461.6,139.4,349.1,95.4,431.3,308.7,257.5,488.6,349.6,93.0,286.2,62.9,446.4,341.8,123.5,185.5,2016.1,285.5,281.4,346.7,374.5,323.7,331.7,10.1,104.0,412.0,184.7,95.1,332.8,318.4,305.4,515.4,441.5,449.6,442.7,261.7,411.4,390.3,527.5,441.9,381.4,415.5,424.7,282.3,28.5,295.9,421.0,28.4,298.7,320.1,412.0,140.2,398.1,322.1,391.3,354.7,117.3,225.8,347.8,361.7,141.3,82.2,333.5,53.6,0.0,477.3,67.7,386.4
YW,510.1,363.8,453.2,455.7,431.5,182.0,376.1,266.1,479.2,225.7,182.9,300.8,201.3,477.2,454.3,491.9,57.2,500.8,95.0,404.3,276.1,492.0,192.4,429.5,398.0,64.4,233.5,424.8,371.6,460.4,207.2,317.1,411.1,467.9,1637.2,308.5,349.4,132.6,179.6,257.8,266.1,480.0,440.5,201.0,419.4,438.0,292.0,283.9,328.4,9.2,213.0,124.1,203.5,365.0,172.2,151.1,50.1,129.0,280.9,176.3,81.1,445.5,463.7,306.6,132.8,521.7,272.5,343.8,273.5,448.2,213.9,165.9,98.0,313.2,402.3,416.5,310.9,120.0,461.5,450.5,330.4,451.1,493.2,0.0,546.7,174.1
ZF,35.1,320.4,324.5,145.1,259.0,414.1,392.7,428.3,58.6,449.9,461.7,429.5,399.8,185.9,179.8,297.5,481.4,44.3,501.2,191.1,380.4,45.1,471.2,290.7,283.0,538.6,389.2,144.7,317.5,114.6,486.0,413.9,175.2,216.8,2039.7,325.1,358.9,386.3,419.4,363.3,408.5,64.5,157.9,451.6,216.0,144.3,364.1,390.5,345.0,526.1,481.1,489.2,482.3,293.0,451.0,429.9,567.1,484.9,453.7,455.1,484.4,277.6,79.8,368.0,460.6,23.5,348.2,392.2,451.6,89.9,437.7,361.7,430.9,386.0,169.3,263.8,419.9,401.3,172.6,133.9,405.6,105.3,51.6,516.9,0.0,426.0
ZV,419.0,273.0,319.6,388.1,297.9,108.7,285.0,190.2,387.9,141.0,107.0,167.2,27.1,386.1,358.9,357.9,109.5,409.7,83.3,313.2,142.5,400.9,75.9,296.1,257.9,156.3,166.6,333.2,238.0,375.7,70.5,183.7,320.0,334.3,1613.6,217.4,256.5,41.3,11.6,194.6,199.5,392.1,351.8,25.5,325.6,343.7,158.6,217.1,237.3,161.0,55.2,88.1,108.4,229.3,99.1,78.0,143.7,109.6,147.3,89.6,181.6,312.1,372.2,239.8,88.7,430.6,230.6,210.2,140.1,356.9,118.8,99.2,59.0,179.8,311.2,289.0,177.5,118.6,367.5,354.6,196.8,385.0,401.9,145.0,455.6,0.0
