from_stop,AM,AO,AT,BB,BC,BK,BL,BR,BW,BY,CF,CL,CS,CX,CY,DL,EH,EN,ER,EU,FI,FY,GE,GU,HH,IH,IO,IT,JA,JI,JR,JX,KQ,KZ,LH,LN,LO,LQ,MJ,MP,MV,NH,NT,NX,OO,OT,PA,PQ,PY,QQ,QW,QZ,RK,RV,RZ,SK,SW,SX,SZ,TB,TC,TY,UA,UQ,UW,VA,VC,VF,WC,WE,WF,WJ,WM,WQ,WU,WX,WY,XZ,ZB,ZG,ZN,ZO,ZQ
AM,0.0,273.3,130.9,96.1,327.6,167.3,112.3,307.2,189.7,1915.9,313.6,136.8,307.9,146.0,154.0,267.4,93.1,128.6,147.0,350.1,350.8,221.8,337.9,124.6,210.1,288.1,195.7,295.7,305.7,132.2,318.5,207.6,169.3,121.6,292.7,200.4,128.7,94.8,111.4,327.6,112.4,130.4,60.5,336.3,167.7,295.8,170.8,325.7,198.6,120.3,84.6,314.5,91.9,290.3,171.5,256.7,280.0,321.1,278.7,302.7,243.0,91.2,274.5,270.2,195.8,146.6,289.9,26.7,131.2,274.3,161.1,303.2,186.4,322.8,169.0,238.9,233.2,286.7,337.3,159.1,138.3,325.6,363.4
AO,280.2,0.0,266.4,352.3,215.3,310.2,230.8,222.1,430.6,1732.8,81.9,196.7,61.2,372.2,379.9,76.9,279.7,373.2,123.6,213.2,161.2,364.7,166.3,350.8,159.4,52.4,382.2,64.0,74.0,358.4,126.2,182.1,95.2,366.2,207.6,343.1,247.2,321.0,337.6,38.9,361.1,122.0,319.8,58.9,106.0,22.4,398.7,178.1,88.9,239.0,332.8,84.7,173.6,138.1,237.1,70.2,6.6,181.9,193.6,445.6,95.1,233.9,122.3,83.9,338.7,297.5,16.7,306.7,251.0,33.3,404.4,489.7,388.9,179.2,355.9,77.0,419.7,68.8,103.5,171.4,364.2,52.2,135.1
AT,90.3,326.2,0.0,100.6,380.7,120.2,150.4,360.1,161.9,1968.6,307.9,174.4,356.8,115.3,123.0,316.3,62.1,121.5,185.1,409.7,403.7,174.7,390.8,93.9,248.2,337.0,192.2,348.6,300.0,101.5,367.4,245.7,212.2,114.5,345.6,153.1,166.8,64.1,80.7,365.2,109.4,173.1,53.4,385.2,202.7,348.7,163.7,378.6,236.9,158.6,81.1,367.4,130.0,343.2,209.6,309.6,332.9,374.2,331.6,255.6,295.9,103.2,327.4,323.3,148.7,180.7,343.0,61.3,89.5,327.4,157.6,299.7,179.3,375.7,165.9,292.0,229.7,324.8,386.2,197.2,107.3,378.5,412.3
BB,96.9,331.3,94.9,0.0,385.8,144.1,137.2,365.2,89.6,1973.9,346.8,154.7,361.9,129.5,104.9,321.4,75.3,28.8,224.0,404.1,408.8,91.8,395.9,99.3,289.2,342.1,97.9,349.1,338.9,115.7,372.5,276.8,292.8,21.8,350.7,111.2,122.2,78.3,94.9,368.8,16.2,254.6,58.5,390.3,244.9,353.8,71.0,383.7,272.4,129.7,11.6,372.5,190.1,348.3,177.5,314.7,338.0,378.7,336.7,161.3,301.0,102.1,332.5,328.2,115.6,110.2,345.4,71.9,132.8,332.5,64.9,205.4,86.6,380.8,98.8,297.1,135.4,363.7,391.3,238.2,121.1,383.6,417.4
BC,350.0,230.6,442.2,405.5,0.0,376.4,367.9,25.0,455.4,1633.7,216.9,386.6,210.2,462.3,470.0,186.9,395.8,434.4,313.0,50.6,57.3,430.9,80.2,427.1,297.1,209.6,448.4,204.2,214.0,448.5,96.8,322.1,303.1,432.4,48.0,409.3,424.6,411.1,427.7,199.7,421.8,311.5,407.0,160.0,292.1,197.6,464.9,72.0,253.4,427.1,394.0,139.6,363.0,113.0,374.8,193.6,219.6,76.4,62.7,511.8,317.8,295.1,139.3,180.1,404.9,412.6,206.4,371.7,370.9,260.9,465.6,555.9,455.1,73.9,416.7,209.5,480.9,160.4,160.5,309.1,453.9,171.7,83.7
BK,137.9,293.7,119.0,101.8,344.0,0.0,161.3,327.6,119.5,1936.3,334.0,178.8,324.3,153.6,161.3,283.8,99.4,130.7,269.1,377.2,371.2,54.4,358.3,123.4,335.9,304.5,71.9,316.1,326.1,139.8,334.9,300.9,256.4,123.7,313.1,32.8,146.3,102.4,119.0,332.7,118.1,217.3,59.4,352.7,279.2,316.2,88.4,346.1,265.4,153.8,90.3,334.9,194.9,310.7,201.6,277.1,300.4,341.1,299.1,135.3,263.4,64.5,294.9,290.6,28.4,134.3,307.8,96.0,113.2,298.0,94.1,179.4,78.6,343.2,45.2,259.5,109.4,353.3,353.7,262.1,145.6,346.0,379.8
BL,134.5,221.3,104.9,144.8,356.6,164.4,0.0,336.0,185.3,1891.4,230.7,97.2,282.6,150.0,157.7,251.4,57.5,165.7,107.9,385.6,379.6,218.9,366.7,128.6,171.0,232.1,236.4,233.0,222.8,136.2,343.3,168.5,170.7,158.7,321.5,197.3,16.4,98.8,115.4,251.7,153.6,131.6,97.6,275.3,125.5,243.8,207.9,354.5,159.7,8.2,125.3,306.1,52.8,319.1,132.4,244.7,228.0,350.1,307.5,299.8,213.6,147.4,303.3,258.4,192.9,30.2,238.1,105.5,133.7,259.0,201.8,343.9,223.5,351.6,210.1,227.1,273.9,247.6,324.9,120.0,142.0,273.6,388.2
BR,312.6,205.5,352.7,384.7,31.8,342.6,334.1,0.0,460.8,1608.6,196.8,361.0,185.1,428.5,436.2,173.8,369.7,405.6,287.9,72.5,89.2,397.1,112.1,407.1,272.0,189.5,414.6,179.1,188.9,414.7,124.5,297.0,262.4,398.6,14.2,375.5,350.5,377.3,393.9,155.3,393.5,278.0,373.2,139.9,270.3,172.5,431.1,102.6,224.3,342.3,365.2,114.5,337.9,113.9,349.7,180.5,194.5,98.2,28.9,478.0,292.7,266.3,136.0,166.8,371.1,387.5,178.5,339.1,283.4,238.9,436.8,522.1,421.3,99.7,388.3,196.4,452.1,135.3,140.4,284.0,420.5,146.6,115.6
BW,174.9,398.5,145.1,75.4,453.0,104.7,177.9,432.4,0.0,2041.1,364.1,172.5,427.9,32.0,24.3,388.8,117.0,45.6,241.5,472.0,476.0,52.4,463.1,62.4,306.7,408.1,58.7,420.9,356.4,45.7,439.9,258.3,361.2,54.2,417.9,72.0,161.7,81.5,65.9,386.3,58.8,322.3,164.2,456.3,262.4,421.0,31.6,450.9,293.3,170.6,88.5,439.7,230.8,415.5,195.0,380.7,405.2,446.5,403.9,121.9,368.2,175.5,399.9,395.6,76.2,149.7,415.3,145.7,182.7,399.7,24.3,164.8,47.2,448.0,59.4,363.1,96.0,381.2,457.3,255.7,40.0,450.8,483.4
BY,1777.7,1536.5,1748.1,1788.0,1522.2,1833.0,1745.5,1490.3,1762.7,0.0,1527.8,1692.0,1516.1,1793.2,1785.9,1566.6,1700.7,1808.4,1618.9,1562.9,1551.2,1814.0,1556.3,1771.8,1603.0,1520.5,1820.1,1510.1,1519.9,1779.4,1516.2,1628.0,1623.8,1801.9,1504.6,1865.9,1730.5,1742.0,1758.6,1486.3,1796.8,1650.6,1740.8,1470.9,1601.3,1503.5,1793.2,1568.1,1555.3,1738.0,1768.5,1445.5,1668.9,1528.1,1680.7,1573.3,1525.5,1571.9,1519.3,1883.5,1623.7,1756.7,1512.3,1559.6,1861.5,1718.5,1509.5,1748.7,1773.8,1569.9,1787.1,1927.6,1808.8,1569.2,1820.6,1589.2,1857.6,1466.3,1471.4,1615.0,1785.2,1477.6,1525.1
CF,331.1,72.8,337.8,369.7,280.6,361.4,268.2,327.1,347.2,1738.6,0.0,220.3,125.4,379.5,361.8,154.1,290.4,394.3,146.7,273.5,221.5,399.9,226.6,400.5,123.3,30.3,406.0,19.9,9.2,393.2,186.5,100.1,153.3,401.5,312.6,394.3,320.2,331.7,348.3,56.6,407.5,172.9,330.5,80.2,125.8,73.8,379.1,238.4,83.1,276.4,358.2,157.6,211.0,198.4,208.5,147.4,79.5,242.2,298.6,469.4,146.3,285.1,182.6,160.9,389.9,308.2,82.6,338.4,337.9,107.4,373.0,513.5,394.7,239.5,406.9,154.2,443.5,52.5,141.7,142.8,387.5,86.9,195.4
CL,159.4,182.6,129.8,161.6,382.0,189.3,127.2,361.3,186.7,1870.7,192.1,0.0,243.4,174.9,182.5,229.5,82.3,190.5,69.2,400.9,343.9,238.9,392.0,153.5,191.5,192.9,244.9,194.3,184.1,161.1,309.0,147.8,138.1,184.1,346.8,222.2,112.7,123.7,140.3,213.0,178.5,129.2,122.5,236.6,90.1,205.1,218.1,379.8,121.1,119.6,150.7,267.4,55.4,312.4,111.7,223.3,189.3,374.9,332.8,308.4,180.5,172.2,296.1,236.9,217.8,100.1,199.5,130.3,196.7,220.4,212.0,352.4,233.7,376.9,235.1,205.8,282.5,208.9,285.7,99.3,166.8,234.9,317.8
CS,312.7,49.2,315.7,377.1,200.3,343.0,280.1,186.3,473.2,1738.4,125.7,246.5,0.0,421.5,429.2,50.4,329.0,406.0,172.9,177.4,146.2,397.5,151.3,400.1,200.9,101.7,415.0,108.0,117.8,407.7,111.2,225.9,144.5,399.0,171.8,375.9,296.5,370.3,386.9,105.2,393.4,171.5,369.1,46.5,152.0,73.8,431.5,163.1,138.2,288.3,365.6,90.3,222.9,102.3,278.6,57.1,42.5,159.3,157.8,478.4,144.4,266.7,86.5,43.6,371.5,346.8,65.4,338.3,319.5,82.6,437.2,522.5,421.7,143.4,388.3,73.0,452.5,64.2,109.1,212.9,413.5,39.8,120.1
CX,142.6,346.0,113.0,95.8,433.0,132.2,145.8,412.4,46.5,2037.1,355.4,163.8,407.3,0.0,7.6,368.6,84.9,74.3,232.6,462.0,456.0,79.9,443.1,20.9,297.8,356.8,86.0,357.7,347.5,13.6,419.7,285.4,301.4,81.5,397.9,99.3,130.8,49.4,33.8,376.4,87.0,292.9,105.7,400.0,250.2,368.5,59.1,430.9,284.4,138.3,115.8,419.7,198.7,395.5,186.1,361.9,352.7,426.5,383.9,149.4,343.9,155.5,379.7,375.6,103.7,118.8,362.8,113.6,141.8,379.7,53.0,193.5,74.7,428.0,86.5,344.3,123.5,372.3,438.5,246.8,8.0,398.3,464.6
CY,146.3,353.7,120.7,96.4,468.6,124.5,153.5,452.2,40.2,2044.8,363.1,171.0,448.9,7.6,0.0,408.4,91.6,66.6,240.3,491.8,495.8,72.2,482.9,37.8,305.5,364.5,65.1,365.4,355.2,21.3,459.5,293.1,301.8,73.8,437.7,91.6,138.5,57.1,41.5,383.4,66.6,341.6,113.4,417.7,261.2,376.2,51.4,470.7,288.7,146.0,108.1,459.5,206.4,435.3,193.8,401.7,360.4,465.7,423.7,141.7,388.0,189.1,419.5,415.2,96.0,136.5,367.8,122.5,203.7,422.6,32.1,185.8,67.0,467.8,66.0,384.1,102.6,380.0,465.1,254.5,16.0,406.0,504.4
DL,266.1,89.7,266.1,326.6,180.3,292.5,247.5,166.3,410.7,1739.3,163.2,236.3,40.4,378.4,386.1,0.0,320.3,355.5,163.2,146.7,126.2,347.0,131.3,348.2,199.0,133.7,364.5,145.3,155.3,364.6,91.2,230.6,131.7,348.5,151.8,325.4,263.9,327.2,343.8,144.0,342.9,151.3,323.1,87.0,142.3,114.3,381.0,143.1,128.5,255.7,315.1,91.2,213.2,82.3,276.7,6.7,83.0,139.9,137.8,427.9,126.5,216.2,66.5,6.7,321.0,277.8,105.9,289.0,269.0,56.6,386.7,472.0,371.2,123.4,337.8,22.5,402.0,104.7,110.0,211.0,370.4,80.3,100.1
EH,72.9,261.0,47.3,78.2,363.1,105.8,60.8,346.7,122.4,1952.1,270.4,78.3,342.4,92.4,137.0,301.9,0.0,107.1,147.6,386.3,390.3,175.1,377.4,70.0,212.8,272.8,181.2,272.7,262.5,78.6,353.0,200.4,209.1,100.1,332.2,138.7,45.8,41.2,57.8,292.4,95.5,236.1,40.0,315.0,168.5,283.5,154.3,365.2,196.0,54.3,66.7,354.0,113.7,329.8,101.1,296.2,267.7,360.2,318.2,244.6,282.5,83.6,313.0,309.7,135.3,33.8,275.1,49.1,113.3,317.1,148.2,288.7,169.9,362.3,182.1,277.6,218.7,287.3,371.8,161.8,84.0,313.3,397.9
EN,130.7,361.1,124.7,29.7,411.4,115.2,167.0,395.0,62.1,2003.7,376.6,184.4,391.7,93.7,76.0,351.2,105.1,0.0,253.8,433.9,438.6,62.9,425.7,129.1,319.0,371.9,69.0,378.9,368.7,107.4,402.3,306.6,322.6,7.1,380.5,82.3,152.0,108.1,124.7,396.9,13.1,284.7,88.3,420.1,274.7,383.6,42.1,413.5,305.6,159.5,41.4,402.3,219.9,378.1,207.3,344.5,367.8,408.5,366.5,132.4,330.8,138.0,362.3,358.0,86.7,140.0,377.9,101.7,194.4,362.3,36.0,176.5,57.7,410.6,69.9,326.9,106.5,393.5,421.1,268.0,101.7,413.4,447.2
ER,146.7,113.3,203.4,243.3,312.6,293.3,107.1,292.0,261.2,1825.7,122.7,73.0,174.6,248.5,256.2,160.7,156.0,264.2,0.0,341.6,274.6,347.8,322.7,227.1,122.2,124.1,365.3,125.0,114.8,234.7,239.6,153.8,68.7,257.2,277.5,326.2,123.5,197.3,213.9,143.7,252.1,60.2,196.1,167.3,17.5,135.8,291.7,310.5,51.7,115.3,223.8,198.1,49.9,243.1,126.2,154.0,120.0,306.1,263.5,428.7,111.2,217.0,227.3,167.7,321.8,173.8,130.1,204.0,232.2,151.0,285.6,472.8,307.3,307.6,339.0,136.4,402.8,139.6,216.9,134.2,240.5,165.6,248.5
EU,357.9,196.8,395.1,418.4,62.0,384.3,376.5,86.4,504.4,1695.1,273.3,416.8,184.3,470.9,477.9,154.3,456.9,448.0,343.2,0.0,89.5,439.5,81.2,448.8,358.5,266.0,456.3,265.6,275.4,457.1,110.9,383.5,304.1,440.3,92.0,417.9,392.2,419.7,436.3,252.8,445.4,320.4,415.6,216.4,321.6,259.0,473.5,69.0,311.5,384.0,417.6,201.0,356.1,62.3,436.2,161.7,190.1,63.9,78.0,520.4,292.0,308.0,83.7,147.5,413.5,464.0,215.0,380.8,389.5,207.9,489.2,563.8,463.7,23.2,440.3,187.6,493.8,221.8,216.9,370.5,462.2,233.1,105.9
FI,357.9,150.5,398.0,430.0,54.0,387.9,379.4,79.1,506.1,1687.8,221.3,347.3,148.1,473.8,481.5,129.5,448.9,450.9,274.2,83.0,0.0,442.4,22.8,452.4,296.5,203.0,459.9,203.6,213.4,460.0,35.2,321.5,245.8,443.9,94.9,420.8,395.8,422.6,439.2,179.8,438.8,272.6,418.5,164.4,256.6,175.1,476.4,14.6,248.8,387.6,410.5,115.7,324.2,83.2,374.2,136.2,143.8,18.4,80.9,523.3,245.7,311.6,91.8,122.5,416.4,466.7,169.4,384.4,328.7,183.1,482.1,567.4,466.6,49.0,433.6,152.1,497.4,159.8,219.6,308.5,465.8,159.1,26.3
FY,190.2,346.0,171.3,101.7,400.5,52.2,213.6,379.9,63.6,1988.6,386.3,231.6,376.6,96.6,88.9,336.1,152.7,80.2,321.4,429.5,423.5,0.0,410.6,117.6,388.2,356.8,17.4,368.4,378.4,110.3,387.2,323.2,308.7,87.4,365.4,19.3,198.6,154.7,130.5,385.0,92.9,269.6,111.7,405.0,330.7,368.5,33.9,398.4,317.7,206.1,142.6,387.2,247.2,363.0,253.9,329.4,352.7,394.0,351.4,80.8,315.7,123.0,347.2,343.1,23.7,186.6,362.8,148.3,109.3,347.2,39.6,124.9,24.1,395.5,6.5,311.8,54.9,405.6,406.0,314.4,104.6,398.3,432.1
GE,355.0,165.6,395.1,427.1,66.9,385.0,376.5,92.0,503.2,1700.7,236.4,362.4,163.2,470.9,478.6,144.6,461.8,448.0,289.3,80.1,12.8,439.5,0.0,449.5,311.6,218.1,457.0,218.7,228.5,457.1,50.3,336.6,260.9,441.0,92.0,417.9,392.9,419.7,436.3,194.9,435.9,320.4,415.6,179.5,271.7,190.2,473.5,11.7,263.9,384.7,407.6,130.8,339.3,80.3,389.3,151.3,158.9,15.5,78.0,520.4,260.8,308.7,102.4,137.6,413.5,406.8,184.5,381.5,325.8,198.2,479.2,564.5,463.7,46.1,430.7,167.2,494.5,174.9,232.5,323.6,462.9,174.2,41.4
GU,121.8,315.8,82.8,134.3,407.8,153.6,115.6,382.2,67.9,2016.1,325.2,133.6,377.1,21.3,37.8,338.4,53.7,104.5,202.4,421.1,425.8,101.3,412.9,0.0,267.6,326.6,107.4,336.7,317.3,16.3,389.5,264.4,263.9,102.9,376.9,120.7,100.6,19.2,3.7,354.7,108.9,262.7,75.5,369.8,232.5,338.3,80.5,400.7,260.0,108.1,137.2,389.5,168.5,365.3,155.9,331.7,322.5,395.7,353.7,170.8,313.7,128.3,349.5,354.4,125.1,88.6,329.9,83.4,149.8,358.7,74.4,214.9,96.1,397.8,108.3,323.3,144.9,342.1,408.3,216.6,12.9,368.1,434.4
HH,216.9,145.4,272.0,311.9,344.7,331.5,177.3,324.1,301.6,1806.1,103.1,161.2,192.9,332.5,324.8,192.8,224.6,347.3,151.9,373.7,289.0,352.9,294.1,295.7,0.0,115.8,359.0,105.4,95.2,346.2,254.0,53.1,143.4,354.5,309.6,372.3,193.7,265.9,282.5,124.1,360.0,170.2,264.7,147.7,120.9,141.3,332.1,342.6,74.9,185.5,292.4,183.3,120.1,265.9,125.3,186.1,152.1,338.2,295.6,422.4,143.3,260.0,250.1,199.8,376.7,242.4,147.3,272.6,300.8,183.1,326.0,466.5,347.7,339.7,359.5,168.5,396.5,120.0,209.2,59.6,340.5,154.4,262.9
IH,304.6,42.4,287.2,365.1,257.8,331.0,245.7,296.7,376.9,1750.4,29.4,212.1,103.7,409.0,401.3,123.7,294.6,423.8,138.5,245.7,203.7,385.5,208.8,356.9,122.6,0.0,403.0,11.5,21.5,422.7,168.7,129.6,122.9,431.0,282.2,363.9,262.1,335.9,352.5,67.7,437.0,142.5,334.7,92.0,117.6,64.9,408.6,220.6,74.9,253.9,353.6,127.2,188.5,180.6,200.3,117.0,49.1,224.4,268.2,466.4,115.9,254.7,164.8,130.5,359.5,312.4,56.5,326.3,307.5,80.1,402.5,510.5,424.2,221.7,376.3,123.8,440.5,64.3,146.0,134.6,417.0,94.7,177.6
IO,203.5,359.3,184.6,91.9,409.6,65.5,226.9,393.2,45.5,2001.9,399.6,219.0,389.9,78.5,70.8,349.4,165.0,62.1,334.7,432.1,436.8,13.2,423.9,99.5,401.5,370.1,0.0,381.7,391.7,92.2,400.5,305.1,322.0,69.3,378.7,32.6,211.9,128.0,112.4,398.3,75.3,282.9,125.0,418.3,344.8,381.8,15.8,411.7,327.6,219.4,103.6,400.5,260.5,376.3,241.8,342.7,366.0,406.7,364.7,63.3,329.0,130.1,360.5,356.2,37.0,199.9,373.4,161.6,162.7,360.5,21.5,107.4,26.0,408.8,20.2,325.1,37.4,418.9,419.3,302.5,86.9,411.6,445.4
IT,311.4,52.8,330.4,370.3,268.2,341.4,234.1,307.1,366.5,1738.8,17.8,200.0,114.1,397.4,389.7,134.1,283.0,412.2,126.9,266.1,214.1,395.9,219.2,354.1,111.0,10.3,413.4,0.0,9.9,411.1,179.1,118.0,126.4,419.4,292.6,374.3,250.5,324.3,340.9,56.8,424.9,153.2,323.1,80.4,109.3,74.0,397.0,231.0,63.3,242.3,350.8,137.6,176.9,191.0,188.7,127.4,59.5,234.8,278.6,476.8,126.3,265.1,175.2,141.1,369.9,300.8,69.6,331.0,282.2,90.5,390.9,520.9,412.6,232.1,387.1,134.2,450.9,52.7,141.9,123.0,405.4,87.1,188.0
JA,322.1,63.5,345.7,423.7,266.3,352.1,244.6,317.8,356.5,1729.3,7.8,210.5,116.1,387.4,379.7,144.8,298.3,402.2,137.4,264.2,212.2,407.8,217.3,408.4,131.2,21.0,413.9,10.6,0.0,401.1,177.2,108.0,137.1,409.4,303.3,385.0,261.0,339.6,356.2,47.3,414.9,163.9,338.4,70.9,119.8,64.5,387.0,229.1,73.8,252.8,366.1,148.3,187.4,189.1,199.2,138.1,70.2,232.9,289.3,477.3,137.0,275.8,173.3,151.8,380.6,316.1,70.5,346.3,292.9,101.2,380.9,521.4,402.6,230.2,397.8,144.9,451.4,43.2,132.4,133.5,395.4,77.6,186.1
JI,128.9,332.3,99.3,109.6,419.3,146.0,132.1,398.7,60.3,2023.4,341.7,150.1,393.6,13.7,21.4,354.9,71.2,88.1,218.9,448.3,442.3,93.7,429.4,7.2,284.1,343.1,99.8,344.0,333.8,0.0,406.0,271.7,287.7,95.3,384.2,113.1,117.1,35.7,20.1,362.7,100.8,279.2,92.0,386.3,236.5,354.8,72.9,417.2,270.7,124.6,129.6,406.0,185.0,381.8,172.4,348.2,339.0,412.8,370.2,163.2,330.2,141.8,366.0,361.9,117.5,105.1,349.1,99.9,128.1,366.0,66.8,207.3,88.5,414.3,100.3,330.6,137.3,358.6,424.8,233.1,5.7,384.6,450.9
JR,315.4,115.2,355.5,379.5,89.0,345.4,336.9,114.1,463.6,1722.8,186.0,312.0,112.8,431.3,452.2,94.2,396.0,408.4,238.9,109.5,34.9,399.9,40.0,401.1,261.2,167.7,417.4,168.3,178.1,417.5,0.0,286.2,217.4,401.4,132.1,378.3,353.3,380.1,396.7,163.8,395.8,237.3,376.0,129.1,218.0,139.8,433.9,51.8,200.8,345.1,368.0,80.4,288.9,72.3,338.9,100.9,108.5,55.6,118.1,480.8,210.4,269.1,56.5,87.4,373.9,367.2,131.4,340.7,339.9,145.5,439.6,524.9,424.1,86.2,390.7,116.8,454.9,124.5,99.2,273.2,422.9,123.8,8.9
JX,207.6,178.0,237.6,315.6,377.4,297.1,168.0,356.8,248.4,1771.2,105.1,151.9,225.6,279.3,271.6,225.5,190.2,294.1,142.6,382.9,330.9,299.7,336.0,300.3,60.2,135.5,305.8,125.1,114.4,293.0,295.9,0.0,211.4,301.3,342.3,319.1,220.0,231.5,248.1,156.8,306.8,202.9,230.3,180.4,160.2,174.0,278.9,347.8,107.6,176.2,258.0,225.2,110.8,307.8,150.5,218.8,184.7,351.6,328.3,369.2,176.0,280.1,292.0,232.5,323.5,208.0,180.0,238.2,266.4,215.7,272.8,413.3,294.5,348.9,306.3,201.2,343.3,152.7,251.1,101.6,287.3,187.1,304.8
KQ,164.3,97.3,180.0,293.9,282.4,259.8,161.4,266.0,327.8,1830.2,144.9,141.5,165.9,316.5,337.4,142.0,225.0,322.8,67.9,305.6,258.6,314.3,296.7,288.2,139.5,115.4,324.9,119.7,129.7,302.7,230.9,171.1,0.0,315.8,251.5,292.7,177.8,265.3,281.9,151.6,303.3,26.9,264.1,163.6,80.5,119.8,348.3,284.5,65.6,162.7,275.5,182.1,117.9,217.1,217.2,128.0,104.0,279.5,237.5,395.2,85.2,176.6,208.6,148.8,288.3,184.8,111.4,186.0,285.3,131.9,347.1,432.4,338.5,281.6,298.2,110.4,362.4,156.9,200.9,151.5,308.1,149.6,232.5
KZ,123.7,353.9,117.5,22.5,408.4,122.2,159.8,387.8,67.7,1996.5,369.4,177.3,384.5,100.7,83.0,344.0,97.9,6.9,246.6,426.7,431.4,69.9,418.5,121.9,311.8,364.7,76.0,371.7,361.5,138.3,395.1,299.4,315.4,0.0,373.3,89.3,144.8,100.9,117.5,389.7,5.9,277.7,81.1,412.9,267.5,376.4,49.1,406.3,298.4,152.3,34.2,395.1,212.7,370.9,200.1,337.3,360.6,401.9,359.3,139.4,323.6,124.7,355.1,350.8,93.7,132.8,368.0,94.5,155.4,355.1,43.0,183.5,64.7,403.4,76.9,319.7,113.5,386.3,413.9,260.8,108.7,406.2,440.0
LH,298.3,220.0,338.4,370.4,35.0,328.3,319.8,14.4,446.5,1623.1,211.3,359.6,199.6,414.2,421.9,159.5,384.2,391.3,286.5,75.7,92.4,382.8,115.3,392.8,286.5,204.0,400.3,193.6,203.4,400.4,127.7,311.5,248.1,384.3,0.0,361.2,336.2,363.0,379.6,169.8,379.2,263.7,358.9,154.4,268.9,187.0,416.8,88.3,238.8,328.0,350.9,129.0,299.4,99.6,364.2,166.2,209.0,83.9,14.6,463.7,249.8,252.0,121.7,152.5,356.8,350.1,193.0,324.8,269.1,253.4,422.5,507.8,407.0,85.4,374.0,182.1,437.8,149.8,154.9,298.5,406.2,161.1,118.8
LN,170.5,326.6,151.9,134.7,376.9,32.8,194.2,360.5,86.6,1969.2,366.9,211.6,357.2,118.2,100.5,316.7,132.3,101.8,302.0,400.1,404.1,21.5,391.2,156.3,368.8,337.4,39.0,349.0,359.0,131.9,367.8,333.8,289.3,109.0,346.0,0.0,179.2,135.3,151.9,380.9,115.0,249.9,92.3,385.6,312.1,349.1,55.5,379.0,298.3,186.7,123.2,367.8,227.8,343.6,234.5,310.0,333.3,374.0,332.0,102.4,296.3,97.4,327.8,323.5,4.4,167.2,340.7,128.9,182.4,330.9,61.2,146.5,45.7,376.1,12.3,292.4,76.5,386.2,386.6,295.0,126.6,378.9,412.7
LO,118.3,236.3,88.5,120.4,408.5,148.0,15.0,387.9,168.9,1906.4,245.7,112.2,297.6,133.6,154.5,266.4,41.1,149.3,122.9,426.8,431.5,202.5,418.6,112.2,186.0,247.1,220.0,248.0,237.8,119.8,395.2,183.5,185.7,142.3,373.4,180.9,0.0,82.4,99.0,266.0,136.7,146.6,81.2,290.3,143.8,258.8,191.5,406.4,171.3,7.5,108.9,321.1,67.8,371.0,147.4,259.7,243.0,401.4,359.4,283.4,228.6,130.9,355.2,273.2,176.5,13.8,250.4,89.1,155.5,274.0,185.4,327.5,207.1,403.5,193.3,242.1,257.5,262.6,339.9,135.0,125.2,288.6,440.1
LQ,93.1,296.5,63.5,147.0,383.5,183.4,96.3,362.9,97.7,1987.6,305.9,114.3,357.8,51.1,58.8,319.1,35.4,125.5,183.1,412.5,406.5,131.1,393.6,29.7,248.3,307.3,137.2,308.2,298.0,37.3,370.2,235.9,251.9,132.7,348.4,150.5,81.3,0.0,16.5,326.9,138.2,243.4,56.2,350.5,200.7,319.0,110.3,381.4,234.9,88.8,167.0,370.2,149.2,346.0,136.6,312.4,303.2,377.0,334.4,200.6,294.4,106.0,330.2,326.1,154.9,69.3,313.3,64.1,92.3,330.2,104.2,244.7,125.9,378.5,137.7,294.8,174.7,322.8,389.0,197.3,43.1,348.8,415.1
MJ,108.7,312.1,79.1,130.4,399.1,166.8,111.9,378.5,81.1,2003.2,321.5,129.9,373.4,34.5,42.2,334.7,51.0,108.9,198.7,428.1,422.1,114.5,409.2,13.1,263.9,322.9,120.6,323.8,313.6,20.7,385.8,251.5,267.5,116.1,364.0,133.9,96.9,15.5,0.0,342.5,121.6,259.0,71.8,366.1,216.3,334.6,93.7,397.0,250.5,104.4,150.4,385.8,164.8,361.6,152.2,328.0,318.8,392.6,350.0,184.0,310.0,121.6,345.8,341.7,138.3,84.9,328.9,79.7,107.9,345.8,87.6,228.1,109.3,394.1,121.1,310.4,158.1,338.4,404.6,212.9,26.5,364.4,430.7
MP,347.5,67.2,370.9,402.8,255.6,360.6,274.6,260.6,423.8,1716.8,76.3,241.0,105.4,455.9,450.0,144.2,325.3,449.8,167.4,242.8,199.7,432.0,204.8,385.8,151.5,48.1,449.5,58.6,68.4,402.2,164.7,176.5,164.3,457.0,246.1,393.5,291.0,364.8,381.4,0.0,420.9,189.3,363.6,57.5,146.5,34.0,455.5,216.6,105.6,261.9,391.3,134.1,217.4,176.6,229.2,120.6,56.0,222.2,232.1,512.9,162.4,301.2,162.6,134.1,406.0,320.4,41.8,373.3,354.0,102.4,449.4,557.0,471.1,217.7,422.8,144.3,487.0,30.7,121.7,163.5,465.7,65.1,175.4
MV,113.5,347.9,111.5,16.5,398.2,127.8,153.8,381.8,73.3,1990.5,363.4,171.8,378.5,106.3,98.6,338.0,92.9,12.5,240.6,420.7,425.4,75.5,412.5,115.9,305.8,358.7,81.6,365.7,355.5,132.3,389.1,293.4,302.1,5.5,367.3,94.9,138.8,94.9,111.5,384.4,0.0,271.7,75.1,406.9,261.5,370.4,54.7,400.3,289.0,146.3,28.2,389.1,206.7,364.9,194.1,331.3,354.6,395.9,353.3,145.0,317.6,124.9,349.1,344.8,99.3,126.8,362.0,89.7,149.4,352.2,48.6,189.1,70.3,397.4,82.5,313.7,119.1,380.3,407.9,254.8,137.7,400.2,434.0
NH,133.9,136.4,153.2,266.9,279.6,232.8,134.6,258.7,311.6,1867.4,166.0,125.1,197.5,300.3,307.8,159.7,207.6,295.8,51.7,298.3,302.3,287.5,289.4,269.9,165.7,147.2,304.8,158.8,158.3,286.5,251.0,197.3,38.8,288.8,244.2,265.9,151.3,249.1,265.7,186.5,283.7,0.2,194.5,195.4,64.3,158.9,321.5,277.2,95.0,143.1,255.9,221.2,101.7,241.8,178.0,152.7,143.1,273.1,230.2,368.4,121.6,156.5,225.8,166.2,261.5,164.7,153.0,160.7,258.5,170.8,327.0,412.5,311.7,274.3,278.3,134.9,342.8,183.1,240.0,177.7,292.1,188.7,310.7
NT,65.5,272.7,59.5,50.3,327.2,66.7,101.8,306.6,132.0,1915.3,313.0,119.8,303.3,94.1,101.8,262.8,40.9,71.2,188.6,356.2,350.2,134.2,337.3,72.7,253.8,283.5,140.3,295.1,305.1,80.3,313.9,241.4,235.4,64.2,292.1,99.6,86.8,42.9,59.5,311.7,59.1,196.3,0.0,331.7,206.2,295.2,113.4,325.1,244.4,94.3,30.8,313.9,173.9,289.7,142.1,256.1,279.4,320.7,278.1,203.7,242.4,49.7,273.9,269.8,95.2,74.8,289.5,36.5,36.0,273.9,107.3,247.8,129.0,322.2,140.8,238.5,177.8,332.3,332.7,202.8,86.1,325.0,358.8
NX,345.5,65.5,373.7,405.6,217.2,375.8,277.4,224.0,426.4,1700.6,79.1,243.3,45.1,458.7,441.0,95.6,326.3,473.5,170.2,204.4,163.1,430.3,168.2,388.6,154.3,71.8,447.8,61.4,71.2,405.0,128.1,179.3,160.8,480.7,209.5,408.7,293.8,367.6,384.2,56.9,421.9,187.8,366.4,0.0,149.3,54.8,458.3,180.0,106.6,285.6,394.1,86.6,220.2,140.0,232.0,102.3,58.8,184.4,195.5,511.2,160.7,299.5,124.2,88.8,404.3,344.1,60.8,371.1,352.3,98.9,452.2,555.3,454.5,181.1,421.1,118.2,485.3,17.6,103.7,166.3,466.7,6.7,137.0
OO,167.6,92.4,224.3,256.2,291.7,285.9,128.0,271.1,280.7,1804.8,101.8,94.4,153.7,269.4,290.3,139.8,176.9,285.1,20.8,320.7,253.7,340.4,301.8,239.2,101.3,103.2,357.9,104.1,93.9,255.6,218.7,132.9,61.3,278.1,256.6,318.8,144.4,218.2,234.8,122.1,272.5,52.5,217.0,146.4,0.0,114.9,312.6,289.6,27.4,136.2,244.7,177.2,70.8,222.2,179.0,133.1,99.1,284.6,242.6,421.3,90.3,209.6,206.4,146.6,314.4,194.7,109.2,224.9,291.3,127.0,306.5,465.4,364.6,286.7,331.2,115.5,395.4,118.7,196.0,113.3,261.0,144.7,227.6
OT,313.4,33.1,299.6,385.5,230.6,343.4,264.0,237.4,420.6,1732.4,71.9,229.9,76.5,451.5,443.8,110.1,312.9,466.3,156.8,228.5,176.5,397.9,181.6,384.0,147.1,64.6,415.4,54.2,64.0,391.6,141.5,172.1,128.4,399.4,222.9,376.3,280.4,354.2,370.8,16.4,394.3,155.2,353.0,74.0,139.2,0.0,451.1,193.4,99.4,272.2,366.0,100.0,206.8,153.4,224.8,103.4,21.9,197.2,208.9,478.8,128.3,267.1,137.6,117.1,371.9,330.7,6.0,339.9,284.2,66.5,445.0,522.9,422.1,194.5,389.1,110.2,452.9,46.3,118.8,159.1,397.4,67.5,150.4
PA,211.0,366.8,171.0,67.7,421.3,73.0,208.2,400.7,29.6,2009.4,407.1,203.6,397.4,62.6,54.9,356.9,147.6,46.2,272.4,450.3,444.3,20.7,431.4,83.6,337.6,377.6,26.8,389.2,399.2,76.3,408.0,289.2,329.5,53.4,386.2,40.1,193.2,112.1,96.5,405.8,58.9,290.4,132.5,425.8,290.0,389.3,0.0,419.2,338.5,200.7,87.7,408.0,268.0,383.8,225.9,350.2,373.5,414.8,372.2,90.2,336.5,143.8,368.0,363.9,44.5,181.2,383.6,148.0,130.1,368.0,5.6,134.3,15.5,416.3,27.3,332.6,64.3,426.4,426.8,286.6,70.6,419.1,452.9
PQ,343.2,157.8,383.3,415.3,79.1,373.2,364.7,94.7,491.4,1703.4,228.6,354.6,155.4,459.1,466.8,136.8,464.5,436.2,281.5,68.3,25.0,427.7,12.1,437.7,303.8,210.3,445.2,210.9,220.7,445.3,42.5,328.8,253.1,429.2,80.2,406.1,381.1,407.9,424.5,187.1,424.1,308.6,403.8,171.7,263.9,182.4,461.7,0.0,256.1,372.9,395.8,123.0,331.5,68.5,381.5,143.5,151.1,3.8,66.2,508.6,253.0,296.9,90.6,129.8,401.7,395.0,176.7,369.7,314.0,190.4,467.4,552.7,451.9,34.3,418.9,159.4,482.7,167.1,141.8,315.8,451.1,166.4,33.6
PY,257.0,70.4,267.0,294.9,265.5,283.4,170.7,249.1,349.1,1773.9,74.3,137.1,131.7,312.1,363.7,113.8,220.6,323.8,63.5,288.7,231.7,337.9,279.8,290.7,70.4,81.2,355.4,73.2,63.0,298.3,192.7,102.0,75.3,320.8,234.6,312.3,187.1,260.9,277.5,91.2,315.2,95.4,259.7,129.4,42.6,92.9,381.0,267.6,0.0,174.9,287.4,155.2,113.5,200.2,148.1,107.1,77.1,262.6,220.6,418.8,68.3,203.1,184.4,124.6,311.9,233.4,84.5,268.8,259.9,105.0,378.3,458.9,362.1,264.7,324.7,93.5,388.9,87.8,170.0,82.4,303.7,122.7,201.6
QQ,122.3,228.8,96.7,128.6,359.9,156.2,7.5,343.5,177.1,1898.9,238.2,105.3,290.1,141.8,162.7,258.9,49.3,157.5,115.4,383.1,387.1,210.7,374.2,111.6,178.5,239.6,228.2,240.5,230.3,128.0,350.8,176.0,170.9,150.5,329.0,189.1,8.2,90.6,107.2,258.5,144.9,138.8,89.4,282.8,136.3,251.3,199.7,362.0,163.8,0.0,117.1,313.6,60.3,326.6,139.9,252.2,235.5,357.0,315.0,291.6,221.1,139.1,310.8,265.7,184.7,22.0,242.9,97.3,163.7,263.4,193.6,335.7,215.3,359.1,201.5,234.6,265.7,255.1,332.4,127.5,133.8,281.1,395.7
QW,89.2,319.6,83.2,11.4,369.9,155.6,125.5,353.5,101.1,1962.2,335.1,142.9,350.2,117.8,138.7,309.7,64.6,40.3,212.3,392.4,397.1,103.3,384.2,96.4,277.5,330.4,109.4,337.4,327.2,104.0,360.8,265.1,273.8,33.3,339.0,122.7,110.5,66.6,83.2,355.4,27.7,242.9,46.8,378.6,233.2,342.1,82.5,372.0,260.7,118.0,0.0,360.8,178.4,336.6,165.8,303.0,326.3,367.6,325.0,172.8,289.3,96.5,320.8,316.5,127.1,98.5,333.7,60.2,121.1,320.8,76.4,216.9,98.1,369.1,110.3,285.4,146.9,352.0,379.6,226.5,109.8,371.9,405.7
QZ,325.6,114.2,400.1,397.7,159.7,355.6,303.8,166.5,454.2,1648.0,105.5,269.7,93.8,485.1,477.4,144.3,352.7,499.9,196.6,157.6,105.6,410.1,110.7,423.8,180.7,98.2,427.6,87.8,97.6,431.4,70.6,205.7,201.5,411.6,152.0,388.5,320.2,394.0,410.6,64.0,406.5,228.3,392.8,48.6,179.0,81.2,484.7,122.5,133.0,312.0,378.2,0.0,246.6,82.5,258.4,151.0,103.2,126.3,138.0,491.0,201.4,279.3,66.7,137.3,384.1,370.5,87.2,352.1,296.4,147.6,478.6,535.1,434.3,123.6,401.3,166.9,465.1,44.0,25.8,192.7,493.1,55.3,79.5
RK,96.7,207.8,111.4,214.6,320.5,216.1,57.1,299.9,232.5,1838.5,177.8,44.3,255.8,219.8,227.5,215.3,127.3,235.5,55.0,349.5,343.5,270.6,330.6,198.4,118.1,218.6,288.1,180.1,169.9,206.0,307.2,115.6,134.6,228.5,285.4,249.0,73.5,168.6,185.2,198.8,223.4,95.5,167.4,266.8,72.6,230.3,263.0,318.4,106.8,65.3,195.1,307.2,0.0,283.0,79.5,208.6,214.5,314.0,271.4,351.5,177.5,139.8,267.2,222.3,244.6,87.4,224.6,123.2,156.9,226.4,256.9,395.6,278.6,315.5,261.8,191.0,325.6,194.7,326.0,67.1,211.8,260.1,352.1
RV,298.5,134.4,338.6,370.6,126.4,328.5,320.0,119.4,446.7,1728.1,205.2,329.0,122.6,414.4,422.1,92.6,361.2,391.5,255.9,75.0,87.0,383.0,74.1,393.0,280.4,186.9,400.5,187.5,197.3,400.6,104.5,305.4,217.5,384.5,104.9,361.4,336.4,363.2,379.8,163.7,379.4,244.3,359.1,148.3,238.3,159.0,417.0,61.9,232.7,328.2,351.1,99.6,305.9,0.0,358.1,99.3,127.7,57.5,90.9,463.9,229.6,252.2,22.0,85.6,357.0,350.3,153.3,325.0,269.3,146.2,422.7,508.0,407.2,41.0,374.2,115.2,438.0,143.7,118.4,292.4,406.4,143.0,95.6
RZ,176.2,229.4,146.6,186.5,428.7,206.1,144.0,408.1,247.9,1850.0,187.1,120.1,276.9,191.7,199.4,276.8,99.2,207.4,119.6,457.7,373.0,299.2,378.1,170.3,111.6,199.8,305.3,189.4,179.2,177.9,338.0,164.8,188.4,200.4,393.6,239.0,129.0,140.5,157.1,208.1,195.3,179.9,139.3,231.7,137.2,225.3,278.4,426.6,158.9,136.5,167.0,267.3,87.8,349.9,0.0,270.1,236.1,422.2,379.6,368.7,227.3,189.1,334.1,283.8,234.6,117.0,231.3,147.2,175.4,267.1,272.3,412.8,294.0,423.7,251.8,252.5,342.8,204.0,293.2,60.6,183.7,238.4,346.9
SK,259.4,90.2,259.4,319.9,187.0,285.8,240.8,173.0,404.0,1746.0,156.5,229.6,47.1,371.7,392.6,6.7,312.6,348.8,156.5,153.4,132.9,340.3,138.0,341.5,192.3,127.0,357.8,138.6,148.6,357.9,97.9,223.9,125.0,341.8,158.5,318.7,257.2,320.5,337.1,144.5,336.2,144.9,316.4,93.7,135.6,112.7,374.3,149.8,121.8,249.0,308.4,97.9,206.5,89.0,270.0,0.0,89.7,146.6,144.5,421.2,119.8,209.5,73.2,13.5,314.3,271.1,104.3,281.1,262.3,49.9,380.0,465.3,364.5,130.1,331.1,15.8,395.3,111.4,116.7,204.3,363.3,87.0,106.8
SW,286.9,6.6,273.1,359.0,208.6,316.9,237.5,215.4,437.3,1726.1,88.6,203.4,54.5,378.9,386.6,83.6,286.4,379.9,130.3,206.5,154.5,371.4,159.6,357.5,166.1,59.1,388.9,70.7,80.7,365.1,119.5,188.8,101.9,372.9,200.9,349.8,253.9,327.7,344.3,47.7,367.8,128.7,326.5,52.2,112.7,31.2,405.4,171.4,95.6,245.7,339.5,78.0,180.3,131.4,243.8,76.9,0.0,175.2,186.9,452.3,101.8,240.6,115.6,90.6,345.4,304.2,25.5,313.4,257.7,40.0,411.1,496.4,395.6,172.5,362.6,83.7,426.4,69.9,96.8,178.1,370.9,45.5,128.4
SX,343.0,162.2,379.5,402.9,88.5,368.8,360.9,90.9,489.0,1699.6,233.0,359.6,160.4,455.3,476.2,141.2,401.1,432.4,285.9,54.5,29.4,423.9,16.5,424.5,308.2,214.7,440.8,215.3,225.1,441.5,46.9,333.2,264.4,424.8,76.4,401.7,376.7,404.1,420.7,210.8,419.8,304.5,400.0,176.1,265.0,186.8,457.9,4.3,247.8,368.5,391.4,127.4,335.9,64.7,385.9,147.9,155.5,0.0,62.4,504.8,257.4,292.5,86.2,134.4,397.9,390.6,178.4,364.7,363.3,192.5,463.0,548.9,448.1,30.5,414.7,163.8,478.9,171.5,230.8,320.2,446.9,170.8,38.6
SZ,283.6,186.6,323.7,355.7,49.0,313.6,305.1,28.4,431.8,1637.1,225.3,344.9,213.6,399.5,407.2,144.8,346.3,376.6,271.8,89.7,106.4,368.1,85.8,378.1,300.5,218.0,385.6,207.6,217.4,385.7,116.2,325.5,233.4,369.6,13.9,346.5,321.5,348.3,364.9,183.8,364.5,249.0,344.2,168.4,254.2,201.0,402.1,73.6,237.1,313.3,336.2,143.0,284.7,84.9,378.2,151.5,223.0,69.2,0.0,449.0,235.1,237.3,107.0,137.8,342.1,335.4,207.0,310.1,254.4,198.4,407.8,493.1,392.3,70.7,359.3,167.4,423.1,163.8,168.9,312.5,391.5,175.1,107.3
TB,271.8,427.6,252.9,151.9,482.1,133.8,295.2,461.5,113.8,2049.7,467.9,287.8,458.2,146.8,139.1,417.7,234.3,130.4,403.0,511.1,505.1,81.5,492.2,167.8,469.8,438.4,68.2,450.0,460.0,160.5,468.8,373.4,390.3,137.6,447.0,100.9,280.2,196.3,180.7,466.6,143.1,351.2,193.3,486.6,412.3,450.1,84.1,480.0,399.3,287.7,171.9,468.8,328.8,444.6,310.1,411.0,434.3,475.6,433.0,0.0,397.3,204.6,428.8,424.7,105.3,268.2,444.4,229.9,190.9,428.8,89.8,44.0,94.3,477.1,88.1,393.4,25.8,487.2,487.6,370.8,154.8,479.9,513.7
TC,239.1,104.3,225.3,311.2,255.4,269.1,206.7,234.8,387.3,1842.9,144.6,183.8,144.0,355.0,362.7,103.5,266.8,332.1,110.7,284.4,229.8,323.6,265.5,333.6,146.5,115.1,341.1,126.7,136.7,341.2,194.8,178.1,72.3,325.1,220.3,302.0,223.1,303.8,320.4,143.3,320.0,99.1,299.7,190.6,93.1,126.8,357.6,253.3,76.0,214.9,291.7,194.8,160.7,185.9,224.2,96.8,111.0,248.9,206.3,404.5,0.0,192.8,170.1,110.5,297.6,237.0,121.1,265.6,209.9,114.6,363.3,448.6,347.8,250.4,314.8,79.2,378.6,163.9,213.6,158.5,347.0,183.9,203.7
TY,70.7,222.9,163.1,110.3,273.2,76.2,144.5,256.8,194.4,1865.5,264.0,169.1,253.5,162.1,169.8,213.0,107.9,139.2,198.3,296.5,300.4,130.7,287.5,131.9,265.1,233.8,148.2,245.3,255.3,148.3,264.9,239.8,178.3,132.2,242.3,109.1,160.9,110.9,127.5,277.2,126.6,146.2,67.9,288.1,208.4,245.4,164.7,275.3,191.2,152.8,98.8,264.1,124.1,239.9,203.7,212.5,229.6,270.3,228.3,211.6,192.6,0.0,224.2,226.0,104.7,174.8,237.0,92.4,101.7,227.2,170.4,255.7,154.9,272.4,121.5,194.9,185.7,282.5,283.7,191.3,153.7,275.2,309.8
UA,280.0,112.3,316.5,340.5,137.9,306.4,297.9,117.3,424.6,1726.0,183.1,307.4,100.5,392.3,400.0,70.5,338.1,369.4,233.8,80.1,102.8,360.9,89.9,370.9,258.3,164.8,378.4,165.4,175.2,378.5,120.3,283.3,202.3,362.4,102.8,339.3,314.3,341.1,357.7,160.9,356.8,222.4,337.0,126.2,212.9,136.9,394.9,77.7,210.6,306.1,329.0,77.5,283.8,15.7,336.0,77.2,105.6,72.7,88.8,441.8,207.5,230.1,0.0,63.7,334.9,328.2,128.5,301.7,300.9,124.1,400.6,485.9,385.1,56.8,351.7,93.1,415.9,121.6,96.3,270.3,384.3,120.9,111.4
UQ,269.0,82.9,272.9,333.4,175.9,299.3,254.3,159.5,418.9,1732.5,159.4,243.7,33.6,385.2,392.9,6.7,326.1,362.3,170.0,139.9,119.4,353.8,124.5,355.0,205.8,135.4,371.3,141.7,151.5,371.4,84.4,237.4,131.6,355.3,145.0,332.2,270.7,334.0,350.6,138.9,349.7,158.6,329.9,80.2,149.1,107.5,387.8,136.3,135.3,262.5,321.9,84.4,220.0,75.5,283.5,13.5,76.2,133.1,131.0,434.7,133.3,223.0,59.7,0.0,327.8,284.6,99.1,294.6,275.8,63.4,393.5,478.8,378.0,116.6,344.6,29.3,408.8,97.9,103.2,217.8,376.8,73.5,93.3
UW,166.4,322.2,147.5,138.3,376.7,28.4,189.8,356.1,89.6,1964.8,362.5,207.8,352.8,122.6,114.9,312.3,128.9,106.2,297.6,405.7,399.7,25.9,386.8,160.7,364.4,333.0,43.4,344.6,354.6,136.3,363.4,329.4,284.9,113.4,341.6,4.4,174.8,130.9,147.5,361.2,147.1,245.8,87.9,381.2,306.9,344.7,59.9,374.6,293.9,182.3,118.8,363.4,223.4,339.2,230.1,305.6,328.9,370.2,327.6,106.8,291.9,99.2,323.4,319.3,0.0,162.8,339.0,124.5,85.5,323.4,65.6,150.9,50.1,371.7,17.1,288.0,80.9,381.8,382.2,290.6,130.6,374.5,408.3
VA,104.2,248.3,74.6,106.5,394.6,134.1,26.9,374.0,153.8,1918.4,257.7,124.8,309.6,119.7,140.6,278.4,27.2,135.4,134.9,412.9,417.6,188.6,404.7,89.5,198.0,259.1,206.1,260.0,249.8,105.9,381.3,195.5,197.7,128.4,359.5,167.0,11.9,68.5,85.1,278.0,122.8,158.3,67.3,302.3,155.8,270.8,177.6,392.5,186.7,19.4,95.0,381.3,79.8,357.1,159.4,271.7,255.0,387.5,345.5,269.5,240.6,117.1,341.3,285.2,162.6,0.0,265.1,75.2,141.6,282.9,171.5,313.6,193.2,389.6,179.4,254.1,243.6,274.6,400.1,147.0,111.3,300.6,426.2
VC,311.0,27.1,293.6,368.7,229.6,337.4,258.0,231.4,424.9,1738.1,80.3,224.4,67.7,457.2,439.5,104.1,307.9,400.4,150.8,212.5,170.5,391.9,175.6,366.4,152.8,73.0,406.6,59.9,69.7,385.6,132.7,177.8,129.3,393.4,216.9,370.3,274.4,348.2,364.8,37.4,387.8,149.4,347.0,65.4,129.9,5.7,425.9,187.4,109.1,263.4,357.2,94.0,200.8,147.4,230.5,97.4,15.9,191.8,202.9,472.8,122.3,258.3,128.8,108.1,365.9,321.9,0.0,332.7,313.9,57.4,450.7,514.1,416.1,188.5,379.9,101.4,444.1,52.0,112.8,164.8,391.0,61.5,144.4
VF,24.9,302.3,159.9,73.2,352.6,100.8,141.3,336.2,164.1,1944.9,341.4,165.8,331.7,119.5,140.4,291.2,65.3,102.1,176.0,375.8,379.8,155.3,366.9,98.1,239.1,313.1,172.8,324.7,334.7,105.7,342.3,236.6,191.2,96.3,321.7,133.7,156.5,68.3,84.9,356.6,89.5,159.1,34.0,360.1,195.7,324.8,144.3,354.7,224.4,148.3,61.7,343.5,120.9,319.3,200.5,284.5,309.0,349.7,307.7,236.2,272.0,77.6,302.3,299.2,129.3,170.4,316.4,0.0,108.3,306.6,138.2,280.3,159.9,351.8,146.1,266.9,210.3,315.7,361.1,188.1,111.1,354.6,387.2
WC,172.7,284.3,223.3,146.9,352.6,130.8,204.7,336.2,224.0,1944.9,324.6,228.7,314.9,198.7,219.6,274.4,144.5,175.8,239.4,385.8,379.8,185.3,366.9,168.5,326.5,295.1,195.8,306.7,316.7,184.9,343.5,300.0,259.2,168.8,321.7,163.7,221.1,147.5,164.1,323.3,163.2,222.5,104.5,343.3,269.8,306.8,194.3,354.7,256.0,212.9,135.4,343.5,184.3,319.3,263.9,267.7,291.0,349.7,307.7,259.2,254.0,154.9,303.5,281.2,159.3,235.0,301.1,198.3,0.0,285.5,200.0,290.2,178.9,351.8,176.1,250.1,233.3,343.9,362.3,251.5,190.3,336.6,388.4
WE,287.2,43.3,287.2,347.7,226.3,313.6,258.5,209.9,456.9,1776.2,106.5,224.9,84.0,399.5,471.5,43.5,308.4,376.6,151.3,191.0,169.8,368.1,174.9,366.6,187.1,80.1,385.6,91.7,101.7,385.7,134.8,209.8,129.8,369.6,195.4,346.5,274.9,348.3,364.9,97.6,364.0,149.9,344.2,99.2,130.4,65.8,402.1,186.7,113.2,263.6,336.2,128.1,201.3,125.9,264.8,36.8,50.0,182.9,181.4,449.0,122.8,237.3,113.2,53.4,342.1,322.1,57.4,308.9,290.1,0.0,410.9,496.2,392.3,167.0,358.9,43.6,423.1,112.2,146.9,199.1,391.1,95.6,146.8
WF,216.8,372.9,165.3,70.3,427.4,79.1,202.5,406.8,23.9,2015.5,413.2,197.3,403.5,56.9,49.2,363.0,140.9,40.5,266.7,456.4,450.4,26.8,437.5,77.9,331.9,383.7,32.9,395.3,405.3,70.6,414.1,283.5,328.3,47.7,392.3,46.2,187.5,106.4,90.8,427.2,53.7,296.5,138.6,431.9,287.6,395.4,6.0,425.3,344.6,195.0,82.0,414.1,274.1,389.9,220.2,356.3,379.6,420.3,378.3,96.3,342.6,143.7,374.1,369.8,50.6,175.5,387.0,142.3,158.3,377.2,0.0,140.4,21.6,422.4,33.8,338.7,70.4,432.5,432.9,280.9,64.9,425.2,459.0
WJ,305.9,461.7,287.0,194.3,512.0,167.9,329.3,495.6,147.9,2048.7,502.0,321.3,492.3,180.9,163.2,451.8,267.4,164.5,437.1,545.2,539.2,115.6,526.3,201.9,503.9,472.5,102.3,484.1,494.1,194.6,502.9,407.5,424.4,171.7,481.1,135.0,314.3,230.4,214.8,516.0,177.7,385.3,227.4,520.7,447.2,484.2,118.2,514.1,433.4,321.8,206.0,502.9,362.9,478.7,344.2,445.1,468.4,509.1,467.1,34.0,431.4,232.5,462.9,458.6,139.4,302.3,475.8,264.0,238.0,466.0,123.9,0.0,124.6,511.2,122.6,427.5,59.9,521.3,521.7,404.9,188.9,514.0,547.8
WM,221.0,387.2,199.9,83.1,431.3,83.0,223.6,410.7,45.0,2019.4,427.5,219.0,417.8,78.0,70.3,377.3,163.0,61.6,287.8,460.3,454.3,30.7,441.4,99.0,353.0,398.0,16.8,409.6,419.6,91.7,418.0,304.6,339.5,68.8,396.2,50.1,208.6,127.5,111.9,426.2,74.3,300.4,140.3,446.2,305.4,409.7,15.3,429.2,358.9,216.1,103.1,418.0,287.2,393.8,241.3,370.6,393.9,424.8,382.2,80.2,356.9,153.8,378.0,384.3,54.5,196.6,404.0,176.9,140.1,388.4,21.0,124.3,0.0,426.3,37.3,353.0,54.3,446.8,436.8,302.0,86.0,439.5,462.9
WQ,331.7,173.5,371.8,403.8,85.3,361.7,353.2,83.2,479.9,1691.9,280.1,393.0,161.7,447.6,455.3,131.7,453.0,424.7,319.9,33.9,70.8,416.2,57.9,426.2,355.3,226.0,433.7,262.4,272.2,433.8,88.3,380.3,281.5,417.7,68.7,394.6,369.6,396.4,413.0,238.6,412.6,297.1,392.3,223.2,302.3,198.1,450.2,45.7,307.6,361.4,384.3,138.7,332.8,39.0,433.0,138.4,166.8,41.3,54.7,497.1,268.7,285.4,61.1,124.7,390.2,383.5,192.4,358.2,302.5,185.3,455.9,541.2,440.4,0.0,407.4,154.3,471.2,218.6,223.7,367.3,439.6,182.1,79.4
WU,182.9,339.0,164.3,147.1,389.3,45.2,206.6,372.9,74.0,1981.6,379.3,224.6,369.6,105.8,98.1,329.1,144.7,89.4,314.4,422.5,416.5,9.1,403.6,136.0,381.2,349.8,26.6,361.4,371.4,119.5,380.2,346.2,294.4,96.6,358.4,12.3,191.6,147.7,164.3,393.3,102.6,262.8,104.7,398.0,324.5,361.5,43.1,391.4,307.3,199.1,135.6,380.2,240.2,356.0,246.9,322.4,345.7,387.0,344.4,90.0,308.7,109.8,340.2,335.9,16.7,179.6,353.1,142.5,170.0,340.2,48.8,134.1,33.3,388.5,0.0,304.8,64.1,398.6,399.0,307.4,113.8,391.3,425.1
WX,239.9,78.7,243.5,304.0,204.6,269.9,224.9,190.6,388.1,1763.6,145.0,213.7,64.7,355.8,363.5,24.2,296.7,332.9,140.6,171.7,150.5,324.4,155.6,325.6,176.4,115.5,341.9,127.1,137.1,342.0,115.5,208.0,102.2,325.9,176.1,302.8,241.3,304.6,321.2,133.0,320.3,129.0,300.5,111.3,119.7,101.2,358.4,167.4,102.5,233.1,292.5,115.5,190.6,106.6,254.1,17.5,85.4,163.6,162.1,405.3,103.9,193.6,90.8,31.0,298.4,255.2,95.5,265.2,246.4,35.3,364.1,449.4,348.6,147.7,315.2,0.0,379.4,129.0,134.3,188.4,347.8,104.6,124.4
WY,245.9,401.7,227.0,134.3,452.0,107.9,269.3,435.6,89.3,2044.3,442.0,261.3,432.3,120.9,103.2,391.8,207.4,104.5,377.1,485.2,479.2,55.6,466.3,141.9,443.9,412.5,42.3,424.1,434.1,134.6,442.9,347.5,357.1,111.7,421.1,75.0,254.3,170.4,154.8,456.0,117.7,325.5,167.4,460.7,387.2,424.2,58.2,454.1,370.0,261.8,146.0,442.9,302.9,418.7,284.2,385.1,408.4,449.7,407.1,25.8,371.4,172.5,402.9,398.6,79.4,242.3,418.5,204.0,205.1,402.9,63.9,69.9,68.4,451.2,62.6,367.5,0.0,461.3,461.7,344.9,128.9,454.0,487.8
XZ,342.4,70.3,356.0,395.9,223.0,372.4,259.7,229.8,410.1,1686.0,61.4,225.6,72.8,441.0,433.3,123.3,308.6,455.8,152.5,220.9,168.9,426.9,174.0,379.7,136.6,54.1,444.4,43.7,53.5,387.3,133.9,161.6,157.4,463.0,215.3,405.3,276.1,349.9,366.5,19.9,404.7,184.2,348.7,27.6,134.9,37.1,440.6,185.8,88.9,267.9,376.4,63.2,202.5,145.8,214.3,130.0,59.1,189.6,201.3,507.8,157.3,296.1,130.0,116.3,400.9,326.4,43.1,356.6,313.2,103.7,434.5,551.9,456.2,186.9,418.1,145.9,481.9,0.0,89.1,148.6,449.0,34.3,142.8
ZB,334.6,93.2,359.7,399.0,169.0,364.9,324.1,175.8,489.4,1684.4,141.9,290.0,90.8,450.8,458.5,113.7,373.0,427.9,216.9,156.9,114.9,419.4,120.0,420.6,217.1,134.6,436.9,124.2,134.0,437.0,79.9,242.1,195.4,420.9,161.3,397.8,340.5,399.6,416.2,121.4,415.3,215.0,395.5,85.0,196.0,117.6,453.4,131.8,169.4,332.3,387.5,36.3,266.9,91.8,294.8,120.4,86.5,136.2,147.3,500.3,188.4,288.6,76.0,106.9,393.4,390.8,112.1,360.2,359.4,123.5,459.1,544.4,443.6,132.9,410.2,136.3,474.4,80.4,0.0,229.1,442.4,91.7,88.8
ZG,157.2,168.7,212.3,252.2,381.0,271.8,117.6,360.4,313.6,1829.4,126.4,101.5,216.2,257.4,265.1,216.1,164.9,273.1,92.2,410.0,312.3,364.9,317.4,236.0,50.9,139.1,371.0,128.7,118.5,243.6,277.3,104.1,161.0,266.1,345.9,304.7,134.0,206.2,222.8,147.4,261.0,152.5,205.0,171.0,109.8,164.6,344.1,378.9,98.2,125.8,232.7,206.6,60.4,289.2,65.6,209.4,175.4,374.5,331.9,434.4,166.6,200.3,273.4,223.1,300.3,182.7,170.6,212.9,241.1,206.4,338.0,478.5,359.7,376.0,317.5,191.8,408.5,143.3,232.5,0.0,249.4,177.7,286.2
ZN,130.6,338.0,105.0,112.1,420.8,140.6,137.8,404.4,55.9,2029.1,347.0,155.3,398.9,8.0,28.8,360.6,75.9,82.7,224.6,444.0,448.0,87.9,435.1,12.9,289.8,348.8,94.0,349.7,339.5,5.6,411.3,277.4,286.1,89.9,389.9,107.7,122.8,41.4,25.8,367.7,95.5,285.1,97.7,392.0,245.5,360.5,67.1,422.9,273.0,130.3,123.8,411.7,190.7,387.5,178.1,353.9,344.7,417.9,375.9,157.4,335.9,141.3,371.3,367.0,111.7,110.4,352.1,106.8,171.6,372.6,61.4,201.5,82.7,420.0,94.9,336.3,131.5,364.3,430.1,238.8,0.0,390.3,456.6
ZO,339.1,58.8,325.3,411.2,210.5,369.1,284.1,217.3,434.5,1707.3,85.8,250.0,38.4,465.4,457.7,88.9,333.0,480.2,176.9,208.4,156.4,423.6,161.5,404.1,161.0,78.5,441.1,68.1,77.9,411.7,121.4,186.0,154.1,425.1,202.8,402.0,300.5,374.3,390.9,44.3,420.0,180.9,373.1,6.7,159.3,61.5,465.0,173.3,113.3,292.3,391.7,79.9,226.9,133.3,238.7,95.6,52.1,177.1,188.8,504.5,154.0,292.8,117.5,81.9,397.6,350.8,67.5,365.6,309.9,92.2,458.9,548.6,447.8,174.4,414.8,111.5,478.6,24.3,98.7,173.0,473.4,0.0,130.3
ZQ,324.3,124.1,364.4,388.4,80.1,354.3,345.8,105.2,472.5,1713.9,194.9,320.9,121.7,440.2,461.1,103.1,403.9,417.3,247.8,100.6,26.0,408.8,31.1,418.8,270.1,176.6,426.3,177.2,187.0,426.4,8.9,295.1,226.3,410.3,123.2,387.2,362.2,389.0,405.6,153.4,404.7,245.9,384.9,138.0,226.9,148.7,442.8,42.9,209.7,354.0,376.9,89.3,297.8,81.2,347.8,109.8,117.4,46.7,109.2,489.7,219.3,278.0,65.4,96.3,382.8,376.1,140.3,349.6,348.8,154.4,448.5,533.8,433.0,77.3,399.6,125.7,463.8,133.4,108.1,282.1,432.2,132.7,0.0
