from_stop,AB,AC,AH,AN,AQ,AS,AU,BF,BG,BJ,BP,CD,CG,CL,CQ,CX,DC,DJ,DM,DY,EG,EP,EU,EW,FE,FK,GI,GT,GY,HA,HW,ID,IQ,IS,JC,JF,JM,JO,JW,KA,KC,KE,KI,KV,KW,KY,KZ,LA,LI,LX,MD,ME,MF,MS,MU,MW,NA,NB,NI,NJ,NS,NV,NW,NY,OE,OI,OK,OS,OT,OZ,PD,PS,QD,QE,QJ,RE,RN,RS,RT,RW,SG,SR,SY,TF,TG,TH,TJ,TM,TO,TR,TT,TV,TY,TZ,UB,UD,UE,UI,UJ,UO,UT,UV,UW,VA,VI,VN,VT,VV,WG,WH,WP,WR,WU,WW,XA,XI,XM,XR,XS,YC,YU,YY,YZ,ZI,ZL,ZN,ZS,ZT,ZW
AB,0.0,146.0,394.9,63.8,349.0,519.3,358.0,325.6,147.4,268.1,419.2,387.1,346.6,291.7,147.4,242.7,266.9,328.1,446.5,477.7,69.3,102.9,233.9,168.3,242.0,394.9,360.5,208.4,108.4,313.0,319.9,260.6,199.2,328.8,129.9,213.8,423.0,88.8,275.1,159.0,287.8,215.9,191.1,492.6,354.4,61.3,201.5,382.1,306.8,258.0,361.8,395.2,109.1,271.1,349.6,300.3,94.0,316.0,139.3,357.6,201.5,102.0,435.3,63.3,403.8,192.8,445.0,214.2,247.7,103.1,218.7,338.7,27.8,198.2,284.4,230.5,330.5,302.8,2451.9,202.7,217.9,311.6,218.2,323.3,459.2,66.6,150.4,273.7,140.6,300.7,196.6,190.7,182.7,432.3,252.8,352.9,375.2,307.4,195.7,299.5,102.7,113.1,163.6,340.7,348.5,80.9,260.0,55.5,206.7,346.2,412.6,328.0,214.2,178.2,330.2,455.1,253.2,25.7,181.9,344.8,363.8,97.0,303.4,147.8,248.4,290.7,357.3,336.4,249.7
AC,136.3,0.0,396.7,79.6,350.8,521.1,359.3,316.5,158.9,269.9,417.0,388.9,348.4,293.5,149.5,273.4,268.7,317.5,448.3,479.5,103.9,146.8,212.9,188.4,234.0,396.7,349.9,210.2,142.5,314.8,321.7,262.4,199.8,330.6,40.6,188.7,424.8,116.0,276.9,14.5,289.6,217.7,192.9,494.4,339.0,125.7,77.0,373.0,391.9,288.7,351.0,384.4,37.0,359.5,340.5,302.1,141.5,305.4,152.2,359.4,192.4,145.9,437.1,110.8,393.2,116.1,446.8,199.8,249.5,43.8,209.6,328.1,164.1,228.9,255.3,222.5,319.9,304.6,2413.3,93.4,224.1,313.4,220.0,325.1,461.0,119.8,161.9,262.9,142.4,302.5,150.4,66.2,184.3,430.1,283.5,364.4,343.8,296.8,197.5,270.4,106.1,124.6,169.7,342.5,337.7,110.4,261.8,99.4,191.4,348.0,413.9,317.4,255.0,88.9,321.1,456.9,284.2,148.2,183.7,334.2,345.4,132.1,292.6,149.6,250.2,280.1,359.1,338.2,251.5
AH,396.1,388.4,0.0,337.5,366.1,124.3,445.7,270.4,457.5,266.7,506.9,7.7,363.7,120.0,458.5,305.2,247.5,433.8,108.4,139.6,361.8,404.7,434.9,470.7,385.6,56.8,466.2,228.9,419.5,330.1,337.0,259.2,241.7,327.4,372.3,319.9,84.9,312.2,116.4,401.4,137.6,196.5,297.2,154.5,462.0,401.6,364.1,310.8,287.4,320.5,446.4,479.8,351.5,251.7,292.3,60.8,363.6,421.7,366.4,118.5,383.5,403.8,83.1,367.9,492.4,435.2,50.0,320.3,246.3,345.5,367.0,426.4,423.1,260.7,405.1,391.6,418.2,283.4,2729.5,445.1,304.0,150.4,238.7,137.9,121.1,377.7,440.9,365.2,306.7,189.0,317.9,353.3,268.8,520.0,315.3,510.9,502.3,395.1,301.8,390.0,302.3,338.8,338.9,156.6,433.1,386.3,258.6,357.3,249.2,107.1,500.3,415.7,398.9,337.1,329.1,117.0,273.7,390.0,222.2,450.5,435.9,369.3,388.0,256.5,197.3,422.1,27.5,353.5,230.3
AN,88.6,84.8,331.0,0.0,285.1,455.4,307.1,290.6,106.7,204.2,364.8,323.2,282.7,227.8,120.9,178.8,203.0,265.3,363.2,413.8,24.2,67.1,160.7,136.2,181.8,331.0,297.7,144.5,81.9,245.9,256.0,196.7,135.3,264.9,68.7,149.9,359.1,24.9,211.2,97.8,223.9,152.0,127.2,428.7,286.8,78.0,117.7,331.0,236.8,166.5,298.8,332.2,46.0,207.2,312.5,236.4,93.8,253.2,99.4,293.7,140.2,66.2,371.4,63.1,341.0,131.6,381.1,150.3,183.8,41.9,157.4,275.9,116.4,134.3,203.1,170.3,267.7,238.9,2391.9,141.5,154.0,247.7,154.3,259.4,395.3,40.1,109.7,210.7,76.7,236.8,132.7,106.9,109.2,377.9,204.7,312.2,291.6,244.6,131.8,218.2,38.8,72.4,117.5,276.8,270.7,65.7,196.1,19.7,142.8,282.3,339.9,265.2,207.3,90.7,268.9,391.2,189.3,52.4,118.0,282.0,293.2,84.4,240.4,83.9,184.5,227.9,293.4,272.5,185.8
AQ,381.8,374.1,381.2,323.2,0.0,505.6,516.1,340.8,361.5,112.7,577.3,373.4,147.5,278.0,444.2,290.9,144.6,504.2,432.8,464.0,347.5,390.4,438.7,388.3,456.0,381.2,536.6,214.6,405.2,113.9,120.8,105.2,227.4,102.6,358.0,305.6,409.3,297.9,186.2,387.1,198.9,182.4,282.9,478.9,532.4,387.3,349.8,381.2,137.5,306.2,516.8,550.2,337.2,148.8,362.7,211.4,349.3,492.1,352.1,268.7,453.9,389.5,421.6,353.6,562.8,420.9,431.3,306.0,122.7,331.2,437.4,496.8,408.8,246.4,475.5,415.4,488.6,153.5,2626.4,430.8,289.7,222.7,224.4,234.4,445.5,363.4,405.7,435.6,292.4,211.8,303.6,339.0,254.5,590.4,301.0,581.3,572.7,465.5,287.5,460.4,288.0,324.5,324.6,251.8,503.5,372.0,171.1,343.0,234.9,257.3,570.7,486.1,417.1,322.8,399.5,441.4,259.4,375.7,207.9,520.9,506.3,355.0,458.4,242.2,234.7,492.5,343.6,68.5,149.3
AS,500.5,492.8,104.3,441.9,470.5,0.0,550.1,374.8,561.9,371.1,611.3,112.1,468.1,224.4,562.9,409.6,351.9,538.2,212.8,244.0,466.2,509.1,539.3,575.1,490.0,161.2,570.6,333.3,523.9,434.5,441.4,363.6,346.1,431.8,476.7,424.3,189.3,416.6,219.1,505.8,240.3,300.9,401.6,258.9,566.4,506.0,468.5,415.2,391.8,424.9,550.8,584.2,455.9,356.1,396.7,163.5,468.0,526.1,470.8,221.2,487.9,508.2,187.5,472.3,596.8,539.6,64.2,424.7,350.7,449.9,471.4,530.8,527.5,365.1,509.5,496.0,522.6,387.8,2833.9,549.5,408.4,253.1,343.1,240.6,225.5,482.1,545.3,469.6,411.1,291.7,422.3,457.7,373.2,624.4,419.7,615.3,606.7,499.5,406.2,494.4,406.7,443.2,443.3,259.3,537.5,490.7,363.0,461.7,353.6,209.8,604.7,520.1,503.3,441.5,433.5,221.4,378.1,494.4,326.6,554.9,540.3,473.7,492.4,360.9,301.7,526.5,131.9,457.9,334.7
AU,362.8,360.4,443.9,313.9,519.2,568.3,0.0,168.4,244.5,419.8,77.2,436.1,516.8,340.7,434.9,354.9,400.6,49.1,495.5,526.7,338.2,381.1,214.6,250.4,158.3,443.9,112.5,367.3,395.9,483.2,490.1,412.3,344.5,480.5,345.1,313.3,472.0,288.6,426.8,355.4,439.5,349.6,327.9,541.6,77.8,341.5,322.5,224.9,440.5,370.2,108.1,140.2,372.8,404.8,192.4,452.0,288.6,84.9,244.4,509.3,174.2,380.2,484.3,292.9,46.6,456.5,494.0,304.6,399.4,366.8,157.7,60.2,399.2,312.8,121.0,169.8,34.0,436.5,2532.3,414.9,370.5,463.3,377.1,475.0,508.2,354.1,227.9,108.5,299.5,452.4,337.5,311.7,335.3,129.9,311.0,144.7,141.0,44.1,304.3,105.9,278.7,234.6,294.3,492.4,119.8,299.5,411.7,333.7,352.0,497.9,54.5,49.5,171.6,295.5,173.0,504.1,412.1,327.0,340.8,48.3,109.4,270.9,111.3,306.7,350.4,91.8,406.3,506.6,383.4
BF,320.9,302.9,275.4,256.4,350.7,399.8,175.2,0.0,187.0,251.3,236.4,267.6,348.3,172.2,377.4,293.7,232.1,163.3,327.0,358.2,280.7,323.6,164.4,200.2,115.1,275.4,195.7,213.5,338.4,314.7,321.6,243.8,226.3,312.0,287.6,255.8,303.5,231.1,258.3,297.9,271.0,181.1,266.7,373.1,191.5,280.6,265.0,56.4,272.0,309.0,175.9,209.3,311.9,236.3,23.9,283.5,231.1,151.2,186.9,340.8,113.0,322.7,315.8,235.4,221.9,395.6,325.5,247.1,230.9,305.9,96.5,155.9,348.7,251.6,134.6,121.1,147.7,268.0,2628.0,357.4,309.3,294.8,223.3,306.5,339.7,296.6,170.4,94.7,242.0,283.9,280.0,254.2,274.1,249.5,249.8,240.4,231.8,124.6,243.1,119.5,221.2,177.1,236.8,323.9,162.6,238.6,243.2,276.2,233.8,329.4,229.8,145.2,128.4,238.0,58.6,335.6,258.3,285.1,206.8,180.0,165.4,213.4,117.5,249.2,181.9,151.6,237.8,338.1,214.9
BG,145.1,151.2,344.6,104.7,298.7,469.0,250.3,202.3,0.0,217.8,311.5,336.8,296.3,241.4,225.7,155.8,216.6,223.0,396.2,427.4,129.0,171.9,113.9,84.8,102.1,344.6,255.4,158.1,186.7,262.7,269.6,210.3,145.4,278.5,135.9,104.1,372.7,79.4,224.8,146.2,237.5,165.6,126.8,442.3,249.3,95.1,113.3,258.8,256.5,171.1,237.7,271.1,118.7,220.8,226.3,250.0,79.4,210.9,48.6,307.3,116.9,171.0,385.0,83.7,297.0,202.4,394.7,95.4,197.4,112.7,100.4,231.0,172.9,113.7,144.5,90.6,222.8,252.5,2496.7,205.7,171.4,261.3,167.9,273.0,408.9,144.9,80.9,149.6,90.3,250.4,128.3,102.5,136.2,324.6,111.9,315.5,283.7,199.7,105.2,159.6,69.5,25.4,85.1,290.4,224.4,93.9,209.7,124.5,152.9,295.9,304.9,220.3,92.3,86.3,206.9,404.8,202.9,120.7,131.6,239.7,234.6,61.7,179.3,97.5,198.1,185.6,307.0,286.1,199.4
BJ,249.9,242.2,296.7,191.3,145.8,421.1,431.6,256.3,229.6,0.0,492.8,288.9,135.0,193.5,312.3,159.0,60.1,419.7,348.3,379.5,215.6,258.5,306.8,256.4,295.0,296.7,452.1,82.7,273.3,101.4,108.3,7.7,95.5,60.6,226.1,173.7,324.8,166.0,83.7,255.2,96.4,68.3,151.0,394.4,447.9,255.4,217.9,296.7,53.0,174.3,432.3,465.7,205.3,64.3,278.2,108.9,217.4,407.6,220.2,166.2,260.4,257.6,337.1,221.7,478.3,289.0,346.8,174.1,20.2,199.3,293.3,412.3,276.9,114.5,337.4,283.5,404.1,69.0,2513.6,298.9,157.8,120.2,92.5,131.9,361.0,231.5,273.8,351.1,160.5,109.3,171.7,207.1,122.6,505.9,169.1,496.8,488.2,381.0,155.6,375.9,156.1,192.6,192.7,149.3,419.0,240.1,68.6,211.1,103.0,154.8,486.2,401.6,285.2,190.9,315.0,356.9,127.5,243.8,76.0,436.4,421.8,223.1,373.9,110.3,150.2,408.0,259.1,74.7,64.8
BP,445.0,421.5,516.3,375.0,591.6,640.7,84.0,240.8,305.6,488.1,0.0,508.5,589.2,413.1,496.0,427.3,473.0,133.2,567.9,599.1,399.3,442.2,287.0,322.8,230.7,516.3,127.7,428.4,457.0,555.6,562.5,480.6,416.9,548.8,406.2,374.4,544.4,349.7,495.1,416.5,507.8,422.0,397.1,614.0,122.1,365.4,383.6,297.3,512.9,442.6,123.3,155.4,389.0,477.2,264.8,520.3,349.7,126.7,305.5,577.6,246.6,441.3,556.7,354.0,30.0,472.7,566.4,365.7,467.7,383.0,230.1,85.7,471.6,385.2,193.4,242.2,118.1,508.9,2518.6,476.0,442.9,531.6,438.2,543.3,580.6,415.2,289.0,180.9,360.6,520.7,398.6,372.8,407.7,109.0,383.4,123.0,142.9,116.5,376.7,178.3,339.8,295.7,355.4,560.7,135.0,371.9,480.0,394.8,424.4,566.2,92.8,96.4,244.0,356.6,245.4,576.5,473.2,409.2,401.9,116.9,124.6,332.0,171.6,367.8,422.8,175.9,478.7,579.0,455.8
CD,388.3,380.6,7.7,329.7,358.3,132.1,437.9,262.6,449.7,258.9,499.1,0.0,355.9,112.2,450.7,297.4,239.7,426.0,100.6,131.8,354.0,396.9,427.1,462.9,377.8,49.0,458.4,221.1,411.7,322.3,329.2,251.4,233.9,319.6,364.5,312.1,77.1,304.4,265.9,393.6,145.4,188.7,289.4,146.7,454.2,393.8,356.3,303.0,279.6,312.7,438.6,472.0,343.7,243.9,284.5,68.6,355.8,413.9,358.6,126.3,375.7,396.0,75.3,360.1,484.6,427.4,57.8,312.5,238.5,337.7,359.2,418.6,415.3,252.9,397.3,383.8,410.4,275.6,2721.7,437.3,296.2,302.4,230.9,145.7,113.3,369.9,433.1,357.4,298.9,291.5,310.1,345.5,261.0,512.2,307.5,503.1,494.5,387.3,294.0,382.2,294.5,331.0,331.1,164.4,425.3,378.5,250.8,349.5,241.4,114.9,492.5,407.9,391.1,329.3,321.3,109.2,265.9,382.2,214.4,442.7,428.1,361.5,380.2,248.7,189.5,414.3,19.7,345.7,222.5
CG,378.6,370.9,378.0,320.0,126.7,502.4,512.9,337.6,358.3,109.5,574.1,370.2,0.0,274.8,445.5,287.7,141.4,501.0,410.2,460.8,340.7,387.2,435.5,385.1,452.8,378.0,522.5,211.4,402.0,33.9,24.6,102.0,224.2,127.7,354.8,302.4,406.1,297.5,183.0,373.0,195.7,179.2,279.7,464.8,529.2,384.1,346.6,387.7,128.2,264.5,513.6,547.0,332.1,145.6,359.5,208.2,346.1,488.9,348.3,237.3,450.7,386.3,418.4,350.4,553.3,417.7,428.1,302.8,119.5,328.0,434.2,493.6,405.6,243.2,472.3,412.2,485.4,150.3,2623.2,416.7,286.5,219.5,221.2,231.2,442.3,360.2,402.5,432.4,268.1,208.6,300.4,335.8,243.4,587.2,313.6,578.1,569.5,462.3,284.3,457.2,284.8,321.3,321.4,248.6,474.6,371.8,167.9,339.8,231.7,254.1,545.7,482.9,403.0,319.6,385.4,438.2,256.2,372.5,204.7,506.8,503.1,351.8,455.2,239.0,231.5,489.3,340.4,114.1,146.1
CL,287.7,280.0,134.8,229.1,257.7,259.2,337.3,162.0,349.1,158.3,398.5,127.0,243.5,0.0,354.6,196.8,139.1,325.4,176.7,217.6,249.8,296.3,326.5,362.3,277.2,134.8,357.8,120.5,311.1,218.5,228.6,150.8,133.3,219.0,263.9,211.5,162.9,203.8,165.3,293.0,178.0,88.1,188.8,232.5,353.6,293.2,255.7,202.4,172.9,184.5,338.0,371.4,241.2,143.3,183.9,190.5,255.2,313.3,257.4,208.4,275.1,295.4,175.2,259.5,384.0,326.8,184.9,211.9,137.9,237.1,258.6,318.0,314.7,152.3,296.7,283.2,309.8,175.0,2621.1,336.7,195.6,201.8,130.3,213.5,199.1,269.3,332.5,256.8,177.2,190.9,209.5,244.9,160.4,411.6,222.7,402.5,393.9,286.7,193.4,281.6,193.9,230.4,230.5,230.9,309.9,280.9,150.2,248.9,140.8,236.4,370.1,307.3,290.5,228.7,220.7,195.0,165.3,281.6,113.8,342.1,327.5,260.9,279.6,148.1,88.9,313.7,97.2,245.1,121.9
CQ,142.7,152.2,448.1,120.9,402.2,572.5,485.9,450.9,223.8,321.3,547.1,440.3,388.0,344.9,0.0,295.9,320.1,456.0,480.3,530.9,96.0,109.4,354.4,284.9,351.9,448.1,488.4,261.6,72.9,363.0,373.1,313.8,312.5,382.0,171.3,267.0,476.2,139.3,328.3,131.2,341.0,269.1,244.3,545.8,482.3,177.1,189.7,457.8,353.9,283.6,487.5,520.9,169.7,324.3,429.6,353.5,236.8,443.9,252.4,382.6,326.8,168.5,488.5,206.1,525.4,246.8,498.2,267.4,300.9,174.5,344.0,466.6,114.9,251.4,394.3,340.4,458.4,356.0,2417.1,224.1,271.1,364.8,271.4,376.5,512.4,66.0,226.8,399.4,172.8,353.9,263.1,178.9,228.0,560.2,321.8,433.2,408.7,435.3,248.9,409.4,155.9,189.5,234.6,393.9,459.4,208.2,313.2,150.5,304.1,399.4,522.6,455.9,328.0,219.6,459.4,508.3,306.4,168.5,235.1,472.7,484.4,208.9,429.1,201.0,301.6,418.6,410.5,389.6,302.9
CX,230.1,265.3,271.4,171.5,225.5,395.8,374.0,231.0,160.4,144.6,435.2,263.6,223.1,168.2,292.5,0.0,143.4,346.7,323.0,354.2,195.8,238.7,237.6,273.4,225.8,271.4,379.1,84.9,253.5,189.5,196.4,137.1,57.7,205.3,206.3,185.8,299.5,146.2,151.6,260.3,164.3,92.4,163.1,369.1,373.0,255.6,194.0,271.4,183.3,15.2,361.4,394.8,185.5,147.6,252.9,176.8,239.9,334.6,209.1,234.1,240.6,237.8,311.8,244.2,420.7,269.2,321.5,158.0,124.2,179.5,224.1,354.7,257.1,43.6,268.2,214.3,346.5,179.3,2563.5,279.1,138.0,188.1,94.7,199.8,335.7,211.7,204.6,273.3,140.7,177.2,151.9,207.0,102.8,448.3,98.2,439.2,407.4,323.4,139.5,283.3,136.3,185.9,204.8,217.2,348.1,294.9,136.5,191.3,65.2,222.7,428.6,344.0,216.0,171.1,289.7,331.6,129.7,224.0,58.4,363.4,358.3,222.2,303.0,90.5,124.9,309.3,233.8,212.9,126.2
DC,250.0,242.3,249.4,191.4,151.4,373.8,384.3,209.0,229.7,88.5,445.5,241.6,149.0,146.2,312.4,159.1,0.0,372.4,301.0,332.2,215.7,258.6,306.9,256.5,324.2,249.4,404.8,82.8,273.4,115.4,122.3,81.0,95.6,170.4,226.2,173.8,277.5,166.1,142.0,255.3,154.7,50.6,151.1,347.1,400.6,255.5,218.0,249.4,63.2,174.4,385.0,418.4,205.4,4.2,230.9,167.2,217.5,360.3,220.3,224.5,322.1,257.7,289.8,221.8,431.0,289.1,299.5,174.2,78.5,199.4,305.6,365.0,277.0,114.6,343.7,283.6,356.8,68.7,2583.4,299.0,157.9,178.5,92.6,190.2,313.7,231.6,273.9,303.8,160.6,167.6,171.8,207.2,122.7,458.6,169.2,449.5,440.9,333.7,155.7,328.6,156.2,192.7,192.8,207.6,371.7,240.2,126.9,211.2,103.1,213.1,438.9,354.3,285.3,191.0,267.7,309.6,127.6,243.9,76.1,389.1,374.5,223.2,326.6,110.4,102.9,360.7,211.8,138.8,17.5
DJ,340.3,323.8,439.4,277.3,514.7,563.8,59.1,163.9,207.9,390.4,136.4,431.6,512.3,336.2,398.3,331.9,396.1,0.0,491.0,522.2,301.6,344.5,208.7,238.4,153.8,439.4,80.2,330.7,359.3,478.7,485.6,382.9,321.5,451.1,308.5,276.7,467.5,252.0,397.4,318.8,410.1,345.1,299.4,537.1,107.9,267.7,285.9,220.4,436.0,347.2,93.8,125.9,291.3,400.3,187.9,422.6,252.0,35.7,207.8,479.9,169.2,343.6,479.8,256.3,105.8,375.0,489.5,268.0,370.0,285.3,152.7,90.3,368.1,289.8,112.0,159.3,64.1,432.0,2562.4,378.3,347.5,433.9,340.5,445.6,503.7,317.5,191.3,104.0,262.9,423.0,300.9,275.1,312.3,189.1,288.0,174.8,171.1,74.2,281.3,101.4,242.1,198.0,257.7,463.0,105.5,290.7,382.3,297.1,329.0,468.5,113.7,79.6,167.1,258.9,168.5,499.6,375.5,304.5,304.2,64.5,95.1,234.3,106.8,270.1,345.9,84.9,401.8,502.1,378.9
DM,442.0,434.3,82.7,394.3,412.0,207.1,491.6,316.3,503.4,312.6,552.8,74.9,409.6,176.8,504.4,351.1,293.4,479.7,0.0,164.7,407.7,450.6,480.8,516.6,431.5,81.9,512.1,274.8,465.4,361.8,382.9,305.1,287.6,373.3,418.2,365.8,110.0,358.1,319.6,458.2,220.4,242.4,343.1,168.6,507.9,458.4,410.0,356.7,327.2,327.8,492.3,525.7,397.4,297.6,338.2,143.6,409.5,467.6,412.3,201.3,429.4,449.7,122.3,413.8,538.3,481.1,132.8,366.2,292.2,391.4,401.9,472.3,469.0,306.6,451.0,437.5,464.1,329.3,2775.4,480.0,349.9,356.1,284.6,367.8,146.2,423.6,486.8,411.1,339.0,345.2,363.8,399.2,306.8,565.9,361.2,545.8,548.2,441.0,347.7,435.9,348.2,384.7,384.8,250.3,453.2,432.2,304.5,403.2,295.1,189.9,513.4,461.6,433.8,383.0,385.9,142.1,319.6,435.9,268.1,485.4,481.8,415.2,433.9,302.4,243.2,468.0,73.4,399.4,276.2
DY,486.5,478.8,127.2,427.9,456.5,251.6,536.1,360.8,547.9,357.1,597.3,119.4,454.1,210.4,548.9,395.6,337.9,524.2,158.0,0.0,452.2,495.1,525.3,561.1,476.0,82.1,556.6,319.3,509.9,420.5,427.4,349.6,332.1,417.8,462.7,410.3,64.5,402.6,364.1,491.8,264.9,286.9,387.6,85.4,552.4,492.0,454.5,401.2,377.8,410.9,536.8,570.2,441.9,342.1,382.7,188.1,454.0,512.1,456.8,245.8,473.9,494.2,95.5,458.3,582.8,525.6,177.3,410.7,336.7,435.9,457.4,516.8,513.5,351.1,495.5,482.0,508.6,373.8,2819.9,535.5,394.4,400.6,329.1,412.3,48.9,468.1,531.3,455.6,397.1,389.7,408.3,443.7,359.2,610.4,405.7,601.3,592.7,485.5,392.2,480.4,392.7,429.2,429.3,283.9,523.5,476.7,349.0,447.7,339.6,234.4,590.7,506.1,489.3,427.5,419.5,71.5,364.1,480.4,312.6,540.9,526.3,459.7,478.4,346.9,287.7,512.5,117.9,443.9,320.7
EG,53.2,148.9,355.8,24.7,309.9,480.2,331.9,315.4,131.5,229.0,389.6,348.0,295.7,248.8,101.1,203.6,227.8,290.1,388.0,438.6,0.0,74.1,185.5,161.0,206.6,355.8,322.5,169.3,57.6,270.7,280.8,221.5,160.1,289.7,93.5,174.7,383.9,47.0,236.0,124.0,248.7,176.8,152.0,449.7,311.6,78.9,186.4,365.5,257.8,187.5,323.6,357.0,70.8,232.0,337.3,261.2,118.6,278.0,124.2,290.3,165.0,80.9,396.2,87.9,359.5,156.4,405.9,175.1,208.6,66.7,178.4,300.7,81.0,159.1,227.9,195.1,292.5,263.7,2367.6,162.5,178.8,272.5,179.1,284.2,420.1,15.8,134.5,235.5,80.5,261.6,157.5,175.6,135.7,402.7,229.5,337.0,316.4,269.4,156.6,243.0,63.6,97.2,142.3,297.8,291.7,90.5,220.9,34.4,167.6,307.1,360.9,290.0,232.1,115.5,289.9,416.0,214.1,47.1,142.8,306.8,318.0,109.2,265.2,108.7,209.3,252.7,318.2,297.3,210.6
EP,81.8,163.4,402.4,71.3,356.5,526.8,408.0,375.6,211.7,275.6,469.2,394.6,354.1,299.2,111.1,250.2,274.4,378.1,454.0,485.2,65.5,0.0,284.8,219.2,292.0,402.4,410.5,215.9,54.1,320.5,327.4,268.1,206.7,336.3,182.5,221.3,430.5,96.3,282.6,138.5,295.3,223.4,198.6,500.1,404.4,111.3,200.9,432.1,314.3,265.5,411.8,445.2,177.1,278.6,399.6,307.8,162.0,366.0,189.3,365.1,251.5,59.0,442.8,131.3,453.8,258.0,452.5,221.7,255.2,171.1,268.7,388.7,109.6,205.7,334.4,280.5,380.5,310.3,2428.3,235.3,225.4,319.1,225.7,330.8,466.7,65.2,214.7,323.7,148.1,308.2,204.1,190.1,190.2,482.3,260.3,417.2,425.2,357.4,203.2,349.5,110.2,181.1,231.6,348.2,398.5,143.3,267.5,41.0,214.2,353.7,462.6,378.0,264.2,230.8,380.2,462.6,260.7,75.7,189.4,394.8,413.8,147.0,353.4,155.3,255.9,340.7,364.8,343.9,257.2
EU,228.3,197.5,390.9,151.0,345.0,515.3,220.4,183.4,81.6,264.1,281.6,383.1,342.6,287.7,272.0,237.5,262.9,208.5,423.1,473.7,171.7,218.2,0.0,59.9,65.2,390.9,240.9,204.4,233.0,305.8,315.9,256.6,227.1,324.8,182.2,150.4,419.0,125.7,271.1,192.5,283.8,211.9,173.1,488.6,236.7,179.3,159.6,249.6,296.7,225.2,218.8,252.2,163.1,267.1,207.4,296.3,125.7,196.4,80.9,353.6,98.0,217.3,431.3,130.0,267.1,248.7,441.0,141.7,243.7,159.0,81.5,201.1,255.0,194.2,125.6,53.7,192.9,298.8,2552.5,252.0,248.3,307.6,214.2,319.3,455.2,191.2,65.0,130.7,136.6,296.7,174.6,148.8,208.5,294.7,209.4,285.6,277.0,169.8,160.2,140.7,115.8,71.7,131.4,336.7,190.7,137.3,256.0,170.8,234.6,342.2,253.2,190.4,104.2,132.6,188.0,451.1,249.2,193.4,177.9,225.2,210.6,108.0,160.4,143.8,244.4,166.7,353.3,332.4,245.7
EW,168.3,187.5,392.0,181.2,346.1,516.4,241.8,204.8,82.7,265.2,303.0,384.2,343.7,288.8,289.6,265.7,264.0,229.9,443.6,474.8,211.5,220.3,65.5,0.0,86.6,392.0,262.3,205.5,250.6,310.1,317.0,257.7,255.3,325.9,171.4,151.5,420.1,145.6,272.2,200.5,284.9,213.0,174.2,489.7,209.6,119.3,160.7,261.3,303.9,281.0,240.2,273.6,150.6,268.2,228.8,297.4,153.5,217.8,106.9,354.7,63.0,219.4,432.4,122.8,288.5,234.3,442.1,142.8,244.8,144.6,102.9,222.5,195.0,223.6,147.0,75.1,214.3,299.9,2533.6,244.2,281.3,308.7,215.3,320.4,456.3,208.8,66.1,152.1,137.7,297.8,175.7,149.9,246.1,316.1,221.8,235.0,214.4,191.2,161.3,162.1,159.5,72.8,132.5,337.8,226.9,77.3,257.1,172.9,262.8,343.3,296.4,211.8,125.6,133.7,209.4,452.2,250.3,133.4,179.0,246.6,232.0,105.7,181.8,144.9,245.5,150.7,354.4,333.5,246.8
FE,242.0,272.5,400.6,183.1,360.9,525.0,155.1,125.1,104.4,280.0,216.3,392.8,358.5,297.4,304.1,203.5,278.8,143.2,452.2,483.4,207.4,293.1,56.2,92.0,0.0,400.6,175.6,220.3,265.1,324.9,331.8,272.5,193.1,340.7,256.4,182.5,428.7,157.8,287.0,224.6,299.7,227.8,176.5,498.3,171.4,204.3,191.7,181.6,318.7,218.8,155.8,189.2,235.6,283.0,149.1,312.2,157.8,131.1,113.6,369.5,77.2,292.2,441.0,162.1,201.8,319.3,450.7,171.4,259.6,229.6,60.7,135.8,262.0,161.4,104.8,11.5,127.6,314.7,2607.9,284.1,219.1,323.5,230.1,335.2,464.9,223.3,97.1,74.6,168.7,312.6,206.7,180.9,183.9,229.4,159.6,220.3,211.7,104.5,152.9,99.4,147.9,103.8,163.5,352.6,142.5,162.3,271.9,245.7,200.6,358.1,209.7,125.1,63.4,164.7,129.7,460.8,265.1,206.2,193.8,159.9,145.3,140.1,97.4,175.9,260.3,131.5,363.0,348.3,261.6
FK,404.3,396.6,45.0,345.7,374.3,169.4,453.9,278.6,465.7,274.9,515.1,37.2,371.9,128.2,466.7,313.4,255.7,442.0,75.8,82.7,370.0,412.9,443.1,478.9,393.8,0.0,474.4,237.1,427.7,338.3,345.2,267.4,249.9,335.6,380.5,328.1,28.0,320.4,281.9,409.6,182.7,204.7,305.4,98.1,470.2,409.8,372.3,319.0,295.6,328.7,454.6,488.0,359.7,259.9,300.5,105.9,371.8,429.9,374.6,163.6,391.7,412.0,40.3,376.1,500.6,443.4,95.1,328.5,254.5,353.7,375.2,434.6,431.3,268.9,413.3,399.8,426.4,291.6,2737.7,453.3,312.2,318.4,246.9,330.1,64.7,385.9,449.1,373.4,314.9,307.5,326.1,361.5,277.0,528.2,323.5,519.1,510.5,403.3,310.0,398.2,310.5,347.0,347.1,201.7,441.3,394.5,266.8,365.5,257.4,152.2,508.5,423.9,407.1,345.3,337.3,60.1,281.9,398.2,230.4,458.7,444.1,377.5,396.2,264.7,205.5,430.3,35.7,361.7,238.5
GI,362.7,346.2,461.8,299.7,537.1,586.2,110.9,186.3,230.3,412.8,139.3,454.0,522.9,358.6,425.2,354.3,418.5,90.2,513.4,544.6,320.4,366.9,231.1,260.8,176.2,461.8,0.0,353.1,381.7,497.9,508.0,405.3,343.9,473.5,330.9,299.1,489.9,274.4,419.8,341.2,432.5,367.5,321.8,559.5,165.2,290.1,308.3,242.8,452.3,342.0,59.0,91.1,313.7,422.7,210.3,445.0,274.4,44.4,229.6,474.1,191.6,366.0,502.2,278.7,108.7,397.4,511.9,290.4,392.4,307.7,175.1,129.6,390.5,312.2,134.4,181.7,121.4,454.4,2601.7,400.7,369.9,456.3,362.9,468.0,526.1,339.9,213.7,126.4,264.3,445.4,323.3,297.5,326.8,214.4,326.2,214.1,205.5,98.3,303.7,123.8,264.5,220.4,280.1,485.4,82.7,313.1,404.7,319.5,351.4,490.9,142.0,118.9,189.5,281.3,190.9,522.0,397.9,326.9,326.6,81.5,60.3,256.7,107.3,292.5,368.3,107.3,424.2,524.5,401.3
GT,190.0,182.3,229.3,131.4,183.4,353.7,364.2,188.9,169.7,102.5,425.4,221.5,181.0,126.1,252.4,99.1,101.3,352.3,280.9,312.1,155.7,198.6,246.9,196.5,235.1,229.3,384.7,0.0,213.4,147.4,154.3,95.0,35.6,163.2,166.2,113.8,257.4,106.1,109.5,195.3,122.2,50.3,91.1,327.0,380.5,195.5,158.0,229.3,141.2,114.4,364.9,398.3,145.4,105.5,210.8,134.7,157.5,340.2,160.3,192.0,200.5,197.7,269.7,161.8,410.9,229.1,279.4,114.2,82.1,139.4,233.4,344.9,217.0,54.6,277.5,223.6,336.7,137.2,2523.4,239.0,97.9,146.0,9.8,157.7,293.6,171.6,213.9,282.6,100.6,135.1,111.8,147.2,62.7,438.5,109.2,372.5,351.9,313.6,95.7,292.6,96.2,132.7,132.8,175.1,351.6,180.2,94.4,151.2,43.1,180.6,418.8,334.2,225.3,131.0,247.6,289.5,44.7,183.9,16.1,369.0,354.4,163.2,306.5,50.4,82.8,288.2,191.7,170.8,84.1
GY,110.3,151.8,415.7,84.6,369.8,540.1,453.5,418.5,191.4,288.9,514.7,407.9,367.4,312.5,99.5,263.5,287.7,423.6,467.3,498.5,59.8,59.0,318.1,252.5,319.5,415.7,456.0,229.2,0.0,333.8,340.7,281.4,220.0,349.6,170.9,234.6,443.8,109.6,295.9,126.9,308.6,236.7,211.9,513.4,449.9,140.8,189.3,415.7,327.6,278.8,455.1,488.5,167.3,291.9,397.2,321.1,204.4,411.5,219.2,378.4,294.4,118.1,456.1,173.7,499.3,246.4,465.8,235.0,268.5,174.1,311.6,434.2,82.5,219.0,361.9,308.0,426.0,323.6,2406.9,223.7,238.7,332.4,239.0,344.1,480.0,33.6,194.4,367.0,161.4,321.5,217.4,178.5,203.5,527.8,273.6,396.9,376.3,402.9,216.5,377.0,123.5,157.1,202.2,361.5,441.8,172.8,280.8,100.1,303.7,367.0,508.1,423.5,291.7,219.2,423.1,475.9,274.0,134.8,202.7,440.3,452.0,176.5,396.7,168.6,269.2,386.2,378.1,357.2,270.5
HA,344.7,337.0,344.1,286.1,92.8,468.5,479.0,303.7,324.4,75.6,540.2,336.3,36.7,240.9,407.1,253.8,107.5,467.1,386.0,426.9,306.8,353.3,401.6,351.2,418.9,344.1,499.5,177.5,368.1,0.0,10.0,68.1,190.3,93.8,320.9,268.5,372.2,260.8,149.1,350.0,161.8,145.3,245.8,441.8,495.3,350.2,312.7,353.8,94.3,241.5,479.7,513.1,298.2,111.7,325.6,174.3,312.2,455.0,314.4,192.2,416.8,352.4,384.5,316.5,519.4,383.8,394.2,268.9,85.6,294.1,400.3,459.7,371.7,209.3,438.4,378.3,451.5,116.4,2589.3,393.7,252.6,185.6,187.3,197.3,408.4,326.3,368.6,398.5,230.8,174.7,266.5,301.9,207.8,553.3,263.9,544.2,535.6,428.4,250.4,423.3,250.9,287.4,287.5,214.7,451.6,334.9,134.0,305.9,197.8,220.2,511.8,449.0,380.0,285.7,362.4,404.3,222.3,338.6,170.8,483.8,469.2,317.9,421.3,205.1,197.6,455.4,306.5,80.2,112.2
HW,354.0,346.3,353.4,295.4,102.1,477.8,488.3,313.0,333.7,84.9,549.5,345.6,26.6,250.2,416.4,263.1,116.8,476.4,405.0,436.2,319.7,362.6,410.9,360.5,428.2,353.4,508.8,186.8,377.4,6.3,0.0,77.4,199.6,103.1,330.2,277.8,381.5,270.1,158.4,359.3,171.1,154.6,255.1,451.1,504.6,359.5,322.0,353.4,109.7,278.4,489.0,522.4,309.4,121.0,334.9,183.6,321.5,464.3,324.3,240.9,426.1,361.7,393.8,325.8,535.0,393.1,403.5,278.2,94.9,303.4,409.6,469.0,381.0,218.6,447.7,387.6,460.8,125.7,2598.6,403.0,261.9,194.9,196.6,206.6,417.7,335.6,377.9,407.8,264.6,184.0,275.8,311.2,226.7,562.6,273.2,553.5,544.9,437.7,259.7,432.6,260.2,296.7,296.8,224.0,475.7,344.2,143.3,315.2,207.1,229.5,542.9,458.3,389.3,295.0,371.7,413.6,231.6,347.9,180.1,493.1,478.5,327.2,430.6,214.4,206.9,464.7,315.8,89.5,121.5
ID,242.2,234.5,289.0,183.6,103.4,413.4,423.9,248.6,221.9,7.5,485.1,281.2,142.5,185.8,304.6,151.3,52.4,412.0,340.6,371.8,207.9,250.8,299.1,248.7,287.3,289.0,444.4,75.0,265.6,108.9,115.8,0.0,87.8,68.1,218.4,166.0,317.1,158.3,76.0,247.5,88.7,60.6,143.3,386.7,440.2,247.7,210.2,289.0,45.3,166.6,424.6,458.0,197.6,56.6,270.5,101.2,209.7,399.9,212.5,158.5,252.7,249.9,329.4,214.0,470.6,281.3,339.1,166.4,12.5,191.6,285.6,404.6,269.2,106.8,329.7,275.8,396.4,61.3,2521.1,291.2,150.1,112.5,84.8,124.2,353.3,223.8,266.1,343.4,152.8,101.6,164.0,199.4,114.9,498.2,161.4,489.1,480.5,373.3,147.9,368.2,148.4,184.9,185.0,141.6,411.3,232.4,60.9,203.4,95.3,147.1,478.5,393.9,277.5,183.2,307.3,349.2,119.8,236.1,68.3,428.7,414.1,215.4,366.2,102.6,142.5,400.3,251.4,82.2,57.1
IQ,182.4,174.7,243.7,123.8,197.8,368.1,359.4,203.3,145.8,116.9,420.6,235.9,195.4,140.5,244.8,73.5,115.7,332.1,295.3,326.5,148.1,191.0,223.0,188.9,211.2,243.7,364.5,57.2,205.8,161.8,168.7,109.4,0.0,177.6,158.6,106.2,271.8,98.5,123.9,187.7,136.6,64.7,83.5,341.4,358.4,187.9,136.2,243.7,155.6,88.8,346.8,380.2,137.8,119.9,225.2,149.1,149.9,320.0,152.7,206.4,226.0,190.1,284.1,154.2,406.1,221.5,293.8,143.4,96.5,131.8,209.5,340.1,209.4,29.0,253.6,199.7,331.9,151.6,2515.8,231.4,90.3,160.4,67.0,172.1,308.0,164.0,190.0,258.7,93.0,149.5,104.2,139.6,55.1,433.7,83.6,424.6,392.8,308.8,124.9,268.7,88.6,125.1,125.2,189.5,333.5,172.6,108.8,143.6,7.4,195.0,414.0,329.4,201.4,123.4,262.0,303.9,102.0,176.3,30.7,348.8,343.7,155.6,288.4,42.8,97.2,294.7,206.1,185.2,98.5
IS,327.8,320.1,394.1,269.2,116.0,518.5,529.0,353.7,307.5,77.8,590.2,386.3,142.4,290.9,390.2,236.9,157.5,517.1,445.7,476.9,293.5,336.4,384.7,334.3,372.9,394.1,549.5,160.6,351.2,108.8,115.7,118.1,173.4,0.0,304.0,251.6,422.2,243.9,161.6,333.1,174.3,146.2,228.9,491.8,545.3,333.3,295.8,394.1,150.4,252.2,529.7,563.1,283.2,161.7,375.6,186.8,295.3,505.0,298.1,244.1,466.8,335.5,434.5,299.6,575.7,366.9,444.2,252.0,98.1,277.2,450.3,509.7,354.8,192.4,488.4,361.4,501.5,166.4,2564.4,376.8,235.7,198.1,170.4,209.8,458.4,309.4,351.7,448.5,238.4,187.2,249.6,285.0,200.5,603.3,247.0,594.2,585.6,478.4,233.5,473.3,234.0,270.5,270.6,227.2,516.4,318.0,146.5,289.0,180.9,232.7,583.6,499.0,363.1,268.8,412.4,454.3,205.4,321.7,153.9,533.8,519.2,301.0,471.3,188.2,247.6,505.4,356.5,44.9,162.2
JC,130.6,31.0,379.6,73.9,333.7,504.0,337.7,294.9,137.3,252.8,395.4,371.8,331.3,276.4,179.0,227.4,251.6,295.9,431.2,462.4,98.2,141.1,191.3,166.8,212.4,379.6,328.3,193.1,155.9,297.7,304.6,245.3,209.3,313.5,0.0,167.1,407.7,94.4,259.8,44.0,272.5,200.6,175.8,477.3,317.4,120.0,86.5,351.4,291.5,242.7,329.4,362.8,31.3,255.8,318.9,285.0,135.8,283.8,130.6,342.3,170.8,140.2,420.0,105.1,371.6,110.4,429.7,178.2,232.4,38.1,188.0,306.5,158.4,182.9,233.7,200.9,298.3,287.5,2442.8,69.7,202.5,296.3,202.9,308.0,443.9,114.1,140.3,241.3,125.3,285.4,128.8,75.7,162.7,408.5,237.5,342.8,322.2,275.2,180.4,248.8,84.5,103.0,148.1,325.4,316.1,104.7,244.7,93.7,200.9,330.9,392.3,295.8,204.1,48.2,299.5,439.8,296.1,142.5,166.6,312.6,323.8,126.4,271.0,132.5,233.1,258.5,342.0,321.1,234.4
JF,182.6,183.3,315.5,136.8,269.6,439.9,350.1,275.1,136.5,188.7,411.3,307.7,267.2,212.3,257.8,163.3,187.5,322.8,367.1,398.3,161.1,204.0,213.7,155.9,201.9,315.5,355.2,129.0,218.8,233.6,240.5,181.2,119.8,249.4,168.0,0.0,343.6,111.5,195.7,178.3,208.4,136.5,22.7,413.2,349.1,156.0,145.4,315.5,227.4,178.6,337.5,370.9,150.8,191.7,297.0,220.9,116.9,310.7,119.7,278.2,216.7,203.1,355.9,121.2,396.8,234.5,365.6,81.0,168.3,144.8,200.2,330.8,210.4,118.8,244.3,190.4,322.6,223.4,2528.8,237.8,120.5,232.2,138.8,243.9,379.8,177.0,180.7,249.4,122.4,221.3,134.4,134.6,85.3,424.4,142.3,415.3,383.5,299.5,62.5,259.4,101.6,92.1,18.9,261.3,324.2,158.7,180.6,156.6,127.3,266.8,404.7,320.1,192.1,118.4,306.7,375.7,173.8,181.6,102.5,339.5,334.4,122.6,279.1,129.6,169.0,285.4,277.9,257.0,170.3
JM,421.9,414.2,62.6,363.3,391.9,187.0,471.5,296.2,483.3,292.5,532.7,54.8,389.5,145.8,484.3,331.0,273.3,459.6,93.4,54.6,387.6,430.5,460.7,496.5,411.4,17.5,492.0,254.7,445.3,355.9,362.8,285.0,267.5,353.2,398.1,345.7,0.0,338.0,299.5,427.2,200.3,222.3,323.0,90.5,487.8,427.4,389.9,336.6,313.2,346.3,472.2,505.6,377.3,277.5,318.1,123.5,389.4,447.5,392.2,181.2,409.3,429.6,30.9,393.7,518.2,461.0,112.7,346.1,272.1,371.3,392.8,452.2,448.9,286.5,430.9,417.4,444.0,309.2,2755.3,470.9,329.8,336.0,264.5,347.7,54.0,403.5,466.7,391.0,332.5,325.1,343.7,379.1,294.6,545.8,341.1,536.7,528.1,420.9,327.6,415.8,328.1,364.6,364.7,219.3,458.9,412.1,284.4,383.1,275.0,169.8,526.1,441.5,424.7,362.9,354.9,32.0,299.5,415.8,248.0,476.3,461.7,395.1,413.8,282.3,223.1,447.9,53.3,379.3,256.1
JO,83.8,76.1,306.0,25.2,260.1,430.4,282.1,265.6,81.7,179.2,339.8,298.2,245.9,202.8,150.7,153.8,178.0,240.3,338.2,388.8,45.9,92.4,138.4,111.2,156.8,306.0,272.7,119.5,107.2,220.9,231.0,171.7,110.3,239.9,60.0,124.9,334.1,0.0,186.2,89.1,198.9,127.0,102.2,403.7,261.8,114.0,131.6,315.7,211.8,144.2,273.8,307.2,37.3,182.2,287.5,211.4,72.2,228.2,74.4,240.5,115.2,91.5,346.4,76.5,309.7,122.9,356.1,125.3,158.8,33.2,132.4,250.9,110.8,109.3,178.1,145.3,242.7,213.9,2417.2,130.0,129.0,222.7,129.3,234.4,370.3,65.4,84.7,185.7,30.7,211.8,107.7,120.8,85.9,352.9,179.7,289.9,266.6,219.6,106.8,193.2,13.8,47.4,92.5,251.8,248.4,117.0,171.1,45.0,117.8,257.3,314.9,240.2,148.5,108.3,243.9,366.2,164.3,77.7,93.0,259.7,268.2,77.9,215.4,58.9,159.5,202.9,268.4,247.5,160.8
JW,275.9,268.2,113.0,217.3,163.2,215.7,428.2,252.9,255.6,82.3,520.3,120.8,160.8,190.1,338.3,185.0,132.2,416.3,221.5,252.7,241.6,284.5,332.8,282.4,321.0,169.9,448.7,108.7,299.3,127.2,134.1,74.8,121.5,143.0,252.1,199.7,198.0,192.0,0.0,281.2,21.1,94.3,177.0,267.6,444.5,281.4,243.9,293.3,125.1,200.3,428.9,462.3,231.3,136.4,274.8,25.1,243.4,404.2,246.2,82.4,286.4,283.6,196.2,247.7,550.4,315.0,141.4,200.1,61.9,225.3,319.3,408.9,302.9,140.5,363.4,309.5,400.7,141.1,2596.0,324.9,183.8,33.9,118.5,21.4,234.2,257.5,299.8,347.7,186.5,72.5,197.7,233.1,148.6,502.5,195.1,493.4,437.8,377.6,181.6,372.5,182.1,218.6,218.7,79.7,415.6,266.1,14.7,237.1,129.0,71.0,482.8,398.2,311.2,216.9,311.6,230.1,153.5,269.8,102.0,433.0,418.4,249.1,370.5,136.3,146.8,374.1,140.6,150.6,128.1
KA,139.6,24.8,386.5,82.9,340.6,510.9,344.6,301.8,144.2,259.7,402.3,378.7,338.2,283.3,139.4,258.7,258.5,302.8,418.7,469.3,107.2,150.1,198.2,173.7,219.3,386.5,335.2,200.0,127.9,301.4,311.5,252.2,185.1,320.4,43.9,174.0,414.6,104.1,266.7,0.0,279.4,207.5,182.7,484.2,324.3,129.0,62.3,368.0,292.3,246.4,336.3,369.7,40.3,347.2,325.8,291.9,134.7,290.7,136.9,321.0,177.7,149.2,426.9,114.1,378.5,119.4,436.6,185.1,239.3,47.1,194.9,313.4,167.4,214.2,240.6,207.8,305.2,294.4,2398.7,96.7,209.4,303.2,209.8,314.9,450.8,121.0,147.2,248.2,113.6,292.3,135.7,51.5,169.6,415.4,268.8,349.7,329.1,282.1,187.3,255.7,91.4,109.9,155.0,332.3,308.2,113.7,251.6,102.7,176.7,337.8,377.4,302.7,211.0,92.2,306.4,446.7,271.9,151.5,173.5,319.5,330.7,135.4,277.9,139.4,240.0,265.4,348.9,328.0,241.3
KC,281.1,273.4,146.7,222.5,168.4,249.4,433.4,258.1,260.8,87.5,554.0,154.5,166.0,195.3,343.5,190.2,137.4,421.5,350.1,381.3,246.8,289.7,338.0,287.6,326.2,298.5,453.9,113.9,304.5,132.4,139.3,80.0,126.7,148.2,257.3,204.9,326.6,197.2,33.6,286.4,0.0,99.5,182.2,396.2,449.7,286.6,249.1,298.5,130.3,205.5,434.1,467.5,236.5,141.6,280.0,58.8,248.6,409.4,251.4,116.1,291.6,288.8,229.9,252.9,480.1,320.2,175.1,205.3,67.1,230.5,324.5,414.1,308.1,145.7,368.6,314.7,405.9,146.3,2601.2,330.1,189.0,137.8,123.7,125.3,362.8,262.7,305.0,352.9,191.7,77.7,202.9,238.3,153.8,507.7,200.3,498.6,443.0,382.8,186.8,377.7,187.3,223.8,223.9,58.5,420.8,271.3,19.9,242.3,134.2,104.7,488.0,403.4,316.4,222.1,316.8,358.7,158.7,275.0,107.2,438.2,423.6,254.3,375.7,141.5,152.0,379.3,260.9,155.8,133.3
KE,199.3,191.6,198.7,140.7,169.5,323.1,333.6,158.3,179.0,106.6,394.8,190.9,167.1,95.5,261.7,108.4,50.9,321.7,250.3,281.5,165.0,207.9,256.2,205.8,273.5,198.7,354.1,32.1,222.7,133.5,140.4,99.1,44.9,188.5,175.5,123.1,226.8,115.4,96.9,204.6,109.6,0.0,100.4,296.4,349.9,204.8,167.3,198.7,90.8,123.7,334.3,367.7,154.7,55.1,180.2,122.1,166.8,309.6,169.6,179.4,271.4,207.0,239.1,171.1,380.3,238.4,248.8,123.5,96.6,148.7,254.9,314.3,226.3,63.9,293.0,232.9,306.1,86.8,2532.7,248.3,107.2,133.4,41.9,145.1,263.0,180.9,223.2,253.1,109.9,122.5,121.1,156.5,72.0,407.9,118.5,398.8,390.2,283.0,105.0,277.9,105.5,142.0,142.1,162.5,321.0,189.5,81.8,160.5,52.4,168.0,388.2,303.6,234.6,140.3,217.0,258.9,76.9,193.2,25.4,338.4,323.8,172.5,275.9,59.7,52.2,310.0,161.1,156.9,33.7
KI,205.3,200.2,292.8,149.3,246.9,417.2,327.4,252.4,113.8,166.0,388.6,285.0,244.5,189.6,270.3,140.6,164.8,300.1,344.4,375.6,173.6,216.5,191.0,178.6,179.2,292.8,332.5,106.3,231.3,210.9,217.8,158.5,97.1,226.7,184.1,22.7,320.9,124.0,173.0,201.0,185.7,113.8,0.0,390.5,326.4,178.7,168.1,292.8,204.7,155.9,314.8,348.2,163.3,169.0,274.3,198.2,139.6,288.0,142.4,255.5,194.0,215.6,333.2,143.9,374.1,247.0,342.9,58.3,145.6,157.3,177.5,308.1,233.1,96.1,221.6,167.7,299.9,200.7,2541.3,256.9,97.8,209.5,116.1,221.2,357.1,189.5,158.0,226.7,145.1,198.6,111.7,157.3,62.6,401.7,119.6,392.6,360.8,276.8,39.8,236.7,114.1,139.3,41.6,238.6,301.5,181.4,157.9,169.1,104.6,244.1,382.0,297.4,169.4,141.1,284.0,353.0,151.1,204.3,79.8,316.8,311.7,145.3,256.4,68.3,146.3,262.7,255.2,234.3,147.6
KV,493.8,486.1,134.5,435.2,463.8,258.9,543.4,368.1,555.2,364.4,604.6,126.7,449.6,217.7,560.7,402.9,345.2,531.5,145.9,95.5,459.5,502.4,532.6,568.4,483.3,108.1,563.9,326.6,517.2,424.6,434.7,356.9,339.4,425.1,470.0,417.6,90.5,409.9,371.4,499.1,272.2,294.2,394.9,0.0,559.7,499.3,461.8,408.5,379.0,390.6,544.1,577.5,449.2,349.4,390.0,195.4,461.3,519.4,464.1,224.9,481.2,501.5,121.5,465.6,590.1,532.9,184.6,418.0,344.0,443.2,464.7,524.1,520.8,358.4,502.8,489.3,515.9,381.1,2827.2,542.8,401.7,407.9,336.4,419.6,46.4,475.4,538.6,462.9,379.9,397.0,415.6,451.0,358.6,617.7,428.8,608.6,600.0,492.8,399.5,487.7,400.0,436.5,436.6,291.2,516.0,484.0,356.3,455.0,346.9,241.7,576.2,513.4,496.6,434.8,426.8,97.5,371.4,487.7,319.9,548.2,533.6,467.0,485.7,354.2,295.0,519.8,125.2,451.2,328.0
KW,362.6,347.0,467.1,300.5,494.5,591.5,64.7,191.6,231.1,413.6,119.0,459.3,492.1,363.9,421.5,354.2,423.8,104.8,518.7,549.9,324.8,367.7,231.9,227.4,181.5,467.1,157.0,353.9,382.5,458.5,465.4,406.1,343.8,474.3,331.7,299.9,495.2,275.2,420.6,342.0,433.3,372.8,322.6,564.8,0.0,290.9,309.1,248.1,463.7,369.5,170.6,202.7,314.5,428.0,215.6,445.8,275.2,112.5,231.0,503.1,193.6,366.8,507.5,279.5,111.4,398.2,517.2,291.2,393.2,308.5,175.0,63.4,390.4,312.1,134.3,181.6,34.4,459.7,2525.7,401.5,369.8,457.1,363.7,468.8,531.4,340.7,214.5,131.7,286.1,446.2,324.1,298.3,334.6,132.1,310.3,107.9,76.2,67.3,309.7,129.1,265.3,221.2,280.9,486.2,182.3,276.3,405.5,320.3,351.3,491.7,119.3,52.7,194.8,282.1,196.2,527.3,398.7,326.8,327.4,113.1,155.0,257.5,134.5,293.3,373.6,60.4,429.5,481.9,406.6
KY,61.3,135.4,399.6,73.3,353.7,524.0,300.7,285.3,100.3,272.8,358.4,391.8,339.5,296.4,177.9,247.4,271.6,258.9,451.2,482.4,99.8,112.4,184.9,119.3,204.3,399.6,291.3,213.1,138.9,314.5,324.6,265.3,203.9,333.5,119.3,158.9,427.7,90.8,279.8,148.4,292.5,220.6,195.8,497.3,280.4,0.0,190.9,341.8,305.4,235.1,325.8,359.2,96.6,275.8,309.3,305.0,101.4,246.8,92.8,322.9,161.2,111.5,440.0,70.7,328.3,182.2,449.7,150.2,252.4,92.5,178.4,314.0,83.3,202.9,235.6,192.8,305.8,307.5,2430.0,192.1,222.6,316.3,222.9,328.0,463.9,97.1,103.3,237.7,145.3,305.4,183.1,180.1,187.4,371.5,212.3,305.8,285.2,282.7,200.4,250.7,107.4,120.5,139.9,345.4,297.7,34.9,264.7,65.0,211.4,350.9,333.5,303.3,176.5,167.6,289.9,459.8,257.9,25.5,186.6,275.6,323.5,35.6,267.4,152.5,253.1,221.5,362.0,341.1,254.4
KZ,206.0,71.2,366.5,149.3,320.6,490.9,335.6,326.1,135.2,295.4,393.3,358.7,318.2,263.3,201.2,196.3,285.4,293.8,418.1,449.3,173.6,216.5,189.2,164.7,210.3,366.5,326.2,254.3,194.2,284.6,291.5,303.1,122.7,300.4,110.3,165.0,394.6,92.3,246.7,66.2,259.4,187.5,206.3,464.2,315.3,195.4,0.0,366.5,313.6,211.6,327.3,360.7,106.7,281.2,348.0,271.9,125.7,281.7,128.5,329.2,168.7,215.6,406.9,130.0,369.5,185.8,416.6,176.1,219.3,113.5,185.9,304.4,233.8,151.8,231.6,198.8,296.2,354.2,2465.0,163.1,213.1,283.2,244.5,294.9,430.8,187.3,138.2,239.2,123.2,272.3,126.7,12.9,177.9,406.4,206.4,340.7,320.1,273.1,247.7,246.7,82.4,100.9,146.0,312.3,314.0,180.1,231.6,169.1,114.3,317.8,390.2,293.7,202.0,64.1,297.4,426.7,209.5,217.9,153.5,310.5,321.7,131.4,268.9,165.6,220.0,256.4,328.9,308.0,303.0
LA,360.9,342.9,319.3,296.4,394.6,443.7,215.2,39.9,227.0,295.2,276.4,311.5,380.4,216.1,421.9,333.7,276.0,203.3,351.5,402.1,317.1,363.6,212.4,240.2,155.1,319.3,235.7,257.4,378.4,355.4,365.5,287.7,270.2,355.9,327.6,295.8,347.4,273.9,302.2,345.9,314.9,225.0,306.7,417.0,231.5,320.6,305.0,0.0,317.8,329.4,215.9,249.3,350.0,280.2,67.8,327.4,271.1,191.2,226.3,356.5,153.0,362.7,359.7,275.4,255.6,435.6,369.4,287.1,274.8,345.9,136.5,195.9,388.7,291.6,174.6,161.1,187.7,311.9,2668.0,397.4,349.3,338.7,267.2,350.4,383.6,336.6,210.4,134.7,261.0,327.8,320.0,294.2,306.2,289.5,305.6,280.4,271.8,164.6,283.1,159.5,261.2,217.1,276.8,375.8,187.8,275.6,287.1,316.2,277.7,373.3,248.0,185.2,168.4,278.0,98.6,379.5,302.2,325.1,250.7,220.0,205.4,253.4,157.5,289.2,225.8,191.6,281.7,382.0,258.8
LI,284.4,276.7,283.8,225.8,138.8,408.2,418.7,243.4,264.1,75.9,479.9,276.0,136.4,180.6,346.8,193.5,47.2,406.8,325.7,366.6,250.1,293.0,341.3,290.9,358.6,283.8,439.2,117.2,307.8,99.6,109.7,68.4,130.0,157.8,260.6,208.2,311.9,200.5,129.4,289.7,142.1,85.0,185.5,381.5,435.0,289.9,252.4,283.8,0.0,181.2,419.4,452.8,237.9,51.4,265.3,154.6,251.9,394.7,254.7,172.5,356.5,292.1,324.2,256.2,459.1,323.5,333.9,208.6,65.9,233.8,340.0,399.4,311.4,149.0,378.1,318.0,391.2,38.1,2617.8,333.4,192.3,165.9,127.0,177.6,348.1,266.0,308.3,338.2,195.0,155.0,206.2,241.6,147.5,493.0,203.6,483.9,475.3,368.1,190.1,363.0,190.6,227.1,227.2,195.0,391.3,274.6,114.3,245.6,137.5,200.5,451.5,388.7,319.7,225.4,302.1,344.0,162.0,278.3,110.5,423.5,408.9,257.6,361.0,144.8,137.3,395.1,246.2,126.2,51.9
LX,226.3,261.5,267.6,167.7,221.7,392.0,370.2,227.2,156.6,140.8,431.4,259.8,207.5,164.4,288.7,15.1,139.6,342.9,299.8,350.4,188.4,234.9,233.8,269.6,222.0,267.6,375.3,81.1,249.7,182.5,192.6,133.3,53.9,201.5,202.5,182.0,295.7,145.2,147.8,256.5,160.5,88.6,159.3,365.3,369.2,251.8,190.2,267.6,173.4,0.0,357.6,391.0,179.8,143.8,249.1,173.0,236.1,330.8,205.3,230.3,236.8,234.0,308.0,240.4,416.9,265.4,317.7,154.2,120.4,175.7,220.3,350.9,253.3,39.8,264.4,210.5,342.7,175.5,2559.7,275.3,134.2,184.3,90.9,196.0,331.9,207.9,200.8,269.5,136.9,173.4,148.1,203.2,99.0,444.5,94.4,435.4,403.6,319.6,135.7,279.5,132.5,182.1,201.0,213.4,329.5,291.1,132.7,187.5,61.4,218.9,403.0,340.2,212.2,167.3,285.9,327.8,125.9,220.2,54.6,359.6,354.5,218.4,299.2,86.7,121.1,305.5,230.0,209.1,122.4
MD,352.0,336.3,427.4,289.8,502.7,551.8,107.7,151.9,220.4,401.6,136.1,419.6,500.3,324.2,410.8,325.1,384.1,105.0,479.0,510.2,314.1,357.0,195.8,231.6,141.8,427.4,80.2,341.9,371.8,466.7,473.6,394.1,314.7,462.3,321.0,289.2,455.5,264.5,408.6,331.3,421.3,333.1,298.1,525.1,180.2,313.9,298.4,208.4,424.0,340.4,0.0,32.0,345.2,388.3,175.9,433.8,264.5,59.2,220.3,491.1,157.7,356.1,467.8,268.8,105.5,428.9,477.5,280.5,381.2,339.2,141.2,144.6,379.8,283.0,105.3,152.5,136.4,420.0,2616.7,390.8,340.7,445.1,351.7,456.8,491.7,330.0,203.8,74.0,275.4,434.2,313.4,287.6,305.5,211.2,281.2,229.1,220.5,113.3,274.5,90.2,254.6,210.5,270.2,474.2,11.6,271.9,393.5,309.6,322.2,479.7,160.6,133.9,155.1,271.4,156.5,487.6,386.7,316.2,315.4,96.3,22.1,246.8,48.2,282.6,333.9,122.1,389.8,490.1,366.9
ME,375.4,359.7,450.8,313.2,526.1,575.2,149.8,175.3,243.8,425.0,178.2,443.0,523.7,347.6,434.2,348.5,407.5,147.1,502.4,533.6,337.5,380.4,219.2,255.0,165.2,450.8,122.3,365.3,395.2,490.1,497.0,417.5,338.1,485.7,344.4,312.6,478.9,287.9,432.0,354.7,444.7,356.5,321.5,548.5,212.2,337.3,321.8,231.8,447.4,363.8,42.0,0.0,368.6,411.7,199.3,457.2,287.9,101.3,243.7,514.5,181.1,379.5,491.2,292.2,147.6,452.3,500.9,303.9,404.6,362.6,164.6,176.6,403.2,306.4,147.4,175.9,168.4,443.4,2648.7,414.2,364.1,468.5,375.1,480.2,515.1,353.4,227.2,97.4,298.8,457.6,336.8,311.0,328.9,253.3,304.6,261.1,252.5,145.3,297.9,132.3,278.0,233.9,293.6,497.6,35.0,295.3,416.9,333.0,345.6,503.1,202.7,165.9,178.5,294.8,179.9,511.0,410.1,339.6,338.8,138.4,64.2,270.2,71.6,306.0,357.3,164.2,413.2,513.5,390.3
MF,99.2,36.8,359.6,40.5,313.7,484.0,374.7,326.7,157.8,232.8,435.9,351.8,299.5,256.4,168.0,207.4,231.6,355.6,391.8,442.4,63.2,109.7,224.3,160.7,245.7,359.6,386.0,173.1,124.5,272.5,284.6,225.3,215.1,293.5,20.7,178.5,387.7,50.8,239.8,49.8,252.5,180.6,155.8,457.3,381.9,88.6,92.3,392.9,265.4,193.1,367.2,400.6,0.0,235.8,350.7,265.0,104.4,343.5,135.0,294.1,202.6,108.8,400.0,73.7,425.0,79.0,409.7,178.9,212.4,6.7,217.8,355.4,127.0,162.9,277.0,234.2,347.2,267.5,2434.5,93.5,223.3,276.3,182.9,288.0,423.9,82.7,160.8,279.1,84.3,265.4,149.6,81.5,139.5,449.0,233.3,361.3,342.7,324.1,160.4,292.1,105.3,123.5,168.9,305.4,337.1,76.3,224.7,62.3,206.7,310.9,405.5,344.7,217.9,69.0,329.3,419.8,301.9,111.1,146.6,370.3,364.9,95.0,308.8,112.5,213.1,318.2,322.0,301.1,214.4
MS,254.2,246.5,253.6,195.6,155.6,378.0,388.5,213.2,233.9,92.7,449.7,245.8,153.2,150.4,316.6,163.3,4.2,376.6,305.2,336.4,219.9,262.8,311.1,260.7,328.4,253.6,409.0,87.0,277.6,119.6,126.5,85.2,99.8,174.6,230.4,178.0,281.7,170.3,146.2,259.5,158.9,54.8,155.3,351.3,404.8,259.7,222.2,253.6,59.0,178.6,389.2,422.6,209.6,0.0,235.1,171.4,221.7,364.5,224.5,228.7,326.3,261.9,294.0,226.0,435.2,293.3,303.7,178.4,82.7,203.6,309.8,369.2,281.2,118.8,347.9,287.8,361.0,72.9,2587.6,303.2,162.1,182.7,96.8,194.4,317.9,235.8,278.1,308.0,164.8,171.8,176.0,211.4,126.9,462.8,173.4,453.7,445.1,337.9,159.9,332.8,160.4,196.9,197.0,211.8,375.9,244.4,131.1,215.4,107.3,217.3,443.1,358.5,289.5,195.2,271.9,313.8,131.8,248.1,80.3,393.3,378.7,227.4,330.8,114.6,107.1,364.9,216.0,143.0,21.7
MU,354.9,336.9,287.3,290.4,362.6,411.7,209.2,33.9,221.0,263.2,270.4,279.5,360.2,184.1,411.4,327.7,244.0,197.3,338.9,370.1,314.7,357.6,198.4,234.2,149.1,287.3,229.7,225.4,372.4,326.6,333.5,255.7,238.2,323.9,321.6,289.8,315.4,265.1,270.2,331.9,282.9,193.0,300.7,385.0,225.5,314.6,299.0,74.3,283.9,343.0,209.9,243.3,345.9,248.2,0.0,295.4,265.1,185.2,220.9,352.7,147.0,356.7,327.7,269.4,255.9,429.6,337.4,281.1,242.8,339.9,130.5,189.9,382.7,285.6,168.6,155.1,181.7,279.9,2662.0,391.4,343.3,306.7,235.2,318.4,351.6,330.6,204.4,128.7,276.0,295.8,314.0,288.2,308.1,283.5,283.8,274.4,265.8,158.6,277.1,153.5,255.2,211.1,270.8,335.8,196.6,272.6,255.1,310.2,245.7,341.3,263.8,179.2,162.4,272.0,92.6,347.5,270.2,319.1,218.7,214.0,199.4,247.4,151.5,283.2,193.8,185.6,249.7,350.0,226.8
MW,300.8,293.1,57.2,242.2,188.1,159.9,503.0,327.7,280.5,107.2,495.1,65.0,185.7,177.3,363.2,209.9,157.1,491.1,165.7,196.9,266.5,309.4,357.7,307.3,345.9,114.1,523.5,133.6,324.2,152.1,159.0,99.7,146.4,167.9,277.0,224.6,142.2,216.9,24.8,306.1,46.0,119.2,201.9,211.8,519.3,306.3,268.8,368.1,150.0,225.2,503.7,537.1,256.2,161.3,349.6,0.0,268.3,479.0,271.1,57.2,440.8,308.5,140.4,272.6,525.2,339.9,85.6,225.0,86.8,250.2,424.3,483.7,327.8,165.4,462.4,334.4,475.5,166.0,2620.9,349.8,208.7,58.8,143.4,46.3,178.4,282.4,324.7,422.5,211.4,97.4,222.6,258.0,173.5,590.0,220.0,563.5,559.6,452.4,206.5,447.3,207.0,243.5,243.6,65.0,490.4,291.0,39.6,262.0,153.9,45.8,582.4,473.0,336.1,241.8,386.4,174.3,178.4,294.7,126.9,507.8,493.2,274.0,445.3,161.2,254.6,479.4,84.8,175.5,153.0
NA,80.1,117.3,381.5,110.1,335.6,505.9,288.2,245.4,87.8,254.7,345.9,373.7,333.2,278.3,227.6,229.3,253.5,246.4,433.1,464.3,149.5,149.2,141.8,117.3,162.9,381.5,278.8,195.0,188.6,299.6,306.5,247.2,185.8,315.4,101.2,123.0,409.6,75.4,261.7,130.3,274.4,202.5,177.7,479.2,267.9,87.5,172.8,301.9,293.4,244.6,279.9,313.3,80.4,257.7,269.4,286.9,0.0,234.3,81.1,344.2,121.3,148.3,421.9,18.7,322.1,164.1,431.6,128.7,234.3,74.4,138.5,257.0,107.9,184.8,184.2,151.4,248.8,289.4,2517.6,174.0,204.5,298.2,204.8,309.9,445.8,146.8,90.8,191.8,127.2,287.3,147.2,162.0,169.3,359.0,239.4,293.3,272.7,225.7,182.3,199.3,89.3,53.5,104.0,327.3,266.6,72.2,246.6,101.8,193.3,332.8,342.8,246.3,154.6,149.5,250.0,441.7,239.8,92.0,168.5,263.1,274.3,84.0,221.5,134.4,235.0,209.0,343.9,323.0,236.3
NB,318.2,301.7,417.3,255.2,492.6,541.7,67.1,141.8,185.8,368.3,118.3,409.5,490.2,314.1,376.2,309.8,374.0,45.7,468.9,500.1,279.5,322.4,186.6,216.3,131.7,417.3,44.4,308.6,337.2,456.6,463.5,360.8,299.4,429.0,286.4,254.6,445.4,229.9,375.3,296.7,388.0,323.0,277.3,515.0,120.7,245.6,263.8,198.3,413.9,325.1,58.0,90.1,269.2,378.2,165.8,400.5,229.9,0.0,185.7,457.8,147.1,321.5,457.7,234.2,87.7,352.9,467.4,245.9,347.9,263.2,130.6,85.1,346.0,267.7,89.9,137.2,76.9,409.9,2557.2,356.2,325.4,411.8,318.4,423.5,481.6,295.4,169.2,81.9,240.8,400.9,278.8,253.0,290.2,193.4,265.9,169.6,161.0,53.8,259.2,79.3,220.0,175.9,235.6,440.9,69.7,268.6,360.2,275.0,306.9,446.4,126.2,74.4,145.0,236.8,146.4,477.5,353.4,282.4,282.1,28.7,59.3,212.2,84.7,248.0,323.8,62.8,379.7,480.0,356.8
NI,133.7,155.4,358.4,145.7,312.5,482.8,236.1,193.3,49.1,231.6,293.8,350.6,298.3,254.4,255.2,205.0,230.4,194.3,390.6,441.2,176.4,184.8,88.9,65.2,110.8,358.4,225.9,171.9,211.7,272.5,283.4,224.1,194.6,292.3,139.3,117.9,386.5,110.8,238.6,168.4,251.3,179.4,140.6,456.1,215.8,87.8,127.1,259.5,264.2,192.7,227.8,261.2,116.6,234.6,217.3,263.8,121.4,182.2,0.0,292.9,69.2,183.9,398.8,90.7,263.7,202.2,408.5,109.2,211.2,112.5,85.6,204.9,156.1,161.7,132.1,99.3,196.7,266.3,2539.8,212.7,215.8,275.1,181.7,286.8,422.7,169.9,38.7,139.7,83.1,264.2,142.1,116.3,177.5,306.9,176.9,240.4,220.6,173.6,127.7,147.2,127.4,39.2,98.9,304.2,198.9,42.2,223.5,137.4,202.1,309.7,268.9,194.2,101.7,100.1,197.1,418.6,216.7,97.9,145.4,210.2,222.2,73.6,169.4,111.3,211.9,156.9,320.8,299.9,213.2
NJ,348.1,340.4,104.8,289.5,235.4,207.5,550.6,375.3,327.8,154.5,503.9,112.6,221.2,224.9,415.0,257.2,204.4,538.7,193.9,244.5,310.2,356.7,384.2,354.6,393.2,161.7,552.9,180.9,371.5,196.2,206.3,147.0,193.7,215.2,324.3,271.9,189.8,267.0,72.1,353.4,93.3,166.5,249.2,241.2,566.9,353.6,316.1,425.4,161.8,224.1,551.3,584.7,301.6,208.6,397.2,47.2,315.6,526.6,317.8,0.0,488.4,355.8,188.0,319.9,540.0,387.2,133.2,272.3,134.1,297.5,442.5,531.3,375.1,212.7,510.0,381.7,523.1,213.3,2668.2,376.3,256.0,106.1,190.7,93.6,226.0,329.7,372.0,470.1,237.6,144.7,269.9,305.3,212.9,624.9,283.1,545.6,607.2,500.0,253.8,494.9,254.3,290.8,290.9,112.3,523.2,341.3,86.9,309.3,201.2,56.0,547.1,520.6,354.0,289.1,434.0,221.9,225.7,342.0,174.2,555.4,540.8,321.3,492.9,208.5,302.2,527.0,132.4,222.8,200.3
NS,207.8,189.8,383.2,143.3,337.3,507.6,172.0,124.0,73.9,256.4,233.2,375.4,334.9,280.0,264.3,229.8,255.2,160.1,434.8,466.0,167.6,210.5,74.7,112.2,78.2,383.2,192.5,196.7,225.3,301.3,308.2,248.9,219.4,317.1,174.5,142.7,411.3,118.0,263.4,184.8,276.1,204.2,165.4,480.9,188.3,167.5,151.9,180.5,295.1,245.1,172.7,206.1,198.8,259.4,148.0,288.6,118.0,148.0,73.8,345.9,0.0,209.6,423.6,122.3,218.7,282.5,433.3,134.0,236.0,192.8,17.2,152.7,235.6,186.5,84.2,66.7,144.5,291.1,2527.0,244.3,240.6,299.9,206.5,311.6,447.5,183.5,57.3,89.3,128.9,289.0,166.9,141.1,200.8,246.3,185.9,237.2,228.6,121.4,152.5,99.3,108.1,64.0,123.7,329.0,159.4,125.5,248.3,163.1,226.9,334.5,226.6,142.0,99.2,124.9,128.6,443.4,241.5,172.0,170.2,176.8,162.2,100.3,114.3,136.1,236.7,125.3,345.6,324.7,238.0
NV,77.4,199.0,398.0,66.9,352.1,522.4,403.6,371.2,207.3,271.2,464.8,390.2,349.7,294.8,146.7,245.8,270.0,373.7,449.6,480.8,61.1,35.5,280.4,214.8,287.6,398.0,406.1,211.5,89.7,316.1,323.0,263.7,202.3,331.9,193.5,216.9,426.1,91.9,278.2,174.1,290.9,219.0,194.2,495.7,400.0,106.9,236.5,427.7,309.9,261.1,407.4,440.8,172.7,274.2,395.2,303.4,157.6,361.6,184.9,360.7,247.1,0.0,438.4,126.9,449.4,256.4,448.1,217.3,250.8,166.7,264.3,384.3,105.2,201.3,330.0,276.1,376.1,305.9,2428.8,266.3,221.0,314.7,221.3,326.4,462.3,77.0,210.3,319.3,143.7,303.8,199.7,225.7,185.8,477.9,255.9,412.8,420.8,353.0,198.8,345.1,105.8,176.7,227.2,343.8,394.1,138.9,263.1,36.6,209.8,349.3,458.2,373.6,259.8,241.8,375.8,458.2,256.3,71.3,185.0,390.4,409.4,142.6,349.0,150.9,251.5,336.3,360.4,339.5,252.8
NW,448.0,440.3,70.7,389.4,418.0,195.1,497.6,322.3,509.4,318.6,558.8,62.9,415.6,171.9,510.4,357.1,299.4,485.7,125.7,85.6,413.7,456.6,486.8,522.6,437.5,49.8,518.1,280.8,471.4,382.0,388.9,311.1,293.6,379.3,424.2,371.8,30.9,364.1,325.6,453.3,208.4,248.4,349.1,121.5,513.9,453.5,416.0,362.7,339.3,372.4,498.3,531.7,403.4,303.6,344.2,131.6,415.5,473.6,418.3,189.3,435.4,455.7,0.0,419.8,544.3,487.1,120.8,372.2,298.2,397.4,418.9,478.3,475.0,312.6,457.0,443.5,470.1,335.3,2781.4,497.0,355.9,362.1,290.6,208.7,85.0,429.6,492.8,417.1,358.6,351.2,369.8,405.2,320.7,571.9,367.2,562.8,554.2,447.0,353.7,441.9,354.2,390.7,390.8,227.4,485.0,438.2,310.5,409.2,301.1,177.9,552.2,467.6,450.8,389.0,381.0,63.0,325.6,441.9,274.1,502.4,487.8,421.2,439.9,308.4,249.2,474.0,79.4,405.4,282.2
NY,61.3,98.5,362.7,91.3,316.8,487.1,284.4,241.6,84.0,235.9,342.1,354.9,314.4,259.5,208.8,210.5,234.7,242.6,414.3,445.5,130.7,130.4,138.0,113.5,159.1,362.7,275.0,176.2,169.8,280.8,287.7,228.4,167.0,296.6,82.4,119.2,390.8,56.6,242.9,111.5,255.6,183.7,158.9,460.4,264.1,68.7,154.0,298.1,274.6,225.8,276.1,309.5,61.6,238.9,265.6,268.1,30.6,230.5,77.3,325.4,117.5,129.5,403.1,0.0,318.3,145.3,412.8,124.9,215.5,55.6,134.7,253.2,89.1,166.0,180.4,147.6,245.0,270.6,2498.8,155.2,185.7,279.4,186.0,291.1,427.0,128.0,87.0,188.0,108.4,268.5,143.4,143.2,150.5,355.2,220.6,289.5,268.9,221.9,163.5,195.5,70.5,49.7,100.2,308.5,262.8,53.4,227.8,83.0,174.5,314.0,339.0,242.5,150.8,130.7,246.2,422.9,221.0,73.2,149.7,259.3,270.5,75.1,217.7,115.6,216.2,205.2,325.1,304.2,217.5
OE,414.9,398.4,497.9,345.9,573.2,622.3,53.9,222.4,282.5,465.0,30.5,490.1,559.0,394.7,477.4,406.5,454.6,103.1,530.1,580.7,372.6,419.1,268.6,304.4,212.3,497.9,97.6,405.3,433.9,528.0,544.1,457.5,396.1,525.7,383.1,351.3,526.0,329.4,472.0,393.4,484.7,403.6,374.0,595.6,118.7,336.3,360.5,288.6,488.4,394.2,93.2,125.3,364.0,458.8,246.4,497.2,326.6,96.6,281.8,526.3,228.2,418.2,538.3,330.9,0.0,449.6,548.0,342.6,444.6,359.9,211.7,82.3,442.7,364.4,175.0,223.8,88.0,490.5,2549.2,452.9,422.1,508.5,415.1,520.2,562.2,392.1,265.9,162.5,316.5,497.6,375.5,349.7,379.0,105.6,378.4,153.6,139.5,98.1,355.9,159.9,316.7,272.6,332.3,537.6,116.9,350.5,456.9,371.7,403.6,543.1,72.0,93.0,225.6,333.5,227.0,558.1,450.1,379.1,378.8,80.8,94.5,308.9,141.5,344.7,404.4,145.8,460.3,560.6,437.4
OI,151.3,104.3,411.7,94.6,365.8,536.1,426.8,378.8,209.9,284.9,488.0,403.9,363.4,308.5,215.6,259.5,283.7,407.7,463.3,494.5,118.9,161.8,278.4,212.8,297.8,411.7,440.1,225.2,176.6,329.8,336.7,277.4,282.6,345.6,88.2,230.6,439.8,105.6,291.9,117.3,304.6,232.7,207.9,509.4,434.0,140.7,159.8,435.3,323.6,274.8,419.3,452.7,67.4,287.9,402.8,317.1,156.5,395.6,186.3,374.4,254.7,160.9,452.1,125.8,483.4,0.0,461.8,231.0,264.5,58.8,271.9,407.5,179.1,215.0,329.1,286.3,399.3,319.6,2486.6,161.0,234.7,328.4,235.0,340.1,476.0,134.8,212.9,331.2,157.4,317.5,217.1,149.0,199.5,501.1,269.6,415.4,394.8,376.2,212.5,344.2,119.5,175.6,226.1,357.5,406.0,125.4,276.8,114.4,274.2,363.0,481.4,396.8,270.0,136.5,383.4,471.9,270.0,163.2,198.7,424.4,417.0,147.1,360.9,164.6,265.2,370.3,374.1,353.2,266.5
OK,436.2,428.5,40.0,377.6,406.2,74.2,485.8,310.5,497.6,306.8,547.0,47.8,403.8,160.1,498.6,345.3,287.6,473.9,148.5,179.7,401.9,444.8,475.0,510.8,425.7,96.9,506.3,269.0,459.6,370.2,377.1,299.3,281.8,367.5,412.4,360.0,125.0,352.3,154.8,441.5,176.0,236.6,337.3,194.6,502.1,441.7,404.2,350.9,327.5,360.6,486.5,519.9,391.6,291.8,332.4,99.2,403.7,461.8,406.5,156.9,423.6,443.9,123.2,408.0,532.5,475.3,0.0,360.4,286.4,385.6,407.1,466.5,463.2,300.8,445.2,431.7,458.3,323.5,2769.6,485.2,344.1,188.8,278.8,176.3,161.2,417.8,481.0,405.3,346.8,227.4,358.0,393.4,308.9,560.1,355.4,551.0,542.4,435.2,341.9,430.1,342.4,378.9,379.0,195.0,473.2,426.4,298.7,397.4,289.3,145.5,540.4,455.8,439.0,377.2,369.2,157.1,313.8,430.1,262.3,490.6,476.0,409.4,428.1,296.6,237.4,462.2,67.6,393.6,270.4
OS,184.9,191.0,315.9,144.5,270.0,440.3,322.3,274.3,108.7,189.1,383.5,308.1,267.6,212.7,265.5,158.4,187.9,295.0,367.5,398.7,168.8,211.7,185.9,143.8,174.1,315.9,327.4,129.4,226.5,234.0,240.9,181.6,148.0,249.8,175.7,64.0,344.0,119.2,196.1,186.0,208.8,136.9,78.3,413.6,321.3,143.9,153.1,315.9,227.8,173.7,309.7,343.1,158.5,192.1,297.4,221.3,119.2,282.9,107.6,278.6,188.9,210.8,356.3,123.5,369.0,242.2,366.0,0.0,168.7,152.5,172.4,303.0,212.7,116.3,216.5,162.6,294.8,223.8,2536.5,245.5,120.9,232.6,139.2,244.3,380.2,184.7,152.9,221.6,130.1,221.7,134.8,142.3,85.7,396.6,114.5,387.5,355.7,271.7,18.4,231.6,109.3,80.0,62.7,261.7,296.4,146.6,181.0,164.3,155.5,267.2,376.9,292.3,164.3,126.1,278.9,376.1,174.2,169.5,102.9,311.7,306.6,110.5,251.3,91.4,169.4,257.6,278.3,257.4,170.7
OT,229.6,221.9,247.0,171.0,101.2,371.4,381.9,206.6,209.3,20.3,443.1,239.2,98.8,143.8,292.0,138.7,99.0,370.0,298.6,329.8,195.3,238.2,286.5,236.1,274.7,247.0,402.4,62.4,253.0,65.2,72.1,12.8,75.2,81.0,205.8,153.4,275.1,145.7,63.4,234.9,76.1,48.0,130.7,344.7,398.2,235.1,197.6,247.0,63.1,154.0,382.6,416.0,185.0,103.2,228.5,88.6,197.1,357.9,199.9,145.9,240.1,237.3,287.4,201.4,428.6,268.7,297.1,153.8,0.0,179.0,273.0,362.6,256.6,94.2,317.1,263.2,354.4,79.1,2563.0,278.6,137.5,99.9,72.2,111.6,311.3,211.2,253.5,301.4,140.2,89.0,151.4,186.8,102.3,456.2,148.8,447.1,391.5,331.3,135.3,326.2,135.8,172.3,172.4,129.0,369.3,219.8,48.3,190.8,82.7,134.5,436.5,351.9,264.9,170.6,265.3,307.2,107.2,223.5,55.7,386.7,372.1,202.8,324.2,90.0,100.5,327.8,209.4,88.6,81.8
OZ,92.4,42.8,352.8,35.7,306.9,477.2,367.9,319.9,151.0,226.0,429.1,345.0,304.5,249.6,156.7,200.6,224.8,348.8,404.4,435.6,60.0,102.9,219.5,153.9,238.9,352.8,381.2,166.3,117.7,270.9,277.8,218.5,221.1,286.7,26.7,171.7,380.9,46.7,233.0,55.8,245.7,173.8,149.0,450.5,375.1,81.8,98.3,376.4,264.7,215.9,360.4,393.8,5.9,229.0,343.9,258.2,97.6,336.7,127.4,315.5,195.8,102.0,393.2,66.9,424.5,89.6,402.9,172.1,205.6,0.0,213.0,348.6,120.2,156.1,270.2,227.4,340.4,260.7,2427.7,99.5,175.8,269.5,176.1,281.2,417.1,75.9,154.0,272.3,98.5,258.6,155.6,87.5,140.6,442.2,210.7,356.5,335.9,317.3,153.6,285.3,60.6,116.7,167.2,298.6,347.1,66.5,217.9,55.5,212.7,304.1,422.5,337.9,211.1,75.0,324.5,413.0,211.1,104.3,139.8,365.5,358.1,88.2,302.0,105.7,206.3,311.4,315.2,294.3,207.6
PD,224.3,206.3,382.3,159.8,353.8,506.7,154.8,106.8,90.4,272.9,216.0,374.5,339.6,279.1,280.8,222.1,271.7,142.9,424.2,465.1,184.1,227.0,91.2,128.6,61.0,382.3,175.3,213.2,241.8,314.6,324.7,265.4,211.7,333.6,191.0,159.2,410.4,137.3,279.9,201.3,292.6,220.7,181.9,480.0,171.1,184.0,168.4,163.3,305.5,209.8,155.5,188.9,213.4,275.9,130.8,305.1,134.5,130.8,89.7,331.6,16.5,226.1,422.7,138.8,201.5,299.0,432.4,150.5,252.5,209.3,0.0,135.5,252.1,180.0,67.0,49.5,127.3,307.6,2543.5,260.8,237.7,316.4,223.0,328.1,446.6,200.0,73.8,72.1,145.4,305.5,183.4,157.6,192.9,229.1,194.0,220.0,211.4,104.2,169.0,82.1,124.6,80.5,140.2,345.5,127.4,139.0,264.8,179.6,219.2,351.0,187.6,124.8,82.0,141.4,111.4,442.5,258.0,188.5,186.7,159.6,145.0,116.8,97.1,152.6,253.2,108.1,344.7,341.2,254.5
PS,349.4,332.9,430.5,286.4,505.8,554.9,46.1,155.0,217.0,406.4,80.4,422.7,503.4,327.3,407.4,341.5,387.2,85.7,482.1,513.3,310.7,353.6,201.2,237.0,144.9,430.5,118.1,339.8,368.4,469.8,476.7,398.9,331.1,467.1,317.6,285.8,458.6,261.1,413.4,327.9,426.1,336.2,314.5,528.2,55.0,328.1,295.0,211.5,427.1,356.8,131.7,163.8,359.4,391.4,179.0,438.6,261.1,73.6,216.9,495.9,160.8,352.7,470.9,265.4,92.8,443.1,480.6,277.1,386.0,353.4,144.3,0.0,385.8,299.4,107.6,156.4,38.6,423.1,2472.0,387.4,357.1,449.9,349.6,461.6,494.8,326.6,200.4,95.1,272.0,439.0,310.0,284.2,321.9,93.5,297.6,84.4,75.8,30.7,290.9,92.5,251.2,207.1,266.8,479.0,143.0,286.1,398.3,306.2,338.6,484.5,100.7,10.7,158.2,268.0,159.6,490.7,384.6,313.6,313.3,94.5,118.4,243.4,97.9,279.2,337.0,96.4,392.9,493.2,370.0
QD,27.8,171.9,397.4,66.3,351.5,521.8,385.8,353.4,173.1,270.6,447.0,389.6,349.1,294.2,119.6,245.2,269.4,355.9,449.0,480.2,41.5,97.1,261.7,196.1,269.8,397.4,388.3,210.9,80.6,315.5,322.4,263.1,201.7,331.3,157.7,216.3,425.5,91.3,277.6,147.0,290.3,218.4,193.6,495.1,382.2,89.1,209.4,397.4,309.3,260.5,389.6,423.0,136.9,273.6,377.4,302.8,121.8,343.8,166.4,360.1,229.3,129.8,437.8,91.1,431.6,220.6,447.5,216.7,250.2,130.9,246.5,366.5,0.0,200.7,312.2,258.3,358.3,305.3,2424.1,230.5,220.4,314.1,220.7,325.8,461.7,38.8,176.1,301.5,143.1,303.2,199.1,198.6,185.2,460.1,255.3,378.6,358.0,335.2,198.2,327.3,105.2,138.8,183.9,343.2,376.3,108.7,262.5,83.3,209.2,348.7,440.4,355.8,242.0,157.1,358.0,457.6,255.7,53.5,184.4,372.6,391.6,124.8,331.2,150.3,250.9,318.5,359.8,338.9,252.2
QE,204.0,239.2,245.3,145.4,199.4,369.7,330.3,204.9,116.7,118.5,391.5,237.5,197.0,142.1,266.4,42.0,117.3,303.0,296.9,328.1,169.7,212.6,193.9,229.7,182.1,245.3,335.4,58.8,227.4,163.4,170.3,111.0,31.6,179.2,180.2,142.1,273.4,120.1,125.5,234.2,138.2,66.3,119.4,343.0,329.3,211.9,167.9,245.3,157.2,57.3,317.7,351.1,159.4,121.5,226.8,150.7,196.2,290.9,165.4,208.0,196.9,211.7,285.7,200.5,377.0,243.1,295.4,114.3,98.1,153.4,180.4,311.0,231.0,0.0,224.5,170.6,302.8,153.2,2537.4,253.0,111.9,162.0,68.6,173.7,309.6,185.6,160.9,229.6,114.6,151.1,125.8,180.9,76.7,404.6,54.5,395.5,363.7,279.7,95.8,239.6,110.2,142.2,161.1,191.1,304.4,251.2,110.4,165.2,39.1,196.6,384.9,300.3,172.3,145.0,263.6,305.5,103.6,237.5,32.3,319.7,314.6,178.5,259.3,64.4,98.8,265.6,207.7,186.8,100.1
QJ,284.4,248.7,420.1,202.2,396.2,544.5,117.8,144.6,132.8,315.3,179.0,412.3,393.8,316.9,323.2,245.9,314.1,105.9,471.7,502.9,226.5,269.4,116.6,152.4,84.8,420.1,138.3,255.6,284.2,360.2,367.1,307.8,235.5,376.0,233.4,201.6,448.2,176.9,322.3,243.7,335.0,263.1,218.9,517.8,134.1,192.6,210.8,201.1,354.0,261.2,122.8,154.9,216.2,318.3,168.6,347.5,176.9,93.8,132.7,404.8,83.2,268.5,460.5,181.2,177.5,299.9,470.2,192.9,294.9,210.2,66.7,98.5,304.4,203.8,0.0,73.3,90.3,350.0,2570.6,303.2,261.5,358.8,265.4,370.5,484.4,242.4,116.2,64.1,187.8,347.9,225.8,200.0,226.3,192.1,202.0,183.0,174.4,67.2,195.3,15.1,167.0,122.9,182.6,387.9,132.6,202.3,307.2,222.0,243.0,393.4,172.4,87.8,105.8,183.8,149.2,480.3,300.4,248.6,229.1,122.6,90.0,159.2,87.5,195.0,295.6,87.1,382.5,383.6,296.9
RE,230.5,261.0,395.3,171.6,349.4,519.7,166.6,136.6,92.9,268.5,227.8,387.5,347.0,292.1,292.6,192.0,267.3,154.7,446.9,478.1,195.9,281.6,44.7,80.5,11.5,395.3,187.1,208.8,253.6,313.4,320.3,261.0,181.6,329.2,244.9,171.0,423.4,146.3,275.5,213.1,288.2,216.3,165.0,493.0,182.9,192.8,180.2,193.1,307.2,207.3,167.3,200.7,224.1,271.5,160.6,300.7,146.3,142.6,102.1,358.0,65.7,280.7,435.7,150.6,213.3,307.8,445.4,159.9,248.1,218.1,49.2,147.3,250.5,149.9,93.3,0.0,139.1,303.2,2573.1,272.6,207.6,312.0,218.6,323.7,459.6,211.8,85.6,86.1,157.2,301.1,195.2,169.4,172.4,240.9,148.1,231.8,223.2,116.0,141.4,108.4,136.4,92.3,152.0,341.1,154.0,150.8,260.4,234.2,189.1,346.6,221.2,136.6,51.9,153.2,141.2,455.5,253.6,194.7,182.3,171.4,156.8,128.6,108.9,164.4,248.8,134.4,357.7,336.8,250.1
RN,320.2,326.3,432.6,279.8,473.8,557.0,30.2,157.1,210.4,392.9,107.5,424.8,471.4,329.4,400.8,343.6,389.3,70.3,484.2,515.4,304.1,347.0,211.2,206.7,147.0,432.6,120.2,333.2,361.8,437.8,444.7,385.4,333.2,453.6,311.0,279.2,460.7,254.5,399.9,321.3,412.6,338.3,301.9,530.3,43.7,270.2,288.4,213.6,429.2,358.9,138.4,170.5,293.8,393.5,181.1,425.1,254.5,75.7,210.3,482.4,172.9,346.1,473.0,258.8,76.9,377.5,482.7,270.5,372.5,287.8,146.4,28.9,348.0,301.5,109.7,158.5,0.0,425.2,2501.0,380.8,359.2,436.4,343.0,448.1,496.9,320.0,193.8,97.2,265.4,425.5,303.4,277.6,337.3,122.5,299.7,113.4,104.8,32.8,289.0,94.6,244.6,200.5,260.2,465.5,150.1,255.6,384.8,299.6,340.7,471.0,84.8,18.2,160.3,261.4,161.7,492.8,378.0,324.1,306.7,78.6,120.5,236.8,100.0,272.6,339.1,57.7,395.0,461.2,372.1
RS,299.6,291.9,307.8,241.0,142.8,432.2,442.7,267.4,279.3,79.9,503.9,300.0,140.4,204.6,362.0,208.7,71.2,430.8,359.4,390.6,265.3,308.2,356.5,306.1,382.6,307.8,463.2,132.4,323.0,106.8,113.7,72.4,145.2,161.8,275.8,223.4,335.9,215.7,133.4,304.9,146.1,109.0,200.7,405.5,459.0,305.1,267.6,307.8,46.1,224.0,443.4,476.8,255.0,75.4,289.3,158.6,267.1,418.7,269.9,215.9,380.5,307.3,348.2,271.4,489.4,338.7,357.9,223.8,69.9,249.0,364.0,423.4,326.6,164.2,402.1,333.2,415.2,0.0,2633.0,348.6,207.5,169.9,142.2,181.6,372.1,281.2,323.5,362.2,210.2,159.0,221.4,256.8,172.3,517.0,218.8,507.9,499.3,392.1,205.3,387.0,205.8,242.3,242.4,199.0,430.1,289.8,118.3,260.8,152.7,204.5,497.3,412.7,334.9,240.6,326.1,368.0,177.2,293.5,125.7,447.5,432.9,272.8,385.0,160.0,161.3,419.1,270.2,130.2,75.9
RT,2454.5,2479.0,2757.1,2426.0,2739.5,2881.5,2552.9,2658.0,2571.4,2628.3,2550.3,2749.3,2737.1,2653.9,2460.1,2604.9,2688.5,2586.9,2808.7,2839.9,2401.2,2489.6,2572.2,2562.3,2593.3,2757.1,2619.3,2570.6,2453.1,2703.5,2710.4,2636.0,2561.4,2681.9,2498.1,2576.0,2785.2,2451.0,2637.3,2454.1,2650.0,2578.1,2553.3,2854.8,2538.9,2455.1,2516.5,2714.5,2681.4,2620.2,2632.9,2665.0,2494.5,2692.7,2682.0,2662.5,2519.9,2574.8,2526.1,2719.8,2533.9,2482.2,2797.5,2489.2,2580.4,2573.6,2807.2,2576.4,2648.6,2501.3,2551.1,2506.7,2441.9,2560.4,2550.4,2581.8,2545.2,2697.4,0.0,2550.9,2580.1,2673.8,2580.4,2685.5,2821.4,2446.2,2554.8,2577.8,2502.8,2662.9,2558.8,2505.7,2544.9,2579.6,2615.0,2482.3,2509.3,2537.5,2557.9,2565.5,2464.9,2498.5,2543.6,2702.9,2644.6,2487.1,2622.2,2435.7,2568.9,2708.4,2595.0,2517.4,2602.0,2546.4,2662.6,2817.3,2615.4,2448.4,2544.1,2601.3,2625.2,2490.8,2604.7,2510.0,2610.6,2549.5,2719.5,2696.0,2693.2
RW,155.1,75.5,415.5,98.4,369.6,539.9,379.2,336.4,178.8,288.7,436.9,407.7,355.4,312.3,219.4,263.3,287.5,337.4,457.4,498.3,122.7,165.6,232.8,208.3,253.9,415.5,369.8,229.0,180.4,330.4,340.5,281.2,253.8,349.4,41.4,208.6,443.6,138.7,295.7,88.5,308.4,236.5,211.7,513.2,358.9,144.5,131.0,392.9,321.3,251.0,370.9,404.3,57.8,291.7,360.4,320.9,160.3,325.3,171.5,350.0,212.3,164.7,455.9,129.6,413.1,134.9,465.6,219.7,268.3,62.6,229.5,348.0,182.9,218.8,275.2,242.4,339.8,323.4,2487.3,0.0,244.0,332.2,238.8,343.9,479.8,138.6,181.8,282.8,161.2,321.3,170.3,120.2,217.2,450.0,273.4,384.3,363.7,316.7,216.3,290.3,126.0,144.5,189.6,361.3,342.8,129.2,280.6,118.2,245.4,366.8,412.0,337.3,273.8,89.7,341.0,475.7,340.6,167.0,202.5,354.1,365.3,150.9,312.5,168.4,269.0,300.0,377.9,357.0,270.3
SG,203.6,195.9,308.5,145.0,262.6,432.9,378.9,268.1,165.3,181.7,440.1,300.7,260.2,205.3,266.0,156.3,180.5,351.6,360.1,391.3,169.3,212.2,242.5,210.1,230.7,308.5,384.0,122.0,227.0,226.6,233.5,174.2,112.8,242.4,179.8,109.4,336.6,119.7,188.7,208.9,201.4,129.5,86.7,406.2,377.9,209.1,170.4,308.5,220.4,171.6,366.3,399.7,159.0,184.7,290.0,213.9,171.1,339.5,173.9,271.2,245.5,211.3,348.9,175.4,425.6,242.7,358.6,109.8,161.3,153.0,229.0,359.6,230.6,111.8,273.1,219.2,351.4,216.4,2537.0,252.6,0.0,225.2,131.8,236.9,372.8,185.2,209.5,278.2,114.2,214.3,67.5,159.6,33.8,453.2,171.1,444.1,412.3,328.3,91.3,288.2,109.8,190.8,128.4,254.3,353.0,193.8,173.6,164.8,120.3,259.8,433.5,348.9,220.9,143.4,335.5,368.7,166.8,197.5,95.5,368.3,363.2,176.8,307.9,64.0,162.0,314.2,270.9,250.0,163.3
SR,328.3,320.6,148.5,269.7,215.6,251.2,624.0,305.3,308.0,134.7,555.8,156.3,213.2,242.5,390.7,237.4,184.6,468.7,257.0,288.2,294.0,336.9,385.2,334.8,373.4,205.4,501.1,161.1,351.7,179.6,186.5,127.2,173.9,195.4,304.5,252.1,233.5,244.4,35.4,333.6,120.4,146.7,229.4,303.1,496.9,333.8,296.3,345.7,177.5,252.7,481.3,514.7,283.7,188.8,327.2,60.6,295.8,456.6,298.6,117.9,338.8,336.0,231.7,300.1,585.9,367.4,176.9,252.5,114.3,277.7,371.7,577.8,355.3,192.9,415.8,361.9,453.1,193.5,2648.4,377.3,236.2,0.0,170.9,11.7,269.7,309.9,352.2,400.1,238.9,133.3,250.1,285.5,201.0,650.7,247.5,624.2,656.3,430.0,234.0,424.9,234.5,271.0,271.1,101.0,468.0,318.5,92.6,289.5,181.4,106.5,643.1,450.6,363.6,269.3,364.0,265.6,205.9,322.2,154.4,485.4,470.8,301.5,422.9,188.7,199.2,426.5,176.1,203.0,180.5
SY,199.8,192.1,239.1,141.2,193.2,363.5,374.0,198.7,179.5,112.3,435.2,231.3,190.8,135.9,262.2,108.9,111.1,362.1,290.7,321.9,165.5,208.4,256.7,206.3,244.9,239.1,394.5,9.8,223.2,157.2,164.1,104.8,45.4,173.0,176.0,123.6,267.2,115.9,119.3,205.1,132.0,60.1,100.9,336.8,390.3,205.3,167.8,239.1,151.0,124.2,374.7,408.1,155.2,115.3,220.6,144.5,167.3,350.0,170.1,201.8,210.3,207.5,279.5,171.6,420.7,238.9,289.2,124.0,91.9,149.2,243.2,354.7,226.8,64.4,287.3,233.4,346.5,147.0,2533.2,248.8,107.7,155.8,0.0,167.5,303.4,181.4,223.7,292.4,110.4,144.9,121.6,157.0,72.5,448.3,119.0,382.3,361.7,323.4,105.5,302.4,106.0,142.5,142.6,184.9,361.4,190.0,104.2,161.0,52.9,190.4,428.6,344.0,235.1,140.8,257.4,299.3,34.9,193.7,25.9,378.8,364.2,173.0,316.3,60.2,92.6,298.0,201.5,180.6,93.9
TF,340.8,333.1,136.8,282.2,228.1,239.5,612.3,317.8,320.5,147.2,544.1,144.6,225.7,255.0,403.2,249.9,197.1,481.2,245.3,276.5,306.5,349.4,397.7,347.3,385.9,193.7,513.6,173.6,364.2,192.1,199.0,139.7,186.4,207.9,317.0,264.6,221.8,256.9,23.7,346.1,132.9,159.2,241.9,291.4,620.5,346.3,308.8,358.2,190.0,265.2,493.8,527.2,296.2,201.3,339.7,48.9,308.3,469.1,311.1,106.2,351.3,348.5,220.0,312.6,574.2,379.9,165.2,265.0,126.8,290.2,384.2,566.1,367.8,205.4,428.3,374.4,465.6,206.0,2660.9,389.8,248.7,12.4,183.4,0.0,258.0,322.4,364.7,412.6,251.4,145.8,262.6,298.0,213.5,639.0,260.0,612.5,644.6,442.5,246.5,437.4,247.0,283.5,283.6,89.3,480.5,331.0,105.1,302.0,193.9,94.8,631.4,576.8,376.1,281.8,376.5,253.9,218.4,334.7,166.9,497.9,483.3,314.0,435.4,201.2,211.7,439.0,164.4,215.5,193.0
TG,466.0,458.3,106.7,407.4,436.0,231.1,515.6,340.3,527.4,336.6,576.8,98.9,433.6,189.9,528.4,375.1,317.4,503.7,137.5,49.0,431.7,474.6,504.8,540.6,455.5,61.6,536.1,298.8,489.4,400.0,406.9,329.1,311.6,397.3,442.2,389.8,44.0,382.1,343.6,471.3,244.4,266.4,367.1,36.4,531.9,471.5,434.0,380.7,357.3,390.4,516.3,549.7,421.4,321.6,362.2,167.6,433.5,491.6,436.3,225.3,453.4,473.7,75.0,437.8,562.3,505.1,156.8,390.2,316.2,415.4,436.9,496.3,493.0,330.6,475.0,461.5,488.1,353.3,2799.4,515.0,373.9,380.1,308.6,391.8,0.0,447.6,510.8,435.1,376.6,369.2,387.8,423.2,338.7,589.9,385.2,580.8,572.2,465.0,371.7,459.9,372.2,408.7,408.8,263.4,503.0,456.2,328.5,427.2,319.1,213.9,570.2,485.6,468.8,407.0,399.0,51.0,343.6,459.9,292.1,520.4,505.8,439.2,457.9,326.4,267.2,492.0,97.4,423.4,300.2
TH,76.6,133.0,382.0,50.9,336.1,506.4,419.8,384.8,157.7,255.2,481.0,374.2,333.7,278.8,80.7,229.8,254.0,389.9,433.6,464.8,26.1,58.2,284.4,218.8,285.8,382.0,422.3,195.5,41.7,300.1,307.0,247.7,186.3,315.9,152.1,200.9,410.1,75.9,262.2,108.1,274.9,203.0,178.2,479.7,416.2,107.1,170.5,382.0,293.9,245.1,421.4,454.8,148.5,258.2,363.5,287.4,170.7,377.8,185.5,344.7,260.7,117.3,422.4,140.0,465.6,227.6,432.1,201.3,234.8,155.3,277.9,400.5,48.8,185.3,328.2,274.3,392.3,289.9,2373.2,204.9,205.0,298.7,205.3,310.4,446.3,0.0,160.7,333.3,127.7,287.8,183.7,159.7,169.8,494.1,239.9,363.2,342.6,369.2,182.8,343.3,89.8,123.4,168.5,327.8,408.1,139.1,247.1,99.3,193.8,333.3,474.4,389.8,258.0,200.4,389.4,442.2,240.3,102.4,169.0,406.6,418.3,142.8,363.0,134.9,235.5,352.5,344.4,323.5,236.8
TJ,147.4,153.5,346.9,107.0,301.0,471.3,245.4,197.4,37.6,220.1,306.6,339.1,298.6,243.7,228.0,193.5,218.9,218.1,398.5,429.7,131.3,174.2,109.0,67.5,97.2,346.9,250.5,160.4,189.0,265.0,271.9,212.6,183.1,280.8,138.2,106.4,375.0,81.7,227.1,148.5,239.8,167.9,129.1,444.6,244.4,97.4,115.6,253.9,258.8,208.8,232.8,266.2,121.0,223.1,221.4,252.3,81.7,206.0,37.5,309.6,112.0,173.3,387.3,86.0,292.1,204.7,397.0,97.7,199.7,115.0,95.5,226.1,175.2,150.2,139.6,85.7,217.9,254.8,2542.1,208.0,204.3,263.6,170.2,275.3,411.2,147.2,0.0,144.7,92.6,252.7,130.6,104.8,164.5,319.7,149.6,310.6,278.8,194.8,116.2,154.7,71.8,27.7,87.4,292.7,219.5,82.8,212.0,126.8,190.6,298.2,300.0,215.4,87.4,88.6,202.0,407.1,205.2,123.0,133.9,234.8,229.7,64.0,174.4,99.8,200.4,180.7,309.3,288.4,201.7
TM,277.9,262.2,380.2,215.7,408.4,504.6,105.3,104.7,146.3,327.5,166.5,372.4,406.0,277.0,336.7,251.0,336.9,93.4,431.8,463.0,240.0,282.9,121.7,157.5,89.9,380.2,125.8,267.8,297.7,372.4,379.3,320.0,240.6,388.2,246.9,215.1,408.3,190.4,334.5,257.2,347.2,285.9,224.0,477.9,121.6,239.8,224.3,161.2,376.8,266.3,88.0,121.4,271.1,341.1,128.7,359.7,190.4,81.3,146.2,417.0,88.3,282.0,420.6,194.7,152.0,354.8,430.3,206.4,307.1,265.1,71.8,86.0,305.7,208.9,64.7,78.4,77.8,372.8,2558.1,316.7,266.6,371.0,277.6,382.7,444.5,255.9,129.7,0.0,201.3,360.1,239.3,213.5,231.4,179.6,207.1,170.5,161.9,54.7,200.4,49.6,180.5,136.4,196.1,400.1,74.7,197.8,319.4,235.5,248.1,405.6,159.9,75.3,107.9,197.3,109.3,440.4,312.6,242.1,241.3,110.1,95.5,172.7,29.6,208.5,286.7,81.7,342.6,395.8,319.7
TO,112.8,105.1,275.2,51.8,229.3,399.6,298.8,234.8,146.6,148.4,356.5,267.4,223.5,168.6,175.2,123.0,147.2,248.4,323.4,358.0,78.5,121.4,141.4,119.3,212.0,275.2,280.8,88.7,136.2,186.7,200.2,140.9,79.5,209.1,89.0,94.1,303.3,28.9,155.4,118.1,168.1,96.2,71.4,372.9,269.9,115.9,80.8,271.8,177.6,107.3,347.6,381.0,68.2,151.4,256.7,180.6,80.3,236.3,83.1,234.5,123.3,120.5,315.6,84.6,324.1,151.9,325.3,94.5,128.0,62.2,213.7,340.9,139.8,78.5,254.4,200.5,332.7,183.1,2446.2,161.8,98.2,191.9,98.5,203.6,339.5,94.4,92.8,259.5,0.0,181.0,95.8,70.0,59.6,369.6,129.7,292.9,274.7,309.6,76.0,269.5,19.0,55.5,113.1,217.6,322.9,103.0,140.3,74.0,87.0,226.5,320.6,330.2,205.6,53.8,290.1,335.4,133.5,106.7,62.2,262.7,344.5,86.0,289.2,28.1,128.7,211.0,237.6,216.7,130.0
TR,293.8,286.1,197.9,235.2,181.1,300.6,446.1,270.8,273.5,100.2,507.3,303.4,178.7,208.0,356.2,202.9,150.1,434.2,362.8,394.0,259.5,302.4,350.7,300.3,338.9,311.2,466.6,126.6,317.2,145.1,152.0,92.7,139.4,160.9,270.0,217.6,339.3,209.9,84.8,299.1,97.5,112.2,194.9,408.9,462.4,299.3,261.8,311.2,143.0,218.2,446.8,480.2,249.2,154.3,292.7,110.0,261.3,422.1,264.1,167.3,304.3,301.5,351.6,265.6,492.8,332.9,226.3,218.0,79.8,243.2,337.2,426.8,320.8,158.4,381.3,327.4,418.6,159.0,2613.9,342.8,201.7,129.7,136.4,141.4,375.5,275.4,317.7,365.6,204.4,0.0,215.6,251.0,166.5,520.4,213.0,511.3,455.7,395.5,199.5,390.4,200.0,236.5,236.6,150.4,433.5,284.0,69.7,255.0,146.9,155.9,500.7,416.1,329.1,234.8,329.5,371.4,171.4,287.7,119.9,450.9,436.3,267.0,388.4,154.2,164.7,392.0,273.6,168.5,146.0
TT,202.5,140.7,308.5,145.0,262.6,432.9,378.9,268.1,165.3,181.7,440.1,300.7,260.2,205.3,266.0,156.3,180.5,351.6,360.1,391.3,169.3,212.2,242.5,175.8,230.7,308.5,384.0,122.0,227.0,226.6,233.5,174.2,112.8,242.4,125.4,109.4,336.6,119.7,188.7,135.7,201.4,129.5,86.7,406.2,377.9,175.9,102.8,308.5,220.4,171.6,366.3,399.7,159.0,184.7,290.0,213.9,136.8,339.5,139.6,271.2,245.5,211.3,348.9,141.1,425.6,242.7,358.6,109.8,161.3,153.0,229.0,359.6,230.3,111.8,273.1,219.2,351.4,216.4,2537.0,195.2,73.6,225.2,131.8,236.9,372.8,185.2,209.5,278.2,114.2,214.3,0.0,92.0,33.8,453.2,171.1,444.1,331.2,328.3,91.3,288.2,109.8,112.0,128.4,254.3,353.0,178.6,173.6,164.8,120.3,259.8,433.5,348.9,220.9,75.8,335.5,368.7,166.8,197.5,95.5,368.3,363.2,142.5,307.9,64.0,162.0,314.2,270.9,250.0,163.3
TV,193.0,58.2,377.3,136.3,331.4,501.7,322.6,279.8,122.2,282.4,380.3,369.5,329.0,274.1,188.2,207.1,272.4,280.8,428.9,460.1,160.6,203.5,176.2,151.7,197.3,377.3,313.2,265.1,181.2,295.4,302.3,290.1,133.5,336.0,97.3,152.0,405.4,79.3,257.5,53.2,270.2,198.3,160.7,475.0,302.3,182.4,10.7,336.3,300.6,222.4,314.3,347.7,93.7,268.2,303.8,282.7,112.7,268.7,115.5,340.0,155.7,202.6,417.7,117.0,356.5,172.8,427.4,163.1,302.7,100.5,172.9,291.4,220.8,162.6,218.6,185.8,283.2,341.2,2452.0,150.1,223.9,294.0,255.3,305.7,441.6,174.3,125.2,226.2,110.2,283.1,113.7,0.0,188.7,393.4,217.2,327.7,307.1,260.1,165.3,233.7,69.4,87.9,133.0,323.1,301.0,167.1,242.4,156.1,125.1,328.6,377.2,280.7,189.0,51.1,284.4,437.5,220.3,204.9,164.3,297.5,308.7,118.4,255.9,176.4,230.8,243.4,339.7,350.1,290.0
TY,159.1,151.4,264.0,98.1,218.1,388.4,334.4,223.6,120.8,137.2,395.6,256.2,213.3,160.8,219.1,111.8,136.0,307.1,306.8,346.8,122.4,167.7,195.6,165.6,186.2,264.0,337.1,77.5,182.5,176.5,189.0,129.7,68.3,197.9,135.3,64.9,292.1,72.8,144.2,162.0,156.9,85.0,42.2,361.7,333.4,162.2,127.1,261.6,167.4,97.1,321.8,355.2,112.1,140.2,245.5,169.4,126.6,295.0,127.0,224.3,201.0,166.8,304.4,130.9,378.7,198.2,314.1,65.3,116.8,108.5,184.5,315.1,186.1,67.3,228.6,174.7,306.9,171.9,2492.5,208.1,43.0,180.7,87.3,192.4,328.3,140.7,165.0,233.7,55.8,169.8,56.9,116.3,0.0,408.7,124.2,410.2,367.8,283.8,46.8,243.7,65.3,146.3,83.9,209.8,291.3,146.9,129.1,120.3,75.8,215.3,364.8,304.4,176.4,100.1,288.6,324.2,122.3,153.0,51.0,321.4,318.7,132.3,263.4,19.5,117.5,269.7,226.4,205.5,118.8
TZ,413.2,399.5,494.3,353.0,569.6,618.7,109.9,218.8,283.6,466.1,93.9,486.5,567.2,391.1,474.0,405.3,451.0,149.5,545.9,577.1,377.3,420.2,265.0,300.8,208.7,494.3,181.9,406.4,435.0,533.6,540.5,458.6,394.9,526.8,384.2,352.4,522.4,327.7,473.1,394.5,485.8,400.0,375.1,592.0,100.1,343.4,361.6,275.3,490.9,420.6,195.5,227.6,367.0,455.2,242.8,498.3,327.7,137.4,283.5,555.6,224.6,419.3,534.7,332.0,110.0,450.7,544.4,343.7,445.7,361.0,208.1,63.7,449.6,363.2,171.4,220.2,102.4,486.9,2535.1,454.0,420.9,509.6,416.2,521.3,558.6,393.2,267.0,158.9,338.6,498.7,376.6,350.8,385.7,0.0,361.4,147.5,120.9,94.5,354.7,156.3,317.8,273.7,333.4,538.7,206.8,349.9,458.0,372.8,402.4,544.2,122.4,74.4,222.0,334.6,223.4,554.5,451.2,377.4,379.9,158.3,182.2,310.0,161.7,345.8,400.8,160.6,456.7,557.0,433.8
UB,249.1,251.6,308.9,200.7,263.0,433.3,317.5,268.5,103.9,182.1,378.7,301.1,248.8,220.3,326.2,105.6,180.9,290.2,341.1,391.7,221.4,267.9,195.7,216.9,169.3,308.9,337.2,122.4,282.7,238.4,233.9,174.6,95.2,242.8,235.5,129.3,337.0,178.2,189.1,264.8,201.8,129.9,106.6,421.2,316.5,213.7,217.3,318.6,229.3,107.9,304.9,338.3,212.8,185.1,290.4,214.3,183.4,278.1,152.0,243.4,184.1,267.0,349.3,187.7,357.9,298.4,359.0,101.5,161.7,208.7,182.2,298.2,276.9,63.5,211.7,157.8,290.0,216.8,2592.7,322.9,149.2,225.6,132.2,237.3,373.2,240.9,148.1,216.8,173.3,214.7,163.1,206.5,106.1,391.8,0.0,397.3,350.9,266.9,83.0,226.8,165.5,129.4,148.3,269.3,291.4,235.4,174.0,220.5,102.7,260.2,364.9,287.5,174.1,190.3,288.7,369.1,167.2,224.7,95.9,321.5,301.8,165.7,246.5,119.7,162.4,252.8,271.3,250.4,163.7
UD,356.0,362.1,514.9,315.6,509.6,639.3,130.5,239.4,246.2,428.7,125.6,507.1,507.2,411.7,441.1,402.1,427.5,170.1,547.1,597.7,336.3,382.8,247.0,242.5,229.3,514.9,202.5,369.0,397.6,470.4,480.5,421.2,391.7,489.4,346.8,315.0,543.0,290.3,435.7,357.1,448.4,376.5,337.7,612.6,109.1,306.0,324.2,305.6,461.3,389.8,216.1,248.2,329.6,431.7,263.4,460.9,290.3,158.0,245.5,490.0,208.7,381.9,555.3,294.6,161.7,413.3,565.0,306.3,408.3,323.6,225.9,84.3,383.8,358.8,192.0,240.8,143.6,463.4,2477.8,416.6,412.9,472.2,378.8,483.9,579.2,355.8,229.6,179.5,280.2,461.3,339.2,313.4,372.9,157.2,374.0,0.0,66.9,115.1,324.8,176.9,280.4,236.3,296.0,501.3,212.6,288.4,420.6,335.4,399.2,506.8,155.2,95.0,242.6,297.2,244.0,575.1,413.8,331.6,342.5,178.9,202.8,272.6,182.3,308.4,409.0,169.6,477.3,497.0,410.3
UE,373.9,339.8,503.2,293.3,487.3,627.6,122.5,227.7,223.9,406.4,114.4,495.4,484.9,400.0,414.3,379.8,405.2,162.6,554.8,586.0,317.6,360.5,224.7,220.2,217.6,503.2,190.8,346.7,375.3,451.3,458.2,398.9,369.4,467.1,324.5,292.7,531.3,268.0,413.4,334.8,426.1,354.2,315.4,600.9,70.8,283.7,301.9,284.2,445.1,395.1,204.4,236.5,307.3,409.4,251.7,438.6,268.0,146.3,223.8,495.9,186.4,359.6,543.6,272.3,130.5,391.0,553.3,284.0,386.0,301.3,203.6,72.6,401.7,336.5,167.2,214.5,92.2,441.1,2518.6,394.3,390.6,449.9,356.5,461.6,567.5,333.5,207.3,167.8,278.9,439.0,316.9,291.1,350.8,127.5,335.9,82.1,0.0,103.4,302.5,165.2,258.1,214.0,273.7,479.0,215.7,269.1,398.3,313.1,376.9,484.5,142.9,83.3,230.9,274.9,232.3,563.4,391.5,338.1,320.2,170.9,191.1,250.3,170.6,286.1,386.7,131.3,465.6,474.7,388.0
UI,318.6,302.1,399.7,255.6,475.0,524.1,50.5,124.2,186.2,375.6,111.7,391.9,472.6,296.5,376.6,310.7,356.4,54.9,451.3,482.5,279.9,322.8,170.4,206.2,114.1,399.7,87.3,309.0,337.6,439.0,445.9,368.1,300.3,436.3,286.8,255.0,427.8,230.3,382.6,297.1,395.3,305.4,283.7,497.4,66.8,297.3,264.2,180.7,396.3,326.0,100.9,133.0,328.6,360.6,148.2,407.8,230.3,42.8,186.1,465.1,130.0,321.9,440.1,234.6,97.2,412.3,449.8,246.3,355.2,322.6,113.5,31.2,355.0,268.6,76.8,125.6,23.0,392.3,2503.3,356.6,326.3,419.1,318.8,430.8,464.0,295.8,169.6,64.3,241.2,408.2,279.2,253.4,291.1,124.8,266.8,115.7,107.1,0.0,260.1,61.7,220.4,176.3,236.0,448.2,112.2,255.3,367.5,275.4,307.8,453.7,105.1,20.5,127.4,237.2,128.8,459.9,353.8,282.8,282.5,71.6,87.6,212.6,67.1,248.4,306.2,80.8,362.1,462.4,339.2
UJ,203.4,204.8,297.4,153.9,251.5,421.8,303.8,255.8,90.2,170.6,365.0,289.6,249.1,194.2,274.9,139.9,169.4,276.5,349.0,380.2,178.2,221.1,167.4,203.2,155.6,297.4,308.9,110.9,235.9,215.5,222.4,163.1,129.5,231.3,188.7,82.5,325.5,128.6,177.6,204.5,190.3,118.4,59.8,395.1,302.8,162.4,171.6,297.4,209.3,155.2,291.2,324.6,167.9,173.6,278.9,202.8,137.7,264.4,126.1,260.1,170.4,220.2,337.8,142.0,350.5,251.6,347.5,18.4,150.2,161.9,153.9,284.5,231.2,97.8,198.0,144.1,276.3,205.3,2545.9,261.5,102.4,214.1,120.7,225.8,361.7,194.1,134.4,203.1,148.6,203.2,116.3,160.8,67.2,378.1,96.0,369.0,337.2,253.2,0.0,213.1,118.7,115.7,81.2,243.2,277.9,165.1,162.5,173.7,137.0,248.7,358.4,273.8,145.8,144.6,260.4,357.6,155.7,188.0,84.4,293.2,288.1,129.0,232.8,72.9,150.9,239.1,259.8,238.9,152.2
UO,299.5,263.8,405.0,217.3,411.3,529.4,102.7,129.5,147.9,330.4,163.9,397.2,408.9,301.8,338.3,261.0,361.7,90.8,456.6,487.8,241.6,284.5,131.7,167.5,99.9,405.0,123.2,270.7,299.3,375.3,382.2,322.9,250.6,391.1,248.5,216.7,433.1,192.0,337.4,258.8,350.1,310.7,234.0,502.7,119.0,207.7,225.9,186.0,401.6,276.3,107.7,139.8,231.3,365.9,153.5,362.6,192.0,78.7,147.8,419.9,98.3,283.6,445.4,196.3,162.4,315.0,455.1,208.0,310.0,225.3,81.8,83.4,319.5,218.9,15.1,88.4,75.2,397.6,2555.5,318.3,276.6,373.9,280.5,385.6,469.3,257.5,131.3,69.6,202.9,363.0,240.9,215.1,241.4,177.0,217.1,167.9,159.3,52.1,210.4,0.0,182.1,138.0,197.7,403.0,117.5,217.4,322.3,237.1,258.1,408.5,157.3,72.7,120.9,198.9,134.1,465.2,315.5,263.7,244.2,107.5,74.9,174.3,72.4,210.1,310.7,79.1,367.4,398.7,344.5
UT,124.0,86.0,292.1,35.1,246.2,416.5,268.2,251.7,67.8,165.3,325.9,284.3,243.8,188.9,156.1,139.9,164.1,226.4,343.7,374.9,59.4,102.3,121.8,97.3,142.9,292.1,258.8,105.6,117.1,210.2,217.1,157.8,96.4,226.0,69.9,111.0,320.2,9.8,172.3,99.0,185.0,113.1,88.3,389.8,247.9,97.4,78.8,292.1,204.0,155.2,259.9,293.3,49.1,168.3,273.6,197.5,58.3,214.3,61.1,254.8,101.3,101.4,332.5,62.6,302.1,132.8,342.2,111.4,144.9,43.1,118.5,237.0,151.8,95.4,164.2,131.4,228.8,200.0,2427.1,142.7,115.1,208.8,115.4,220.5,356.4,75.3,70.8,171.8,37.8,197.9,93.8,68.0,79.9,339.0,150.0,273.3,252.7,205.7,92.9,179.3,0.0,33.5,78.6,237.9,246.6,100.1,157.2,54.9,103.9,243.4,322.8,226.3,134.6,51.8,230.0,352.3,150.4,123.0,79.1,243.1,254.3,64.0,201.5,45.0,145.6,189.0,254.5,233.6,146.9
UV,125.2,150.0,319.1,79.2,273.2,443.5,234.6,191.8,34.2,192.3,292.3,311.3,270.8,215.9,241.8,166.9,191.1,192.8,370.7,401.9,103.5,176.3,88.2,63.7,109.3,319.1,225.2,132.6,202.8,237.2,244.1,184.8,123.4,253.0,133.9,78.6,347.2,53.9,199.3,163.0,212.0,140.1,101.3,416.8,214.3,63.8,87.8,248.3,231.0,182.2,226.3,259.7,113.1,195.3,215.8,224.5,53.9,180.7,27.5,281.8,67.7,175.4,359.5,85.3,268.5,196.8,369.2,69.9,171.9,107.1,84.9,203.4,147.2,122.4,130.6,97.8,195.2,227.0,2538.3,206.7,176.5,235.8,142.4,247.5,383.4,161.0,37.2,138.2,64.8,224.9,102.8,77.0,136.7,305.4,177.0,239.7,219.1,172.1,88.4,145.7,44.0,0.0,59.6,264.9,213.0,66.5,184.2,128.9,130.9,270.4,289.2,192.7,101.0,60.8,196.4,379.3,177.4,89.4,106.1,209.5,220.7,30.4,167.9,72.0,172.6,155.4,281.5,260.6,173.9
UW,163.6,164.3,334.5,117.8,288.6,458.9,369.1,294.1,155.5,207.7,430.3,326.7,286.2,231.3,238.8,182.3,206.5,266.0,386.1,417.3,142.1,185.0,232.7,136.9,220.9,334.5,298.4,148.0,199.8,252.6,259.5,200.2,138.8,268.4,149.0,18.9,362.6,92.5,214.7,159.3,227.4,155.5,41.6,432.2,287.5,137.0,126.4,334.5,246.4,197.6,356.5,389.9,131.8,210.7,316.0,239.9,97.9,253.9,100.7,297.2,140.9,184.1,374.9,102.2,415.8,215.5,384.6,62.7,187.3,125.8,219.2,349.8,191.4,137.8,263.3,209.4,341.6,242.4,2509.8,218.8,139.5,251.2,157.8,262.9,398.8,158.0,199.7,268.4,103.4,240.3,141.4,115.6,104.3,443.4,161.3,312.9,292.3,318.5,81.2,278.4,82.6,73.1,0.0,280.3,343.2,139.7,199.6,137.6,146.3,285.8,423.7,339.1,211.1,99.4,325.7,394.7,192.8,162.6,121.5,282.7,353.4,103.6,298.1,110.6,188.0,228.6,296.9,276.0,189.3
VA,321.2,313.5,152.9,262.6,208.5,255.6,473.5,298.2,300.9,127.6,560.2,160.7,194.3,235.4,388.1,230.3,177.5,461.6,242.0,292.6,283.3,329.8,378.1,327.7,366.3,209.8,494.0,154.0,344.6,169.3,179.4,120.1,166.8,188.3,297.4,245.0,237.9,240.1,45.2,326.5,66.4,139.6,222.3,307.5,489.8,326.7,289.2,338.6,164.3,218.0,474.2,507.6,274.7,181.7,320.1,65.0,288.7,449.5,290.9,94.1,331.7,328.9,236.1,293.0,520.2,360.3,181.3,245.4,107.2,270.6,364.6,454.2,348.2,185.8,408.7,354.8,446.0,186.4,2641.3,370.2,229.1,79.2,163.8,66.7,274.1,302.8,345.1,393.0,210.7,117.8,243.0,278.4,184.3,547.8,240.4,538.7,483.1,422.9,226.9,417.8,227.4,263.9,264.0,0.0,446.1,314.4,60.0,282.4,174.3,110.9,506.3,443.5,356.5,262.2,356.9,270.0,198.8,315.1,147.3,478.3,463.7,294.4,415.8,181.6,192.1,419.4,180.5,195.9,173.4
VI,328.3,312.6,403.7,266.1,479.0,528.1,135.8,128.2,196.7,377.9,164.2,395.9,476.6,300.5,391.6,301.4,360.4,133.1,455.3,486.5,290.4,333.3,172.1,207.9,118.1,403.7,108.3,318.2,348.1,439.8,449.9,370.4,291.0,438.6,297.3,265.5,431.8,240.8,384.9,307.6,397.6,309.4,274.4,501.4,165.1,290.2,274.7,184.7,394.2,289.1,28.0,61.4,321.5,364.6,152.2,410.1,240.8,87.3,196.0,428.0,134.0,332.4,444.1,245.1,133.6,405.2,453.8,256.8,357.5,315.5,117.5,129.5,356.1,259.3,108.2,128.8,121.3,396.3,2601.6,367.1,317.0,421.4,328.0,433.1,468.0,306.3,180.1,50.3,230.7,410.5,289.7,263.9,272.2,223.1,257.5,214.0,205.4,98.2,250.8,93.1,230.9,186.8,246.5,450.5,0.0,248.2,369.8,285.9,298.5,456.0,166.9,118.8,131.4,247.7,132.8,463.9,363.0,292.5,291.7,124.4,50.2,223.1,24.6,258.9,310.2,125.2,366.1,466.4,343.2
VN,90.9,110.1,374.3,118.3,328.4,498.7,301.3,253.3,93.0,247.5,362.5,366.5,314.2,274.1,224.4,222.1,246.3,282.2,406.5,457.1,97.9,154.4,152.9,87.3,172.3,374.3,314.6,187.8,180.9,289.2,299.3,240.0,178.6,308.2,94.0,193.2,402.4,65.5,254.5,123.1,267.2,195.3,170.5,472.0,308.5,41.9,165.6,319.5,280.1,209.8,293.8,327.2,71.3,250.5,277.3,279.7,76.1,270.1,61.6,308.8,129.2,153.5,414.7,45.4,351.6,156.9,424.4,142.9,227.1,67.2,146.4,282.0,118.7,177.6,203.6,160.8,273.8,282.2,2472.0,169.8,197.3,291.0,197.6,302.7,438.6,139.1,96.0,205.7,99.0,280.1,175.8,154.8,154.2,375.6,248.0,298.5,277.9,250.7,175.1,218.7,82.1,95.2,132.6,320.1,265.7,0.0,239.4,107.0,186.1,325.6,331.1,271.3,144.5,142.3,257.9,434.5,232.6,67.5,161.3,298.9,291.5,28.3,235.4,127.2,227.8,244.8,336.7,315.8,229.1
VT,261.1,253.4,128.1,202.5,148.4,230.8,413.4,238.1,240.8,67.5,535.4,135.9,146.0,175.3,323.5,170.2,117.4,401.5,236.6,267.8,226.8,269.7,318.0,267.6,306.2,185.0,433.9,93.9,284.5,112.4,119.3,60.0,106.7,128.2,237.3,184.9,213.1,177.2,15.0,266.4,27.7,79.5,162.2,282.7,429.7,266.6,229.1,278.5,110.3,185.5,414.1,447.5,216.5,121.6,260.0,40.2,228.6,389.4,231.4,97.5,271.6,268.8,211.3,232.9,460.1,300.2,156.5,185.3,47.1,210.5,304.5,394.1,288.1,125.7,348.6,294.7,385.9,126.3,2581.2,310.1,169.0,97.0,103.7,108.7,249.3,242.7,285.0,332.9,171.7,57.7,182.9,218.3,133.8,487.7,180.3,478.6,423.0,362.8,166.8,357.7,167.3,203.8,203.9,80.6,400.8,251.3,0.0,222.3,114.2,86.1,468.0,383.4,296.4,202.1,296.8,245.2,138.7,255.0,87.2,418.2,403.6,234.3,355.7,121.5,132.0,359.3,155.7,135.8,113.3
VV,40.7,172.9,361.3,30.2,315.4,485.7,366.9,334.5,170.6,234.5,428.1,353.5,313.0,258.1,121.1,209.1,233.3,337.0,412.9,444.1,24.4,47.3,243.7,178.1,250.9,361.3,369.4,174.8,82.1,279.4,286.3,227.0,165.6,295.2,156.8,180.2,389.4,55.2,241.5,148.5,254.2,182.3,157.5,459.0,363.3,70.2,210.9,391.0,273.2,224.4,370.7,404.1,136.0,237.5,358.5,266.7,120.9,324.9,148.2,324.0,210.4,46.4,401.7,90.2,412.7,219.7,411.4,180.6,214.1,130.0,227.6,347.6,68.5,164.6,293.3,239.4,339.4,269.2,2392.1,229.6,184.3,278.0,184.6,289.7,425.6,40.3,173.6,282.6,107.0,267.1,163.0,200.1,149.1,441.2,219.2,376.1,384.1,316.3,162.1,308.4,69.1,140.0,190.5,307.1,357.4,102.2,226.4,0.0,173.1,312.6,421.5,336.9,223.1,205.1,339.1,421.5,219.6,34.6,148.3,353.7,372.7,105.9,312.3,114.2,214.8,299.6,323.7,302.8,216.1
WG,190.8,183.1,252.1,132.2,206.2,376.5,367.8,211.7,154.2,125.3,429.0,244.3,203.8,148.9,253.2,81.9,124.1,340.5,303.7,334.9,156.5,199.4,231.4,197.3,219.6,252.1,372.9,65.6,214.2,170.2,177.1,117.8,8.3,186.0,167.0,114.6,280.2,106.9,132.3,195.0,145.0,73.1,91.9,349.8,366.8,196.3,128.7,252.1,164.0,97.2,355.2,388.6,146.2,128.3,233.6,157.5,158.3,328.4,161.1,214.8,234.4,198.5,292.5,162.6,414.5,229.9,302.2,151.8,104.9,140.2,217.9,348.5,217.8,37.4,262.0,208.1,340.3,160.0,2524.2,239.8,98.7,168.8,75.4,180.5,316.4,172.4,198.4,267.1,101.4,157.9,112.6,141.7,63.5,442.1,92.0,433.0,401.2,317.2,133.3,277.1,97.0,133.5,133.6,197.9,341.9,181.0,117.2,152.0,0.0,203.4,422.4,337.8,209.8,131.8,270.4,312.3,192.1,184.7,39.1,357.2,352.1,164.0,296.8,51.2,105.6,303.1,214.5,193.6,106.9
WH,334.1,326.4,90.8,275.5,221.4,193.5,536.6,361.3,313.8,140.5,511.3,98.6,219.0,210.9,396.5,243.2,190.4,524.7,199.3,230.5,299.8,342.7,391.0,340.6,379.2,147.7,557.1,166.9,357.5,185.4,192.3,133.0,179.7,201.2,310.3,257.9,175.8,250.2,58.1,339.4,79.3,152.5,235.2,245.4,552.9,339.6,302.1,401.7,183.3,258.5,537.3,570.7,289.5,194.6,383.2,33.2,301.6,512.6,304.4,73.4,474.4,341.8,174.0,305.9,541.4,373.2,119.2,258.3,120.1,283.5,457.9,517.3,361.1,198.7,496.0,367.7,509.1,199.3,2654.2,383.1,242.0,92.1,176.7,79.6,212.0,315.7,358.0,456.1,244.7,130.7,255.9,291.3,206.8,610.9,253.3,601.8,593.2,486.0,239.8,480.9,240.3,276.8,276.9,98.3,524.0,324.3,72.9,295.3,187.2,0.0,591.2,506.6,369.4,275.1,420.0,207.9,211.7,328.0,160.2,541.4,526.8,307.3,478.9,194.5,288.2,513.0,118.4,208.8,186.3
WP,402.8,400.4,483.9,353.9,559.2,608.3,39.9,208.4,284.5,459.8,72.4,476.1,545.0,380.7,474.9,394.9,440.6,89.1,516.1,566.7,378.2,421.1,254.6,290.4,198.3,483.9,130.8,407.3,435.9,520.0,530.1,452.3,384.5,520.5,385.1,353.3,512.0,328.6,466.8,395.4,479.5,389.6,367.9,581.6,110.2,381.5,362.5,264.9,474.4,382.6,126.4,158.5,412.8,444.8,232.4,492.0,328.6,111.6,283.8,549.3,214.2,420.2,524.3,332.9,58.6,496.5,534.0,344.6,439.4,406.8,197.7,73.8,439.2,352.8,161.0,209.8,74.0,476.5,2545.2,454.9,410.5,503.3,417.1,515.0,548.2,394.1,267.9,148.5,320.9,492.4,377.5,351.7,365.7,97.1,366.8,157.6,131.0,84.1,344.3,145.9,318.7,274.6,334.3,532.4,150.1,336.5,451.7,373.7,392.0,537.9,0.0,84.5,211.6,335.5,213.0,544.1,452.1,367.0,380.8,72.8,127.7,310.9,151.3,346.7,390.4,131.8,446.3,546.6,423.4
WR,338.7,322.2,419.8,275.7,495.1,544.2,35.4,144.3,206.3,395.7,91.1,412.0,492.7,316.6,396.7,330.8,376.5,75.0,471.4,502.6,300.0,342.9,190.5,226.3,134.2,419.8,107.4,329.1,357.7,459.1,466.0,388.2,320.4,456.4,306.9,275.1,447.9,250.4,402.7,317.2,415.4,325.5,303.8,517.5,65.7,317.4,284.3,200.8,416.4,346.1,121.0,153.1,348.7,380.7,168.3,427.9,250.4,62.9,206.2,485.2,150.1,342.0,460.2,254.7,82.1,432.4,469.9,266.4,375.3,342.7,133.6,10.7,375.1,288.7,96.9,145.7,27.9,412.4,2482.7,376.7,346.4,439.2,338.9,450.9,484.1,315.9,189.7,84.4,261.3,428.3,299.3,273.5,311.2,104.2,286.9,95.1,86.5,20.0,280.2,81.8,240.5,196.4,256.1,468.3,132.3,275.4,387.6,295.5,327.9,473.8,90.0,0.0,147.5,257.3,148.9,480.0,373.9,302.9,302.6,83.8,107.7,232.7,87.2,268.5,326.3,85.7,382.2,482.5,359.3
WU,207.5,238.0,390.3,163.3,344.4,514.7,174.9,144.9,87.9,263.5,236.1,382.5,330.2,287.1,322.1,187.0,262.3,163.0,432.2,473.1,184.0,258.6,88.5,124.3,76.7,390.3,195.4,203.8,283.1,305.2,315.3,256.0,176.6,324.2,221.9,162.7,418.4,138.0,270.5,204.8,283.2,211.3,160.0,488.0,191.2,169.8,171.9,201.4,296.1,174.7,175.6,209.0,201.1,266.5,168.9,295.7,138.0,150.9,93.2,313.6,91.5,257.7,430.7,173.3,221.6,284.8,440.4,154.0,243.1,195.1,75.0,155.6,227.5,144.9,119.1,65.2,147.4,298.2,2581.8,294.7,202.6,307.0,213.6,318.7,454.6,241.3,77.3,94.4,130.3,296.1,186.9,161.1,159.5,249.2,158.9,240.1,231.5,124.3,136.4,119.2,128.1,84.0,143.7,336.1,147.5,124.8,255.4,211.2,184.1,341.6,207.7,144.9,0.0,144.9,149.5,450.5,248.6,171.7,177.3,179.7,165.1,156.2,117.2,156.1,243.8,151.3,352.7,331.8,245.1
WW,175.7,76.1,346.8,119.0,426.0,471.2,304.9,262.1,104.5,284.5,362.6,339.0,423.6,243.6,224.1,236.8,274.5,263.1,398.4,429.6,143.3,186.2,158.5,134.0,179.6,346.8,295.5,294.8,201.0,390.0,396.9,292.2,163.2,338.1,45.0,134.3,374.9,61.6,227.0,89.1,239.7,167.8,143.0,444.5,284.6,165.1,40.4,318.6,302.7,252.1,296.6,330.0,76.4,270.3,286.1,252.2,95.0,251.0,97.8,309.5,138.0,185.3,387.2,99.3,338.8,155.5,396.9,145.4,304.8,83.2,155.2,273.7,203.5,192.3,200.9,168.1,265.5,343.3,2487.9,114.8,253.6,263.5,285.0,275.2,411.1,159.2,107.5,208.5,92.5,252.6,96.0,29.6,218.4,375.7,246.9,310.0,289.4,242.4,147.6,216.0,51.7,70.2,115.3,292.6,283.3,149.8,211.9,138.8,154.8,298.1,359.5,263.0,171.3,0.0,266.7,407.0,250.0,187.6,133.8,279.8,291.0,100.7,238.2,99.7,200.3,225.7,309.2,352.2,292.1
XA,335.5,317.5,324.1,271.0,399.4,448.5,189.8,48.6,201.6,300.0,251.0,316.3,385.2,220.9,392.0,308.3,280.8,177.9,356.3,406.9,291.7,338.2,179.0,214.8,129.7,324.1,210.3,262.2,353.0,360.2,370.3,292.5,297.9,360.7,302.2,270.4,352.2,248.5,307.0,312.5,319.7,229.8,281.3,421.8,206.1,295.2,279.6,105.1,314.6,296.0,190.5,223.9,324.6,285.0,72.6,332.2,245.7,165.8,200.9,361.3,127.6,337.3,364.5,250.0,236.5,410.2,374.2,261.7,279.6,320.5,111.1,170.5,363.3,266.2,149.2,135.7,162.3,316.7,2642.6,372.0,323.9,343.5,272.0,355.2,388.4,311.2,185.0,109.3,256.6,332.6,294.6,268.8,288.7,264.1,264.4,255.0,246.4,139.2,257.7,134.1,235.8,191.7,251.4,372.6,162.4,250.2,291.9,290.8,305.4,378.1,222.6,159.8,143.0,252.6,0.0,384.3,307.0,299.7,297.9,194.6,180.0,228.0,132.1,263.8,230.6,166.2,286.5,386.8,263.6
XI,464.0,456.3,104.7,405.4,434.0,229.1,513.6,338.3,525.4,334.6,574.8,96.9,431.6,187.9,526.4,373.1,315.4,501.7,135.5,51.6,429.7,472.6,502.8,538.6,453.5,59.6,534.1,296.8,487.4,398.0,404.9,327.1,309.6,395.3,440.2,387.8,42.0,380.1,341.6,469.3,242.4,264.4,365.1,87.5,529.9,469.5,432.0,378.7,355.3,388.4,514.3,547.7,419.4,319.6,360.2,165.6,431.5,489.6,434.3,223.3,451.4,471.7,73.0,435.8,560.3,503.1,154.8,388.2,314.2,413.4,434.9,494.3,491.0,328.6,473.0,459.5,486.1,351.3,2797.4,513.0,371.9,378.1,306.6,389.8,51.0,445.6,508.8,433.1,374.6,367.2,385.8,421.2,336.7,587.9,383.2,578.8,570.2,463.0,369.7,457.9,370.2,406.7,406.8,261.4,501.0,454.2,326.5,425.2,317.1,211.9,568.2,483.6,466.8,405.0,397.0,0.0,341.6,457.9,290.1,518.4,503.8,437.2,455.9,324.4,265.2,490.0,95.4,421.4,298.2
XM,234.8,227.1,274.1,176.2,228.2,398.5,409.0,233.7,214.5,147.3,470.2,266.3,225.8,170.9,297.2,143.9,146.1,397.1,325.7,356.9,200.5,243.4,291.7,241.3,279.9,274.1,429.5,44.7,258.2,192.2,199.1,139.8,80.4,208.0,211.0,158.6,302.2,150.9,154.3,240.1,167.0,95.1,135.9,371.8,425.3,240.3,200.4,274.1,186.0,159.2,409.7,443.1,190.2,150.3,255.6,179.5,202.3,385.0,205.1,236.8,245.3,242.5,314.5,206.6,455.7,273.9,324.2,159.0,126.9,184.2,278.2,389.7,261.8,99.4,322.3,268.4,381.5,182.0,2568.2,283.8,142.7,190.8,34.9,202.5,338.4,216.4,258.7,327.4,145.4,179.9,156.6,192.0,107.5,483.3,154.0,417.3,396.7,358.4,140.5,337.4,141.0,177.5,177.6,219.9,396.4,225.0,139.2,196.0,87.9,225.4,463.6,379.0,270.1,175.8,292.4,334.3,0.0,228.7,60.9,413.8,399.2,208.0,351.3,95.2,127.6,333.0,236.5,215.6,128.9
XR,35.7,147.9,378.8,47.7,332.9,503.2,332.2,299.8,135.9,252.0,393.4,371.0,330.5,275.6,176.0,226.6,250.8,302.3,430.4,461.6,97.9,86.8,209.0,143.4,216.2,378.8,334.7,192.3,137.0,296.9,303.8,244.5,183.1,312.7,131.8,197.7,406.9,72.7,259.0,160.9,271.7,199.8,175.0,476.5,328.6,35.5,203.4,356.3,290.7,241.9,336.0,369.4,111.0,255.0,323.8,284.2,95.9,290.2,113.5,341.5,175.7,85.9,419.2,65.2,378.0,194.7,428.9,198.1,231.6,105.0,192.9,312.9,63.5,182.1,258.6,204.7,304.7,286.7,2428.1,204.6,201.8,295.5,202.1,307.2,443.1,95.2,138.9,247.9,124.5,284.6,180.5,192.6,166.6,406.5,236.7,341.4,349.4,281.6,179.6,273.7,86.6,115.0,165.3,324.6,322.7,67.5,243.9,39.4,190.6,330.1,386.8,302.2,188.4,180.1,304.4,439.0,237.1,0.0,165.8,319.0,338.0,71.2,277.6,131.7,232.3,264.9,341.2,320.3,233.6
XS,173.8,166.1,212.9,115.2,167.0,337.3,347.8,172.5,153.5,86.1,409.0,205.1,164.6,109.7,236.2,82.9,84.9,335.9,264.5,295.7,139.5,182.4,230.7,180.3,218.9,212.9,368.3,26.4,197.2,131.0,137.9,78.6,19.4,146.8,150.0,97.6,241.0,89.9,93.1,179.1,105.8,33.9,74.9,310.6,364.1,179.3,141.8,212.9,124.8,98.2,348.5,381.9,129.2,89.1,194.4,118.3,141.3,323.8,144.1,175.6,184.3,181.5,253.3,145.6,394.5,212.9,263.0,98.0,65.7,123.2,217.2,328.5,200.8,38.4,261.3,207.4,320.3,120.8,2507.2,222.8,81.7,129.6,36.2,141.3,277.2,155.4,197.7,267.3,84.4,118.7,95.6,131.0,46.5,422.1,93.0,413.0,404.4,297.2,79.5,292.1,80.0,116.5,116.6,158.7,335.2,164.0,78.0,135.0,26.9,164.2,402.4,317.8,209.1,114.8,231.2,273.1,71.2,167.7,0.0,352.6,338.0,147.0,290.1,34.2,66.4,324.2,175.3,154.4,67.7
YC,357.0,340.5,456.1,294.0,531.4,580.5,38.3,180.6,224.6,407.1,120.1,448.3,529.0,352.9,419.5,348.6,412.8,84.5,488.3,538.9,314.7,361.2,225.4,255.1,170.5,456.1,71.5,347.4,376.0,492.2,502.3,399.6,338.2,467.8,325.2,293.4,484.2,268.7,414.1,335.5,426.8,361.8,316.1,553.8,116.2,284.4,302.6,237.1,446.6,336.3,85.1,117.2,306.1,417.0,204.6,439.3,268.7,38.7,224.5,457.2,185.9,360.3,496.5,273.0,89.5,391.7,506.2,284.7,386.7,302.0,169.4,98.6,384.8,306.5,128.7,176.0,72.4,448.7,2570.7,395.0,364.2,450.6,357.2,462.3,520.4,334.2,208.0,120.7,258.6,439.7,317.6,291.8,321.1,172.8,304.7,183.1,179.4,82.5,298.0,118.1,258.8,214.7,274.4,479.7,108.8,304.4,399.0,313.8,345.7,485.2,75.6,87.9,183.8,275.6,185.2,516.3,392.2,321.2,320.9,0.0,86.4,251.0,123.5,286.8,362.6,101.6,418.5,518.8,395.6
YU,359.3,331.9,424.0,285.4,499.3,548.4,89.6,148.5,216.0,398.5,118.0,416.2,496.9,320.8,406.4,329.1,380.7,86.9,475.6,506.8,309.7,352.6,194.7,230.5,138.4,424.0,62.1,338.8,367.4,463.3,470.2,391.0,318.7,459.2,316.6,284.8,452.1,260.1,405.5,326.9,418.2,329.7,302.1,521.7,158.0,275.8,294.0,205.0,420.6,344.4,32.7,64.8,299.4,384.9,172.5,430.7,260.1,41.1,215.9,488.0,154.3,351.7,464.4,264.4,87.4,383.1,474.1,276.1,378.1,293.4,137.8,122.4,379.3,287.0,83.1,149.9,114.2,416.6,2594.5,386.4,344.7,442.0,348.6,453.7,488.3,325.6,199.4,88.6,271.0,431.1,309.0,283.2,309.5,193.1,285.2,206.9,198.3,91.1,278.5,68.0,250.2,206.1,265.8,471.1,44.4,279.6,390.4,305.2,326.2,476.6,142.5,111.7,151.7,267.0,153.1,484.2,383.6,323.5,312.3,78.2,0.0,242.4,81.0,278.2,330.5,104.0,386.4,486.7,363.5
YY,94.7,119.5,383.7,106.7,337.8,508.1,265.0,222.2,64.6,256.9,322.7,375.9,335.4,280.5,211.3,231.5,255.7,223.2,435.3,466.5,133.2,145.8,118.6,94.1,139.7,383.7,255.6,197.2,172.3,301.8,308.7,249.4,188.0,317.6,103.4,123.2,411.8,77.6,263.9,132.5,276.6,204.7,179.9,481.4,244.7,33.3,175.0,278.7,295.6,246.8,256.7,290.1,82.6,259.9,246.2,289.1,85.5,211.1,57.9,346.4,98.1,144.9,424.1,54.8,298.9,166.3,433.8,114.5,236.5,76.6,115.3,233.8,116.7,187.0,161.0,128.2,225.6,291.6,2463.4,176.2,206.7,300.4,207.0,312.1,448.0,130.5,67.6,168.6,129.4,289.5,147.4,164.2,171.5,335.8,176.6,270.1,249.5,202.5,133.0,176.1,91.5,44.5,104.2,329.5,243.4,36.0,248.8,98.4,195.5,335.0,319.6,223.1,131.4,105.4,226.8,443.9,242.0,58.9,170.7,239.9,251.1,0.0,198.3,136.6,237.2,185.8,346.1,325.2,238.5
YZ,303.7,288.0,379.1,241.5,454.4,503.5,124.2,103.6,172.1,353.3,194.5,371.3,452.0,275.9,362.5,276.8,335.8,112.3,430.7,461.9,265.8,308.7,147.5,183.3,93.5,379.1,138.6,293.6,323.5,418.4,425.3,345.8,266.4,414.0,272.7,240.9,407.2,216.2,360.3,283.0,373.0,284.8,249.8,476.8,140.5,265.6,250.1,160.1,375.7,292.1,58.3,91.7,296.9,340.0,127.6,385.5,216.2,100.2,172.0,442.8,109.4,307.8,419.5,220.5,163.9,380.6,429.2,232.2,332.9,290.9,92.9,104.9,331.5,234.7,83.6,104.2,96.7,371.7,2577.0,342.5,292.4,396.8,303.4,408.5,443.4,281.7,155.5,25.7,227.1,385.9,265.1,239.3,257.2,198.5,232.9,189.4,180.8,73.6,226.2,68.5,206.3,162.2,221.9,425.9,45.1,223.6,345.2,261.3,273.9,431.4,178.8,94.2,106.8,223.1,108.2,439.3,338.4,267.9,267.1,129.0,80.5,198.5,0.0,234.3,285.6,100.6,341.5,441.8,318.6
ZI,139.5,131.8,247.0,80.9,201.1,371.4,335.4,206.6,121.8,120.2,396.6,239.2,198.7,143.8,201.9,94.8,119.0,308.1,298.6,329.8,105.2,148.1,199.0,146.0,187.2,247.0,340.5,60.5,162.9,165.1,172.0,112.7,51.3,180.9,115.7,65.9,275.1,55.6,127.2,144.8,139.9,68.0,43.2,344.7,334.4,145.0,107.5,247.0,158.9,110.1,322.8,356.2,94.9,123.2,228.5,152.4,107.0,296.0,109.8,209.7,202.0,147.2,287.4,111.3,382.1,178.6,297.1,66.3,99.8,88.9,185.5,316.1,166.5,50.3,229.6,175.7,307.9,154.9,2472.9,188.5,70.0,163.7,70.3,175.4,311.3,121.1,166.0,234.7,50.1,152.8,122.5,96.7,34.8,409.7,104.9,400.6,368.8,284.8,47.8,244.7,45.7,82.2,84.9,192.8,309.5,129.7,112.1,100.7,58.8,198.3,390.0,305.4,177.4,80.5,265.3,307.2,105.3,133.4,34.0,324.8,319.7,112.7,264.4,0.0,100.5,270.7,209.4,188.5,101.8
ZL,237.0,229.3,204.7,178.4,207.0,329.1,339.6,164.3,216.7,107.6,400.8,196.9,204.6,101.5,299.4,146.1,88.4,327.7,256.3,287.5,202.7,245.6,328.8,243.5,279.5,204.7,360.1,69.8,260.4,171.0,177.9,100.1,82.6,168.3,213.2,160.8,232.8,153.1,114.6,242.3,127.3,37.4,138.1,302.4,355.9,242.5,205.0,204.7,128.3,161.4,340.3,373.7,192.4,92.6,186.2,139.8,204.5,315.6,207.3,197.1,277.4,244.7,245.1,208.8,386.3,276.1,254.8,161.2,87.2,186.4,260.9,320.3,264.0,101.6,299.0,285.5,312.1,124.3,2570.4,286.0,144.9,151.1,79.6,162.8,269.0,218.6,334.8,259.1,147.6,140.2,158.8,194.2,109.7,413.9,156.2,404.8,396.2,289.0,142.7,283.9,143.2,179.7,179.8,180.2,327.0,227.2,99.5,198.2,90.1,185.7,394.2,309.6,292.8,178.0,223.0,264.9,114.6,230.9,63.1,344.4,329.8,210.2,281.9,97.4,0.0,316.0,167.1,194.4,71.2
ZN,302.1,285.6,426.9,239.1,433.1,551.3,101.9,151.4,169.7,352.2,155.2,419.1,430.7,323.7,360.1,293.7,383.6,64.1,478.5,509.7,263.4,306.3,170.5,200.2,132.6,426.9,96.5,292.5,321.1,397.1,404.0,344.7,283.3,412.9,270.3,238.5,455.0,213.8,359.2,280.6,371.9,332.6,261.2,524.6,63.6,229.5,247.7,207.9,423.5,309.0,110.1,142.2,253.1,387.8,175.4,384.4,213.8,52.0,169.6,441.7,131.0,305.4,467.3,218.1,139.8,336.8,477.0,229.8,331.8,247.1,114.5,74.7,329.9,251.6,73.8,121.1,66.5,419.5,2546.8,340.1,309.3,395.7,302.3,407.4,491.2,279.3,153.1,91.5,224.7,384.8,262.7,236.9,274.1,168.3,249.8,159.2,139.9,43.4,243.1,88.9,203.9,159.8,219.5,424.8,121.8,252.5,344.1,258.9,290.8,430.3,156.5,64.0,153.6,220.7,156.0,487.1,337.3,266.3,266.0,80.8,111.4,196.1,94.3,231.9,332.5,0.0,389.3,420.5,366.4
ZS,368.5,360.8,37.5,309.9,338.5,161.9,418.1,242.8,429.9,239.1,479.3,29.7,336.1,92.4,430.9,277.6,219.9,406.2,89.1,120.3,334.2,377.1,407.3,443.1,358.0,37.5,438.6,201.3,391.9,302.5,309.4,231.6,214.1,299.8,344.7,292.3,65.6,284.6,246.1,373.8,258.8,168.9,269.6,135.2,434.4,374.0,336.5,283.2,259.8,292.9,418.8,452.2,323.9,224.1,264.7,98.4,336.0,394.1,338.8,156.1,355.9,376.2,77.9,340.3,464.8,407.6,87.6,292.7,218.7,317.9,339.4,398.8,395.5,233.1,377.5,364.0,390.6,255.8,2701.9,417.5,276.4,282.6,211.1,294.3,101.8,350.1,413.3,337.6,279.1,271.7,290.3,325.7,241.2,492.4,287.7,483.3,474.7,367.5,274.2,362.4,274.7,311.2,311.3,194.2,405.5,358.7,231.0,329.7,221.6,144.7,472.7,388.1,371.3,309.5,301.5,97.7,246.1,362.4,194.6,422.9,408.3,341.7,360.4,228.9,169.7,394.5,0.0,325.9,202.7
ZT,351.7,344.0,351.1,293.1,71.0,475.5,486.0,310.7,331.4,82.6,547.2,343.3,117.4,247.9,414.1,260.8,114.5,474.1,402.7,433.9,317.4,360.3,408.6,358.2,425.9,351.1,506.5,184.5,375.1,83.8,90.7,75.1,197.3,34.0,327.9,275.5,379.2,267.8,156.1,357.0,168.8,152.3,252.8,448.8,502.3,357.2,319.7,351.1,107.4,276.1,486.7,520.1,307.1,118.7,332.6,181.3,319.2,462.0,322.0,238.6,423.8,359.4,391.5,323.5,532.7,390.8,401.2,275.9,92.6,301.1,407.3,466.7,378.7,216.3,445.4,385.3,458.5,123.4,2587.6,400.7,259.6,192.6,194.3,204.3,415.4,333.3,375.6,405.5,262.3,181.7,273.5,308.9,224.4,560.3,270.9,551.2,542.6,435.4,257.4,430.3,257.9,294.4,294.5,221.7,473.4,341.9,141.0,312.9,204.8,227.2,540.6,456.0,387.0,292.7,369.4,411.3,229.3,345.6,177.8,490.8,476.2,324.9,428.3,212.1,204.6,462.4,313.5,0.0,119.2
ZW,232.4,224.7,231.8,173.8,135.7,356.2,366.7,191.4,212.1,72.8,427.9,224.0,133.3,128.6,294.8,141.5,17.1,354.8,283.4,314.6,198.1,241.0,289.3,238.9,306.6,231.8,387.2,65.2,255.8,99.7,106.6,65.3,78.0,154.7,208.6,156.2,259.9,148.5,126.3,237.7,139.0,33.0,133.5,329.5,383.0,237.9,200.4,231.8,57.0,156.8,367.4,400.8,187.8,21.3,213.3,151.5,199.9,342.7,202.7,208.8,304.5,240.1,272.2,204.2,413.4,271.5,281.9,156.6,62.8,181.8,288.0,347.4,259.4,97.0,326.1,266.0,339.2,53.0,2565.8,281.4,140.3,162.8,75.0,174.5,296.1,214.0,256.3,286.2,143.0,151.9,154.2,189.6,105.1,441.0,151.6,431.9,423.3,316.1,138.1,311.0,138.6,175.1,175.2,191.9,354.1,222.6,111.2,193.6,85.5,197.4,421.3,336.7,267.7,173.4,250.1,292.0,110.0,226.3,58.5,371.5,356.9,205.6,309.0,92.8,85.3,343.1,194.2,123.1,0.0
