from_stop,AB,AG,AL,AO,AW,AY,AZ,BD,BE,BG,CK,CO,CY,DA,DC,DE,DF,DX,DZ,EB,EE,EG,EI,EX,FK,FM,FW,GH,GI,GJ,GN,GQ,GT,GU,HA,HB,IA,IF,IL,IP,JB,JY,KB,KC,KD,KH,LF,LK,LQ,LT,LW,LY,MF,MG,MI,MZ,NA,NH,NI,NO,NR,OS,OW,OY,PD,PE,PL,PN,PQ,PT,QD,QJ,QQ,QY,RH,RM,RN,RQ,SM,SP,SQ,SS,SV,TD,TL,TQ,TS,UA,VC,VE,VG,VH,VT,WG,WU,XA,XB,XF,XU,YJ,YX,ZK,ZY
AB,0.0,294.7,197.5,270.3,321.4,331.0,43.2,327.5,199.6,255.1,384.9,296.0,344.8,324.6,372.0,216.2,409.4,349.6,221.6,222.2,297.1,252.3,312.9,2499.5,359.2,245.4,321.9,322.9,275.8,315.8,301.2,391.5,119.3,147.4,212.5,124.4,222.5,354.7,389.8,200.8,250.3,219.1,371.0,338.6,177.5,240.6,364.2,12.3,30.5,273.0,152.5,263.8,241.5,284.8,353.6,234.2,318.2,145.4,126.0,293.6,240.7,212.9,301.7,197.9,288.9,115.6,241.9,193.8,169.8,22.9,308.1,344.8,36.5,375.6,334.5,276.8,168.1,233.2,310.1,342.6,189.0,196.8,4.1,88.9,154.7,338.8,388.3,272.8,266.8,334.2,311.3,350.3,306.0,319.5,364.1,269.4,310.3,252.5,350.9,276.2,323.6,176.9,287.8
AG,290.0,0.0,263.7,264.3,294.6,243.0,245.1,167.5,101.0,128.3,289.3,258.7,271.1,72.4,137.7,253.3,360.1,145.4,156.7,254.1,178.6,318.5,93.3,2560.4,211.4,180.5,174.1,176.0,250.2,230.9,67.0,295.9,185.5,179.3,244.4,176.2,190.0,199.8,302.6,168.3,244.3,78.1,283.8,156.4,239.3,208.1,248.6,276.7,258.1,126.1,218.7,26.6,255.1,193.3,294.6,107.4,174.1,211.6,187.8,146.7,306.9,180.4,153.9,127.4,278.6,183.3,42.9,223.8,201.7,265.9,161.2,189.9,251.8,259.1,324.2,191.9,166.4,75.0,283.3,97.6,220.9,258.6,294.2,278.9,216.5,135.7,241.4,226.2,119.9,246.2,244.7,262.3,238.7,231.5,244.2,173.3,225.4,105.6,204.0,259.3,137.5,175.2,53.6
AL,173.7,266.5,0.0,137.3,187.1,140.7,128.8,282.9,171.4,138.4,194.6,161.7,210.5,222.1,327.4,25.9,275.1,305.0,104.2,39.2,106.8,118.0,225.0,2347.2,170.5,84.5,199.9,245.7,151.5,209.8,262.7,201.2,83.3,112.0,48.4,125.0,90.4,164.4,255.5,110.6,60.0,223.0,236.7,294.0,51.9,77.3,173.9,160.4,141.8,160.6,50.1,225.7,138.0,94.5,213.3,152.8,117.4,57.2,102.4,152.8,106.4,98.5,220.1,169.7,154.6,106.8,265.5,94.3,89.6,149.6,139.5,154.5,135.5,176.9,200.2,86.5,114.1,205.0,178.7,292.1,70.6,33.4,177.9,162.6,75.1,148.5,203.0,82.5,179.6,223.3,177.0,218.1,184.2,129.2,173.8,113.2,120.0,188.5,240.4,141.9,291.1,105.3,249.3
AO,216.7,262.1,59.3,0.0,100.3,152.0,171.8,278.5,167.0,134.0,231.9,88.0,123.7,217.7,323.0,42.6,188.3,300.6,99.8,58.6,102.4,31.2,220.6,2390.2,166.1,80.1,195.5,249.8,64.7,123.0,258.3,225.3,129.3,131.4,67.8,144.4,86.0,216.4,168.7,106.2,17.4,266.0,149.9,289.6,90.5,72.9,169.5,203.4,184.8,156.2,93.1,219.2,46.4,90.1,126.5,148.4,112.8,100.2,141.0,148.4,73.4,97.9,215.7,165.3,67.8,145.4,261.1,103.1,109.5,192.6,135.1,150.1,178.5,176.2,113.4,82.1,113.5,200.6,89.0,287.7,90.0,72.0,220.9,205.6,113.7,144.1,198.6,105.3,175.2,136.5,90.2,131.3,97.4,164.3,205.1,108.8,128.5,184.1,236.0,55.1,286.7,104.7,244.9
AW,287.6,309.7,130.2,97.8,0.0,129.7,242.7,281.1,203.1,164.3,209.6,34.6,74.3,245.6,348.1,113.5,87.9,335.8,135.9,129.5,132.7,57.8,248.5,2461.1,196.4,116.2,225.8,276.5,78.4,100.7,286.2,203.0,197.2,202.3,138.7,215.3,141.1,194.1,77.2,161.3,106.5,340.2,96.0,292.2,162.2,128.0,199.8,274.3,255.7,186.5,164.0,284.6,117.3,120.4,37.4,185.2,153.8,171.1,211.9,216.5,100.7,149.2,246.0,201.4,61.5,216.3,289.0,174.0,179.9,263.5,165.4,180.4,249.4,239.8,29.7,112.4,184.4,236.7,10.7,270.8,160.9,142.9,291.8,276.5,184.6,172.0,257.5,67.1,235.3,126.2,67.9,109.0,75.1,142.0,182.8,139.1,106.2,251.9,294.9,68.8,277.2,175.6,272.8
AY,280.9,248.0,123.5,119.8,129.3,0.0,236.0,219.4,197.6,119.3,140.7,114.2,85.5,183.9,249.2,106.8,152.9,241.5,129.2,122.8,61.6,129.1,186.8,2454.4,111.0,109.5,140.4,186.2,105.7,79.2,224.5,134.1,193.5,195.6,132.0,208.6,134.4,125.2,59.5,154.6,99.8,278.5,40.7,230.5,154.7,121.3,114.4,267.6,249.0,115.4,157.3,221.5,110.6,99.4,123.7,133.7,57.7,164.4,205.2,93.3,142.2,146.3,160.6,224.0,132.8,209.6,227.3,167.3,173.2,256.8,80.0,95.0,242.7,121.1,135.1,45.9,177.7,239.5,120.9,209.1,154.2,136.2,285.1,269.8,177.9,110.3,143.5,81.7,120.1,14.4,100.2,19.2,94.2,12.3,113.9,118.1,81.2,143.3,180.9,114.8,215.5,168.9,211.1
AZ,44.8,251.4,154.2,227.0,278.1,287.7,0.0,284.2,156.3,211.8,341.6,252.7,301.5,281.3,328.7,172.9,366.1,306.3,178.3,178.9,253.8,209.0,269.6,2456.2,315.9,202.1,278.6,279.6,232.5,272.5,257.9,348.2,76.0,104.1,169.2,81.1,179.2,311.4,346.5,157.5,207.0,175.8,327.7,295.3,134.2,197.3,320.9,31.5,12.9,229.7,109.2,220.5,198.2,241.5,310.3,190.9,274.9,102.1,82.7,250.3,197.4,169.6,258.4,154.6,245.6,72.3,198.6,150.5,126.5,20.7,264.8,301.5,6.6,332.3,291.2,233.5,124.8,189.9,266.8,299.3,145.7,153.5,49.0,45.6,111.4,295.5,345.0,229.5,223.5,290.9,268.0,307.0,262.7,276.2,320.8,226.1,267.0,209.2,307.6,232.9,280.3,133.6,244.5
BD,330.4,171.9,261.7,258.0,288.3,199.4,285.5,0.0,141.4,168.7,127.7,252.4,254.6,82.8,44.4,245.0,303.2,22.0,197.1,294.5,207.0,286.6,136.9,2592.6,134.3,220.9,97.0,63.2,243.9,217.4,148.4,134.3,277.9,219.7,284.8,216.6,230.4,158.7,246.6,208.7,238.0,202.0,227.8,11.0,289.4,248.5,135.8,317.1,298.5,154.5,311.1,146.8,248.8,233.7,285.9,147.8,171.6,304.0,237.9,144.2,280.4,220.8,76.8,167.8,272.3,247.5,150.8,264.2,242.1,306.3,158.7,158.3,292.2,97.5,285.4,184.1,206.8,177.2,277.0,59.8,261.3,308.7,334.6,319.3,266.6,117.2,79.8,219.9,117.4,202.6,238.4,218.7,232.4,187.9,168.1,213.7,211.9,134.0,42.4,253.0,74.0,215.6,135.0
BE,188.9,95.0,214.6,167.3,203.4,173.2,144.0,127.8,0.0,55.4,236.5,167.5,198.2,124.9,172.3,186.6,287.2,149.9,55.6,153.0,125.8,195.9,113.2,2501.9,159.5,79.4,122.2,123.2,153.2,158.0,101.5,243.1,136.4,78.2,143.3,75.1,88.9,196.9,232.8,67.2,147.3,135.6,214.0,138.9,147.9,107.0,194.0,175.6,157.0,73.3,169.6,64.1,158.1,92.2,221.7,34.5,121.3,162.5,96.4,93.9,189.7,79.3,102.0,26.3,181.6,106.0,145.0,122.7,100.6,164.8,108.4,183.5,150.7,206.3,227.2,119.0,65.3,33.5,192.1,142.9,119.8,167.2,193.1,177.8,125.1,101.8,188.6,135.0,67.1,176.4,171.8,192.5,165.8,161.7,206.3,72.2,152.5,52.8,151.2,162.3,123.9,74.1,88.1
BG,234.7,132.6,139.6,135.9,166.2,117.7,189.8,165.4,45.7,0.0,184.2,130.3,142.7,162.5,209.9,122.9,231.7,187.5,73.2,148.1,79.4,164.5,134.5,2470.5,116.4,75.7,95.0,146.3,121.8,102.5,139.1,190.8,182.2,124.0,138.4,120.9,79.2,141.4,177.3,99.2,115.9,189.7,158.5,176.5,146.6,97.3,138.5,221.4,202.8,50.7,215.4,101.7,126.7,71.0,166.2,20.9,82.0,208.3,142.2,51.1,158.3,87.1,115.2,72.1,150.2,151.8,175.0,101.0,135.0,210.6,69.1,131.5,196.5,154.0,195.8,63.5,111.1,87.6,154.9,180.5,114.9,165.9,238.9,223.6,148.9,125.5,136.3,97.8,77.9,120.9,116.3,137.0,110.3,106.2,150.8,51.0,97.0,78.6,147.0,130.9,161.5,119.9,125.7
CK,330.8,234.8,173.4,169.7,200.0,111.1,285.9,127.7,184.4,192.4,0.0,145.7,169.3,210.6,172.2,156.7,225.7,149.8,179.1,172.7,111.5,198.3,173.6,2504.3,124.4,159.4,123.0,129.8,155.6,129.1,211.3,6.5,240.4,245.5,181.9,258.5,184.3,50.4,164.4,204.5,149.7,265.3,145.6,138.8,204.6,171.2,59.6,317.5,298.9,188.0,207.2,208.3,160.5,149.3,194.0,206.8,96.0,214.3,255.1,154.5,192.1,192.4,143.2,210.8,184.0,259.5,214.1,252.4,223.6,306.7,152.5,66.5,292.6,25.4,207.9,95.8,227.6,226.3,188.7,187.6,204.1,186.1,335.0,319.7,227.8,130.7,47.8,131.6,181.3,125.6,150.1,130.4,144.1,99.6,59.8,202.4,123.6,215.9,85.2,164.7,172.6,218.8,197.9
CO,239.8,249.2,82.4,73.4,48.9,105.5,194.9,261.0,155.3,116.5,185.4,0.0,90.3,194.9,300.2,65.7,136.9,283.1,91.9,76.4,84.9,66.7,231.5,2413.3,161.7,68.4,178.0,232.3,64.6,76.5,269.2,178.8,152.4,154.5,90.9,167.5,93.3,183.0,126.2,113.5,58.7,274.3,116.5,272.1,114.4,80.2,152.0,226.5,202.6,138.7,116.2,213.0,64.2,72.6,97.4,130.9,100.7,136.4,164.1,144.0,96.5,101.4,198.2,153.6,57.3,168.5,272.0,120.9,132.1,210.4,112.3,132.6,201.6,158.7,78.7,64.6,136.6,202.0,37.6,264.9,113.1,95.1,244.0,228.7,136.8,168.1,181.1,19.3,157.7,103.1,56.8,97.9,64.0,130.9,171.7,104.4,95.1,161.3,270.7,64.6,263.9,127.8,255.8
CY,304.8,275.2,147.4,123.3,83.5,88.0,259.9,246.6,224.8,143.2,167.9,78.1,0.0,211.1,276.4,130.7,88.9,268.7,153.1,146.7,104.4,83.3,214.0,2478.3,168.1,133.4,192.5,242.0,103.9,41.0,251.7,161.3,214.4,219.5,155.9,232.5,158.3,152.4,64.0,178.5,123.7,305.7,82.8,257.7,179.4,145.2,171.5,291.5,272.9,158.2,181.2,250.1,134.5,123.3,71.6,164.1,125.5,188.3,229.1,182.0,126.2,166.4,212.7,251.2,87.0,233.5,254.5,191.2,197.1,280.7,180.0,152.1,266.6,198.1,71.1,84.1,201.6,266.7,72.2,236.3,178.1,160.1,309.0,293.7,201.8,137.5,215.8,105.6,200.8,84.5,61.6,67.3,68.8,100.3,141.1,142.0,46.5,217.4,253.2,94.3,242.7,192.8,238.3
DA,321.4,89.0,212.7,209.0,239.3,150.4,276.5,95.0,132.4,159.7,188.5,185.0,205.6,0.0,65.2,196.0,254.2,72.9,179.5,285.5,151.0,237.6,45.8,2543.6,120.7,211.9,99.3,106.4,194.9,168.4,65.5,195.1,263.8,210.7,275.8,207.6,221.4,132.3,197.6,199.7,189.0,160.2,178.8,83.9,280.4,239.5,141.8,308.1,289.5,145.5,300.8,73.2,199.8,176.7,233.3,145.3,131.6,293.7,228.9,144.6,231.4,208.0,81.4,146.6,223.3,238.5,109.0,206.7,232.6,297.3,106.8,122.4,283.2,144.8,236.4,135.1,197.8,94.3,228.0,25.1,252.3,299.7,325.6,310.3,257.6,67.0,140.6,170.9,117.8,164.9,189.4,169.7,183.4,138.9,176.7,156.7,170.4,125.0,135.6,204.0,65.0,206.6,52.1
DC,374.9,135.1,285.8,282.1,312.4,223.5,330.0,44.4,185.9,213.2,172.2,276.5,278.7,73.0,0.0,269.1,327.3,22.3,241.6,336.8,251.5,310.7,92.4,2639.8,169.5,265.4,132.2,105.6,268.0,241.5,131.4,178.8,264.9,262.0,327.1,261.1,274.9,203.2,270.7,253.2,262.1,157.5,251.9,33.3,318.7,293.0,180.3,361.6,343.0,199.0,298.1,137.0,272.9,278.2,310.0,192.3,216.1,291.0,267.2,188.7,304.5,265.3,112.0,212.3,296.4,262.7,106.3,308.4,284.4,350.8,203.2,193.5,336.7,142.0,309.5,208.2,251.3,167.4,301.1,50.0,303.6,338.0,379.1,363.8,295.9,141.3,124.3,244.0,161.9,226.7,262.5,242.8,256.5,212.0,249.8,258.2,236.0,178.5,86.9,277.1,64.2,260.1,125.2
DE,212.8,240.5,16.6,54.0,124.9,114.7,167.9,256.9,145.4,112.4,168.6,89.0,139.7,196.1,301.4,0.0,209.8,279.0,78.2,13.2,80.8,118.3,199.0,2347.5,144.5,58.5,173.9,228.2,59.5,99.5,236.7,175.2,83.6,86.0,22.4,99.0,64.4,138.4,174.3,84.6,34.0,230.8,155.5,268.0,47.8,51.3,147.9,199.5,180.9,134.6,50.4,197.6,25.2,68.5,139.6,126.8,91.4,57.5,120.3,126.8,56.8,72.5,194.1,143.7,87.9,127.2,239.5,68.3,64.1,188.7,113.5,128.5,174.6,150.9,133.5,60.5,88.1,179.0,113.6,266.1,44.6,29.3,217.0,201.7,95.5,123.5,177.0,56.5,153.6,129.2,95.7,134.0,89.7,103.2,147.8,87.2,85.8,162.5,214.4,68.6,265.1,79.3,223.3
DF,379.8,330.5,222.4,190.0,92.1,160.7,334.9,301.9,280.1,275.2,231.4,126.8,95.1,266.4,368.9,205.7,0.0,356.6,228.1,221.7,199.6,150.0,269.3,2465.5,232.8,208.4,247.8,297.3,155.7,136.2,307.0,224.8,289.4,294.5,230.9,307.5,233.3,238.0,98.0,253.5,198.7,361.0,116.8,313.0,254.4,220.2,236.2,366.5,347.9,270.8,256.2,305.4,209.5,207.0,71.4,286.5,248.2,263.3,304.1,237.3,192.9,241.4,268.0,306.5,126.5,308.5,309.8,266.2,272.1,355.7,235.3,216.8,341.6,261.6,70.9,206.7,276.6,322.0,102.8,291.6,253.1,235.1,384.0,368.7,276.8,192.8,279.3,159.3,256.1,157.2,120.6,140.0,127.8,173.0,226.7,225.7,141.7,272.7,316.7,146.1,298.0,267.8,293.6
DX,352.5,149.8,273.5,269.8,300.1,211.2,307.6,22.0,163.5,190.8,149.8,264.2,266.4,60.7,22.3,256.8,315.0,0.0,216.6,316.6,229.1,298.4,114.8,2604.4,156.4,243.0,119.1,93.8,255.7,229.2,126.3,156.4,283.5,241.8,306.9,238.7,252.5,180.8,258.4,230.8,249.8,179.9,239.6,11.0,312.3,270.6,157.9,339.2,320.6,176.6,320.5,124.7,260.6,255.8,294.1,176.4,205.5,313.4,260.0,166.3,292.2,242.9,98.9,189.9,284.1,269.6,128.7,286.3,264.2,328.4,180.8,180.4,314.3,128.0,297.2,195.9,228.9,155.1,288.8,37.7,283.4,330.8,356.7,341.4,288.7,129.0,101.9,233.8,139.5,225.7,250.2,230.5,244.2,199.7,190.2,235.8,231.2,156.1,64.5,264.8,51.9,237.7,112.9
DZ,199.6,159.4,123.9,120.2,150.3,137.5,154.7,192.2,64.3,55.6,216.2,102.0,165.1,192.1,236.7,98.6,238.1,208.0,0.0,114.1,106.2,142.8,169.1,2448.8,148.4,32.3,129.6,180.9,100.1,130.9,165.9,225.4,144.1,88.9,107.0,85.8,47.8,163.8,199.7,67.8,94.2,170.2,180.9,203.3,115.2,65.9,170.5,186.3,161.4,85.3,180.3,119.3,105.0,71.2,171.0,67.4,114.0,166.9,107.1,91.7,136.6,55.7,149.8,62.6,128.5,116.7,207.0,75.6,103.6,169.2,109.7,153.9,161.4,182.1,174.1,91.9,76.0,97.9,139.0,201.0,83.5,134.5,203.8,182.2,117.5,147.9,170.9,81.9,112.5,160.6,121.1,159.4,115.1,128.6,173.2,48.6,119.4,113.2,179.0,106.6,188.3,84.8,152.5
EB,199.5,246.8,40.2,60.3,131.2,121.0,154.6,263.2,151.7,118.7,174.9,76.9,146.0,202.4,307.7,23.5,216.1,285.3,84.5,0.0,87.1,91.6,205.3,2371.1,150.8,64.8,180.2,234.5,65.8,105.8,243.0,181.5,143.2,72.7,9.2,85.7,70.7,144.7,180.6,90.9,40.3,217.5,161.8,274.3,80.7,57.6,154.2,186.2,167.6,152.3,74.0,203.9,31.5,74.8,145.9,133.1,97.5,81.1,107.0,133.1,63.1,82.6,200.4,150.0,94.2,113.9,245.8,55.0,50.3,175.4,119.8,134.8,161.3,160.9,139.8,66.8,94.4,185.3,122.8,272.4,31.4,99.2,203.7,188.4,82.2,128.8,183.3,64.9,159.9,135.5,102.0,140.3,96.0,109.5,154.1,93.5,100.3,168.8,220.7,74.9,271.4,85.6,229.6
EE,310.8,197.8,112.3,108.6,138.9,64.3,265.9,206.5,121.9,76.1,118.2,103.0,108.2,145.7,248.3,95.6,197.2,228.6,108.3,183.2,0.0,137.2,148.6,2443.2,94.1,110.8,116.0,167.3,94.5,68.0,186.3,124.8,258.3,192.5,173.5,197.0,114.3,88.0,123.9,134.3,88.6,240.3,105.1,217.6,181.7,132.4,97.5,297.5,278.9,53.7,146.1,166.9,99.4,106.1,138.9,97.0,51.5,153.2,211.3,72.1,131.0,122.2,136.2,148.3,122.9,215.7,189.1,136.1,170.1,286.7,63.1,78.1,272.6,108.9,168.5,34.7,164.5,163.8,127.6,208.2,150.0,201.0,315.0,299.7,184.0,72.1,126.6,70.5,98.9,67.5,89.0,83.6,83.0,52.8,97.4,86.1,62.5,81.6,164.0,103.6,207.2,155.7,172.9
EG,244.8,307.9,99.3,39.9,69.0,120.7,199.9,279.3,188.7,155.7,200.6,43.6,92.4,243.8,309.1,82.6,157.0,301.4,121.5,98.6,124.1,0.0,246.7,2430.2,187.8,101.8,217.2,271.5,33.4,91.7,284.4,194.0,154.4,171.4,107.8,184.4,111.5,185.1,137.4,131.7,58.7,338.4,118.6,290.4,131.3,98.4,191.2,231.5,212.9,177.9,121.2,282.8,74.4,111.8,101.2,176.6,145.2,128.3,181.0,214.7,42.8,119.6,237.4,187.0,36.5,185.4,287.2,143.1,149.0,220.7,156.8,171.8,206.6,230.8,82.1,103.8,153.5,222.3,57.7,269.0,130.0,112.0,249.0,233.7,153.7,170.2,248.5,76.1,233.5,117.2,58.9,100.0,66.1,133.0,173.8,130.5,97.2,250.1,285.9,23.8,275.4,144.7,271.0
EI,310.8,68.2,276.2,221.6,251.9,163.0,265.9,124.8,160.5,190.2,201.1,216.0,218.2,35.5,100.8,208.6,266.8,108.5,216.2,269.9,163.6,250.2,0.0,2548.6,133.3,194.0,111.9,120.2,207.5,181.0,64.5,207.7,198.0,195.1,260.2,210.0,197.5,144.9,210.2,227.8,201.6,90.6,191.4,119.5,251.8,215.6,154.4,297.5,278.9,176.0,231.2,94.9,212.4,189.3,249.5,169.3,132.3,224.1,200.3,165.7,244.0,239.9,99.0,186.9,235.9,195.8,39.4,241.5,217.5,286.7,119.4,135.0,272.6,165.8,249.0,147.7,191.3,116.9,240.6,60.7,236.7,271.1,315.0,299.7,229.0,80.8,153.2,183.5,138.9,166.2,202.0,182.3,196.0,151.5,189.3,169.3,175.5,155.5,148.2,216.6,100.6,200.1,78.9
EX,2499.7,2650.5,2409.2,2462.9,2438.7,2533.5,2454.8,2660.6,2544.3,2511.3,2590.4,2473.4,2482.1,2586.4,2680.9,2398.8,2491.7,2668.6,2477.1,2412.1,2479.7,2399.2,2589.3,0.0,2543.4,2457.4,2567.8,2617.3,2470.3,2523.2,2627.0,2583.8,2409.3,2484.9,2421.3,2472.3,2463.3,2545.7,2470.8,2483.5,2481.7,2549.0,2489.6,2671.7,2425.6,2450.2,2546.8,2486.4,2467.8,2533.5,2376.1,2625.4,2453.3,2467.4,2445.2,2532.2,2500.8,2383.2,2473.9,2557.3,2421.7,2471.4,2588.0,2542.6,2441.1,2463.5,2571.8,2467.2,2462.5,2475.6,2555.3,2527.4,2461.5,2558.2,2419.4,2459.4,2487.0,2577.9,2449.4,2611.6,2443.5,2406.3,2503.9,2488.6,2448.0,2512.8,2575.9,2505.9,2576.1,2530.0,2494.4,2512.8,2501.6,2533.3,2534.4,2486.1,2528.7,2592.7,2654.8,2460.7,2618.0,2478.2,2613.6
FK,332.2,207.9,181.2,177.5,207.8,118.9,287.3,124.4,143.2,116.7,136.5,153.5,177.1,118.8,161.6,164.5,242.2,146.5,148.9,223.8,121.0,206.1,128.8,2512.1,0.0,151.4,29.3,98.6,163.4,136.9,183.0,143.1,275.9,221.5,214.1,218.4,154.9,64.2,178.5,174.9,157.5,245.9,159.7,135.5,222.3,173.0,73.7,318.9,300.3,112.3,215.0,169.2,168.3,146.7,201.8,131.1,89.7,305.8,239.7,78.8,199.9,162.8,49.5,169.6,191.8,249.3,194.7,176.7,210.7,308.1,76.8,23.9,294.0,80.4,224.4,103.6,205.1,185.1,196.5,121.5,190.6,241.6,336.4,321.1,224.6,56.2,88.6,139.4,105.6,133.4,157.9,138.2,151.9,107.4,73.6,126.7,138.9,135.8,99.3,172.5,120.5,196.3,169.6
FM,222.1,181.9,91.5,87.8,123.9,113.7,177.2,214.7,86.8,71.4,167.6,69.6,138.7,211.8,259.2,74.8,211.7,236.8,19.6,112.5,79.8,116.4,184.9,2422.4,143.5,0.0,145.4,188.2,73.7,98.5,188.4,174.2,165.8,111.4,102.8,108.3,43.6,137.4,173.3,63.6,67.8,192.7,154.5,225.8,111.8,61.7,146.9,208.8,190.2,112.5,202.8,139.0,78.6,67.5,138.6,85.8,100.9,195.7,129.6,101.5,110.2,51.5,165.6,85.1,102.1,139.2,225.4,65.4,99.9,198.0,112.5,127.5,183.9,149.9,147.7,59.5,93.8,120.4,112.6,229.8,79.3,130.3,226.3,211.0,113.3,121.5,176.0,57.6,128.3,128.2,94.7,133.0,88.7,102.2,146.8,67.0,84.8,129.0,197.4,82.8,210.8,85.0,175.0
FW,302.8,178.5,207.2,203.5,233.8,144.9,257.9,95.0,113.8,123.2,123.0,197.9,200.1,89.4,132.2,190.5,248.7,117.1,155.4,230.3,127.5,232.1,151.4,2538.1,37.2,157.9,0.0,85.1,189.4,162.9,153.6,129.6,250.3,192.1,220.6,189.0,161.4,101.5,192.1,181.1,183.5,216.5,173.3,106.1,228.8,179.5,77.3,289.5,270.9,118.8,283.5,149.7,194.3,153.2,231.4,120.2,96.2,276.4,210.3,85.3,225.9,169.3,20.1,140.2,217.8,219.9,165.3,183.2,214.5,278.7,83.3,61.2,264.6,92.8,230.9,163.7,179.2,155.7,222.5,92.1,197.1,248.1,307.0,291.7,231.1,62.7,75.1,165.4,89.8,148.1,183.9,164.2,177.9,133.4,110.9,133.2,157.4,106.4,85.8,198.5,91.1,188.0,140.2
GH,305.8,183.3,236.3,232.6,263.7,174.0,260.9,63.2,116.8,144.1,129.8,209.4,230.0,102.7,105.6,220.4,278.6,93.8,163.9,273.1,178.8,262.0,152.7,2568.0,106.5,200.7,72.4,0.0,219.3,192.8,156.6,144.9,249.5,195.1,260.2,192.0,205.8,121.8,222.0,184.1,214.9,217.8,203.2,74.3,265.6,222.3,74.6,292.5,273.9,121.5,286.5,142.8,224.2,204.5,256.9,129.7,158.8,279.4,213.3,128.1,255.8,192.4,52.2,143.2,246.9,222.9,166.6,234.5,217.0,281.7,126.1,130.5,267.6,112.8,260.8,158.7,182.2,167.2,255.3,79.7,236.7,284.1,310.0,294.7,242.0,91.4,90.4,197.4,92.8,188.5,213.8,194.1,207.8,163.3,131.2,184.5,194.8,117.9,92.6,227.6,41.3,191.0,143.2
GI,224.5,250.3,67.1,63.4,78.8,130.5,179.6,266.7,155.2,122.2,210.4,53.4,102.2,205.9,311.2,50.4,150.2,288.8,88.0,66.4,90.6,42.6,208.8,2398.0,154.3,68.3,183.7,238.0,0.0,101.5,246.5,203.8,134.1,139.2,75.6,152.2,78.0,194.9,139.5,98.2,43.4,261.1,128.4,277.8,99.1,64.9,157.7,211.2,192.6,144.4,100.9,219.4,54.2,78.3,99.7,143.1,111.7,108.0,148.8,136.6,85.5,86.1,203.9,153.5,28.3,153.2,249.3,110.9,116.8,200.4,123.3,138.3,186.3,169.1,73.9,70.3,121.3,188.8,67.5,275.9,97.8,79.8,228.7,213.4,121.5,132.3,186.8,85.9,163.4,127.0,68.7,109.8,75.9,142.8,183.6,97.0,107.0,172.3,224.2,9.1,274.9,112.5,233.1
GJ,263.7,273.6,106.3,102.6,101.9,86.4,218.8,239.4,147.9,102.1,166.3,96.5,40.1,209.5,274.8,89.6,129.1,261.5,112.0,105.6,63.3,101.7,212.4,2437.2,127.0,92.3,156.4,202.2,88.5,0.0,250.1,159.7,173.3,178.4,114.8,191.4,117.2,150.8,103.1,137.4,82.6,304.1,84.3,250.5,137.5,104.1,130.4,250.4,231.8,128.5,140.1,194.0,93.4,82.2,96.3,116.5,73.9,147.2,188.0,109.3,125.0,129.1,176.6,174.3,105.4,192.4,252.9,150.1,156.5,239.6,96.0,111.0,225.5,133.4,111.3,43.0,160.5,189.8,90.6,234.7,137.0,119.0,267.9,252.6,160.7,136.9,159.5,64.5,136.1,70.9,80.0,65.7,77.0,98.7,139.5,100.9,21.4,145.0,196.9,97.6,241.1,151.7,236.7
GN,309.2,72.2,280.2,283.5,313.8,229.3,264.3,151.8,120.2,147.5,275.0,277.9,287.5,56.7,122.0,269.8,306.0,129.7,175.9,273.3,185.8,335.0,77.6,2576.9,195.7,199.7,158.4,161.7,269.4,247.3,0.0,281.6,202.0,198.5,263.6,195.4,209.2,184.1,288.9,187.5,263.5,94.6,270.1,140.7,255.8,227.3,234.3,295.9,277.3,133.3,235.2,69.7,274.3,212.5,313.8,126.6,159.8,228.1,204.3,132.4,323.4,199.6,138.2,146.6,297.8,199.8,43.4,243.0,220.9,285.1,146.9,174.2,271.0,244.8,288.2,211.1,185.6,100.1,302.5,81.9,240.1,275.1,313.4,298.1,233.0,120.0,227.1,245.4,105.6,232.5,263.9,248.6,257.9,217.8,228.5,192.5,241.8,112.8,189.7,278.5,121.8,194.4,14.3
GQ,337.4,241.4,180.0,176.3,206.6,117.7,292.5,134.3,191.0,199.0,6.5,152.3,165.8,217.2,178.8,163.3,219.1,156.4,185.7,179.3,118.1,204.9,180.2,2510.9,131.0,166.0,129.6,144.9,162.2,135.7,217.9,0.0,250.0,252.1,188.5,265.1,190.9,57.0,157.8,211.1,156.3,271.9,139.0,145.4,211.2,177.8,66.2,324.1,305.5,194.6,213.8,216.3,167.1,155.9,200.6,213.4,113.3,220.9,261.7,161.1,198.7,202.8,149.8,217.4,190.6,266.1,220.7,259.0,229.7,313.3,159.1,73.1,299.2,32.0,201.3,102.4,234.2,232.9,195.3,194.2,210.7,192.7,341.6,326.3,234.4,137.3,54.4,138.2,187.9,132.2,156.7,137.0,150.7,106.2,66.4,209.0,137.7,222.5,91.8,171.3,179.2,225.4,204.5
GT,87.3,230.2,81.9,152.2,205.0,185.5,42.4,263.0,135.1,183.2,240.2,146.7,228.4,259.3,307.5,67.7,293.0,288.1,151.8,81.0,151.6,135.9,269.8,2383.1,216.1,129.3,244.7,299.0,169.4,167.3,236.7,243.0,0.0,82.9,93.2,59.9,135.2,209.2,273.4,155.4,104.8,136.6,254.6,274.1,97.5,122.1,218.7,74.0,58.4,205.4,36.1,190.3,96.0,139.3,228.2,194.6,162.8,29.9,61.5,194.6,124.3,144.1,264.9,133.4,169.5,51.1,159.4,136.1,134.4,66.2,184.3,199.3,48.3,225.4,218.1,128.3,103.6,168.7,193.7,281.1,115.4,78.2,91.5,75.4,119.9,193.3,247.8,127.3,224.4,238.2,194.9,236.0,202.1,174.0,218.6,158.8,164.8,187.2,282.2,160.6,259.1,150.1,223.3
GU,126.7,183.3,152.4,135.1,206.0,195.8,81.8,216.1,88.2,137.4,249.7,170.1,220.8,213.2,260.6,124.4,290.9,238.2,103.6,74.7,161.9,207.2,201.5,2445.9,225.6,126.1,210.5,211.5,140.6,180.6,189.8,256.3,74.2,0.0,65.0,12.9,97.8,219.5,255.4,89.4,115.1,144.7,236.6,227.2,85.7,115.9,229.0,113.4,94.8,161.6,107.4,152.4,106.3,149.6,226.7,122.8,183.0,100.3,34.2,167.5,137.9,85.7,190.3,86.5,169.0,43.8,167.5,46.3,22.4,102.6,185.5,209.6,88.5,240.4,214.6,141.6,56.7,121.8,194.7,231.2,41.5,105.0,130.9,115.6,62.9,203.6,252.7,137.6,155.4,199.0,176.8,215.1,170.8,184.3,228.9,133.0,175.1,141.1,239.5,149.7,212.2,65.5,176.4
HA,190.3,246.9,49.9,70.0,140.9,130.7,145.4,272.9,151.8,128.4,184.6,105.0,155.7,212.1,317.4,33.2,225.8,295.0,94.2,9.7,96.8,101.3,215.0,2380.8,160.5,74.5,189.9,244.2,75.5,115.5,252.7,191.2,137.8,63.5,0.0,76.5,80.4,154.4,190.3,97.3,50.0,208.3,171.5,284.0,70.7,67.3,163.9,177.0,158.4,150.6,171.0,216.0,41.2,84.5,161.6,149.3,117.9,163.9,97.8,142.8,72.8,85.2,210.1,150.1,103.9,104.7,255.5,45.8,41.1,166.2,129.5,144.5,152.1,175.3,149.5,76.5,93.7,185.4,129.6,282.1,22.2,90.0,194.5,179.2,73.0,138.5,193.0,72.5,169.6,133.9,111.7,150.0,105.7,119.2,163.8,103.2,110.0,178.5,230.4,84.6,275.8,84.9,239.3
HB,113.7,170.2,139.4,158.1,263.3,218.8,68.8,203.0,75.1,130.6,311.7,237.9,286.7,200.1,247.5,111.4,351.3,225.1,97.1,97.7,184.9,194.2,188.4,2441.4,234.7,120.9,197.4,198.4,163.6,203.6,176.7,318.3,61.2,22.9,88.0,0.0,98.0,242.5,278.4,76.3,138.1,149.6,259.6,214.1,72.7,116.1,252.0,100.4,81.8,148.5,94.4,139.3,129.3,164.9,249.7,109.7,196.5,87.3,21.2,169.1,182.6,88.4,177.2,73.4,230.8,30.8,172.4,69.3,45.3,89.6,183.6,232.6,75.5,263.4,276.4,164.6,43.6,108.7,252.0,218.1,64.5,92.0,117.9,102.6,49.9,177.0,263.8,160.6,142.3,222.0,199.8,238.1,193.8,207.3,251.9,144.9,198.1,128.0,226.4,172.7,199.1,52.4,163.3
IA,200.3,192.5,104.9,101.2,156.3,146.1,155.4,225.3,97.4,77.7,240.9,120.4,171.1,222.4,269.8,124.2,241.2,247.4,43.9,87.0,112.2,132.5,191.2,2435.8,173.1,66.4,151.7,203.0,90.9,130.9,199.0,247.5,147.8,89.6,77.3,86.5,0.0,169.8,205.7,20.1,81.2,203.3,186.9,236.4,85.5,18.0,179.3,187.0,168.4,107.4,181.0,161.6,92.0,93.3,177.0,98.6,133.3,173.9,107.8,107.8,123.6,8.0,171.9,95.7,119.3,117.4,231.7,39.9,73.9,176.2,125.8,159.9,162.1,190.7,164.9,91.9,68.3,131.0,145.0,240.4,53.8,104.8,204.5,189.2,87.8,153.9,193.0,87.9,134.6,149.3,127.1,165.4,121.1,134.6,179.2,73.3,125.4,135.3,203.7,100.0,221.4,59.5,185.6
IF,301.3,205.3,143.9,140.2,170.5,81.6,256.4,159.4,154.9,139.7,102.3,134.6,139.8,171.9,203.9,127.2,228.8,181.5,149.6,143.2,82.0,168.8,144.1,2474.8,53.0,129.9,82.4,130.7,126.1,99.6,181.8,95.7,210.9,216.0,152.4,229.0,154.8,0.0,140.7,175.0,120.2,235.8,121.9,170.5,175.9,141.7,50.4,288.0,269.4,135.8,177.7,180.2,131.0,119.8,170.5,160.6,77.2,184.8,225.6,102.1,162.6,162.9,102.6,181.3,154.5,230.0,184.6,187.7,193.6,277.2,88.8,37.0,263.1,61.8,200.1,66.3,198.1,196.8,159.2,174.6,174.6,156.6,305.5,290.2,198.3,67.6,79.5,102.1,128.9,84.8,120.6,100.9,114.6,70.1,9.4,138.5,94.1,147.5,116.9,135.2,172.1,189.3,168.4
IL,343.6,259.1,186.2,168.9,96.7,62.6,298.7,230.5,208.7,203.8,160.0,123.7,85.3,195.0,297.5,169.5,93.3,285.2,236.0,185.5,124.3,128.9,197.9,2462.7,161.4,172.2,176.4,225.9,149.5,104.6,235.6,153.4,253.2,287.0,194.7,283.9,242.0,145.0,0.0,262.0,162.5,289.6,18.8,241.6,218.2,184.0,164.8,330.3,311.7,199.4,220.0,234.0,173.3,162.1,76.0,215.1,131.1,227.1,305.2,165.9,171.8,249.9,196.6,235.1,131.1,314.8,238.4,263.8,235.9,319.5,163.9,145.4,305.4,190.2,75.5,108.6,274.1,250.6,107.4,220.2,216.9,198.9,347.8,332.5,240.6,121.4,207.9,144.4,184.7,59.1,107.2,41.9,114.4,74.9,133.7,213.8,110.1,201.3,245.3,139.9,226.6,231.6,222.2
IP,180.1,172.3,126.6,122.9,178.0,167.8,135.2,205.1,77.2,79.2,242.4,142.1,192.8,202.2,249.6,145.7,262.9,227.2,45.4,108.5,133.9,154.2,190.5,2457.5,174.6,67.9,153.2,200.5,112.6,152.6,178.8,249.0,127.6,69.4,98.8,66.3,21.6,191.5,227.4,0.0,102.9,183.1,208.6,216.2,107.0,39.7,196.7,166.8,148.2,108.9,160.8,141.4,113.7,94.8,198.7,100.1,140.2,153.7,87.6,109.3,145.3,12.1,173.4,75.5,141.0,97.2,222.3,61.4,91.8,156.0,127.3,181.6,141.9,212.2,186.6,113.6,56.5,110.8,166.7,220.2,75.3,126.3,184.3,169.0,109.3,175.6,194.5,109.6,136.1,171.0,148.8,187.1,142.8,156.3,200.9,74.8,147.1,130.1,205.2,121.7,201.2,65.3,165.4
JB,197.9,243.3,40.5,18.5,120.3,170.5,153.0,259.7,148.2,115.2,250.4,113.3,143.7,200.2,304.2,23.8,208.3,281.8,90.1,41.1,83.6,51.2,201.8,2371.4,147.3,61.3,176.7,222.5,84.7,141.5,239.5,243.8,111.3,112.6,49.0,125.6,67.2,141.2,188.7,87.4,0.0,248.5,169.9,270.8,71.7,54.1,152.0,184.6,166.0,148.8,74.3,202.5,27.6,71.3,145.0,129.6,94.2,81.4,122.2,129.6,59.2,79.1,196.9,146.5,86.3,126.6,242.3,84.3,90.7,173.8,116.3,131.3,161.0,157.4,133.4,64.6,94.7,181.8,111.9,268.9,71.2,53.2,202.1,186.8,94.9,126.3,179.8,125.3,156.4,155.0,110.2,151.3,117.4,184.3,225.1,90.0,88.6,165.3,217.2,73.6,267.9,85.9,226.1
JY,258.2,73.6,223.6,297.7,347.5,260.8,213.3,203.5,143.2,187.0,298.9,322.1,316.0,133.3,159.0,213.2,364.6,181.4,168.6,217.3,252.3,278.4,96.7,2520.3,231.1,201.0,209.7,218.0,261.5,278.8,94.7,305.5,145.4,142.5,207.6,157.4,208.6,242.7,308.0,187.9,236.0,0.0,289.2,192.4,200.0,226.7,252.2,244.9,226.3,191.4,178.6,100.3,238.5,235.5,373.7,172.6,259.6,171.5,147.7,220.4,266.8,196.2,196.8,144.3,315.0,143.2,40.8,188.9,164.4,234.1,234.9,232.8,220.0,258.9,360.6,250.6,138.7,99.6,336.2,158.5,184.1,218.5,262.4,247.1,176.4,177.4,251.0,256.6,193.6,275.3,337.4,280.1,289.8,249.3,287.1,215.5,273.3,179.3,246.0,302.3,180.7,147.5,109.1
KB,324.8,249.0,167.4,150.1,110.3,43.8,279.9,220.4,198.6,193.7,141.7,104.9,66.5,184.9,250.2,150.7,112.1,242.5,173.1,166.7,105.5,110.1,187.8,2498.3,151.3,153.4,166.3,215.8,130.7,85.8,225.5,135.1,234.4,276.9,175.9,273.8,178.3,126.2,18.8,198.5,143.7,279.5,0.0,231.5,199.4,165.2,154.7,311.5,292.9,189.3,201.2,223.9,154.5,143.3,94.8,205.0,112.3,208.3,249.1,155.8,153.0,186.4,186.5,225.0,113.8,253.5,228.3,253.7,217.1,300.7,153.8,135.3,286.6,171.9,94.3,89.8,264.0,240.5,99.0,210.1,198.1,180.1,329.0,313.7,221.8,111.3,189.6,125.6,174.6,40.3,88.4,23.1,95.6,56.1,114.9,203.7,91.3,191.2,227.0,121.1,216.5,212.8,212.1
KC,341.5,160.8,272.8,269.1,299.4,210.5,296.6,11.0,152.5,179.8,138.8,263.5,265.7,71.7,33.3,256.1,314.3,11.0,208.2,305.6,218.1,297.7,125.8,2603.7,145.4,232.0,108.1,74.3,255.0,228.5,137.3,145.4,289.0,230.8,295.9,227.7,241.5,169.8,257.7,219.8,249.1,190.9,238.9,0.0,300.5,259.6,146.9,328.2,309.6,165.6,322.2,135.7,259.9,244.8,297.0,158.9,182.7,315.1,249.0,155.3,291.5,231.9,87.9,178.9,283.4,258.6,139.7,275.3,253.2,317.4,169.8,169.4,303.3,108.6,296.5,195.2,217.9,166.1,288.1,48.7,272.4,319.8,345.7,330.4,277.7,128.3,90.9,231.0,128.5,213.7,249.5,229.8,243.5,199.0,179.2,224.8,223.0,145.1,53.5,264.1,62.9,226.7,123.9
KD,154.9,251.1,52.6,91.9,163.6,152.6,110.0,283.9,156.0,148.2,206.5,109.3,178.4,234.8,328.4,37.8,248.5,306.0,123.5,51.1,119.5,124.0,237.7,2384.3,182.4,96.4,212.6,258.4,98.2,137.4,257.6,213.1,99.4,92.8,61.1,80.8,103.1,177.1,213.0,108.6,74.2,194.6,194.2,295.0,0.0,89.2,185.8,141.6,123.8,184.7,135.6,210.3,63.1,107.2,177.5,162.6,130.1,128.5,49.6,164.7,95.5,100.3,232.8,154.3,125.8,54.0,217.4,57.1,70.9,130.8,152.2,167.2,116.7,193.3,172.2,98.4,105.0,189.6,155.2,299.8,70.3,19.3,159.1,143.8,22.3,162.2,215.7,97.3,192.3,167.9,134.4,172.7,128.4,141.9,186.5,125.1,124.5,200.4,252.3,106.5,280.0,96.2,244.2
KH,213.4,205.6,86.8,83.1,138.2,128.0,168.5,238.4,110.5,90.8,181.9,89.2,153.0,235.5,282.9,70.1,223.1,260.5,57.0,100.1,94.1,114.4,204.3,2417.7,157.8,71.8,164.8,216.1,72.8,112.8,212.1,188.5,160.9,102.7,90.4,99.6,13.0,151.7,187.6,33.2,64.6,216.4,168.8,249.5,98.6,0.0,161.2,200.1,181.5,120.5,194.1,162.7,73.9,81.8,152.9,105.2,104.5,187.0,120.9,120.9,105.5,24.9,185.0,108.8,101.2,130.5,244.8,53.0,87.5,189.3,126.8,141.8,175.2,164.2,146.8,73.8,81.4,144.1,129.8,253.5,66.9,117.9,217.6,202.3,100.9,136.8,190.3,69.8,147.7,142.5,109.0,147.3,103.0,116.5,161.1,86.4,99.1,148.4,216.8,81.9,234.5,72.6,198.7
LF,385.8,261.5,170.1,166.4,196.7,107.8,340.9,141.4,196.8,152.3,57.0,160.8,166.0,172.4,185.9,153.4,255.0,163.5,184.5,169.4,156.6,195.0,164.4,2501.0,84.3,187.0,82.9,80.2,152.3,125.8,236.6,63.6,240.1,268.7,249.7,272.0,190.5,47.1,167.4,210.5,146.4,298.1,148.6,152.5,257.9,208.6,0.0,372.5,353.9,147.9,203.9,232.7,157.2,182.3,190.7,166.7,137.2,211.0,287.5,114.4,188.8,202.2,103.1,223.2,180.7,291.9,246.9,212.3,246.3,361.7,112.4,108.3,347.6,43.0,226.3,92.5,240.7,238.7,185.4,151.5,226.2,182.8,390.0,374.7,260.2,90.6,65.4,128.3,141.2,122.3,146.8,127.1,140.8,96.3,56.5,162.3,120.3,175.8,98.9,161.4,121.6,231.9,223.2
LK,13.2,282.3,185.1,257.9,309.0,318.6,30.8,315.1,187.2,242.7,372.5,283.6,332.4,312.2,359.6,203.8,397.0,337.2,209.2,209.8,284.7,239.9,300.5,2487.1,346.8,233.0,309.5,310.5,263.4,303.4,288.8,379.1,106.9,135.0,200.1,112.0,210.1,342.3,377.4,188.4,237.9,206.7,358.6,326.2,165.1,228.2,351.8,0.0,18.1,260.6,140.1,251.4,229.1,272.4,341.2,221.8,305.8,133.0,113.6,281.2,228.3,200.5,289.3,185.5,276.5,103.2,229.5,181.4,157.4,10.5,295.7,332.4,24.1,363.2,322.1,264.4,155.7,220.8,297.7,330.2,176.6,184.4,17.4,76.5,142.3,326.4,375.9,260.4,254.4,321.8,298.9,337.9,293.6,307.1,351.7,257.0,297.9,240.1,338.5,263.8,311.2,164.5,275.4
LQ,31.8,264.1,166.9,239.7,290.8,300.4,12.6,296.9,169.0,224.5,354.3,256.3,314.2,294.0,341.4,185.6,378.8,319.0,188.4,191.6,266.5,221.7,282.3,2468.9,328.6,214.8,291.3,292.3,245.2,285.2,270.6,360.9,88.7,116.8,181.9,93.8,191.9,324.1,359.2,170.2,219.7,188.5,340.4,308.0,146.9,210.0,333.6,18.5,0.0,242.4,121.9,233.2,210.9,254.2,317.0,210.1,276.9,114.8,95.4,263.0,210.1,178.5,271.1,167.3,258.3,85.0,211.3,163.2,138.7,7.7,277.5,314.2,5.9,336.6,303.9,246.2,137.5,202.6,282.4,312.0,158.4,166.2,36.0,58.3,124.1,308.2,357.7,242.2,236.2,314.9,280.7,319.7,275.4,288.9,333.5,238.8,271.5,221.9,320.3,245.6,293.0,146.3,257.2
LT,266.2,144.0,164.8,161.1,191.4,116.8,221.3,164.8,77.2,66.1,183.6,137.1,160.7,161.9,209.3,148.1,249.7,186.9,107.4,173.2,52.4,189.7,125.5,2495.7,115.8,100.8,86.0,128.8,147.0,120.5,138.5,181.8,209.9,155.5,163.5,152.4,104.3,140.5,176.4,124.3,142.6,217.2,157.6,175.9,172.5,122.4,129.5,252.9,234.3,0.0,246.9,103.2,160.3,96.1,193.8,80.5,84.8,228.4,173.7,42.1,183.5,116.0,106.2,103.6,183.8,183.3,166.0,134.5,160.6,242.1,60.1,130.6,216.6,149.7,221.0,106.6,142.6,107.7,183.0,168.5,140.0,191.0,270.4,243.7,174.0,71.7,127.3,125.1,68.9,131.3,141.5,136.1,135.5,105.3,149.9,76.1,166.7,16.4,138.0,164.5,160.9,145.7,125.1
LW,123.5,275.1,44.9,119.0,168.8,149.3,78.6,291.5,180.0,147.0,203.2,143.4,192.2,230.7,336.0,34.5,256.8,313.6,112.8,47.8,115.4,99.7,233.6,2346.9,179.1,93.1,208.5,262.8,133.2,134.1,271.3,209.8,33.1,120.6,57.0,133.6,99.0,173.0,237.2,119.2,68.6,172.8,218.4,302.6,61.3,85.9,182.5,110.2,91.6,169.2,0.0,244.2,59.8,103.1,201.0,167.9,136.5,7.0,111.0,161.4,88.1,107.1,228.7,178.3,136.3,115.4,195.6,102.9,98.2,99.4,148.1,163.1,85.3,193.9,181.9,95.1,122.7,213.6,157.5,300.7,79.2,42.0,127.7,112.4,83.7,157.1,211.6,91.1,188.2,152.5,158.7,199.8,165.9,137.8,182.4,121.8,128.6,197.1,249.0,123.6,299.7,113.9,257.9
LY,254.0,40.7,289.0,226.4,258.6,216.3,209.1,144.6,65.0,92.3,251.4,213.6,235.1,71.5,146.7,261.0,324.1,144.5,118.8,227.4,142.6,256.9,102.3,2562.9,176.3,142.6,139.0,138.1,214.2,193.0,76.0,258.0,199.6,143.3,208.4,140.2,154.0,219.7,266.6,132.3,206.4,121.0,247.8,155.5,211.1,170.2,210.7,240.7,220.2,88.2,234.7,0.0,217.2,157.3,261.9,76.0,148.1,225.7,161.5,120.0,250.7,142.5,118.8,91.4,240.7,171.1,119.5,185.9,163.8,228.0,123.3,200.3,225.1,229.6,288.2,165.2,130.4,64.0,245.4,96.7,184.9,232.3,258.2,241.0,190.2,116.7,205.4,188.3,83.9,230.8,208.7,226.3,202.7,195.5,227.1,137.3,187.5,67.7,166.1,232.6,138.8,139.2,62.6
MF,189.3,254.3,31.9,83.7,133.5,185.2,144.4,270.7,159.2,126.2,265.1,121.2,156.9,209.9,315.2,15.2,221.5,292.8,92.0,31.2,94.6,64.4,212.8,2362.8,158.3,72.3,187.7,233.5,97.9,156.2,250.5,258.5,98.9,104.0,40.4,117.0,78.2,152.2,201.9,98.4,101.2,238.6,183.1,281.8,63.1,65.1,161.7,176.0,157.4,148.4,65.7,211.4,0.0,82.3,159.7,140.6,105.0,72.8,113.6,140.6,31.6,90.1,207.9,157.5,101.0,118.0,253.3,86.3,81.6,165.2,127.3,142.3,151.1,168.4,146.6,74.3,101.9,192.8,122.2,279.9,62.6,44.6,193.5,178.2,86.3,136.3,190.8,138.5,167.4,169.7,123.4,164.5,130.6,197.5,238.3,101.0,161.7,176.3,228.2,88.3,278.9,93.1,237.1
MG,266.8,195.4,97.3,93.6,123.9,99.4,221.9,228.2,100.3,69.1,153.3,88.0,124.4,179.7,272.7,80.6,197.4,250.3,66.9,141.8,65.5,122.2,182.6,2428.2,129.2,69.4,143.1,194.4,79.5,84.2,201.9,159.9,214.3,151.1,132.1,153.0,72.9,123.1,159.0,92.9,73.6,228.2,140.2,239.3,140.3,91.0,132.6,253.5,234.9,98.8,131.1,164.5,84.4,0.0,130.3,90.0,86.6,138.2,169.9,99.2,116.0,80.8,163.3,104.2,107.9,174.3,223.1,94.7,128.7,242.7,98.2,113.2,228.6,144.0,153.5,45.2,123.1,133.9,112.6,235.3,108.6,159.6,271.0,255.7,142.6,107.2,161.7,55.5,126.0,102.6,80.4,118.7,74.4,87.9,132.5,18.6,78.7,126.7,195.1,88.6,224.3,114.3,188.5
MI,311.3,294.8,153.9,123.1,63.2,123.2,266.4,266.2,244.4,167.3,195.7,96.3,59.4,230.7,333.2,137.2,73.0,320.9,162.4,153.2,135.7,83.1,233.6,2436.6,197.1,139.9,212.1,261.6,103.7,94.2,271.3,189.1,224.7,226.0,162.4,239.0,164.8,187.6,62.3,185.0,130.2,325.3,81.1,277.3,185.1,151.7,200.5,298.0,279.4,200.9,187.7,268.3,141.0,129.8,0.0,181.7,146.1,194.8,235.6,201.6,126.0,172.9,232.3,270.8,86.8,240.0,274.1,197.7,203.6,287.2,199.6,181.1,273.1,225.9,42.0,115.4,208.1,286.3,71.2,255.9,184.6,166.6,315.5,300.2,208.3,157.1,243.6,108.3,220.4,107.7,43.4,102.5,50.6,135.5,176.3,148.5,99.7,237.0,281.0,94.1,262.3,199.3,257.9
MZ,220.3,118.2,154.0,150.3,180.6,132.1,175.4,151.0,31.3,14.4,198.6,131.6,157.1,148.1,195.5,137.3,246.1,173.1,78.4,162.5,93.8,178.9,136.4,2484.9,130.8,90.1,109.4,152.2,136.2,116.9,124.7,205.2,164.8,109.6,152.8,106.5,93.6,155.8,191.7,98.6,131.8,175.3,172.9,162.1,161.0,111.7,152.9,207.0,188.4,65.1,201.0,75.3,141.1,85.4,174.6,0.0,96.4,193.9,127.8,65.5,172.7,105.3,125.2,57.7,164.6,137.4,168.2,115.4,131.5,196.2,83.5,145.9,182.1,168.4,210.2,77.9,96.7,73.2,169.3,166.1,129.3,180.3,224.5,209.2,156.5,139.9,150.7,114.3,90.3,146.6,130.7,151.4,124.7,120.6,165.2,65.4,156.0,76.0,161.4,145.3,147.1,105.5,111.3
NA,310.4,188.2,131.7,128.0,146.5,57.5,265.5,178.1,121.4,91.2,99.9,104.0,115.8,123.3,222.6,103.1,204.8,200.4,123.6,198.3,95.5,144.8,130.2,2450.8,75.8,115.4,97.2,148.7,102.1,75.5,161.2,106.4,254.3,199.7,188.6,196.6,129.4,69.7,117.2,149.4,96.1,217.9,98.4,189.2,197.0,137.0,91.0,297.1,268.0,87.0,153.7,146.8,106.9,121.2,140.4,105.8,0.0,160.8,217.9,24.8,138.6,137.5,117.4,147.8,130.4,227.5,170.7,151.2,185.4,275.8,11.5,59.8,272.4,90.5,176.1,42.2,179.6,163.5,135.1,178.9,165.1,216.1,314.6,288.8,199.1,53.7,108.3,78.0,62.1,72.0,96.6,76.9,90.6,46.1,79.1,101.2,70.0,114.2,138.7,123.0,174.2,170.8,147.8
NH,116.4,282.2,52.0,126.1,175.9,156.4,71.5,298.6,187.1,154.1,210.3,112.3,199.3,237.8,343.1,41.6,263.9,320.7,129.0,54.9,122.5,106.8,240.7,2354.0,186.2,100.2,215.6,261.4,140.3,141.2,278.4,216.9,29.0,127.7,64.1,89.0,106.1,180.1,244.3,126.3,75.7,165.7,225.5,309.7,67.6,93.0,189.6,103.1,84.5,176.3,7.0,241.4,66.9,110.2,202.1,168.5,132.9,0.0,118.1,168.5,95.2,114.2,235.8,185.4,143.4,122.5,188.5,110.0,105.3,92.3,155.2,170.2,78.2,192.6,189.0,102.2,129.8,220.7,164.6,307.8,86.3,49.1,120.6,105.3,90.8,164.2,218.7,98.2,195.3,212.1,165.8,206.9,173.0,144.9,189.5,128.9,135.7,204.2,256.1,130.7,306.8,121.0,265.0
NI,105.2,201.4,130.9,144.2,254.8,204.9,60.3,234.2,106.3,159.6,258.8,179.2,229.9,231.3,278.7,90.1,342.8,256.3,125.8,103.4,171.0,185.7,219.6,2432.9,234.7,148.3,228.6,229.6,149.7,189.7,207.9,265.4,52.7,54.1,105.2,31.1,120.0,228.6,264.5,107.5,124.2,144.9,245.7,245.3,51.4,138.1,238.1,91.9,73.3,179.7,85.9,170.5,115.4,158.7,235.8,140.9,192.1,78.8,0.0,189.7,174.1,107.9,208.4,104.6,222.3,4.3,167.7,68.5,76.5,81.1,203.7,218.7,67.0,249.5,267.9,150.7,74.8,139.9,243.5,249.3,81.7,70.7,109.4,94.1,28.7,212.7,267.2,146.7,173.5,208.1,185.9,224.2,179.9,193.4,238.0,155.2,184.2,159.2,257.6,158.8,230.3,83.6,194.5
NO,275.0,152.8,159.1,155.4,185.7,96.8,230.1,142.7,86.0,72.3,147.5,136.7,155.0,94.9,187.2,142.4,244.0,164.8,104.5,179.4,76.6,184.0,97.8,2490.0,79.7,107.0,58.3,101.1,141.3,114.8,125.8,154.1,218.7,164.3,169.7,161.2,110.5,108.9,156.4,130.5,136.9,189.5,137.6,153.8,177.9,128.6,101.8,261.7,243.1,67.9,255.7,112.0,146.2,102.3,179.7,86.7,27.3,248.6,182.5,0.0,177.8,122.2,78.5,112.4,169.7,192.1,138.3,132.3,166.8,250.9,14.4,99.0,236.8,121.4,215.3,112.8,151.4,127.9,177.3,150.5,146.2,197.2,279.2,263.9,180.2,44.0,99.6,117.3,26.7,111.3,135.8,116.1,129.8,85.3,118.3,82.3,116.8,78.6,110.3,150.4,138.8,151.9,112.4
NR,220.9,285.9,63.5,52.1,101.9,153.6,176.0,302.3,190.8,157.8,233.5,76.5,125.3,276.7,342.0,46.8,189.9,324.4,123.6,62.8,126.2,32.8,279.6,2394.4,189.9,103.9,219.3,273.6,66.3,124.6,317.3,226.9,130.5,135.6,72.0,148.6,109.8,218.0,170.3,130.0,70.9,270.2,151.5,313.4,95.5,96.7,193.3,207.6,189.0,180.0,97.3,255.0,31.6,113.9,134.1,178.7,147.3,104.4,145.2,172.2,0.0,117.9,239.5,189.1,69.4,149.6,320.1,117.9,113.2,196.8,158.9,173.9,182.7,204.7,115.0,105.9,133.5,224.4,90.6,301.9,94.2,76.2,225.1,209.8,117.9,203.1,222.4,109.0,199.0,150.1,91.8,132.9,99.0,165.9,206.7,132.6,130.1,207.9,259.8,56.7,308.3,124.7,303.9
OS,192.2,184.4,114.5,114.6,165.9,155.7,147.3,217.2,89.3,67.1,234.1,111.6,180.7,210.5,261.7,133.6,250.8,235.5,42.4,96.4,121.8,142.1,180.6,2445.4,162.5,59.6,141.1,183.9,100.5,144.3,190.9,240.7,135.9,81.5,86.7,78.4,9.5,179.4,215.3,12.1,92.3,195.2,196.5,228.3,95.7,27.6,184.6,178.9,160.3,108.2,172.9,143.6,105.4,82.7,180.6,81.5,132.4,162.0,99.7,97.2,133.2,0.0,161.3,87.6,128.9,109.3,221.1,49.3,83.8,168.1,115.2,169.5,154.0,195.6,174.5,101.5,68.6,119.1,157.5,232.3,63.2,114.2,196.4,177.3,97.2,164.5,182.4,99.6,124.0,170.2,136.7,175.0,130.7,144.2,188.8,66.5,126.8,128.5,193.1,113.4,213.3,68.9,177.5
OW,282.6,158.3,213.9,210.2,240.5,151.6,237.7,74.8,93.6,120.9,143.2,204.6,206.8,69.2,112.0,197.2,255.4,96.9,149.3,246.7,147.7,238.8,131.2,2544.8,57.4,173.1,20.1,70.2,196.1,169.6,133.4,149.8,230.1,171.9,237.0,168.8,181.6,121.7,198.8,160.9,190.2,196.3,180.0,85.9,241.6,199.7,97.5,269.3,250.7,106.7,263.3,129.5,201.0,173.4,238.1,100.0,116.4,256.2,190.1,96.4,232.6,173.0,0.0,120.0,224.5,199.7,145.1,203.4,194.3,258.5,103.5,81.4,244.4,113.0,237.6,136.3,159.0,135.5,229.2,71.9,213.5,260.9,286.8,271.5,218.8,69.4,95.3,172.1,69.6,154.8,190.6,170.9,184.6,140.1,131.1,153.4,164.1,86.2,98.2,205.2,70.9,167.8,120.0
OY,196.2,110.4,221.9,174.6,210.7,188.6,151.3,143.2,15.3,70.8,251.9,174.8,213.6,140.3,187.7,193.9,298.5,165.3,62.9,160.3,141.2,203.2,128.6,2509.2,174.9,86.7,137.6,138.6,160.5,173.4,116.9,258.5,143.7,85.5,150.6,82.4,96.2,212.3,248.2,74.5,154.6,151.0,229.4,154.3,155.2,114.3,209.4,182.9,164.3,88.7,176.9,79.5,165.4,105.1,231.4,49.9,136.7,169.8,103.7,109.3,197.0,86.6,117.4,0.0,188.9,113.3,160.4,130.0,107.9,172.1,123.8,198.9,158.0,221.7,234.5,134.4,72.6,48.9,199.4,158.3,127.1,174.5,200.4,185.1,132.4,117.2,204.0,142.3,82.5,191.8,181.5,207.9,175.5,177.1,221.7,85.1,167.9,68.2,166.6,169.6,139.3,81.4,103.5
PD,253.7,321.6,96.3,66.5,64.8,134.4,208.8,293.0,184.4,151.4,214.3,57.3,106.1,257.5,322.8,79.6,121.8,315.1,120.0,95.6,119.8,26.5,260.4,2427.2,183.5,97.5,212.9,258.7,29.1,105.4,298.1,207.7,163.3,168.4,104.8,181.4,107.2,198.8,111.1,127.4,72.6,290.3,129.9,304.1,128.3,94.1,186.9,240.4,221.8,185.0,130.1,248.6,83.4,107.5,77.0,165.8,130.2,137.2,178.0,165.8,69.4,115.3,233.1,182.7,0.0,182.4,300.9,140.1,146.0,229.6,152.5,167.5,215.5,193.6,45.5,99.5,150.5,218.0,72.8,282.7,127.0,109.0,257.9,242.6,150.7,184.9,216.0,89.8,192.6,118.9,72.6,113.7,79.8,146.7,187.5,126.2,126.9,201.5,253.4,19.5,289.1,141.7,284.7
PE,114.9,191.1,140.6,148.7,264.5,209.4,70.0,223.9,96.0,151.5,263.3,183.7,234.4,221.0,268.4,94.6,304.5,246.0,118.0,107.9,175.5,195.4,209.3,2440.3,239.2,141.8,218.3,219.3,154.2,194.2,197.6,269.9,62.4,43.8,108.9,20.8,118.9,233.1,269.0,97.2,128.7,140.5,250.2,235.0,55.9,137.0,242.6,101.6,83.0,169.4,95.6,160.2,119.9,163.2,240.3,130.6,196.6,88.5,4.4,190.0,183.8,109.3,198.1,94.3,182.6,0.0,163.3,73.0,66.2,90.8,204.5,223.2,76.7,254.0,228.2,155.2,64.5,129.6,253.2,239.0,85.4,75.2,119.1,103.8,33.1,217.2,271.7,151.2,163.2,212.6,190.4,228.7,184.4,197.9,242.5,159.7,188.7,148.9,247.3,163.3,220.0,73.3,184.2
PL,271.3,28.7,236.7,310.8,360.6,219.9,226.4,196.3,121.0,157.1,258.0,287.5,299.9,101.2,118.1,226.3,323.7,174.2,176.7,230.4,207.4,291.5,55.8,2533.4,190.2,200.5,202.9,204.8,274.3,259.7,95.8,264.6,158.5,155.6,220.7,170.5,210.0,201.8,267.1,188.3,249.1,51.1,248.3,185.2,212.3,228.1,211.3,258.0,239.4,154.9,191.7,55.4,251.6,213.3,323.4,136.2,202.9,184.6,160.8,175.5,279.9,200.4,182.7,147.4,328.1,156.3,0.0,202.0,178.0,247.2,190.0,191.9,233.1,222.7,373.7,220.7,151.8,77.4,349.3,126.4,197.2,231.6,275.5,260.2,189.5,137.7,210.1,255.0,148.7,223.1,273.5,239.2,267.5,208.4,246.2,193.3,254.2,134.4,232.8,315.4,166.3,160.6,82.4
PN,180.4,218.3,87.3,107.4,178.3,168.1,135.5,251.1,123.2,91.0,254.2,129.3,193.1,201.6,295.6,84.2,263.2,273.2,57.2,47.0,134.2,138.7,204.5,2418.2,186.4,79.7,165.0,216.3,112.9,152.9,224.8,260.8,124.1,56.3,37.3,69.3,51.4,191.8,227.7,51.4,88.9,201.1,208.9,262.2,45.5,69.5,201.3,167.1,148.5,120.7,161.1,177.5,78.6,106.6,193.0,105.4,152.0,154.0,75.1,121.1,110.2,43.1,185.2,121.5,141.3,79.5,245.0,0.0,33.9,156.3,139.1,181.9,142.2,208.0,186.9,113.9,47.8,156.8,169.9,257.2,13.8,64.8,184.6,169.3,47.8,176.9,206.3,112.0,147.9,182.6,149.1,187.4,143.1,156.6,201.2,86.6,147.4,148.6,217.0,122.0,247.2,39.0,211.4
PQ,149.1,205.7,92.6,112.7,183.6,173.4,104.2,238.5,110.6,115.0,227.3,129.3,198.4,235.6,283.0,107.5,268.5,260.6,90.3,52.3,139.5,144.0,223.9,2423.5,203.2,104.2,189.0,231.8,118.2,158.7,212.2,233.9,92.8,22.4,42.6,35.3,75.4,197.1,233.0,75.4,94.2,166.6,214.2,249.6,69.6,93.5,206.6,135.8,116.7,156.1,129.8,164.9,83.9,127.2,198.3,129.4,150.1,122.2,56.6,145.1,115.5,67.1,209.2,108.9,146.6,66.2,189.9,24.4,0.0,124.5,163.1,187.2,110.4,213.3,192.2,119.7,71.8,143.7,175.2,253.1,19.1,88.1,153.3,137.5,71.1,182.2,230.3,117.3,171.9,187.9,154.4,192.7,148.4,161.9,206.5,110.6,144.5,163.5,241.0,127.8,234.6,63.0,198.8
PT,24.0,271.7,174.5,247.3,298.4,308.0,20.2,304.5,176.6,232.1,361.9,273.0,321.8,301.6,349.0,193.2,386.4,326.6,196.0,199.2,274.1,229.3,289.9,2476.5,336.2,222.4,298.9,299.9,252.8,292.8,278.2,368.5,96.3,124.4,189.5,101.4,199.5,331.7,366.8,177.8,227.3,196.1,348.0,315.6,154.5,217.6,341.2,10.7,7.5,241.6,129.5,240.8,218.5,261.8,324.6,217.7,284.5,122.4,103.0,270.6,217.7,186.1,278.7,174.9,265.9,92.6,218.9,170.8,146.8,0.0,285.1,321.8,13.5,352.6,311.5,253.8,145.1,210.2,290.0,319.6,166.0,173.8,28.2,65.9,131.7,315.8,365.3,249.8,243.8,322.5,288.3,327.3,283.0,296.5,341.1,246.4,279.1,229.5,327.9,253.2,300.6,153.9,264.8
QD,288.3,166.1,144.6,140.9,171.2,82.3,243.4,156.0,99.3,69.1,164.3,122.2,140.5,111.7,200.5,127.9,229.5,178.1,104.1,176.2,73.4,169.5,114.6,2475.5,96.5,103.8,75.1,117.9,126.8,100.3,139.1,170.9,232.8,177.6,166.5,174.5,107.3,94.4,141.9,127.3,120.9,206.3,123.1,167.1,174.7,125.4,103.9,275.0,256.4,64.7,178.4,123.2,131.7,99.1,165.2,83.5,24.8,261.9,195.8,13.2,163.3,115.2,95.3,125.7,155.2,205.4,155.1,129.1,163.1,264.2,0.0,84.5,250.1,106.9,200.8,109.6,157.5,141.2,162.8,167.3,143.0,194.0,292.5,277.2,177.0,78.5,116.4,104.9,40.0,96.8,121.3,101.6,115.3,70.8,103.8,79.1,102.3,91.9,127.1,135.9,152.1,148.7,125.7
QJ,348.2,223.9,157.2,153.5,183.8,94.9,303.3,140.4,159.2,132.7,70.4,147.9,153.1,134.8,177.6,140.5,242.1,162.5,164.9,239.8,137.0,182.1,144.8,2488.1,15.9,167.4,45.3,114.6,139.4,112.9,199.0,77.0,295.7,237.5,230.1,234.4,170.9,40.2,154.5,190.9,133.5,261.9,135.7,151.5,238.3,189.0,49.7,334.9,316.3,128.3,191.0,195.1,144.3,162.7,183.8,153.6,105.7,198.1,255.7,94.8,175.9,178.8,65.5,185.6,167.8,265.3,210.7,192.7,226.7,324.1,92.8,0.0,310.0,61.1,213.4,79.6,221.1,201.1,172.5,137.5,206.6,257.6,352.4,337.1,240.6,72.2,78.8,115.4,121.6,98.1,133.9,114.2,127.9,83.4,49.6,142.7,107.4,151.8,115.3,148.5,136.5,212.3,185.6
QQ,38.1,258.1,160.9,233.7,284.8,294.4,6.6,290.9,163.0,218.5,348.3,250.3,308.2,288.0,335.4,179.6,372.8,313.0,176.4,185.6,260.5,215.7,276.3,2462.9,322.6,208.8,285.3,294.8,239.2,279.2,264.6,354.9,82.7,110.8,175.9,87.8,185.9,318.1,353.2,164.2,213.7,182.5,334.4,302.0,140.9,204.0,327.6,24.8,6.3,236.4,115.9,217.3,204.9,248.2,311.0,204.1,281.6,108.8,89.4,257.0,204.1,176.3,265.1,161.3,252.3,79.0,205.3,157.2,132.7,14.0,271.5,308.2,0.0,330.6,297.9,240.2,131.5,196.6,273.5,306.0,152.4,160.2,42.3,52.3,118.1,302.2,351.7,236.2,230.2,308.9,274.7,313.7,269.4,282.9,327.5,232.8,273.7,215.9,314.3,239.6,287.0,140.3,251.2
QY,393.6,268.1,184.1,172.0,241.7,121.8,348.7,102.2,204.6,166.9,25.4,157.0,197.9,180.4,146.7,159.0,251.2,128.0,202.8,269.3,171.2,241.5,179.0,2510.3,102.6,196.9,97.5,116.5,161.6,131.4,244.4,32.0,332.6,282.9,264.3,279.8,205.1,56.4,189.9,225.1,152.0,298.9,171.1,113.3,276.2,218.5,80.3,380.3,361.7,166.2,213.2,232.2,162.8,196.9,232.4,176.6,147.1,225.0,301.1,132.7,198.1,216.7,117.7,231.0,186.3,306.5,243.0,226.9,264.6,369.5,122.3,122.9,355.4,0.0,233.4,98.1,255.3,241.8,226.7,162.1,240.8,192.1,397.8,386.2,274.8,110.1,22.3,133.9,155.8,131.6,156.1,172.5,150.1,105.6,65.8,176.9,125.9,185.7,55.0,167.0,147.1,246.5,231.0
RH,306.9,298.0,149.5,117.1,19.2,128.2,262.0,269.4,247.6,183.6,198.9,53.9,62.6,233.9,336.4,132.8,76.2,324.1,155.2,148.8,152.0,77.1,236.8,2394.5,200.3,135.5,215.3,264.8,84.7,103.7,274.5,192.3,216.5,221.6,158.0,234.6,160.4,205.5,65.5,180.6,125.8,328.5,84.3,280.5,181.5,147.3,203.7,293.6,275.0,238.3,183.3,272.9,136.6,139.7,25.7,204.5,215.7,190.4,231.2,204.8,120.0,168.5,235.5,274.0,55.5,235.6,277.3,193.3,199.2,282.8,202.8,184.3,268.7,229.1,0.0,174.2,203.7,289.5,29.9,259.1,180.2,162.2,311.1,295.8,203.9,160.3,246.8,86.4,223.6,124.7,74.9,107.5,82.1,140.5,194.2,158.4,109.2,240.2,284.2,75.1,265.5,194.9,261.1
RM,234.9,199.6,77.5,73.8,104.1,54.1,190.0,196.3,142.2,96.4,108.0,68.2,73.4,135.5,240.8,60.8,162.4,218.4,92.3,76.8,20.2,102.4,138.4,2408.4,83.9,63.5,113.3,167.6,59.7,33.2,176.1,114.6,144.5,149.6,86.0,162.6,88.4,77.8,136.4,108.6,53.8,230.1,117.6,207.4,108.7,75.3,87.3,221.6,203.0,74.0,111.3,173.1,64.6,53.4,98.1,110.8,41.3,118.4,159.2,66.2,96.2,96.5,133.5,168.6,88.1,163.6,178.9,156.4,127.2,210.8,52.9,67.9,196.7,98.7,133.7,0.0,131.7,184.1,92.8,205.5,108.2,90.2,239.1,223.8,131.9,61.9,116.4,35.7,93.0,104.2,54.2,99.0,48.2,42.6,87.2,106.4,35.2,101.9,153.8,68.8,204.5,122.9,162.7
RN,147.4,170.4,117.1,117.2,188.1,177.9,102.5,203.2,75.3,109.4,272.6,152.2,202.9,200.3,247.7,142.1,273.0,225.3,75.6,104.9,144.0,148.5,188.6,2448.0,204.8,98.1,183.4,198.6,122.7,162.7,176.9,279.2,94.9,36.7,95.2,33.6,69.8,201.6,237.5,69.8,97.2,159.7,218.7,214.3,103.4,87.9,211.1,134.1,115.5,139.1,128.1,139.5,104.2,125.0,208.8,109.9,165.1,121.0,54.9,139.5,135.8,57.7,177.4,73.6,151.1,64.5,220.4,57.8,59.1,123.3,157.5,191.7,109.2,222.5,196.7,123.7,0.0,108.9,176.8,218.3,71.7,122.7,151.6,136.3,83.6,185.7,224.7,119.7,142.5,181.1,158.9,197.2,152.9,166.4,211.0,105.0,157.2,128.2,226.6,131.8,199.3,8.8,163.5
RQ,232.5,78.7,258.2,210.9,247.0,205.1,187.6,159.7,43.5,87.3,268.4,192.7,230.1,101.4,166.7,230.2,319.1,174.4,96.6,196.6,157.7,239.5,122.3,2545.5,191.4,123.0,154.1,163.6,196.8,189.9,96.0,275.0,176.2,121.8,186.9,118.7,132.5,228.8,264.7,110.8,192.4,102.0,245.9,170.8,192.3,150.6,225.9,219.2,200.6,96.8,213.2,73.6,201.7,135.8,247.6,72.9,165.1,206.1,140.0,125.8,233.3,119.1,133.9,69.9,225.2,149.6,89.5,166.3,143.7,208.4,140.3,215.4,194.3,238.2,270.8,150.9,108.9,0.0,235.7,126.6,163.4,210.8,236.7,221.4,168.7,132.5,220.5,178.6,99.0,219.6,203.7,224.4,197.7,193.6,238.2,115.8,206.4,84.7,183.1,205.9,155.8,117.7,82.6
SM,276.9,306.2,122.2,89.8,11.2,121.7,232.0,277.6,192.4,153.6,201.6,42.3,85.6,242.1,307.4,102.8,99.2,344.2,134.3,121.5,122.0,47.1,245.0,2450.4,185.7,105.5,215.1,260.9,67.7,90.0,282.7,192.3,190.3,191.6,128.0,204.6,130.4,183.4,88.5,150.6,97.3,336.7,107.3,288.7,150.7,120.0,189.1,263.6,245.0,187.2,153.3,281.8,106.6,109.7,51.5,168.0,132.6,160.4,201.2,168.0,90.0,142.3,235.3,190.7,50.8,205.6,285.5,163.3,169.7,252.8,154.7,169.7,241.4,224.4,41.0,101.7,173.7,226.0,0.0,267.3,150.2,132.2,281.1,265.8,173.9,169.5,246.8,54.3,231.8,103.5,57.2,98.3,64.4,131.3,172.1,128.4,111.5,248.4,284.2,58.1,273.7,164.9,269.3
SP,333.5,112.0,235.7,232.0,262.3,173.4,288.6,69.8,144.5,171.8,197.6,208.0,228.6,22.9,40.0,219.0,277.2,47.7,200.2,297.6,209.7,260.6,102.9,2566.6,119.4,224.0,82.1,89.7,217.9,191.4,88.5,204.2,272.4,222.8,287.9,219.7,233.5,155.3,220.6,211.8,212.0,168.0,201.8,58.7,292.5,251.6,155.9,320.2,301.6,157.6,308.6,96.2,222.8,235.4,256.3,157.4,186.5,301.5,241.0,147.3,254.4,220.1,61.9,170.9,246.3,250.6,116.8,265.4,244.7,309.4,161.8,143.4,295.3,167.8,259.4,158.1,209.9,117.3,251.0,0.0,264.4,311.8,337.7,322.4,269.7,90.0,149.7,193.9,120.5,187.9,212.4,192.7,206.4,161.9,199.7,215.4,185.9,137.1,112.3,227.0,39.8,218.7,75.1
SQ,168.1,224.7,73.4,93.5,164.4,154.2,123.2,257.5,129.6,114.7,208.1,128.5,179.2,254.6,302.0,87.2,249.3,279.6,80.9,33.2,120.3,124.8,228.2,2404.3,184.0,98.0,188.7,240.0,99.0,139.0,231.2,214.7,115.6,41.3,23.5,54.3,75.1,177.9,213.8,75.1,73.5,186.1,195.0,268.6,48.5,90.8,187.4,154.8,136.2,144.4,148.8,193.8,64.7,108.0,185.1,135.6,141.4,141.7,75.6,144.8,96.3,63.0,208.9,127.9,127.4,82.5,208.9,23.6,18.9,144.0,153.0,168.0,129.9,198.8,173.0,100.0,71.5,163.2,153.1,272.6,0.0,67.8,172.3,157.0,50.8,162.0,216.5,96.0,171.6,157.4,135.2,173.5,129.2,142.7,187.3,110.3,133.5,172.3,240.7,108.1,253.6,62.7,217.8
SS,174.2,259.9,34.1,73.4,144.3,134.1,129.3,276.3,164.8,131.8,188.0,108.4,159.1,215.5,320.8,19.3,229.2,298.4,97.6,32.6,100.2,104.7,218.4,2365.0,163.9,77.9,193.3,247.6,78.9,118.9,256.1,194.6,121.7,105.4,41.8,100.1,83.8,157.8,193.7,104.0,53.4,213.9,174.9,287.4,19.3,70.7,167.3,160.9,142.3,154.0,154.9,229.0,44.6,87.9,165.0,152.7,121.3,147.8,68.9,146.2,76.2,91.9,213.5,163.1,107.3,73.3,258.9,76.4,83.0,150.1,132.9,147.9,136.0,178.7,152.9,79.9,107.5,198.4,133.0,285.5,64.0,0.0,178.4,163.1,41.6,141.9,196.4,75.9,173.0,137.3,115.1,153.4,109.1,122.6,167.2,106.6,113.4,181.9,233.8,88.0,284.5,98.7,242.7
SV,3.5,298.3,201.1,273.9,325.0,334.6,46.8,331.1,203.2,258.7,388.5,299.6,348.4,328.2,375.6,219.8,413.0,353.2,225.2,225.8,300.7,255.9,316.5,2503.1,362.8,249.0,325.5,326.5,279.4,319.4,304.8,395.1,122.9,151.0,216.1,128.0,226.1,358.3,393.4,204.4,253.9,222.7,374.6,342.2,181.1,244.2,367.8,15.9,34.1,276.6,156.1,267.4,245.1,288.4,357.2,237.8,321.8,149.0,129.6,297.2,244.3,216.5,305.3,201.5,292.5,119.2,245.5,197.4,173.4,26.5,311.7,348.4,40.1,379.2,338.1,280.4,171.7,236.8,313.7,346.2,192.6,200.4,0.0,92.5,158.3,342.4,391.9,276.4,270.4,337.8,314.9,353.9,309.6,323.1,367.7,273.0,313.9,256.1,354.5,279.8,327.2,180.5,291.4
TD,78.2,262.9,165.7,238.5,289.6,299.2,33.3,295.7,167.8,223.3,353.1,260.4,313.0,292.8,340.2,184.4,377.6,317.8,181.2,190.4,265.3,220.5,281.1,2467.7,327.4,213.6,290.1,291.1,244.0,284.0,269.4,359.7,83.7,115.6,180.7,92.6,190.7,322.9,358.0,169.0,218.5,187.3,339.2,306.8,145.7,208.8,332.4,64.9,46.3,232.8,120.7,232.0,209.7,253.0,315.8,208.9,275.7,113.6,94.2,261.8,208.9,177.3,269.9,166.1,257.1,83.8,210.1,162.0,137.5,54.1,276.3,313.0,40.0,335.4,302.7,245.0,136.3,201.4,278.3,310.8,157.2,165.0,82.4,0.0,122.9,307.0,356.5,241.0,235.0,313.7,279.5,318.5,274.2,287.7,332.3,237.6,270.3,220.7,319.1,244.4,291.8,145.1,256.0
TL,132.5,228.7,76.2,115.5,186.4,176.2,87.6,261.5,133.6,130.9,230.1,150.5,201.2,258.6,306.0,61.4,271.3,283.6,97.1,74.7,142.3,146.8,244.4,2407.1,206.0,119.6,204.9,256.2,121.0,161.0,235.2,236.7,80.0,75.5,76.5,58.4,91.3,199.9,235.8,91.3,95.5,172.2,217.0,272.6,22.7,109.4,209.4,119.2,100.6,160.6,113.2,197.8,86.7,130.0,207.1,151.8,163.4,106.1,27.3,161.0,118.3,79.2,225.1,131.9,149.4,31.6,195.0,39.8,53.1,108.4,175.0,190.0,94.3,220.8,195.0,122.0,87.7,167.2,175.1,276.6,53.0,42.0,136.7,121.4,0.0,184.0,238.5,118.0,187.8,179.4,157.2,195.5,151.2,164.7,209.3,126.5,155.5,186.5,256.9,130.1,257.6,78.9,221.8
TQ,276.2,137.6,144.4,140.7,171.0,82.1,231.3,109.0,87.2,82.3,136.4,116.7,137.3,73.5,138.8,128.9,185.9,130.1,123.6,188.4,86.6,169.3,76.4,2475.3,70.1,116.0,99.5,97.7,126.6,100.1,114.1,128.6,219.9,165.5,179.7,162.4,120.5,64.0,129.3,140.5,122.2,168.1,110.5,120.1,188.7,137.6,73.5,262.9,243.3,89.3,256.9,113.2,131.5,112.3,165.0,96.7,67.1,248.8,183.7,43.4,163.1,132.2,119.7,113.6,155.0,193.3,116.9,141.3,176.8,251.1,41.4,54.1,237.0,80.2,168.1,66.8,152.6,129.1,162.6,97.7,156.2,207.2,280.4,264.1,190.2,0.0,102.6,104.7,63.2,96.6,121.1,101.4,115.1,70.6,108.4,91.3,102.1,78.8,140.0,136.9,105.1,161.4,100.7
TS,371.2,249.0,201.8,198.1,264.1,139.5,326.3,79.8,182.2,144.5,47.8,192.5,220.3,162.7,124.3,185.1,273.6,101.9,176.7,251.6,148.8,263.9,156.6,2532.7,76.5,179.2,75.1,90.4,184.0,157.5,222.0,54.4,318.7,260.5,241.9,257.4,182.7,78.8,212.3,202.7,178.1,281.9,193.5,90.9,250.1,200.8,62.6,357.9,339.3,140.1,235.6,218.1,188.9,174.5,264.5,165.4,117.5,242.7,278.7,106.6,220.5,190.6,95.3,208.6,212.4,284.1,230.7,204.5,238.5,347.1,104.6,100.5,333.0,17.6,255.8,124.2,232.9,224.1,252.8,139.7,218.4,269.4,375.4,360.1,252.4,84.0,0.0,160.0,133.4,142.7,178.5,194.9,172.5,128.0,88.2,154.5,152.0,168.0,37.3,193.1,124.7,224.1,208.6
UA,220.4,229.8,65.1,59.3,68.3,138.0,175.5,241.6,135.9,97.1,217.9,14.0,109.7,180.8,286.1,46.3,156.3,265.8,77.8,64.4,65.5,86.1,183.7,2393.9,129.2,49.0,158.6,204.4,45.2,106.9,221.4,209.2,133.8,135.1,71.5,148.1,73.9,202.4,145.6,94.1,40.8,241.8,135.9,252.7,94.2,60.8,132.6,207.1,188.5,130.7,96.8,189.0,50.1,53.2,109.4,113.6,76.1,103.9,144.7,113.6,81.7,85.8,178.8,134.2,73.6,149.1,224.2,106.8,113.2,196.3,98.2,113.2,184.3,139.3,98.1,45.2,117.2,169.5,59.9,250.8,93.7,75.7,224.6,209.3,117.4,108.2,161.7,0.0,138.3,120.4,76.2,117.3,83.4,150.3,191.1,74.0,70.5,147.2,201.2,56.4,249.8,108.4,208.0
VC,248.2,126.0,185.9,182.2,212.5,123.6,203.3,115.9,59.2,86.5,174.3,176.6,181.8,122.4,160.4,169.2,270.8,138.0,114.9,206.2,103.4,210.8,101.3,2516.8,106.5,133.8,85.1,111.3,168.1,141.6,99.0,180.9,195.7,137.5,196.5,134.4,137.3,135.7,183.2,126.5,162.2,193.0,164.4,127.0,204.7,155.4,128.6,234.9,216.3,72.3,228.9,95.1,173.0,129.1,212.5,65.6,54.1,221.8,155.7,26.7,204.6,138.6,90.1,85.6,196.5,165.3,141.8,159.1,159.9,224.1,41.2,125.8,210.0,144.1,242.1,139.6,124.6,101.1,201.2,131.0,173.0,224.0,252.4,237.1,184.4,72.0,126.4,144.1,0.0,126.8,162.6,142.9,156.6,112.1,145.1,109.1,136.1,51.8,137.1,177.2,112.0,133.4,85.6
VE,296.4,233.5,139.0,135.3,114.8,15.4,251.5,204.9,183.1,178.2,126.2,109.4,71.0,169.4,234.7,122.3,138.4,227.0,144.7,138.3,77.1,114.6,172.3,2469.9,126.5,125.0,150.8,193.6,121.2,90.3,210.0,119.6,194.0,211.1,147.5,258.3,149.9,110.7,45.0,170.1,115.3,264.0,26.2,216.0,170.2,136.8,129.9,283.1,264.5,173.8,172.8,207.0,126.1,114.9,109.2,192.6,73.2,179.9,220.7,140.3,157.5,161.8,171.0,209.5,118.3,225.1,212.8,182.8,188.7,272.3,138.3,110.5,258.2,148.0,120.6,61.4,193.2,225.0,103.5,194.6,169.7,151.7,300.6,285.3,193.4,96.8,174.1,97.2,159.1,0.0,92.9,4.8,100.1,27.8,99.4,133.6,96.7,175.7,211.5,125.6,201.0,184.4,196.6
VG,267.8,274.5,110.4,106.7,67.4,87.3,222.9,245.9,169.6,123.8,167.2,62.0,59.0,210.4,275.7,93.7,116.9,268.0,116.1,109.7,92.2,67.2,213.3,2441.3,155.9,96.4,185.3,239.6,87.8,58.3,251.0,160.6,177.4,182.5,118.9,195.5,121.3,151.7,104.0,141.5,86.7,305.0,85.2,257.0,142.4,108.2,159.3,254.5,235.9,146.0,144.2,249.4,97.5,86.3,49.8,144.7,113.3,151.3,192.1,181.3,110.1,129.4,205.5,190.6,70.9,196.5,253.8,154.2,160.1,243.7,124.9,139.9,229.6,197.4,85.9,71.9,164.6,211.5,56.1,235.6,141.1,123.1,272.0,256.7,164.8,136.8,215.1,68.6,200.1,83.8,0.0,66.6,7.2,99.6,140.4,105.0,63.8,216.7,252.5,78.2,242.0,155.8,237.6
VH,301.6,228.7,144.2,140.5,110.0,20.6,256.7,200.1,178.3,173.4,121.4,104.6,66.2,164.6,229.9,127.5,133.6,222.2,149.9,143.5,82.3,109.8,167.5,2475.1,131.0,130.2,146.0,195.5,126.4,85.5,205.2,114.8,211.2,256.6,152.7,253.5,155.1,105.9,40.2,175.3,120.5,259.2,21.4,211.2,176.2,142.0,134.4,288.3,269.7,169.0,178.0,203.6,131.3,120.1,110.4,184.7,89.1,185.1,225.9,135.5,152.7,163.2,166.2,204.7,113.5,230.3,208.0,188.0,193.9,277.5,133.5,115.0,263.4,151.6,115.8,66.6,198.4,220.2,98.7,189.8,174.9,156.9,305.8,290.5,198.6,91.0,169.3,102.4,154.3,17.2,88.1,0.0,95.3,32.9,94.6,183.4,91.0,170.9,206.7,120.8,196.2,189.6,191.8
VT,260.6,280.5,103.2,99.5,73.4,93.3,215.7,251.9,162.4,116.6,173.2,68.0,65.0,216.4,281.7,86.5,122.9,274.0,108.9,102.5,85.0,73.2,219.3,2434.1,148.7,89.2,178.1,232.4,85.4,64.3,257.0,166.6,170.2,175.3,111.7,188.3,114.1,157.7,110.0,134.3,79.5,311.0,91.2,263.0,135.2,101.0,152.1,247.3,228.7,138.8,137.0,255.4,90.3,79.1,55.8,137.5,106.1,144.1,184.9,131.0,116.1,122.2,198.3,183.4,76.9,189.3,259.8,147.0,152.9,236.5,117.7,132.7,222.4,203.4,91.9,64.7,157.4,204.3,62.1,241.6,133.9,115.9,264.8,249.5,157.6,142.8,221.1,61.4,157.8,89.8,5.9,72.6,0.0,105.6,146.4,97.8,69.8,166.7,258.5,84.2,248.0,148.6,243.6
WG,268.6,214.4,111.2,107.5,137.8,11.5,223.7,211.1,152.8,107.0,152.2,101.9,97.0,150.3,255.6,94.5,164.4,233.2,116.9,110.5,49.3,136.1,153.2,2442.1,98.7,97.2,128.1,182.4,93.4,66.9,190.9,145.6,178.2,183.3,119.7,196.3,122.1,136.7,71.0,142.3,87.5,244.9,52.2,222.2,143.2,109.0,102.1,255.3,236.7,103.1,145.0,189.3,98.3,87.1,137.8,127.9,56.1,152.1,192.9,81.0,129.9,130.2,148.3,179.2,121.8,197.3,193.7,155.0,160.9,244.5,67.7,82.7,230.4,113.5,146.6,33.6,165.4,194.7,126.5,220.3,141.9,123.9,272.8,257.5,165.6,76.7,131.2,69.4,107.8,14.7,87.9,30.7,81.9,0.0,125.4,105.8,61.4,131.0,168.6,102.5,219.3,156.6,177.5
WU,312.6,216.6,155.2,151.5,181.8,92.9,267.7,170.7,166.2,151.0,92.9,145.9,139.3,183.2,215.2,138.5,209.0,192.8,160.9,154.5,93.3,180.1,155.4,2486.1,64.3,141.2,93.7,142.0,137.4,110.9,193.1,86.3,222.2,227.3,163.7,240.3,166.1,11.2,131.3,186.3,131.5,247.1,112.5,181.8,187.2,153.0,61.7,299.3,280.7,147.1,189.0,191.5,142.3,131.1,181.8,171.9,88.5,196.1,236.9,113.4,173.9,174.2,113.9,192.6,165.8,241.3,195.9,199.0,204.9,288.5,100.1,48.3,274.4,73.1,191.2,77.6,209.4,208.1,170.5,185.9,185.9,167.9,316.8,301.5,209.6,78.9,90.8,113.4,140.2,96.1,131.9,112.2,125.9,81.4,0.0,149.8,105.4,158.8,128.2,146.5,183.4,200.6,179.7
XA,248.1,176.7,117.3,113.6,143.9,119.4,203.2,209.5,81.6,50.4,213.6,89.6,144.4,161.0,254.0,100.6,217.4,231.6,48.2,123.1,85.5,142.2,163.9,2448.2,145.8,50.7,124.4,167.2,99.5,104.2,183.2,220.2,192.6,132.4,113.4,134.3,54.2,143.1,179.0,74.2,93.6,209.5,160.2,220.6,121.6,72.3,152.6,234.8,216.2,80.1,228.8,145.8,104.4,20.0,144.3,64.8,96.1,221.7,151.2,80.5,136.0,65.9,144.6,85.5,127.9,155.6,204.4,76.0,110.5,224.0,98.5,133.2,209.9,155.6,173.5,65.2,104.4,115.2,132.6,216.6,89.9,140.9,252.3,237.0,123.9,128.2,165.7,75.5,107.3,133.9,100.4,138.7,94.4,107.9,152.5,0.0,98.7,108.0,176.4,108.6,205.6,95.6,169.8
XB,258.2,229.3,99.4,97.1,107.4,91.9,213.3,233.9,142.4,96.6,171.8,73.1,45.6,171.7,278.4,82.7,134.6,256.0,115.6,98.7,57.8,107.2,217.9,2431.7,120.1,85.4,150.9,196.7,83.0,32.5,255.6,192.3,171.6,172.9,109.3,185.9,111.7,156.3,108.6,131.9,78.6,266.3,89.8,245.0,132.0,97.2,123.5,244.9,224.9,123.0,134.6,188.5,86.5,76.7,101.8,109.6,68.4,140.3,182.5,102.4,119.5,123.6,171.1,168.8,110.0,186.9,258.4,144.6,151.0,232.7,89.1,105.5,218.6,131.6,116.8,36.1,155.0,182.9,99.0,240.2,131.5,113.5,262.4,245.7,155.2,142.4,154.0,61.1,130.6,103.5,77.5,71.2,71.5,104.2,145.0,94.0,0.0,138.1,190.0,90.7,242.1,146.2,242.2
XF,238.3,116.1,185.3,181.6,211.9,137.3,193.4,136.9,49.3,76.6,195.7,176.0,181.2,134.0,181.4,168.6,270.2,159.0,96.4,193.7,72.9,210.2,122.3,2516.2,127.9,121.3,106.5,140.8,167.5,141.0,110.6,202.3,185.8,127.6,184.0,124.5,124.8,161.0,196.9,116.6,161.6,193.3,178.1,148.0,192.2,142.9,150.0,225.0,206.4,20.4,219.0,73.2,172.4,116.6,205.9,62.2,105.4,211.9,145.8,62.6,204.0,128.7,111.1,75.7,195.9,155.4,154.1,146.6,149.5,214.2,80.6,151.1,200.1,170.2,241.5,127.1,114.7,91.2,200.6,152.0,160.5,211.5,242.5,227.2,174.5,92.2,147.8,145.6,76.2,151.8,162.0,156.6,156.0,125.8,170.4,96.6,187.2,0.0,158.5,176.6,133.0,123.5,97.2
XU,333.8,211.6,239.2,235.5,301.5,176.9,288.9,42.4,144.8,172.1,85.2,229.9,257.7,125.3,86.9,222.5,311.0,64.5,197.9,282.3,179.5,301.3,179.4,2570.1,107.2,209.9,100.4,66.6,221.4,194.9,184.6,91.8,277.5,223.1,272.6,220.0,213.4,116.2,249.7,212.1,217.0,244.5,230.9,53.5,280.8,231.5,93.3,320.5,301.9,157.9,314.5,168.7,226.3,205.2,295.9,157.7,160.1,307.4,241.3,137.3,257.9,220.4,80.2,171.2,249.8,250.9,193.3,235.2,245.0,309.7,135.3,131.2,295.6,55.0,293.2,161.6,210.2,186.7,290.2,102.3,249.1,300.1,338.0,322.7,270.0,113.5,37.3,197.4,120.8,191.4,215.9,232.3,209.9,165.4,125.6,185.2,196.9,137.4,0.0,230.5,87.3,219.0,171.2
YJ,234.1,259.9,76.7,73.0,69.7,121.4,189.2,276.3,164.8,131.8,201.3,57.4,93.1,244.5,309.8,60.0,141.1,298.4,97.6,76.0,100.2,33.5,247.4,2407.6,163.9,77.9,193.3,239.1,9.5,92.4,285.1,194.7,146.7,148.8,85.2,161.8,87.6,185.8,130.4,107.8,53.0,270.7,119.3,287.4,107.9,74.5,167.3,220.8,202.2,154.0,110.5,217.0,63.8,87.9,95.9,146.2,121.3,117.6,158.4,146.2,76.4,99.5,213.5,163.1,19.2,162.8,287.9,120.5,126.9,210.0,132.9,147.9,195.9,170.3,64.8,79.9,130.9,198.4,58.4,269.7,107.4,89.4,238.3,223.0,131.1,170.9,196.4,74.7,173.0,105.9,59.6,100.7,66.8,133.7,174.5,106.6,97.9,181.9,233.8,0.0,276.1,122.1,271.7
YX,326.5,141.9,257.8,254.1,284.4,195.5,281.6,63.9,137.5,164.8,172.6,248.5,250.7,52.8,64.2,241.1,299.3,71.9,193.2,290.6,203.1,282.7,111.3,2588.7,130.4,217.0,93.1,41.3,240.0,213.5,118.4,179.2,274.0,215.8,280.9,212.7,226.5,163.2,242.7,204.8,234.1,176.4,223.9,75.0,285.5,244.6,116.0,313.2,294.6,150.6,307.2,116.8,244.9,229.8,282.0,143.9,167.7,300.1,234.0,140.3,276.5,216.9,72.9,163.9,268.4,243.6,125.2,260.3,238.2,302.4,154.8,154.4,288.3,142.4,281.5,180.2,202.9,147.2,273.1,29.8,257.4,304.8,330.7,315.4,262.7,113.3,124.7,216.0,113.5,198.7,234.5,214.8,228.5,184.0,172.6,209.8,208.0,130.1,87.3,249.1,0.0,211.7,105.0
ZK,156.2,179.2,108.3,108.4,179.3,169.1,111.3,212.0,84.1,100.6,263.8,143.4,194.1,209.1,256.5,133.3,264.2,234.1,66.8,96.1,135.2,139.7,197.4,2439.2,196.0,89.3,174.6,207.4,113.9,153.9,185.7,270.4,103.7,45.5,86.4,42.4,61.0,192.8,228.7,61.0,88.4,168.5,209.9,223.1,94.6,79.1,202.3,142.9,124.3,130.3,136.9,148.3,95.4,116.2,200.0,118.7,156.3,129.8,63.7,130.7,127.0,48.9,186.2,82.4,142.3,73.3,229.2,49.0,67.9,132.1,148.7,182.9,118.0,213.7,187.9,114.9,8.8,117.7,168.0,227.1,62.9,113.9,160.4,145.1,92.4,176.9,215.9,110.9,151.3,172.3,150.1,188.4,144.1,157.6,202.2,96.2,148.4,137.0,226.6,123.0,208.1,0.0,172.3
ZY,294.8,80.4,293.6,269.1,299.4,214.9,249.9,137.4,105.8,133.1,260.6,263.5,273.1,42.3,107.6,283.2,291.6,115.3,161.5,258.9,171.4,297.7,63.2,2590.3,181.3,185.3,144.0,147.3,255.0,232.9,13.3,267.2,215.4,184.1,249.2,181.0,194.8,169.7,274.5,173.1,249.1,108.0,255.7,126.3,253.8,212.9,219.9,281.5,262.9,118.9,248.6,55.3,259.9,198.1,299.4,112.2,145.4,241.5,202.3,118.0,291.5,185.2,123.8,132.2,283.4,211.9,56.8,228.6,206.5,270.7,132.5,159.8,256.6,230.4,273.8,196.7,171.2,85.7,288.1,67.5,225.7,273.1,299.0,283.7,231.0,105.6,212.7,231.0,91.2,218.1,249.5,234.2,243.5,203.4,214.1,178.1,227.4,98.4,175.3,264.1,107.4,180.0,0.0
