from_stop,AB,AK,AL,BB,BL,BO,CB,CP,CS,CX,DB,DH,DK,DS,DV,EF,EJ,EK,EO,ES,EW,FA,FQ,FW,FX,GY,HH,HM,HU,IC,ID,IE,IX,JA,JD,JF,JG,JK,JM,JP,JQ,JR,JS,KD,KH,KY,KZ,LB,LE,LO,LR,MC,MD,MF,MJ,MP,MU,MW,NG,NK,NL,NU,OE,OS,OW,PF,PL,PN,PP,PW,PX,PY,QF,QM,QO,QW,RD,RI,RL,RP,RU,RZ,SG,SS,ST,SX,TA,TG,TH,TJ,TO,TU,UE,UR,UW,UZ,VJ,VO,VQ,VR,VS,VW,WB,WJ,WN,WR,WT,WY,XI,XJ,XP,XW,XY,YJ,YS,YU,ZE,ZF,ZQ,ZV,ZX,ZY
AB,0.0,479.5,165.5,328.1,235.1,332.5,269.5,298.9,282.6,308.4,196.6,351.8,414.3,181.8,345.2,213.6,3255.3,242.9,132.9,333.4,423.2,219.9,201.1,417.5,343.9,299.5,224.4,258.7,119.4,434.4,434.4,184.1,262.9,345.8,400.3,335.4,274.3,241.5,277.0,424.3,189.9,340.1,41.5,384.6,152.7,399.4,232.2,30.2,336.3,409.8,160.8,171.2,242.1,223.8,386.6,202.0,385.9,406.9,241.5,369.6,557.3,84.9,482.1,410.5,275.5,432.5,298.6,330.1,106.5,491.1,344.3,356.7,456.7,196.5,384.2,568.8,295.9,290.7,271.5,167.3,335.5,127.7,427.5,525.4,261.7,87.8,520.9,137.7,117.6,296.5,288.4,209.0,148.8,221.8,267.3,237.1,68.6,282.0,420.5,316.2,96.1,272.5,424.0,423.3,45.0,300.5,346.8,214.9,261.3,310.7,188.1,159.2,2.6,267.7,262.7,250.0,189.2,206.0,263.0,290.8,322.5,211.5
AK,451.3,0.0,537.6,499.9,507.7,644.0,585.2,614.6,598.3,624.1,512.3,358.7,254.7,429.4,254.5,473.9,3241.2,558.6,505.0,225.7,98.1,535.6,488.8,207.4,162.7,483.5,457.5,574.4,347.8,234.6,606.2,584.4,578.6,582.3,69.1,488.2,590.0,474.6,592.7,214.2,342.4,468.9,492.9,174.5,524.8,189.3,561.7,481.6,446.6,211.2,476.5,440.1,642.4,539.5,280.1,519.9,294.5,316.2,514.1,553.8,100.4,352.8,46.0,647.0,591.2,222.4,614.3,645.8,422.2,57.8,257.5,250.2,246.6,252.9,129.2,697.6,611.6,606.4,544.1,483.0,651.2,507.3,217.4,315.3,408.5,349.6,41.3,488.9,515.9,272.6,602.0,481.6,549.1,537.5,583.0,552.8,433.7,211.0,592.3,361.5,411.8,419.3,116.1,245.7,496.4,700.8,475.6,544.4,577.0,547.2,503.8,452.5,453.9,583.4,578.4,565.7,461.8,243.4,535.6,606.5,638.2,237.9
AL,159.5,564.4,0.0,369.6,154.3,205.2,311.0,321.8,324.1,349.9,251.2,271.0,321.9,101.0,273.0,132.8,3162.9,284.4,35.9,401.7,537.3,261.4,120.3,478.6,405.0,341.0,143.6,300.2,212.7,342.0,475.9,54.2,318.7,387.3,514.4,376.9,315.8,160.7,318.5,431.6,283.2,454.2,141.6,405.6,12.8,390.8,143.6,156.8,377.8,470.5,220.3,90.4,112.2,283.3,500.7,121.2,405.1,313.0,160.7,411.1,664.9,178.2,567.0,452.0,317.0,354.0,340.1,371.6,160.7,605.2,367.4,470.8,425.1,293.0,438.2,726.6,337.4,332.2,190.7,208.8,377.0,94.9,359.0,445.2,355.0,181.1,605.8,103.1,105.1,393.0,327.8,128.2,78.2,281.3,323.1,278.6,104.4,375.3,462.0,235.4,171.1,365.8,538.1,330.9,145.1,170.6,504.6,126.3,302.8,352.2,244.2,78.4,162.1,309.2,304.2,265.3,108.4,302.5,182.2,332.3,364.0,308.0
BB,356.3,518.9,400.5,0.0,438.9,376.9,159.5,202.5,172.6,161.8,213.7,511.3,458.2,360.6,407.1,405.1,3299.2,187.9,365.3,372.8,462.6,164.9,420.0,479.4,405.8,31.1,388.7,203.7,252.8,478.3,106.2,395.3,166.5,129.9,439.7,62.5,181.6,405.8,140.8,486.2,273.1,139.8,397.9,446.5,413.4,461.3,294.6,386.6,63.4,483.2,227.4,371.3,450.1,248.1,426.0,451.1,447.1,468.8,445.3,41.4,596.7,257.8,521.5,194.6,220.5,490.3,162.4,144.0,327.2,530.5,406.2,396.1,561.4,258.4,446.1,386.5,203.2,235.7,475.3,206.0,149.4,318.7,495.3,581.5,301.1,254.6,560.3,416.4,328.9,358.4,233.4,412.8,360.0,172.4,170.9,130.8,338.7,321.4,92.3,430.5,316.8,311.9,463.4,467.2,401.4,490.5,164.5,277.3,168.6,94.8,214.6,383.7,358.9,218.4,170.0,184.3,393.0,267.9,466.8,107.2,240.7,273.4
BL,215.6,551.5,151.3,438.5,0.0,356.6,379.9,409.3,393.0,418.8,307.0,258.1,309.0,88.1,260.1,119.9,3150.0,353.3,118.7,388.8,524.4,330.3,107.4,465.7,392.1,409.9,130.7,369.1,268.8,329.1,544.8,205.6,373.3,456.2,501.5,445.8,384.7,147.8,387.4,418.7,339.3,485.0,181.5,392.7,138.5,377.9,295.0,196.7,446.7,457.6,271.2,77.5,263.6,334.2,487.8,133.6,392.2,300.1,78.4,480.0,652.0,234.3,554.1,520.9,385.9,341.1,409.0,440.5,220.0,592.3,354.5,457.9,412.2,280.1,425.3,713.7,406.3,401.1,59.6,277.7,445.9,139.7,346.1,432.3,411.1,237.2,592.9,98.9,129.6,380.1,396.7,26.0,216.0,332.2,377.7,347.5,160.5,431.4,530.9,222.5,230.4,421.9,525.2,318.0,182.1,322.0,491.7,277.7,371.7,421.1,298.5,66.2,218.2,378.1,373.1,360.4,45.8,289.6,66.1,401.2,432.9,295.1
BO,333.5,697.4,230.2,373.9,384.6,0.0,315.3,326.1,328.4,354.2,255.5,501.3,552.2,331.3,503.3,363.1,3393.2,288.7,266.2,551.3,641.1,265.7,350.6,635.4,561.8,345.3,373.9,304.5,337.3,572.3,480.2,176.6,323.0,391.6,618.2,381.2,320.1,391.0,322.8,642.2,407.8,458.5,375.1,602.5,243.1,617.3,165.9,363.8,382.1,639.2,224.6,320.7,187.2,287.6,604.5,351.5,603.8,543.3,391.0,415.4,775.2,302.8,700.0,456.3,321.3,584.3,344.4,375.9,233.9,709.0,562.2,574.6,655.4,414.4,602.1,705.2,341.7,336.5,421.0,213.1,381.3,267.3,589.3,675.5,479.6,305.7,738.8,333.4,277.5,514.4,332.1,358.5,211.3,285.6,327.4,282.9,315.9,499.9,466.3,465.7,244.3,490.4,641.9,561.2,378.6,227.6,483.2,148.6,307.1,356.5,248.5,308.7,336.1,313.5,308.5,269.6,338.7,423.9,412.5,336.6,368.3,429.4
CB,310.4,599.6,344.0,135.9,421.6,320.4,0.0,193.9,13.1,86.2,121.5,538.3,538.9,368.3,487.8,400.1,3379.9,95.7,319.4,453.5,543.3,72.7,387.6,560.1,486.5,107.3,410.9,111.5,333.5,559.0,242.2,338.8,157.9,153.6,520.4,143.2,173.0,428.0,54.8,566.9,353.8,220.5,352.0,527.2,339.2,542.0,238.1,340.7,144.1,552.4,209.1,357.7,393.6,211.4,506.7,388.5,528.5,549.5,428.0,177.4,677.4,279.7,602.2,218.3,128.3,571.0,76.4,137.9,210.8,611.2,486.9,476.8,642.1,339.1,526.8,467.2,194.6,118.1,458.0,149.5,143.3,272.8,576.0,662.2,381.8,282.6,641.0,370.4,283.0,439.1,139.1,395.5,303.5,163.8,162.3,38.6,292.8,402.1,228.3,502.7,221.2,392.6,544.1,547.9,355.5,434.0,245.2,220.8,160.0,118.5,122.4,345.7,313.0,209.8,161.4,153.6,375.7,348.6,449.5,80.6,81.2,354.1
CP,278.1,642.0,322.3,177.2,389.3,298.7,172.2,0.0,185.3,174.5,117.8,506.0,556.9,336.0,507.7,367.8,3397.9,171.0,287.1,495.9,585.7,148.0,355.3,580.0,506.4,148.6,378.6,186.8,281.9,577.0,283.5,317.1,49.2,194.9,562.8,184.5,70.7,395.7,153.5,586.8,395.1,261.8,319.7,547.1,335.2,561.9,216.4,308.4,185.4,583.8,149.2,325.4,371.9,167.8,549.1,356.2,548.4,548.0,395.7,218.7,719.8,247.4,644.6,259.6,203.6,589.0,175.1,179.2,178.5,653.6,506.8,519.2,619.2,359.0,546.7,508.5,61.0,218.8,425.7,127.8,184.6,240.5,590.0,687.9,424.2,250.3,683.4,338.1,250.7,459.0,214.4,363.2,281.8,92.1,43.9,143.5,260.5,444.5,269.6,470.4,188.9,435.0,586.5,565.9,323.2,412.3,286.5,199.1,57.2,159.8,130.8,313.4,280.7,15.9,27.8,106.1,343.4,368.5,417.2,139.9,250.6,374.0
CS,321.2,610.4,354.8,146.7,432.4,331.2,10.7,204.7,0.0,97.0,132.3,549.1,549.7,379.1,498.6,410.9,3390.7,106.5,330.2,464.3,554.1,83.5,398.4,570.9,497.3,118.1,421.7,122.3,344.3,569.8,253.0,349.6,168.7,164.4,531.2,154.0,183.8,438.8,65.6,577.7,364.6,231.3,362.8,538.0,350.0,552.8,248.9,351.5,154.9,563.2,219.9,368.5,404.4,222.2,517.5,399.3,539.3,560.3,438.8,200.6,688.2,290.5,613.0,229.1,139.1,581.8,87.2,148.7,221.6,626.1,497.7,490.1,652.9,349.9,537.6,478.0,205.4,105.0,468.8,160.3,154.1,283.6,586.8,673.0,392.6,293.4,651.8,384.9,293.8,449.9,129.5,406.3,314.3,174.6,173.1,49.4,303.6,412.9,239.1,513.5,232.0,403.4,554.9,558.7,366.3,444.8,256.0,231.6,170.8,129.3,133.2,356.5,323.8,220.6,172.2,164.4,386.5,359.4,460.3,91.4,68.1,364.9
CX,334.7,627.3,368.3,163.6,445.9,344.7,91.6,221.6,104.7,0.0,145.8,562.6,566.6,392.6,515.5,424.4,3407.6,120.0,343.7,481.2,571.0,97.0,411.9,587.8,514.2,135.0,435.2,135.8,361.2,586.7,269.9,363.1,185.6,181.3,548.1,170.9,200.7,452.3,82.5,594.6,381.5,248.2,376.3,554.9,363.5,569.7,262.4,365.0,171.8,591.6,233.4,382.0,417.9,235.7,534.4,412.8,556.2,577.2,452.3,205.1,705.1,304.0,629.9,246.0,152.6,598.7,104.1,165.6,235.1,638.9,514.6,504.5,669.8,366.8,554.5,494.9,222.3,167.8,482.3,173.8,171.0,297.1,603.7,689.9,409.5,306.9,668.7,394.7,307.3,466.8,163.4,419.8,327.8,191.5,190.0,62.9,317.1,429.8,256.0,527.0,245.5,420.3,571.8,575.6,379.8,458.3,272.9,245.1,187.7,146.2,146.7,370.0,337.3,237.5,189.1,177.9,400.0,376.3,473.8,108.3,172.8,381.8
DB,204.2,568.1,248.4,194.3,315.4,224.8,105.7,164.9,118.8,144.6,0.0,432.1,483.0,262.1,433.8,293.9,3324.0,79.1,213.2,422.0,511.8,56.1,281.4,506.1,432.5,165.7,304.7,94.9,208.0,503.1,300.6,243.2,128.9,212.0,488.9,201.6,128.5,321.8,113.2,512.9,278.5,278.9,245.8,473.2,261.3,488.0,142.5,234.5,202.5,509.9,75.3,251.5,298.0,89.8,475.2,282.3,474.5,474.1,321.8,235.8,645.9,173.5,570.7,276.7,111.7,515.1,134.8,196.3,104.6,579.7,432.9,445.3,545.3,285.1,472.8,525.6,150.1,126.9,351.8,53.9,201.7,166.6,516.1,614.0,350.3,176.4,609.5,264.2,176.8,385.1,122.5,289.3,207.9,87.8,133.3,73.3,186.6,370.6,286.7,396.5,115.0,361.1,512.6,492.0,249.3,338.4,303.6,125.2,115.5,176.9,38.9,239.5,206.8,180.8,116.9,116.0,269.5,294.6,343.3,139.0,158.7,300.1
DH,356.9,377.5,292.6,444.2,262.7,497.9,521.2,550.6,534.3,560.1,448.3,0.0,331.9,184.4,125.2,228.9,3134.1,494.6,260.0,207.7,343.3,471.6,243.8,284.6,211.0,427.8,212.5,510.4,325.6,311.8,550.5,346.9,514.6,526.6,320.4,432.5,526.0,229.6,528.7,291.4,320.2,413.2,322.8,251.7,279.8,266.5,436.3,338.0,390.9,288.4,412.5,195.1,404.9,475.5,306.7,274.9,211.1,165.2,269.1,485.7,477.4,330.6,289.3,591.3,527.2,299.6,550.3,540.7,361.3,411.2,173.4,276.8,323.8,208.3,251.3,641.9,547.6,542.4,299.1,419.0,546.1,281.0,294.6,392.5,352.8,327.4,418.9,240.2,270.9,250.4,538.0,236.6,357.3,473.5,519.0,488.8,301.8,188.8,536.6,105.6,371.7,363.6,344.1,322.9,323.4,463.3,419.9,419.0,513.0,491.5,439.8,207.5,359.5,519.4,514.4,501.7,216.8,217.8,290.6,503.9,574.2,223.3
DK,406.1,242.4,341.8,459.5,311.9,547.1,604.7,634.1,617.8,573.8,531.8,235.5,0.0,233.6,237.5,278.1,2986.4,578.1,309.2,245.2,222.3,555.1,293.0,145.6,124.8,443.1,261.7,593.9,367.3,20.0,565.8,396.1,598.1,541.9,193.3,447.8,609.5,278.8,612.2,109.6,361.9,428.5,372.0,83.6,329.0,68.8,485.5,387.2,406.2,137.9,496.0,244.3,454.1,559.0,366.4,324.1,314.7,277.5,318.3,513.4,342.9,372.3,245.0,606.6,610.7,32.0,633.8,556.0,410.5,290.2,277.0,336.5,103.1,223.6,116.2,657.2,631.1,625.9,348.3,502.5,561.4,330.2,37.0,123.2,368.1,369.1,283.8,289.4,320.1,292.1,621.6,285.8,406.5,557.0,602.5,572.3,351.0,230.5,551.9,199.9,420.9,378.9,243.1,8.9,372.6,512.5,435.2,468.2,596.5,506.8,523.3,256.7,408.7,602.9,597.9,585.2,266.0,233.1,339.8,519.2,657.7,238.6
DS,172.4,463.3,108.1,395.3,78.2,313.4,336.7,366.1,349.8,375.6,263.8,169.9,220.8,0.0,171.9,44.4,3061.8,310.1,75.5,300.6,436.2,287.1,59.3,377.5,303.9,366.7,42.5,325.9,225.6,240.9,501.6,162.4,330.1,413.0,413.3,402.6,341.5,59.6,344.2,330.5,296.1,396.8,138.3,304.5,95.3,289.7,251.8,153.5,374.5,369.4,228.0,10.6,220.4,291.0,399.6,90.4,304.0,211.9,84.6,436.8,563.8,191.1,465.9,477.7,342.7,252.9,365.8,397.3,176.8,504.1,266.3,369.7,324.0,191.9,337.1,625.5,363.1,357.9,114.6,234.5,402.7,96.5,257.9,344.1,336.4,194.0,504.7,55.7,86.4,291.9,353.5,52.1,172.8,289.0,334.5,304.3,117.3,281.7,487.7,134.3,187.2,347.2,437.0,229.8,138.9,278.8,403.5,234.5,328.5,377.9,255.3,23.0,175.0,334.9,329.9,317.2,32.3,201.4,106.1,358.0,389.7,206.9
DV,358.2,298.4,293.9,398.6,264.0,499.2,483.9,513.3,497.0,522.8,411.0,130.4,252.8,185.7,0.0,230.2,3135.4,457.3,261.3,128.6,264.2,434.3,245.1,205.5,131.9,382.2,213.8,473.1,246.5,232.7,504.9,348.2,477.3,481.0,241.3,386.9,488.7,230.9,491.4,212.3,241.1,367.6,324.1,172.6,281.1,187.4,437.6,339.3,345.3,209.3,375.2,196.4,406.2,438.2,227.6,276.2,131.3,61.6,270.4,440.1,398.3,251.5,210.2,545.7,489.9,220.5,513.0,544.5,362.6,336.2,94.3,200.2,244.7,151.6,172.2,596.3,510.3,505.1,300.4,381.7,549.9,282.3,215.5,313.4,328.6,248.3,339.8,241.5,272.2,171.3,500.7,237.9,358.6,436.2,481.7,451.5,303.1,109.7,491.0,106.9,310.5,339.4,265.0,243.8,324.7,464.6,374.3,420.3,475.7,445.9,402.5,208.8,360.8,482.1,477.1,464.4,218.1,142.1,291.9,505.2,536.9,136.6
EF,214.2,497.8,149.9,462.3,120.0,355.2,378.5,407.9,391.6,417.4,305.6,204.4,255.3,34.4,206.4,0.0,3096.3,351.9,117.3,335.1,470.7,328.9,24.5,412.0,338.4,445.9,77.0,367.7,267.4,275.4,568.6,204.2,371.9,454.8,447.8,450.6,383.3,76.1,386.0,365.0,337.9,431.3,180.1,339.0,137.1,324.2,293.6,195.3,409.0,403.9,269.8,68.5,262.2,332.8,434.1,132.2,338.5,246.4,126.4,503.8,598.3,232.9,500.4,519.5,384.5,287.4,407.6,439.1,218.6,538.6,300.8,404.2,358.5,226.4,371.6,660.0,404.9,399.7,156.4,276.3,444.5,138.3,292.4,378.6,370.9,235.8,539.2,97.5,128.2,326.4,395.3,93.9,214.6,330.8,376.3,346.1,159.1,316.2,554.7,168.8,229.0,381.7,471.5,264.3,180.7,320.6,438.0,276.3,370.3,419.7,297.1,64.8,216.8,376.7,371.7,359.0,74.1,235.9,147.9,399.8,431.5,241.4
EJ,3136.9,3074.9,3072.6,3213.8,3042.7,3277.9,3301.2,3285.2,3314.3,3304.6,3228.3,2966.3,2832.4,2964.4,2968.3,3008.9,0.0,3274.6,3040.0,3077.7,3054.8,3251.6,3023.8,2978.1,2957.3,3173.9,2992.5,3290.4,3076.6,2852.5,3288.4,3126.9,3309.3,3272.7,3025.8,3178.6,3306.0,3009.6,3283.6,2942.1,3194.4,3159.3,3102.8,2916.1,3059.8,2901.3,3216.3,3118.0,3137.0,2981.0,3192.5,2975.1,3184.9,3255.5,3196.0,3054.9,3100.4,3008.3,3049.1,3223.6,3175.4,3081.6,3077.5,3337.4,3307.2,2864.5,3305.2,3286.8,3141.3,3122.7,3062.7,3166.1,2935.6,2954.4,2948.7,3388.0,3327.6,3322.4,3079.1,3199.0,3292.2,3061.0,2869.5,2955.7,3098.9,3078.4,3116.3,3020.2,3050.9,3054.4,3318.0,3016.6,3137.3,3253.5,3313.7,3268.8,3081.8,3063.0,3239.9,2930.7,3151.7,3109.7,3075.6,2841.4,3103.4,3243.3,3166.0,3199.0,3293.0,3237.6,3219.8,2987.5,3139.5,3272.6,3294.4,3281.7,2996.8,2963.9,3070.6,3250.0,3354.2,2969.4
EK,287.5,631.7,321.1,168.0,398.7,297.5,79.4,187.2,92.5,118.3,98.6,515.4,571.0,345.4,517.1,377.2,3412.0,0.0,296.5,485.6,575.4,22.9,364.7,589.4,515.8,139.4,388.0,15.8,365.6,591.1,274.3,315.9,190.0,185.7,552.5,175.3,181.2,405.1,86.9,596.2,385.9,252.6,329.1,556.5,316.3,571.3,215.2,317.8,176.2,593.2,186.2,334.8,370.7,188.5,538.8,365.6,557.1,557.4,405.1,209.5,709.5,256.8,634.3,250.4,49.6,603.1,108.5,170.0,187.9,643.3,516.2,508.9,628.6,368.4,556.1,499.3,202.8,47.7,435.1,126.6,175.4,249.9,608.1,694.3,413.9,259.7,673.1,347.5,260.1,468.4,48.1,372.6,280.6,186.5,194.4,47.0,269.9,434.2,260.4,479.8,198.3,424.7,576.2,580.0,332.6,411.1,277.3,197.9,168.2,150.6,99.5,322.8,290.1,174.6,169.6,130.7,352.8,377.9,426.6,112.7,79.5,383.4
EO,133.0,528.4,32.5,402.2,118.3,237.8,343.6,354.4,356.7,382.5,224.4,235.0,285.9,65.0,237.0,96.8,3126.9,317.0,0.0,365.7,501.3,294.0,84.3,442.6,369.0,373.6,107.6,332.8,186.2,306.0,508.5,86.8,290.7,419.9,478.4,409.5,348.4,124.7,351.1,395.6,256.7,461.9,105.6,369.6,19.8,354.8,176.2,120.8,410.4,434.5,188.6,54.4,144.8,251.6,464.7,85.2,369.1,277.0,124.7,443.7,628.9,151.7,531.0,484.6,349.6,318.0,372.7,404.2,137.4,569.2,331.4,434.8,389.1,257.0,402.2,690.6,370.0,364.8,154.7,241.4,409.6,57.1,323.0,409.2,328.5,154.6,569.8,67.1,47.0,357.0,360.4,92.2,110.8,249.6,295.1,311.2,77.9,346.8,494.6,199.4,147.8,339.3,502.1,294.9,109.1,203.2,468.6,158.9,335.4,384.8,276.8,42.4,135.6,341.8,336.8,297.9,72.4,266.5,146.2,364.9,396.6,272.0
ES,300.5,258.9,417.7,349.1,387.8,493.2,434.4,463.8,447.5,473.3,361.5,227.9,251.9,309.5,123.7,354.0,3217.2,407.8,385.1,0.0,202.6,384.8,368.9,204.6,131.0,332.7,337.6,423.6,197.0,231.8,455.4,433.6,427.8,431.5,179.7,337.4,439.2,354.7,441.9,211.4,191.6,318.1,342.1,171.7,404.9,186.5,410.9,330.8,295.8,208.4,325.7,320.2,491.6,388.7,166.0,400.0,164.4,185.4,394.2,390.6,336.7,202.0,261.5,496.2,440.4,219.6,463.5,495.0,271.4,270.5,126.7,136.1,243.8,102.1,171.3,546.8,460.8,455.6,424.2,332.2,500.4,356.5,214.6,312.5,257.7,198.8,300.3,365.3,396.0,121.8,451.2,361.7,398.3,386.7,432.2,402.0,282.9,48.9,441.5,230.7,261.0,268.5,203.4,242.9,345.6,550.0,324.8,393.6,426.2,396.4,353.0,332.6,303.1,432.6,427.6,414.9,341.9,92.6,415.7,455.7,487.4,87.1
EW,448.4,119.7,534.7,497.0,504.8,641.1,582.3,611.7,595.4,621.2,509.4,355.8,236.2,426.5,251.6,471.0,3222.7,555.7,502.1,222.8,0.0,532.7,485.9,188.9,144.2,480.6,454.6,571.5,344.9,216.1,603.3,581.5,575.7,579.4,40.5,485.3,587.1,471.7,589.8,195.7,339.5,466.0,490.0,156.0,521.9,170.8,558.8,478.7,443.7,192.7,473.6,437.2,639.5,536.6,225.4,517.0,292.3,313.3,511.2,538.5,220.2,349.9,122.3,644.1,588.3,203.9,611.4,642.9,419.3,177.6,254.6,195.5,228.1,250.0,110.7,694.7,608.7,603.5,541.2,480.1,648.3,504.4,198.9,296.8,346.6,346.7,161.1,482.3,513.0,269.7,599.1,478.7,546.2,534.6,580.1,549.9,430.8,208.1,589.4,358.6,408.9,357.4,46.2,227.2,493.5,697.9,472.7,541.5,574.1,544.3,500.9,449.6,451.0,580.5,575.5,562.8,458.9,240.5,532.7,603.6,635.3,235.0
FA,264.5,608.7,298.1,145.0,375.7,274.5,56.4,164.2,69.5,95.3,75.6,492.4,548.0,322.4,494.1,354.2,3389.0,22.9,273.5,462.6,552.4,0.0,341.7,566.4,492.8,116.4,365.0,38.7,342.6,568.1,251.3,292.9,167.0,162.7,529.5,152.3,158.2,382.1,63.9,573.2,362.9,229.6,306.1,533.5,293.3,548.3,192.2,294.8,153.2,570.2,163.2,311.8,347.7,165.5,515.8,342.6,534.8,534.4,382.1,186.5,686.5,233.8,611.3,227.4,55.5,580.1,85.5,147.0,164.9,620.3,493.2,485.9,605.6,345.4,533.1,476.3,179.8,70.7,412.1,103.6,152.4,226.9,585.1,671.3,390.9,236.7,650.1,324.5,237.1,445.4,66.3,349.6,257.6,163.5,171.4,24.0,246.9,411.2,237.4,456.8,175.3,401.7,553.2,557.0,309.6,388.1,254.3,174.9,145.2,127.6,76.5,299.8,267.1,151.6,146.6,107.7,329.8,354.9,403.6,89.7,102.5,360.4
FQ,206.9,517.9,142.6,429.8,112.7,347.9,371.2,400.6,384.3,410.1,298.3,224.5,275.4,54.5,226.5,33.8,3116.4,344.6,110.0,355.2,490.8,321.6,0.0,432.1,358.5,401.2,77.6,360.4,260.1,295.5,536.1,196.9,364.6,447.5,467.9,437.1,376.0,61.3,378.7,385.1,330.6,451.4,172.8,359.1,129.8,344.3,286.3,188.0,429.1,424.0,262.5,43.9,254.9,325.5,454.2,124.9,358.6,266.5,119.1,471.3,618.4,225.6,520.5,512.2,377.2,307.5,400.3,431.8,211.3,558.7,320.9,424.3,378.6,246.5,391.7,680.1,397.6,392.4,149.1,269.0,437.2,131.0,312.5,398.7,391.0,228.5,559.3,90.2,120.9,346.5,388.0,86.6,207.3,323.5,369.0,338.8,151.8,336.3,522.2,188.9,221.7,401.8,491.6,284.4,173.4,313.3,458.1,269.0,363.0,412.4,289.8,57.5,209.5,369.4,364.4,351.7,66.8,256.0,140.6,392.5,424.2,261.5
FW,431.0,202.6,475.0,479.6,445.1,623.7,564.9,594.3,578.0,603.8,492.0,368.7,133.1,366.8,234.2,411.3,3119.6,538.3,442.4,205.4,182.5,515.3,426.2,0.0,85.0,463.2,394.9,554.1,327.5,113.0,585.9,529.3,558.3,562.0,153.5,467.9,569.7,412.0,572.4,92.6,322.1,448.6,505.2,52.9,462.2,67.7,541.4,520.4,426.3,33.9,456.2,377.5,587.3,519.2,326.6,457.3,274.9,295.9,451.5,521.1,303.1,332.5,205.2,626.7,570.9,100.8,594.0,625.5,401.9,250.4,237.2,296.7,125.0,232.6,76.4,677.3,591.3,586.1,481.5,462.7,630.9,463.4,95.8,193.7,388.2,329.3,244.0,426.3,453.3,252.3,581.8,419.0,539.7,517.2,562.7,532.5,413.4,190.7,572.0,333.1,391.5,399.0,203.3,124.1,505.8,645.7,455.3,524.1,556.7,526.9,483.5,389.9,433.6,563.1,558.1,545.4,399.2,223.1,473.0,586.2,617.9,217.6
FX,345.9,133.7,462.7,394.5,432.8,538.6,479.8,509.2,492.9,518.7,406.9,253.3,120.8,354.5,149.1,399.0,3107.3,453.2,430.1,120.3,146.3,430.2,413.9,73.5,0.0,378.1,382.6,469.0,242.4,100.7,500.8,479.0,473.2,476.9,117.3,382.8,484.6,399.7,487.3,80.3,237.0,363.5,387.5,40.6,449.9,55.4,456.3,376.2,341.2,77.3,371.1,365.2,537.0,434.1,241.5,445.0,189.8,210.8,439.2,436.0,234.2,247.4,101.3,541.6,485.8,88.5,508.9,540.4,316.8,176.5,152.1,211.6,112.7,147.5,40.2,592.2,506.2,501.0,469.2,377.6,545.8,401.9,83.5,181.4,303.1,244.2,169.3,410.3,441.0,167.2,496.6,406.7,443.7,432.1,477.6,447.4,328.3,105.6,486.9,256.1,306.4,313.9,95.0,111.8,391.0,595.4,370.2,439.0,471.6,441.8,398.4,377.6,348.5,478.0,473.0,460.3,386.9,138.0,460.7,501.1,532.8,132.5
GY,329.6,492.2,369.3,28.5,412.2,345.7,128.3,171.3,141.4,130.6,182.5,484.6,431.5,333.9,380.4,378.4,3272.5,156.7,334.1,346.1,435.9,133.7,393.3,452.7,379.1,0.0,362.0,172.5,226.1,451.6,134.8,364.1,135.3,98.7,413.0,35.8,150.4,379.1,109.6,459.5,246.4,113.1,371.2,419.8,382.2,434.6,263.4,359.9,36.7,456.5,196.2,344.6,418.9,216.9,399.3,424.4,421.1,442.1,418.6,70.0,570.0,231.1,494.8,163.4,189.3,463.6,131.2,112.8,300.5,503.8,379.5,369.4,534.7,231.7,419.4,359.8,172.0,204.5,448.6,174.8,118.2,287.5,468.6,554.8,274.4,227.9,533.6,389.7,297.7,331.7,200.1,386.1,328.8,141.2,139.7,99.6,312.0,294.7,120.9,403.8,290.1,285.2,436.7,440.5,374.7,459.3,137.8,246.1,137.4,63.6,183.4,357.0,332.2,187.2,138.8,153.1,366.3,241.2,440.1,76.0,209.5,246.7
HH,224.0,480.4,159.7,444.9,129.8,365.0,388.3,417.7,401.4,427.2,315.4,187.0,237.9,51.5,189.0,75.9,3078.9,361.7,127.1,317.7,453.3,338.7,71.8,394.6,321.0,428.5,0.0,377.5,277.2,258.0,551.2,214.0,381.7,464.6,430.4,433.2,393.1,17.0,395.8,347.6,347.7,413.9,189.9,321.6,146.9,306.8,303.4,205.1,391.6,386.5,279.6,62.2,272.0,342.6,416.7,142.0,321.1,229.0,136.2,486.4,580.9,242.7,483.0,529.3,394.3,270.0,417.4,448.9,228.4,521.2,283.4,386.8,341.1,209.0,354.2,642.6,414.7,409.5,166.2,286.1,454.3,148.1,275.0,361.2,353.5,245.6,521.8,107.3,138.0,309.0,405.1,103.7,224.4,340.6,386.1,355.9,168.9,298.8,537.3,151.4,238.8,364.3,454.1,246.9,190.5,330.4,420.6,286.1,380.1,429.5,306.9,74.6,226.6,386.5,381.5,368.8,83.9,218.5,157.7,409.6,441.3,224.0
HM,303.3,647.5,336.9,183.8,414.5,313.3,95.2,203.0,108.3,134.1,114.4,531.2,586.8,361.2,532.9,393.0,3427.8,15.8,312.3,501.4,591.2,38.7,380.5,605.2,531.6,155.2,403.8,0.0,381.4,606.9,290.1,331.7,205.8,201.5,568.3,191.1,197.0,420.9,102.7,612.0,401.7,268.4,344.9,572.3,332.1,587.1,231.0,333.6,192.0,609.0,202.0,350.6,386.5,204.3,554.6,381.4,573.6,573.2,420.9,225.3,725.3,272.6,650.1,266.2,43.2,618.9,124.3,185.8,203.7,659.1,532.0,524.7,644.4,384.2,571.9,515.1,218.6,31.9,450.9,142.4,191.2,265.7,623.9,710.1,429.7,275.5,688.9,363.3,275.9,484.2,32.3,388.4,296.4,202.3,210.2,62.8,285.7,450.0,276.2,495.6,214.1,440.5,592.0,595.8,348.4,426.9,293.1,213.7,184.0,166.4,115.3,338.6,305.9,190.4,185.4,146.5,368.6,393.7,442.4,128.5,63.7,399.2
HU,125.1,401.7,259.2,317.6,317.2,317.8,259.0,288.4,272.1,297.9,186.1,371.6,336.5,238.9,267.4,308.4,3177.5,232.4,227.7,255.6,345.4,209.4,295.9,339.7,266.1,289.0,267.0,248.2,0.0,356.6,423.9,258.2,252.4,335.3,322.5,324.9,263.8,284.1,266.5,346.5,112.1,262.3,166.7,306.8,247.5,321.6,235.5,155.4,325.8,343.5,150.3,249.6,316.2,213.3,308.8,296.8,308.1,329.1,323.6,359.1,479.5,26.6,404.3,400.0,265.0,354.7,288.1,319.6,96.0,413.3,266.5,278.9,378.9,118.7,306.4,491.0,285.4,280.2,353.6,156.8,325.0,181.1,349.7,447.6,183.9,23.4,443.1,266.6,191.3,218.7,275.8,291.1,222.9,211.3,256.8,226.6,107.5,204.2,410.0,374.4,85.6,194.7,346.2,345.5,170.2,374.6,269.0,218.2,250.8,300.2,177.6,254.0,127.7,257.2,252.2,239.5,271.3,128.2,345.1,280.3,312.0,133.7
IC,426.2,222.3,361.9,479.6,332.0,567.2,584.6,614.0,597.7,623.5,511.7,255.6,20.0,253.7,257.6,298.2,3006.5,558.0,329.3,225.1,202.2,535.0,313.1,125.5,104.7,463.2,281.8,573.8,347.2,0.0,585.9,416.2,578.0,562.0,173.2,467.9,589.4,298.9,592.1,89.5,341.8,448.6,392.1,63.5,349.1,48.7,505.6,407.3,426.3,128.4,475.9,264.4,474.2,538.9,346.3,344.2,293.9,297.6,338.4,521.1,322.8,352.2,224.9,626.7,590.6,11.9,613.7,576.1,421.6,274.2,256.9,316.4,83.0,243.7,96.1,677.3,611.0,605.8,368.4,482.4,581.5,350.3,16.9,103.1,388.2,349.0,263.7,313.2,340.2,272.0,601.5,305.9,426.6,536.9,582.4,552.2,371.1,210.4,572.0,220.0,411.2,399.0,223.0,11.0,392.7,532.6,455.3,488.3,576.4,526.9,503.2,276.8,428.8,582.8,577.8,565.1,286.1,242.8,359.9,539.3,637.6,237.3
ID,420.0,582.6,494.1,93.5,502.6,470.5,253.1,296.1,266.2,255.4,307.3,575.0,521.9,424.3,470.8,468.8,3362.9,281.5,499.9,436.5,526.3,258.5,483.7,543.1,469.5,124.7,452.4,297.3,316.5,542.0,0.0,488.9,260.1,223.5,503.4,156.1,275.2,469.5,234.4,549.9,336.8,233.4,461.6,510.2,507.0,525.0,388.2,450.3,157.0,546.9,321.0,435.0,543.7,341.7,489.7,514.8,511.5,532.5,509.0,42.0,660.4,321.5,585.2,288.2,314.1,554.0,256.0,237.6,390.9,594.2,469.9,459.8,625.1,322.1,509.8,480.1,296.8,329.3,539.0,299.6,243.0,412.3,559.0,645.2,364.8,318.3,624.0,480.1,510.8,422.1,324.9,476.5,453.6,266.0,264.5,224.4,402.4,385.1,134.2,494.2,380.5,375.6,527.1,530.9,465.1,584.1,258.1,370.9,262.2,188.4,308.2,447.4,422.6,312.0,263.6,277.9,456.7,331.6,530.5,200.8,334.3,337.1
IE,155.2,568.5,53.5,363.6,207.9,150.9,305.0,315.8,318.1,343.9,245.2,324.6,375.5,154.6,326.6,186.4,3216.5,278.4,89.5,455.3,512.2,255.4,173.9,532.2,458.6,335.0,197.2,294.2,208.4,395.6,469.9,0.0,312.7,381.3,489.3,370.9,309.8,214.3,312.5,485.2,278.9,448.2,195.2,459.2,66.4,444.4,137.6,185.5,371.8,524.1,214.3,144.0,57.9,277.3,475.6,174.8,458.7,366.6,214.3,405.1,646.3,173.9,571.1,446.0,311.0,407.6,334.1,365.6,156.4,580.1,421.0,445.7,478.7,285.5,491.8,694.9,331.4,326.2,244.3,202.8,371.0,90.6,412.6,498.8,350.7,176.8,609.9,156.7,100.8,385.5,321.8,181.8,35.2,275.3,317.1,272.6,100.1,371.0,456.0,289.0,166.8,361.5,513.0,384.5,198.7,116.3,472.9,120.3,296.8,346.2,238.2,132.0,157.8,303.2,298.2,259.3,162.0,295.0,235.8,326.3,358.0,300.5
IX,265.0,628.9,330.3,167.2,376.2,306.7,162.2,35.9,175.3,164.5,125.8,492.9,570.2,322.9,494.6,354.7,3411.2,190.6,274.0,482.8,572.6,167.6,342.2,566.9,493.3,138.6,365.5,206.4,268.8,590.3,273.5,325.1,0.0,184.9,549.7,174.5,106.7,382.6,143.5,573.7,385.1,251.8,306.6,534.0,293.8,548.8,224.4,295.3,175.4,570.7,157.2,312.3,379.9,118.5,536.0,343.1,534.6,534.9,382.6,208.7,706.7,234.3,631.5,249.6,223.2,602.3,165.1,169.2,165.4,640.5,493.7,506.1,606.1,345.9,533.6,498.5,97.0,238.4,412.6,135.8,174.6,227.4,607.3,693.5,411.1,237.2,670.3,328.7,237.6,445.9,234.0,350.1,289.8,42.8,4.3,133.5,247.4,431.4,259.6,457.3,175.8,421.9,573.4,579.2,310.1,420.3,276.5,207.1,93.2,149.8,138.8,300.3,267.6,51.8,63.8,102.0,330.3,355.4,404.1,129.9,243.4,360.9
JA,431.7,594.3,438.9,130.6,514.3,415.3,197.9,240.9,211.0,200.2,252.1,586.7,533.6,436.0,482.5,480.5,3374.6,226.3,403.7,448.2,538.0,203.3,495.4,554.8,481.2,102.0,464.1,242.1,328.2,553.7,236.9,433.7,204.9,0.0,515.1,137.9,220.0,481.2,179.2,561.6,348.5,215.2,473.3,521.9,451.8,536.7,333.0,462.0,138.8,558.6,265.8,446.7,488.5,286.5,501.4,526.5,523.2,544.2,520.7,172.1,672.1,333.2,596.9,72.9,258.9,565.7,200.8,107.9,295.1,605.9,481.6,471.5,636.8,333.8,521.5,461.9,241.6,274.1,550.7,244.4,48.8,357.1,570.7,656.9,376.5,330.0,635.7,491.8,367.3,433.8,269.7,488.2,398.4,210.8,209.3,169.2,414.1,396.8,223.0,505.9,392.2,387.3,538.8,542.6,476.8,528.9,239.9,315.7,207.0,40.3,253.0,459.1,434.3,256.8,208.4,222.7,468.4,343.3,542.2,145.6,279.1,348.8
JD,407.8,79.1,494.1,456.4,464.2,600.5,541.7,571.1,554.8,580.6,468.8,315.2,195.6,385.9,211.0,430.4,3182.1,515.1,461.5,182.2,28.9,492.1,445.3,148.3,103.6,440.0,414.0,530.9,304.3,175.5,562.7,540.9,535.1,538.8,0.0,444.7,546.5,431.1,549.2,155.1,298.9,425.4,449.4,115.4,481.3,130.2,518.2,438.1,403.1,152.1,433.0,396.6,598.9,496.0,210.9,476.4,251.7,272.7,470.6,497.9,163.0,309.3,81.7,603.5,547.7,163.3,570.8,602.3,378.7,96.8,214.0,181.0,187.5,209.4,70.1,654.1,568.1,562.9,500.6,439.5,607.7,463.8,158.3,256.2,332.1,306.1,120.5,441.7,472.4,229.1,560.6,438.1,505.6,494.0,539.5,509.3,390.2,167.5,548.8,318.0,368.3,342.9,49.7,186.6,452.9,657.3,432.1,500.9,533.5,503.7,460.3,409.0,410.4,539.9,534.9,522.2,418.3,199.9,492.1,563.0,594.7,194.4
JF,323.8,486.4,414.7,61.7,406.4,391.1,173.7,216.7,186.8,176.0,227.9,478.8,425.7,328.1,374.6,372.6,3266.7,202.1,403.7,340.3,430.1,179.1,387.5,446.9,373.3,45.3,356.2,217.9,220.3,445.8,168.0,409.5,180.7,144.1,407.2,0.0,195.8,373.3,155.0,453.7,240.6,107.3,365.4,414.0,423.5,428.8,308.8,354.1,30.9,450.7,241.6,338.8,464.3,262.3,393.5,418.6,415.3,436.3,412.8,103.2,564.2,225.3,489.0,208.8,234.7,457.8,176.6,158.2,294.7,498.0,373.7,363.6,528.9,225.9,413.6,354.0,217.4,249.9,442.8,220.2,163.6,424.7,462.8,549.0,268.6,222.1,527.8,383.9,414.6,325.9,245.5,380.3,374.2,186.6,185.1,145.0,306.2,288.9,154.1,398.0,284.3,279.4,430.9,434.7,368.9,504.7,132.0,291.5,182.8,109.0,228.8,351.2,326.4,232.6,184.2,198.5,360.5,235.4,434.3,121.4,254.9,240.9
JG,291.4,655.3,335.6,190.5,402.6,312.0,185.5,57.1,198.6,187.8,131.1,519.3,570.2,349.3,521.0,381.1,3411.2,184.3,300.4,509.2,599.0,161.3,368.6,593.3,519.7,161.9,391.9,200.1,295.2,590.3,296.8,330.4,106.4,208.2,576.1,197.8,0.0,409.0,166.8,600.1,490.9,275.1,333.0,560.4,348.5,575.2,229.7,321.7,198.7,597.1,162.5,338.7,385.2,225.0,562.4,369.5,561.7,561.3,409.0,232.0,733.1,260.7,657.9,272.9,216.9,602.3,188.4,192.5,191.8,666.9,520.1,532.5,632.5,372.3,560.0,521.8,34.5,232.1,439.0,141.1,197.9,253.8,603.3,701.2,437.5,263.6,696.7,351.4,264.0,472.3,227.7,376.5,295.1,149.3,101.1,156.8,273.8,457.8,343.5,483.7,202.2,448.3,599.8,579.2,336.5,425.6,299.8,212.4,70.5,173.1,144.1,326.7,294.0,44.5,31.5,119.4,356.7,381.8,430.5,153.2,263.9,387.3
JK,240.3,496.7,176.0,461.2,146.1,381.3,404.6,434.0,417.7,443.5,331.7,203.3,254.2,93.3,205.3,58.8,3095.2,378.0,143.4,334.0,469.6,355.0,54.7,410.9,337.3,444.8,16.3,393.8,293.5,274.3,567.5,230.3,398.0,480.9,446.7,449.5,409.4,0.0,412.1,363.9,364.0,430.2,206.2,337.9,163.2,323.1,319.7,221.4,407.9,402.8,295.9,98.7,288.3,358.9,433.0,158.3,337.4,245.3,152.5,502.7,597.2,259.0,499.3,545.6,410.6,286.3,433.7,465.2,244.7,537.5,299.7,403.1,357.4,225.3,370.5,658.9,431.0,425.8,182.5,302.4,470.6,164.4,291.3,377.5,369.8,261.9,538.1,123.6,154.3,325.3,421.4,120.0,240.7,356.9,402.4,372.2,185.2,315.1,553.6,167.7,255.1,380.6,470.4,263.2,206.8,346.7,436.9,302.4,396.4,445.8,323.2,90.9,242.9,402.8,397.8,385.1,100.2,234.8,174.0,425.9,457.6,240.3
JM,319.3,582.3,352.9,118.6,502.3,329.3,76.2,176.6,89.3,78.5,130.4,547.2,521.6,377.2,470.5,409.0,3362.6,104.6,328.3,436.2,526.0,81.6,396.5,542.8,469.2,90.0,419.8,120.4,316.2,541.7,224.9,347.7,140.6,136.3,503.1,125.9,155.7,436.9,0.0,549.6,336.5,203.2,360.9,509.9,348.1,524.7,247.0,349.6,126.8,546.6,218.0,366.6,402.5,220.3,489.4,397.4,510.5,532.2,508.7,160.1,660.1,321.2,584.9,201.0,137.2,553.7,21.5,120.6,219.7,593.9,469.6,459.5,624.8,321.8,509.5,449.9,177.3,152.4,538.7,158.4,126.0,281.7,558.7,644.9,364.5,318.0,623.7,379.3,291.9,421.8,148.1,476.2,312.4,146.5,145.0,47.5,301.7,384.8,211.0,511.6,230.1,375.3,526.8,530.6,364.4,442.9,227.9,229.7,142.7,101.2,131.3,354.6,321.9,192.5,144.1,162.5,456.4,331.3,530.2,63.3,157.4,336.8
JP,420.0,191.6,461.2,468.6,431.3,612.7,553.9,583.3,567.0,592.8,481.0,327.4,119.3,353.0,223.2,397.5,3105.8,527.3,428.6,194.4,171.5,504.3,412.4,94.8,74.0,452.2,381.1,543.1,316.5,99.2,574.9,515.5,547.3,551.0,142.5,456.9,558.7,398.2,561.4,0.0,311.1,437.6,491.4,32.8,448.4,53.9,530.4,450.3,415.3,98.6,445.2,363.7,573.5,508.2,315.6,443.5,263.2,284.9,437.7,522.5,292.1,321.5,194.2,615.7,559.9,87.0,583.0,614.5,390.9,243.5,226.2,288.2,50.8,221.6,65.4,666.3,580.3,575.1,467.7,451.7,619.9,449.6,82.0,179.9,377.2,318.3,233.0,408.8,439.5,241.3,570.7,405.2,517.8,506.2,551.7,521.5,402.4,179.7,561.0,319.3,380.5,388.0,192.3,110.3,492.0,631.9,444.3,513.1,545.7,515.9,472.5,376.1,422.6,552.1,547.1,534.4,385.4,212.1,459.2,575.2,606.9,206.6
JQ,210.3,437.3,344.4,402.8,326.5,403.0,344.2,373.6,357.3,383.1,271.3,380.9,345.8,248.2,276.7,292.7,3186.8,317.6,312.9,291.2,381.0,294.6,307.6,349.0,275.4,374.2,276.3,333.4,106.8,365.9,509.1,343.4,337.6,420.5,358.1,410.1,349.0,293.4,351.7,355.8,0.0,297.9,251.9,316.1,332.7,330.9,320.7,240.6,275.6,352.8,235.5,258.9,401.4,298.5,344.4,382.0,317.4,338.4,332.9,444.3,515.1,111.8,439.9,485.2,350.2,364.0,373.3,404.8,181.2,448.9,275.8,314.5,388.2,128.0,315.7,526.6,370.6,365.4,362.9,242.0,410.2,266.3,359.0,456.9,219.5,108.6,478.7,304.0,276.5,228.0,361.0,300.4,308.1,296.5,342.0,311.8,192.7,239.8,495.2,383.7,170.8,230.3,381.8,354.8,255.4,459.8,304.6,303.4,336.0,385.4,262.8,271.3,212.9,342.4,337.4,324.7,280.6,137.5,354.4,365.5,397.2,143.0
JR,341.1,503.7,482.6,129.6,423.7,459.0,241.6,284.6,254.7,243.9,295.8,496.1,443.0,345.4,391.9,389.9,3284.0,270.0,421.0,357.6,447.4,247.0,404.8,464.2,390.6,113.2,373.5,285.8,237.6,463.1,235.9,477.4,248.6,212.0,424.5,117.9,263.7,390.6,222.9,471.0,257.9,0.0,382.7,431.3,440.8,446.1,376.7,371.4,76.3,468.0,309.5,356.1,532.2,330.2,410.8,435.9,432.6,453.6,430.1,171.1,581.5,242.6,506.3,276.7,302.6,475.1,244.5,226.1,312.0,515.3,391.0,380.9,546.2,243.2,430.9,345.3,285.3,317.8,460.1,288.1,231.5,442.0,480.1,566.3,285.9,239.4,545.1,401.2,431.9,343.2,313.4,397.6,442.1,254.5,253.0,212.9,323.5,306.2,222.0,415.3,301.6,296.7,448.2,452.0,386.2,572.6,123.3,359.4,250.7,176.9,296.7,368.5,343.7,300.5,252.1,266.4,377.8,252.7,451.6,189.3,322.8,258.2
JS,44.7,524.3,140.0,372.9,209.6,345.3,314.3,343.7,327.4,353.2,241.4,326.3,377.2,156.3,328.3,188.1,3218.2,287.7,107.4,378.2,468.0,264.7,175.6,462.3,388.7,344.3,198.9,303.5,164.2,397.3,479.2,194.3,307.7,390.6,445.1,380.2,319.1,216.0,321.8,469.1,234.7,384.9,0.0,429.4,127.2,444.2,261.9,11.2,381.1,466.1,205.6,145.7,252.3,268.6,431.4,176.5,430.7,368.3,216.0,414.4,602.1,129.7,526.9,455.3,320.3,409.3,343.4,374.9,182.5,535.9,389.1,401.5,501.5,241.3,429.0,613.6,340.7,335.5,246.0,212.1,380.3,102.2,414.3,500.5,306.5,132.6,565.7,99.8,92.1,341.3,331.1,183.5,178.5,266.6,312.1,281.9,113.4,326.8,465.3,290.7,140.9,317.3,468.8,386.2,3.4,310.7,391.6,244.6,306.1,355.5,232.9,133.7,41.6,312.5,307.5,294.8,163.7,250.8,237.5,335.6,367.3,256.3
KD,387.1,158.7,422.0,435.7,392.1,579.8,521.0,550.4,534.1,559.9,448.1,315.7,80.1,313.8,190.3,358.3,3066.6,494.4,389.4,161.5,138.6,471.4,373.2,61.9,41.1,419.3,341.9,510.2,283.6,60.0,542.0,476.3,514.4,518.1,109.6,424.0,525.8,359.0,528.5,39.6,278.2,404.7,452.2,0.0,409.2,14.7,497.5,417.4,382.4,65.7,412.3,324.5,534.3,475.3,282.7,404.3,231.0,252.0,398.5,477.2,259.2,288.6,161.3,582.8,527.0,47.8,550.1,581.6,358.0,206.5,193.3,252.8,72.0,188.7,32.5,633.4,547.4,542.2,428.5,418.8,587.0,410.4,42.8,140.7,344.3,285.4,200.1,369.6,400.3,208.4,537.8,366.0,484.9,473.3,518.8,488.6,369.5,146.8,528.1,280.1,347.6,355.1,159.4,71.1,452.8,592.7,411.4,480.2,512.8,483.0,439.6,336.9,389.7,519.2,514.2,501.5,346.2,179.2,420.0,542.3,574.0,173.7
KH,156.1,551.5,12.7,382.4,141.4,218.0,323.8,334.6,336.9,362.7,264.0,258.1,309.0,88.1,260.1,119.9,3150.0,297.2,23.0,388.8,524.4,274.2,107.4,465.7,392.1,353.8,130.7,313.0,209.3,329.1,488.7,67.0,331.5,400.1,501.5,389.7,328.6,147.8,331.3,418.7,279.8,467.0,128.7,392.7,0.0,377.9,156.4,143.9,390.6,457.6,233.1,77.5,125.0,296.1,487.8,108.3,392.2,300.1,147.8,423.9,652.0,174.8,554.1,464.8,329.8,341.1,352.9,384.4,160.5,592.3,354.5,457.9,412.2,280.1,425.3,713.7,350.2,345.0,177.8,221.6,389.8,107.7,346.1,432.3,351.6,177.7,592.9,90.2,70.1,380.1,340.6,115.3,91.0,294.1,335.9,291.4,101.0,369.9,474.8,222.5,170.9,362.4,525.2,318.0,132.2,183.4,491.7,139.1,315.6,365.0,257.0,65.5,158.7,322.0,317.0,278.1,95.5,289.6,169.3,345.1,376.8,295.1
KY,401.9,173.5,407.2,450.5,377.3,594.6,535.8,565.2,548.9,574.7,462.9,300.9,65.3,299.0,205.1,343.5,3051.8,509.2,374.6,176.3,153.4,486.2,358.4,76.7,55.9,434.1,327.1,525.0,298.4,45.2,556.8,461.5,529.2,532.9,124.4,438.8,540.6,344.2,543.3,40.7,293.0,419.5,437.4,14.7,394.4,0.0,512.3,452.6,397.2,79.6,427.1,309.7,519.5,490.1,297.5,389.5,245.8,266.8,383.7,492.0,274.0,303.4,176.1,597.6,541.8,33.0,564.9,596.4,372.8,221.3,208.1,267.6,57.2,203.5,47.3,648.2,562.2,557.0,413.7,433.6,601.8,395.6,28.0,125.9,359.1,300.2,214.9,354.8,385.5,223.2,552.6,351.2,471.9,488.1,533.6,503.4,416.4,161.6,542.9,265.3,362.4,369.9,174.2,56.3,438.0,577.9,426.2,495.0,527.6,497.8,454.4,322.1,404.5,534.0,529.0,516.3,331.4,194.0,405.2,557.1,588.8,188.5
KZ,238.1,602.0,138.4,278.5,292.8,132.8,219.9,230.7,233.0,258.8,160.1,409.5,460.4,239.5,411.5,271.3,3301.4,193.3,174.4,455.9,545.7,170.3,258.8,540.0,466.4,249.9,282.1,209.1,241.9,480.5,384.8,133.2,227.6,296.2,522.8,285.8,224.7,299.2,227.4,546.8,312.4,363.1,279.7,507.1,151.3,521.9,0.0,268.4,286.7,543.8,129.2,228.9,191.2,192.2,509.1,259.7,508.4,451.5,299.2,320.0,679.8,207.4,604.6,360.9,225.9,492.5,249.0,280.5,138.5,613.6,466.8,479.2,563.6,319.0,506.7,609.8,246.3,241.1,329.2,117.7,285.9,156.8,497.5,583.7,384.2,210.3,643.4,241.6,167.0,419.0,236.7,266.7,97.9,190.2,232.0,187.5,166.3,404.5,370.9,373.9,148.9,395.0,546.5,469.4,283.2,246.4,387.8,14.8,211.7,261.1,153.1,216.9,240.7,218.1,213.1,174.2,246.9,328.5,320.7,241.2,272.9,334.0
LB,33.4,513.0,135.2,361.6,204.8,340.5,303.0,332.4,316.1,341.9,230.1,321.5,372.4,151.5,323.5,183.3,3213.4,276.4,102.6,366.9,456.7,253.4,170.8,451.0,377.4,333.0,194.1,292.2,152.9,392.5,467.9,189.5,296.4,379.3,433.8,368.9,307.8,211.2,310.5,457.8,223.4,373.6,11.2,418.1,122.4,432.9,257.1,0.0,369.8,454.8,194.3,140.9,247.5,257.3,420.1,171.7,419.4,363.5,211.2,403.1,590.8,118.4,515.6,444.0,309.0,404.5,332.1,363.6,177.7,524.6,377.8,390.2,490.2,230.0,417.7,602.3,329.4,324.2,241.2,200.8,369.0,97.4,409.5,495.7,295.2,121.3,554.4,111.1,87.3,330.0,319.8,178.7,173.7,255.3,300.8,270.6,102.1,315.5,454.0,285.9,129.6,306.0,457.5,381.4,14.7,305.9,380.3,239.8,294.8,344.2,221.6,128.9,30.3,301.2,296.2,283.5,158.9,239.5,232.7,324.3,356.0,245.0
LE,292.8,455.4,405.3,53.2,375.4,382.6,165.2,208.2,178.3,167.5,219.4,447.8,394.7,297.1,343.6,341.6,3235.7,193.6,372.7,309.3,399.1,170.6,356.5,415.9,342.3,36.8,325.2,209.4,189.3,414.8,159.5,401.0,172.2,135.6,376.2,41.5,187.3,342.3,146.5,422.7,209.6,76.3,334.4,383.0,392.5,397.8,300.3,323.1,0.0,419.7,233.1,307.8,455.8,253.8,362.5,387.6,384.3,405.3,381.8,94.7,533.2,194.3,458.0,200.3,226.2,426.8,168.1,149.7,263.7,467.0,342.7,332.6,497.9,194.9,382.6,323.0,208.9,241.4,411.8,211.7,155.1,393.7,431.8,518.0,237.6,191.1,496.8,352.9,383.6,294.9,237.0,349.3,365.7,178.1,176.6,136.5,275.2,257.9,145.6,367.0,253.3,248.4,399.9,403.7,337.9,496.2,101.0,283.0,174.3,100.5,220.3,320.2,295.4,224.1,175.7,190.0,329.5,204.4,403.3,112.9,246.4,209.9
LO,424.9,195.4,468.9,472.4,439.0,617.6,557.7,588.2,570.8,597.7,485.9,362.6,125.9,360.7,227.0,405.2,3113.5,531.1,436.3,199.3,176.4,509.2,420.1,54.6,78.9,457.1,388.8,548.0,321.4,105.8,579.8,523.2,552.2,555.9,146.3,461.8,563.6,405.9,565.2,85.4,316.0,442.5,499.1,46.8,456.1,61.6,535.3,514.3,420.2,0.0,450.1,371.4,581.2,512.0,320.5,451.2,268.1,289.8,445.4,527.4,297.0,326.4,199.1,620.6,564.8,94.7,587.9,619.4,395.8,248.4,231.1,293.1,118.9,225.4,70.3,670.1,585.2,580.0,475.4,456.6,624.8,457.3,89.7,186.5,381.0,323.2,237.9,420.2,447.2,246.2,575.7,412.9,533.6,510.0,556.6,526.4,407.3,184.6,565.9,327.0,385.4,392.9,196.1,118.0,499.7,638.5,449.2,518.0,550.6,520.8,477.4,383.8,427.5,557.0,552.0,539.3,393.1,217.0,465.8,580.1,611.8,211.5
LR,152.5,516.4,193.0,212.3,263.7,191.1,141.5,138.0,154.6,180.4,35.7,380.4,431.3,210.4,382.1,242.2,3272.3,114.9,161.5,370.3,460.1,91.9,229.7,454.4,380.8,183.7,253.0,130.7,156.3,451.4,318.6,192.0,102.0,230.0,437.2,219.6,157.1,270.1,149.0,461.2,226.8,296.9,194.1,421.5,181.3,436.3,108.8,182.8,220.5,458.2,0.0,199.8,250.0,62.9,423.5,230.6,422.8,422.4,270.1,253.8,594.2,121.8,519.0,294.7,147.5,463.4,170.6,214.3,52.9,528.0,381.2,393.6,493.6,233.4,421.1,543.6,199.1,162.7,300.1,89.7,219.7,114.9,464.4,562.3,298.6,124.7,557.8,212.5,125.1,333.4,158.3,237.6,156.7,60.9,106.4,109.1,134.9,318.9,304.7,344.8,63.3,309.4,460.9,440.3,197.6,304.7,321.6,91.5,144.1,194.9,74.7,187.8,155.1,153.9,165.9,89.1,217.8,242.9,291.6,175.0,194.5,248.4
MC,161.7,473.9,97.4,384.6,67.5,302.7,326.0,355.4,339.1,364.9,253.1,180.5,231.4,10.5,182.5,42.3,3072.4,299.4,64.8,311.2,446.8,276.4,66.9,388.1,314.5,356.0,53.1,315.2,214.9,251.5,490.9,151.7,319.4,402.3,423.9,391.9,330.8,70.2,333.5,341.1,285.4,407.4,127.6,315.1,84.6,300.3,241.1,142.8,385.1,380.0,217.3,0.0,209.7,280.3,410.2,79.7,314.6,222.5,73.9,426.1,574.4,180.4,476.5,467.0,332.0,263.5,355.1,386.6,166.1,514.7,276.9,380.3,334.6,202.5,347.7,636.1,352.4,347.2,103.9,223.8,392.0,85.8,268.5,354.7,347.0,183.3,515.3,45.0,75.7,302.5,342.8,41.4,162.1,278.3,323.8,293.6,106.6,292.3,477.0,144.9,176.5,357.8,447.6,240.4,128.2,268.1,414.1,223.8,317.8,367.2,244.6,12.3,164.3,324.2,319.2,306.5,21.6,212.0,95.4,347.3,379.0,217.5
MD,209.0,622.3,107.3,417.2,261.7,177.3,358.6,369.4,371.7,397.5,298.8,378.4,429.3,208.4,380.4,240.2,3270.3,332.0,143.3,509.1,566.0,309.0,227.7,586.0,512.4,388.6,251.0,347.8,262.2,449.4,523.5,53.7,366.3,434.9,543.1,424.5,363.4,268.1,366.1,539.0,332.7,501.8,249.0,513.0,120.2,498.2,191.4,239.3,425.4,577.9,267.9,197.8,0.0,330.9,529.4,228.6,512.5,420.4,268.1,458.7,700.1,227.7,624.9,499.6,364.6,461.4,387.7,419.2,210.2,633.9,474.8,499.5,532.5,339.3,545.6,748.5,385.0,379.8,298.1,256.4,424.6,144.4,466.4,552.6,404.5,230.6,663.7,210.5,154.6,439.3,375.4,235.6,89.0,328.9,370.7,326.2,153.9,424.8,509.6,342.8,220.6,415.3,566.8,438.3,252.5,122.7,526.5,174.1,350.4,399.8,291.8,185.8,211.6,356.8,351.8,312.9,215.8,348.8,289.6,379.9,411.6,354.3
MF,203.7,567.6,244.2,217.1,314.9,242.3,185.6,142.8,198.7,214.4,79.8,431.6,482.5,261.6,433.3,293.4,3323.5,159.0,212.7,421.5,511.3,136.0,280.9,505.6,432.0,188.5,304.2,174.8,207.5,502.6,323.4,243.2,106.8,234.8,488.4,224.4,208.3,321.3,193.1,512.4,278.0,301.7,245.3,472.7,232.5,487.5,160.0,234.0,225.3,497.9,51.1,251.0,301.2,0.0,474.7,281.8,473.3,473.6,321.3,258.6,645.4,173.0,570.2,299.5,191.6,514.6,214.7,219.1,104.1,579.2,432.4,444.8,544.8,284.6,472.3,548.4,203.9,206.8,351.3,101.3,224.5,166.1,515.6,613.5,349.8,175.9,609.0,267.4,176.3,384.6,202.5,288.8,207.9,65.7,111.2,153.2,186.1,370.1,309.5,396.0,114.5,360.6,512.1,491.5,248.8,355.9,326.4,142.7,195.3,199.7,118.8,239.0,206.3,158.7,170.7,93.9,269.0,294.1,342.8,179.8,238.6,299.6
MJ,398.2,270.8,515.6,426.4,485.7,590.9,532.1,561.5,545.2,571.0,459.2,325.8,387.3,407.4,221.6,451.9,3329.8,505.5,483.0,144.9,214.5,482.5,466.8,340.0,238.3,410.0,435.5,521.3,294.7,367.2,532.7,531.3,525.5,508.8,191.6,414.7,536.9,452.6,539.6,346.8,304.2,395.4,439.8,307.1,502.8,321.9,508.6,428.5,373.1,343.8,423.4,418.1,589.3,486.4,0.0,497.9,262.3,283.3,492.1,467.9,348.6,299.7,273.4,573.5,538.1,355.0,561.2,522.9,369.1,282.4,224.6,39.2,379.2,214.7,261.8,624.1,558.5,553.3,522.1,429.9,528.3,454.2,350.0,447.9,279.1,296.5,312.2,463.2,493.9,257.7,548.9,459.6,496.0,484.4,529.9,499.7,380.6,150.9,518.8,328.6,358.7,289.9,215.3,378.3,443.3,647.7,402.1,491.3,523.9,473.7,450.7,430.5,400.8,530.3,525.3,512.6,439.8,220.1,513.6,486.1,585.1,214.6
MP,207.4,548.6,143.1,430.3,138.5,348.4,371.7,401.1,384.8,410.6,298.8,255.2,306.1,85.2,257.2,117.0,3147.1,345.1,110.5,385.9,521.5,322.1,104.5,462.8,389.2,401.7,127.8,360.9,260.6,326.2,536.6,197.4,365.1,448.0,498.6,437.6,376.5,144.9,379.2,415.8,331.1,482.1,173.3,389.8,130.3,375.0,286.8,188.5,459.8,454.7,263.0,74.6,255.4,326.0,484.9,0.0,389.3,297.2,144.9,471.8,649.1,226.1,551.2,512.7,377.7,338.2,400.8,432.3,211.8,589.4,351.6,455.0,409.3,277.2,422.4,710.8,398.1,392.9,174.9,269.5,437.7,131.5,343.2,429.4,421.7,229.0,590.0,90.7,121.4,377.2,388.5,112.4,207.8,324.0,369.5,339.3,152.3,367.0,522.7,219.6,222.2,432.5,522.3,315.1,173.9,313.8,488.8,269.5,363.5,412.9,290.3,62.6,210.0,369.9,364.9,352.2,92.6,286.7,166.4,393.0,424.7,292.2
MU,489.2,358.0,425.7,458.2,395.8,631.0,544.3,573.7,556.6,583.2,471.4,235.9,312.4,317.5,130.9,362.0,3299.7,516.9,393.1,189.0,324.6,494.7,376.9,265.9,192.3,442.6,345.6,533.5,306.9,292.3,565.3,480.0,536.9,541.4,300.9,447.3,549.1,362.7,551.0,272.7,301.5,428.0,455.9,233.0,412.9,247.8,520.8,471.1,405.7,258.2,435.6,328.2,538.0,497.8,288.0,408.0,0.0,193.4,402.2,512.9,458.7,311.9,270.6,606.1,550.3,280.9,573.4,604.9,381.3,396.6,74.5,260.6,305.1,211.2,232.6,656.7,570.7,565.5,432.2,442.1,609.5,414.1,275.9,373.0,388.2,308.7,400.2,377.0,404.0,231.7,561.2,369.7,490.4,496.6,542.1,511.9,434.9,170.1,551.4,238.7,370.9,399.0,324.6,304.2,456.5,595.6,434.7,503.5,536.1,506.3,462.9,340.6,492.6,542.5,537.5,524.8,349.9,202.5,422.9,565.6,597.3,197.0
MW,369.3,360.2,305.0,456.6,275.1,510.3,533.6,563.0,546.7,572.5,460.7,155.6,314.6,196.8,61.7,241.3,3146.5,507.0,272.4,190.4,326.0,484.0,256.2,267.3,193.7,440.2,224.9,522.8,308.3,294.5,562.9,359.3,527.0,539.0,303.1,444.9,538.4,242.0,541.1,274.1,302.9,425.6,335.2,234.4,292.2,249.2,448.7,350.4,403.3,271.1,424.9,207.5,417.3,487.9,289.4,287.3,193.8,0.0,281.5,498.1,460.1,313.3,272.0,603.7,539.6,282.3,562.7,553.1,373.7,393.9,156.1,259.5,306.5,220.7,234.0,654.3,560.0,554.8,311.5,431.4,558.5,293.4,277.3,375.2,365.2,310.1,401.6,252.6,283.3,233.1,550.4,249.0,369.7,485.9,531.4,501.2,314.2,171.5,549.0,118.0,384.1,376.0,326.8,305.6,335.8,475.7,432.3,431.4,525.4,503.9,452.2,219.9,371.9,531.8,526.8,514.1,229.2,230.2,303.0,516.3,586.6,235.7
NG,212.0,547.9,147.7,434.9,87.6,353.0,376.3,405.7,389.4,415.2,303.4,254.5,305.4,84.5,256.5,116.3,3146.4,349.7,115.1,385.2,520.8,326.7,103.8,462.1,388.5,406.3,127.1,365.5,265.2,325.5,541.2,202.0,369.7,452.6,497.9,442.2,381.1,144.2,383.8,415.1,335.7,481.4,177.9,389.1,134.9,374.3,291.4,193.1,443.1,454.0,267.6,73.9,260.0,330.6,484.2,130.0,388.6,296.5,0.0,476.4,648.4,230.7,550.5,517.3,382.3,337.5,405.4,436.9,216.4,588.7,350.9,454.3,408.6,276.5,421.7,710.1,402.7,397.5,124.0,274.1,442.3,136.1,342.5,428.7,407.5,233.6,589.3,95.3,126.0,376.5,393.1,62.3,212.4,328.6,374.1,343.9,156.9,427.8,527.3,218.9,226.8,418.3,521.6,314.4,178.5,318.4,488.1,274.1,368.1,417.5,294.9,62.6,214.6,374.5,369.5,356.8,42.2,286.0,21.4,397.6,429.3,291.5
NK,400.3,562.9,452.0,73.8,460.5,428.4,233.4,254.0,224.1,213.3,265.2,532.9,502.2,382.2,451.1,426.7,3320.8,261.8,457.8,394.4,484.2,216.4,441.6,523.4,427.4,82.6,410.3,255.2,274.4,522.3,64.7,446.8,240.4,181.4,483.7,114.0,233.1,427.4,192.3,530.2,294.7,191.3,419.5,468.1,464.9,482.9,346.1,408.2,114.9,493.3,278.9,392.9,501.6,322.0,447.6,472.7,468.7,490.4,466.9,0.0,618.3,279.4,543.1,246.1,272.0,511.9,213.9,195.5,348.8,556.2,427.8,420.2,583.0,280.0,467.7,460.4,254.7,287.2,496.9,257.5,200.9,370.2,516.9,625.5,345.1,276.2,581.9,441.7,468.7,380.0,282.9,434.4,411.5,246.3,222.4,182.3,360.3,343.0,92.1,452.1,338.4,355.9,485.0,488.8,423.0,564.4,216.0,328.8,220.1,146.3,266.1,405.3,380.5,269.9,221.5,235.8,414.6,289.5,488.4,158.7,292.2,295.0
NL,529.2,77.8,615.5,577.8,585.6,721.9,663.1,692.5,676.2,702.0,590.2,436.6,332.6,507.3,332.4,551.8,3319.1,636.5,582.9,303.6,176.0,613.5,566.7,285.3,240.6,561.4,535.4,652.3,425.7,312.5,684.1,662.3,656.5,660.2,147.0,566.1,667.9,552.5,670.6,292.1,420.3,546.8,570.8,252.4,602.7,267.2,639.6,559.5,524.5,289.1,554.4,518.0,720.3,617.4,337.5,597.8,373.1,394.1,592.0,619.3,0.0,430.7,123.9,724.9,669.1,300.3,692.2,723.7,500.1,44.0,335.4,307.6,299.8,330.8,207.1,775.5,689.5,684.3,622.0,560.9,729.1,585.2,295.3,393.2,458.7,427.5,81.9,563.1,593.8,350.5,679.9,559.5,627.0,615.4,660.9,630.7,511.6,288.9,670.2,439.4,489.7,469.5,158.3,323.6,574.3,778.7,553.5,622.3,654.9,625.1,581.7,530.4,531.8,661.3,656.3,643.6,539.7,321.3,613.5,684.4,716.1,315.8
NU,98.4,394.5,232.5,290.9,310.0,291.1,232.3,261.7,245.4,271.2,159.4,364.4,329.3,231.7,260.2,276.2,3170.3,205.7,201.0,248.4,338.2,182.7,269.2,332.5,258.9,262.3,259.8,221.5,34.4,349.4,397.2,231.5,225.7,308.6,315.3,298.2,237.1,276.9,239.8,339.3,104.9,255.1,140.0,299.6,220.8,314.4,208.8,128.7,299.1,336.3,123.6,242.4,289.5,186.6,301.6,270.1,300.9,321.9,316.4,332.4,472.3,0.0,397.1,373.3,238.3,347.5,261.4,292.9,69.3,406.1,259.3,271.7,371.7,111.5,299.2,483.8,258.7,253.5,346.4,130.1,298.3,154.4,342.5,440.4,176.7,2.8,435.9,239.9,164.6,211.5,249.1,283.9,196.2,184.6,230.1,199.9,80.8,197.0,383.3,367.2,58.9,187.5,339.0,338.3,143.5,347.9,261.8,191.5,224.1,273.5,150.9,254.8,101.0,230.5,225.5,212.8,264.1,121.0,337.9,253.6,285.3,126.5
OE,405.2,32.3,491.5,453.8,461.6,597.9,539.1,568.5,552.2,578.0,466.2,312.6,224.1,383.3,208.4,427.8,3210.6,512.5,458.9,179.6,104.0,489.5,442.7,176.8,103.2,437.4,411.4,528.3,301.7,204.0,560.1,538.3,532.5,536.2,75.0,442.1,543.9,428.5,546.6,183.6,296.3,422.8,446.8,143.9,478.7,158.7,515.6,435.5,400.5,180.6,430.4,394.0,596.3,493.4,286.0,473.8,249.1,270.1,468.0,495.3,132.8,306.7,0.0,600.9,545.1,191.8,568.2,599.7,376.1,75.1,211.4,256.1,223.1,206.8,85.5,651.5,565.5,560.3,498.0,436.9,605.1,461.2,186.8,284.7,362.4,303.5,73.7,439.1,469.8,226.5,555.9,435.5,503.0,491.4,536.9,506.7,387.6,164.9,546.2,315.4,365.7,373.2,114.7,215.1,450.3,654.7,429.5,498.3,530.9,501.1,457.7,406.4,407.8,537.3,532.3,519.6,415.7,197.3,489.5,560.4,592.1,191.8
OS,504.4,667.0,511.6,203.3,587.0,488.0,270.6,313.6,283.7,272.9,324.8,659.4,606.3,508.7,555.2,553.2,3447.3,299.0,476.4,520.9,610.7,276.0,568.1,627.5,553.9,174.7,536.8,314.8,400.9,626.4,309.6,506.4,277.6,72.6,587.8,210.6,292.7,553.9,251.9,634.3,421.2,287.9,546.0,594.6,524.5,609.4,405.7,534.7,211.5,631.3,338.5,519.4,561.2,359.2,574.1,599.2,595.9,616.9,593.4,244.8,744.8,405.9,669.6,0.0,331.6,638.4,273.5,157.9,367.8,678.6,554.3,544.2,709.5,406.5,594.2,534.6,314.3,346.8,623.4,317.1,98.8,429.8,643.4,729.6,449.2,402.7,708.4,564.5,440.0,506.5,342.4,560.9,471.1,283.5,282.0,241.9,486.8,469.5,295.7,578.6,464.9,460.0,611.5,615.3,549.5,601.6,312.6,388.4,279.7,113.0,325.7,531.8,507.0,329.5,281.1,295.4,541.1,416.0,614.9,218.3,351.8,421.5
OW,330.1,674.3,363.7,210.6,441.3,340.1,122.0,229.8,125.2,160.9,141.2,558.0,613.6,388.0,559.7,419.8,3454.6,39.6,339.1,528.2,618.0,65.5,407.3,632.0,558.4,182.0,430.6,52.3,408.2,633.7,316.9,358.5,232.6,228.3,595.1,217.9,223.8,447.7,129.5,638.8,428.5,295.2,371.7,599.1,358.9,613.9,257.8,360.4,218.8,635.8,228.8,377.4,413.3,231.1,581.4,408.2,600.4,600.0,447.7,252.1,752.1,299.4,676.9,293.0,0.0,645.7,151.1,212.6,230.5,685.9,558.8,551.5,671.2,411.0,598.7,541.9,245.4,37.4,477.7,169.2,218.0,292.5,650.7,736.9,456.5,302.3,715.7,390.1,302.7,511.0,10.7,415.2,323.2,229.1,237.0,89.6,312.5,476.8,303.0,522.4,240.9,467.3,618.8,622.6,375.2,453.7,319.9,240.5,210.8,193.2,142.1,365.4,332.7,217.2,212.2,173.3,395.4,420.5,469.2,155.3,69.2,426.0
PF,438.4,210.3,374.1,487.3,344.2,579.4,572.6,602.0,585.7,611.5,499.7,267.8,32.2,265.9,269.8,310.4,3018.7,546.0,341.5,213.1,190.2,523.0,325.3,113.5,92.7,470.9,294.0,561.8,335.2,12.1,593.6,428.4,566.0,569.7,161.2,475.6,577.4,311.1,580.1,77.5,329.8,456.3,404.3,51.5,361.3,36.7,517.8,419.5,434.0,116.4,463.9,276.6,486.4,526.9,334.3,356.4,282.6,309.8,350.6,528.8,310.8,340.2,212.9,634.4,578.6,0.0,601.7,633.2,409.6,258.1,244.9,304.4,71.0,240.3,84.1,685.0,599.0,593.8,380.6,470.4,638.6,362.5,4.9,92.8,395.9,337.0,251.7,321.7,352.4,260.0,589.4,318.1,438.8,524.9,570.4,540.2,383.3,198.4,579.7,232.2,399.2,406.7,211.0,23.2,404.9,544.8,463.0,500.5,564.4,534.6,491.2,289.0,441.0,570.8,565.8,553.1,298.3,230.8,372.1,593.9,625.6,225.3
PL,337.5,600.5,371.1,136.8,520.5,347.5,94.4,194.8,107.5,96.7,148.6,565.4,539.8,395.4,488.7,427.2,3380.8,122.8,346.5,454.4,544.2,99.8,414.7,561.0,487.4,108.2,438.0,138.6,334.4,559.9,243.1,365.9,158.8,154.5,521.3,144.1,173.9,455.1,18.2,567.8,354.7,221.4,379.1,528.1,366.3,542.9,265.2,367.8,145.0,564.8,236.2,384.8,420.7,238.5,507.6,415.6,529.4,550.4,526.9,178.3,678.3,339.4,603.1,219.2,155.4,571.9,0.0,138.8,237.9,612.1,487.8,477.7,643.0,340.0,527.7,468.1,195.5,170.6,556.9,176.6,144.2,299.9,576.9,663.1,382.7,336.2,641.9,397.5,310.1,440.0,166.2,494.4,330.6,164.7,163.2,65.7,319.9,403.0,229.2,529.8,248.3,393.5,545.0,548.8,382.6,461.1,246.1,247.9,160.9,119.4,149.5,372.8,340.1,210.7,162.3,180.7,474.6,349.5,548.4,81.5,175.6,355.0
PN,360.3,589.7,404.5,126.0,509.7,380.9,163.5,206.5,176.6,165.8,217.7,582.1,529.0,431.4,477.9,475.9,3370.0,191.9,369.3,443.6,533.4,168.9,490.8,550.2,476.6,97.4,459.5,207.7,323.6,549.1,232.3,399.3,170.5,121.9,510.5,133.3,185.6,476.6,144.8,557.0,343.9,210.6,401.9,517.3,417.4,532.1,298.6,390.6,134.2,554.0,231.4,442.1,454.1,252.1,496.8,438.4,518.6,539.6,516.1,167.5,667.5,328.6,592.3,168.6,224.5,561.1,166.4,0.0,260.7,601.3,477.0,466.9,632.2,329.2,516.9,457.3,207.2,239.7,546.1,210.0,69.0,322.7,566.1,652.3,371.9,325.4,631.1,487.2,332.9,429.2,235.3,483.6,364.0,176.4,174.9,134.8,342.7,392.2,218.4,501.3,271.1,382.7,534.2,538.0,405.4,494.5,235.3,281.3,172.6,108.6,218.6,454.5,362.9,222.4,174.0,188.3,463.8,338.7,537.6,111.2,244.7,344.2
PP,99.5,463.4,163.1,221.5,233.8,221.7,162.9,192.3,176.0,201.8,90.0,350.5,398.2,180.5,329.1,212.3,3239.2,136.3,131.6,317.3,407.1,113.3,199.8,401.4,327.8,192.9,223.1,152.1,103.3,418.3,327.8,162.1,156.3,239.2,384.2,228.8,167.7,240.2,170.4,408.2,173.8,306.1,141.1,368.5,151.4,383.3,139.4,129.8,229.7,405.2,54.2,169.9,220.1,117.2,370.5,200.7,369.8,390.8,240.2,263.0,541.2,68.8,466.0,303.9,168.9,416.4,192.0,223.5,0.0,475.0,328.2,340.6,440.6,180.4,368.1,552.7,189.3,184.1,270.2,60.7,228.9,85.0,411.4,509.3,245.6,71.7,504.8,241.0,95.2,280.4,179.7,207.7,126.8,115.2,160.7,130.5,81.9,265.9,313.9,314.9,10.4,256.4,407.9,407.2,144.6,278.5,330.7,122.1,154.7,204.1,81.5,157.9,102.1,161.1,156.1,143.4,187.9,189.9,261.7,184.2,215.9,195.4
PW,504.3,57.3,586.7,552.9,556.8,693.1,634.3,663.7,651.3,673.2,561.4,407.8,307.1,478.5,307.5,523.0,3293.6,611.6,554.1,274.8,155.5,584.7,537.9,259.8,215.1,532.6,506.6,623.5,396.9,288.6,655.3,633.5,627.7,631.4,115.3,537.3,639.1,523.7,641.8,266.6,391.5,518.0,542.0,226.9,573.9,241.7,610.8,530.7,495.7,252.1,525.6,489.2,691.5,592.5,296.3,569.0,343.6,365.3,563.2,602.9,66.1,401.9,95.1,696.1,640.3,274.8,663.4,694.9,471.3,0.0,306.6,268.9,280.0,305.9,181.6,746.7,660.7,655.5,593.2,532.1,704.2,556.4,269.8,369.3,417.5,398.7,62.1,538.0,565.0,321.7,651.2,530.7,598.2,590.5,632.1,601.9,482.8,260.1,641.4,410.6,460.9,432.2,117.1,298.1,545.5,753.8,524.7,593.5,626.1,596.3,552.9,501.6,503.0,632.5,627.5,614.8,510.9,292.5,584.7,655.6,687.3,287.0
PX,339.6,314.3,381.2,388.2,351.3,532.3,473.5,502.9,486.6,512.4,400.6,191.4,268.7,273.0,87.2,317.5,3255.2,446.9,348.6,144.5,280.1,423.9,332.4,221.4,147.8,371.8,301.1,462.7,236.1,248.6,494.5,435.5,466.9,470.6,257.2,376.5,478.3,318.2,481.0,228.2,230.7,357.2,411.4,188.5,368.4,203.3,450.0,426.6,334.9,225.2,364.8,283.7,493.5,427.8,243.5,363.5,87.7,148.9,357.7,429.7,414.2,241.1,226.1,535.3,479.5,236.4,502.6,534.1,310.5,348.0,0.0,213.6,260.6,141.2,188.1,585.9,499.9,494.7,387.7,371.3,539.5,369.6,231.4,329.3,296.8,237.9,355.7,328.8,359.5,160.9,490.3,325.2,445.9,425.8,471.3,441.1,390.4,125.6,480.6,194.2,300.1,307.6,280.9,259.7,412.0,551.9,363.9,432.7,465.3,435.5,392.1,296.1,342.2,471.7,466.7,454.0,305.4,131.7,379.2,494.8,526.5,126.2
PY,377.1,249.7,494.5,405.3,464.6,569.8,513.6,540.4,524.1,549.9,438.1,304.7,368.8,386.3,200.5,430.8,3308.7,484.4,461.9,123.8,193.4,461.4,445.7,321.5,217.2,388.9,414.4,500.2,273.6,346.1,511.6,510.2,504.4,487.7,170.5,393.6,515.8,431.5,521.1,328.3,283.1,374.3,418.7,286.0,481.7,300.8,487.5,407.4,352.0,311.2,402.3,397.0,568.2,465.3,68.0,476.8,240.5,262.2,471.0,459.2,327.5,278.6,252.3,552.4,517.0,333.9,540.1,501.8,348.0,265.4,203.5,0.0,358.1,193.6,240.7,603.0,537.4,532.2,501.0,408.8,507.2,433.1,328.9,426.8,258.0,275.4,291.1,445.8,472.8,236.6,527.9,438.5,474.9,465.9,508.8,478.6,359.5,129.8,497.7,307.5,337.6,268.8,194.2,357.2,422.2,626.6,381.0,470.2,502.8,452.6,429.6,409.4,379.7,509.2,504.2,491.5,418.7,199.0,492.5,465.0,564.0,193.5
QF,452.2,223.8,448.1,500.8,418.2,644.9,586.1,615.5,599.2,625.0,513.2,341.8,106.2,339.9,255.4,384.4,3092.7,559.5,415.5,226.6,203.7,536.5,399.3,127.0,106.2,484.4,368.0,575.3,348.7,86.1,607.1,502.4,579.5,583.2,174.7,489.1,590.9,385.1,593.6,58.5,343.3,469.8,478.3,65.0,435.3,50.2,562.6,493.5,447.5,129.9,477.4,350.6,560.4,540.4,347.8,430.4,296.1,317.1,424.6,542.3,324.3,353.7,226.4,647.9,592.1,73.9,615.2,646.7,423.1,271.6,258.4,317.9,0.0,253.8,97.6,698.5,612.5,607.3,454.6,483.9,652.1,436.5,68.9,166.8,409.4,350.5,265.2,395.7,426.4,273.5,602.9,392.1,512.8,538.4,583.9,553.7,457.3,211.9,593.2,306.2,412.7,420.2,224.5,97.2,478.9,618.8,476.5,545.3,577.9,548.1,504.7,363.0,454.8,584.3,579.3,566.6,372.3,244.3,446.1,607.4,639.1,238.8
QM,198.3,313.8,284.6,246.9,254.7,391.0,332.2,361.6,345.3,371.1,259.3,252.8,268.2,176.4,148.6,220.9,3115.0,305.6,252.0,130.4,293.7,282.6,235.8,220.9,147.3,230.5,204.5,321.4,94.8,248.1,353.2,331.4,325.6,329.3,264.7,235.2,337.0,221.6,339.7,227.7,89.4,215.9,239.9,188.0,271.8,202.8,308.7,228.6,193.6,224.7,223.5,187.1,389.4,286.5,233.3,266.9,188.6,210.3,261.1,288.4,414.3,99.8,225.6,394.0,338.2,235.9,361.3,392.8,169.2,361.6,147.7,203.4,260.1,0.0,187.6,444.6,358.6,353.4,291.1,230.0,398.2,254.3,230.9,328.8,155.5,96.6,355.2,232.2,262.9,99.9,349.1,228.6,296.1,284.5,330.0,299.8,180.7,115.7,339.3,255.6,158.8,166.3,219.3,259.2,243.4,447.8,222.6,291.4,324.0,294.2,250.8,199.5,200.9,330.4,325.4,312.7,208.8,9.4,282.6,353.5,385.2,14.9
QO,379.4,126.1,467.3,428.0,437.4,572.1,513.3,542.7,526.4,552.2,440.4,286.8,125.4,359.1,182.6,403.6,3111.9,486.7,434.7,153.8,106.0,463.7,418.5,78.1,33.4,411.6,387.2,502.5,275.9,105.3,534.3,512.5,506.7,510.4,77.0,416.3,518.1,404.3,520.8,84.9,270.5,397.0,421.0,45.2,454.5,60.0,489.8,409.7,374.7,81.9,404.6,369.8,570.5,467.6,275.0,449.6,223.3,244.3,443.8,469.5,226.6,280.9,128.7,575.1,519.3,93.1,542.4,573.9,350.3,173.9,185.6,245.1,117.3,181.0,0.0,625.7,539.7,534.5,473.8,411.1,579.3,455.7,88.1,186.0,336.6,277.7,167.5,414.9,445.6,200.7,530.1,411.3,477.2,465.6,511.1,480.9,361.8,139.1,520.4,325.4,339.9,347.4,126.8,116.4,424.5,628.9,403.7,472.5,505.1,475.3,431.9,382.2,382.0,511.5,506.5,493.8,391.5,171.5,465.3,534.6,566.3,166.0
QW,770.9,933.5,862.5,514.2,853.5,838.9,673.8,583.6,686.9,676.1,658.0,925.9,872.8,775.2,821.7,819.7,3705.0,702.2,869.8,787.4,877.2,679.2,834.6,894.0,820.4,545.4,803.3,718.0,667.4,892.9,588.8,857.3,632.9,644.2,854.3,576.8,583.5,820.4,655.1,900.8,687.7,572.4,812.5,861.1,875.4,875.9,756.6,801.2,524.1,897.8,689.4,785.9,912.1,707.7,840.6,865.7,861.7,883.4,859.9,536.4,1011.3,672.4,936.1,708.9,734.8,904.9,676.7,658.3,741.8,945.1,820.8,810.7,976.0,673.0,860.7,0.0,593.7,750.0,889.9,668.0,663.7,823.2,909.9,996.1,715.7,669.2,974.9,834.7,833.4,773.0,745.6,827.4,822.0,652.4,627.6,645.1,753.3,736.0,540.3,845.1,731.4,726.5,878.0,881.8,816.0,952.5,315.3,739.3,597.4,609.1,671.0,798.3,773.5,571.0,586.0,646.3,807.6,682.5,881.4,621.5,755.0,688.0
RD,311.1,675.0,355.3,275.0,422.3,331.7,270.0,58.4,283.1,272.3,150.8,539.0,589.9,369.0,540.7,400.8,3430.9,204.0,320.1,528.9,618.7,181.0,388.3,613.0,539.4,246.4,411.6,219.8,314.9,610.0,381.3,350.1,107.7,292.7,595.8,282.3,25.5,428.7,251.3,619.8,506.9,359.6,352.7,580.1,368.2,594.9,249.4,341.4,283.2,616.8,182.2,358.4,404.9,226.3,582.1,389.2,581.4,581.0,428.7,316.5,752.8,280.4,677.6,357.4,236.6,622.0,272.9,277.0,211.5,686.6,539.8,552.2,652.2,392.0,579.7,606.3,0.0,251.8,458.7,160.8,282.4,273.5,623.0,720.9,457.2,283.3,716.4,371.1,283.7,492.0,247.4,396.2,314.8,150.6,102.4,241.3,293.5,477.5,359.5,503.4,221.9,468.0,619.5,598.9,356.2,445.3,384.3,232.1,90.2,257.6,163.8,346.4,313.7,45.8,32.8,139.1,376.4,401.5,450.2,237.7,351.2,407.0
RI,325.0,669.2,358.6,205.5,436.2,335.0,98.5,224.7,87.7,155.8,136.1,552.9,608.5,382.9,554.6,414.7,3449.5,37.4,334.0,523.1,612.9,60.4,402.2,626.9,553.3,176.9,425.5,21.6,403.1,628.6,311.8,353.4,227.5,223.2,590.0,212.8,218.7,442.6,124.4,633.7,423.4,290.1,366.6,594.0,353.8,608.8,252.7,355.3,213.7,630.7,223.7,372.3,408.2,226.0,576.3,403.1,595.3,594.9,442.6,247.0,747.0,294.3,671.8,287.9,38.0,640.6,146.0,207.5,225.4,680.8,553.7,546.4,666.1,405.9,593.6,536.8,240.3,0.0,472.6,164.1,212.9,287.4,645.6,731.8,451.4,297.2,710.6,385.0,297.6,505.9,27.1,410.1,318.1,224.0,231.9,84.5,307.4,471.7,297.9,517.3,235.8,462.2,613.7,617.5,370.1,448.6,314.8,235.4,205.7,188.1,137.0,360.3,327.6,212.1,207.1,168.2,390.3,415.4,464.1,150.2,31.7,420.9
RL,267.1,603.0,202.8,490.0,54.7,408.1,431.4,460.8,444.5,470.3,358.5,309.6,360.5,139.6,311.6,171.4,3201.5,404.8,170.2,440.3,575.9,381.8,158.9,517.2,443.6,461.4,182.2,420.6,320.3,380.6,596.3,257.1,424.8,507.7,553.0,497.3,436.2,199.3,438.9,470.2,390.8,536.5,233.0,444.2,190.0,429.4,346.5,248.2,498.2,509.1,322.7,129.0,315.1,385.7,539.3,185.1,443.7,351.6,129.9,531.5,703.5,285.8,605.6,572.4,437.4,392.6,460.5,492.0,271.5,643.8,406.0,509.4,463.7,331.6,476.8,765.2,457.8,452.6,0.0,329.2,497.4,191.2,397.6,483.8,462.6,288.7,644.4,150.4,181.1,431.6,448.2,77.5,267.5,383.7,429.2,399.0,212.0,482.9,582.4,274.0,281.9,473.4,576.7,369.5,233.6,373.5,543.2,329.2,423.2,472.6,350.0,117.7,269.7,429.6,424.6,411.9,97.3,341.1,117.6,452.7,484.4,346.6
RP,183.5,547.4,227.7,174.0,294.7,204.1,115.4,126.2,128.5,154.3,55.6,411.4,462.3,241.4,413.1,273.2,3303.3,88.8,192.5,401.3,491.1,65.8,260.7,485.4,411.8,145.4,284.0,104.6,187.3,482.4,280.3,222.5,123.1,191.7,468.2,181.3,120.2,301.1,122.9,492.2,391.9,258.6,225.1,452.5,240.6,467.3,121.8,213.8,182.2,489.2,54.6,230.8,277.3,117.6,454.5,261.6,453.8,453.4,301.1,215.5,625.2,152.8,550.0,256.4,121.4,494.4,144.5,176.0,83.9,559.0,412.2,424.6,524.6,264.4,452.1,505.3,141.8,136.6,331.1,0.0,181.4,145.9,495.4,593.3,329.6,155.7,588.8,243.5,156.1,364.4,132.2,268.6,187.2,115.6,127.5,83.0,165.9,349.9,266.4,375.8,94.3,340.4,491.9,471.3,228.6,317.7,283.3,104.5,107.2,156.6,48.6,218.8,186.1,113.6,108.6,69.7,248.8,273.9,322.6,136.7,168.4,279.4
RU,375.7,605.1,419.9,141.4,525.1,396.3,178.9,221.9,192.0,181.2,233.1,597.5,544.4,446.8,493.3,491.3,3385.4,207.3,384.7,459.0,548.8,184.3,506.2,565.6,492.0,112.8,474.9,223.1,339.0,564.5,247.7,414.7,185.9,46.7,525.9,148.7,201.0,492.0,160.2,572.4,359.3,226.0,417.3,532.7,432.8,547.5,314.0,406.0,149.6,569.4,246.8,457.5,469.5,267.5,512.2,453.8,533.3,555.0,531.5,195.3,682.9,344.0,607.7,93.4,239.9,576.5,181.8,59.0,276.1,616.7,492.4,482.3,647.6,344.6,532.3,472.7,222.6,255.1,561.5,225.4,0.0,338.1,581.5,667.7,387.3,340.8,646.5,506.3,348.3,444.6,250.7,499.0,379.4,191.8,190.3,150.2,358.1,407.6,233.8,516.7,286.5,398.1,549.6,553.4,420.8,509.9,250.7,296.7,188.0,78.8,234.0,469.9,378.3,237.8,189.4,203.7,479.2,354.1,553.0,126.6,260.1,359.6
RZ,75.8,489.1,79.1,298.7,148.7,284.4,240.1,269.5,253.2,279.0,167.2,265.4,316.3,95.4,267.4,127.2,3157.3,213.5,46.5,343.0,432.8,190.5,114.7,427.1,353.5,270.1,138.0,229.3,129.0,336.4,405.0,133.4,233.5,316.4,409.9,306.0,244.9,155.1,247.6,426.0,199.5,349.7,117.4,394.2,66.3,385.2,159.6,106.1,306.9,430.9,131.4,84.8,191.4,194.4,396.2,115.6,395.5,307.4,155.1,340.2,566.9,94.5,491.7,381.1,246.1,348.4,269.2,300.7,80.2,500.7,353.9,366.3,419.5,206.1,393.8,578.4,266.5,261.3,185.1,137.9,306.1,0.0,353.4,439.6,271.3,97.4,530.5,97.5,10.1,306.1,256.9,122.6,76.2,192.4,237.9,207.7,20.7,291.6,391.1,229.8,90.6,282.1,433.6,325.3,120.9,249.8,356.4,142.3,231.9,281.3,158.7,72.8,78.4,238.3,233.3,220.6,102.8,215.6,176.6,261.4,293.1,221.1
SG,443.4,205.3,379.1,482.3,349.2,584.4,567.6,597.0,580.7,606.5,494.7,272.8,37.2,270.9,274.8,315.4,3023.7,541.0,346.5,208.1,185.2,518.0,330.3,108.5,87.7,465.9,299.0,556.8,330.2,17.1,588.6,433.4,561.0,564.7,156.2,470.6,572.4,316.1,575.1,72.5,324.8,451.3,409.3,46.5,366.3,31.7,522.8,424.5,429.0,111.4,458.9,281.6,491.4,521.9,329.3,361.4,277.6,314.8,355.6,523.8,305.8,335.2,207.9,629.4,573.6,5.0,596.7,628.2,404.6,253.1,239.9,299.4,66.0,235.3,79.1,680.0,594.0,588.8,385.6,465.4,633.6,367.5,0.0,97.8,390.9,332.0,246.7,326.7,357.4,255.0,584.4,323.1,443.8,519.9,565.4,535.2,388.3,193.4,574.7,237.2,394.2,401.7,206.0,28.2,409.9,549.8,458.0,505.5,559.4,529.6,486.2,294.0,446.0,565.8,560.8,548.1,303.3,225.8,377.1,588.9,620.6,220.3
SS,505.5,299.1,441.2,558.9,411.3,646.5,661.4,690.8,674.5,700.3,588.5,334.9,99.3,333.0,336.9,377.5,3085.8,634.8,408.6,301.9,279.0,611.8,392.4,202.3,181.5,542.5,361.1,650.6,424.0,79.2,665.2,495.5,654.8,641.3,250.0,547.2,666.2,378.2,668.9,166.3,418.6,527.9,471.4,140.3,428.4,125.5,584.9,486.6,505.6,194.6,552.7,343.7,553.5,615.7,423.1,423.5,370.7,376.9,417.7,600.4,399.6,429.0,301.7,706.0,667.4,88.7,690.5,655.4,509.9,346.9,333.7,393.2,159.8,323.0,172.9,756.6,687.8,682.6,447.7,559.2,660.8,429.6,93.7,0.0,467.5,425.8,340.5,392.5,419.5,348.8,680.3,385.2,505.9,613.7,659.2,629.0,450.4,287.2,651.3,299.3,488.0,478.3,299.8,90.3,472.0,611.9,534.6,567.6,653.2,606.2,580.0,356.1,508.1,659.6,654.6,641.9,365.4,332.5,439.2,618.6,714.4,314.1
ST,265.1,398.2,399.2,293.3,365.7,457.8,399.0,428.4,412.1,437.9,326.1,433.0,385.0,287.4,328.8,331.9,3226.0,372.4,367.7,252.1,341.9,349.4,346.8,398.7,325.1,276.9,315.5,388.2,161.6,405.1,399.6,398.2,392.4,375.7,319.0,281.6,403.8,332.6,406.5,405.5,199.9,262.3,306.7,365.8,387.5,380.6,375.5,295.4,240.0,402.5,290.3,298.1,456.2,353.3,305.3,377.9,368.8,390.5,372.1,347.2,476.0,166.6,400.8,440.4,405.0,417.1,428.1,389.8,236.0,409.8,331.8,275.4,437.9,194.9,389.2,491.0,425.4,420.2,402.1,296.8,395.2,321.1,422.1,506.6,0.0,163.4,439.6,346.9,331.3,315.9,415.9,339.6,362.9,351.3,396.8,366.6,247.5,200.7,385.7,435.8,225.6,124.4,342.7,394.0,310.2,514.6,269.0,358.2,390.8,340.6,317.6,310.5,267.7,397.2,392.2,379.5,319.8,226.9,393.6,353.0,452.0,221.4
SX,101.6,391.6,235.7,294.1,307.1,294.3,235.5,264.9,248.6,274.4,162.6,361.5,326.4,228.8,257.3,273.3,3167.4,208.9,204.2,245.5,335.3,185.9,272.4,329.6,256.0,265.5,256.9,224.7,31.5,346.5,400.4,234.7,228.9,311.8,312.4,301.4,240.3,274.0,243.0,336.4,102.0,252.2,143.2,296.7,224.0,311.5,212.0,131.9,302.3,333.4,126.8,239.5,292.7,189.8,298.7,273.3,298.0,319.0,313.5,335.6,469.4,3.1,394.2,376.5,241.5,344.6,264.6,296.1,72.5,403.2,256.4,268.8,368.8,108.6,296.3,480.9,261.9,256.7,343.5,133.3,301.5,157.6,339.6,437.5,173.8,0.0,433.0,284.6,167.8,208.6,252.3,281.0,199.4,187.8,233.3,203.1,84.0,194.1,386.5,364.3,62.1,184.6,336.1,335.4,146.7,351.1,258.9,194.7,227.3,276.7,154.1,251.9,104.2,233.7,228.7,216.0,261.2,118.1,335.0,256.8,288.5,123.6
TA,466.5,41.3,552.8,515.1,522.9,659.2,600.4,629.8,613.5,639.3,527.5,373.9,296.1,444.6,269.7,489.1,3282.6,573.8,520.2,240.9,139.5,550.8,504.0,248.8,204.1,498.7,472.7,589.6,363.0,276.0,621.4,599.6,593.8,597.5,110.5,503.4,605.2,489.8,607.9,255.6,357.6,484.1,508.1,215.9,540.0,230.7,576.9,496.8,461.8,252.6,491.7,455.3,657.6,554.7,321.5,535.1,310.4,331.4,529.3,556.6,84.5,368.0,81.3,662.2,606.4,263.8,629.5,661.0,437.4,62.6,272.7,291.6,217.8,268.1,170.6,712.8,626.8,621.6,559.3,498.2,666.4,522.5,258.8,356.7,423.7,364.8,0.0,500.4,531.1,287.8,617.2,496.8,564.3,552.7,598.2,568.0,448.9,226.2,607.5,376.7,427.0,434.5,157.5,287.1,511.6,716.0,490.8,559.6,592.2,562.4,519.0,467.7,469.1,598.6,593.6,580.9,477.0,258.6,550.8,621.7,653.4,253.1
TG,152.9,539.2,106.6,393.8,125.4,311.9,338.9,364.6,352.0,374.1,262.3,242.1,296.7,72.1,244.1,103.9,3134.0,312.3,74.0,372.8,527.9,285.6,91.4,449.7,376.1,365.2,114.7,324.4,224.1,313.1,500.1,160.9,328.6,411.5,505.0,401.1,340.0,131.8,346.4,402.7,294.6,444.8,100.5,376.7,93.8,361.9,250.3,115.7,402.0,442.0,226.5,61.5,218.9,289.5,491.3,92.3,375.5,284.1,131.8,447.7,662.0,189.6,538.1,476.2,341.2,325.1,364.3,395.8,175.3,599.9,338.5,463.9,396.2,304.9,409.3,673.5,361.6,356.4,161.8,233.0,401.2,95.0,330.1,416.3,370.1,192.5,576.9,0.0,84.9,401.2,352.1,99.3,171.3,291.2,333.0,302.8,115.8,386.7,486.2,206.5,185.7,377.2,528.7,302.0,101.1,281.0,451.5,233.0,327.0,376.4,253.8,49.5,146.1,333.4,328.4,315.7,79.5,310.7,153.3,356.5,388.2,316.2
TH,85.9,499.2,68.9,308.8,138.5,274.2,250.2,279.6,263.3,289.1,177.3,255.2,306.1,85.2,257.2,117.0,3147.1,223.6,36.3,353.1,442.9,200.6,104.5,437.2,363.6,280.2,127.8,239.4,139.1,326.2,415.1,123.2,243.6,326.5,420.0,316.1,255.0,144.9,257.7,415.8,209.6,359.8,127.5,389.8,56.1,375.0,212.6,116.2,317.0,441.0,141.5,74.6,181.2,204.5,406.3,105.4,389.3,297.2,144.9,350.3,577.0,104.6,501.8,391.2,256.2,338.2,279.3,310.8,90.3,510.8,351.6,376.4,409.3,216.2,403.9,588.5,276.6,271.4,174.9,148.0,316.2,10.0,343.2,429.4,281.4,107.5,540.6,87.3,0.0,316.2,267.0,112.4,86.3,202.5,248.0,217.8,30.8,301.7,401.2,219.6,100.7,292.2,443.7,315.1,131.0,239.6,366.5,195.3,242.0,291.4,168.8,62.6,88.5,248.4,243.4,230.7,92.6,225.7,166.4,271.5,303.2,231.2
TJ,286.5,377.7,372.8,335.1,342.9,479.2,420.4,449.8,433.5,459.3,347.5,280.7,296.1,264.6,176.5,309.1,3203.2,393.8,340.2,231.6,321.4,370.8,324.0,248.8,175.2,318.7,292.7,409.6,183.0,276.0,441.4,419.6,413.8,417.5,298.5,323.4,425.2,309.8,427.9,255.6,177.6,304.1,328.1,215.9,360.0,230.7,396.9,316.8,281.8,252.6,311.7,275.3,477.6,374.7,284.8,355.1,217.2,238.2,349.3,376.6,455.5,188.0,380.3,482.2,426.4,263.8,449.5,481.0,257.4,389.3,175.6,254.9,288.0,88.1,215.5,532.8,446.8,441.6,379.3,318.2,486.4,342.5,258.8,356.7,243.7,184.8,419.1,320.4,351.1,0.0,437.2,316.8,384.3,372.7,418.2,388.0,268.9,180.2,427.5,283.5,247.0,254.5,322.2,287.1,331.6,536.0,310.8,379.6,412.2,382.4,339.0,287.7,289.1,418.6,413.6,400.9,297.0,78.6,370.8,441.7,473.4,73.1
TO,340.4,684.6,374.6,220.9,452.2,351.0,125.2,240.7,109.9,171.8,152.1,568.9,624.5,398.9,570.6,430.7,3465.5,50.5,350.0,539.1,628.9,76.4,418.2,642.9,569.3,192.9,441.5,39.0,419.1,644.0,327.8,369.4,242.9,239.2,605.4,228.8,234.7,458.6,139.8,649.7,439.4,306.1,382.6,610.0,369.8,624.8,268.7,371.3,229.7,648.1,239.7,388.3,424.2,241.4,592.3,419.1,612.7,610.9,458.6,264.4,763.0,310.3,687.8,303.9,13.5,656.6,162.0,223.5,241.4,698.2,569.7,563.8,682.1,421.3,609.6,552.8,256.3,24.1,488.6,180.1,228.9,303.4,661.6,747.8,466.8,313.2,726.6,402.4,313.6,521.9,0.0,426.1,334.1,239.4,247.9,100.5,323.4,487.7,313.9,533.3,251.8,477.6,629.7,633.5,386.1,464.6,330.8,251.4,221.7,204.1,153.0,376.3,343.6,228.1,223.1,184.2,406.3,431.4,480.1,166.2,55.9,436.9
TU,189.5,525.4,125.2,412.4,26.0,330.5,353.8,383.2,366.9,392.7,280.9,232.0,282.9,62.0,234.0,93.8,3123.9,327.2,92.6,362.7,498.3,304.2,81.3,439.6,366.0,383.8,104.6,343.0,242.7,303.0,518.7,179.5,347.2,430.1,475.4,419.7,358.6,121.7,361.3,392.6,313.2,458.9,155.4,366.6,112.4,351.8,268.9,170.6,420.6,431.5,245.1,51.4,237.5,308.1,461.7,107.5,366.1,274.0,52.3,453.9,625.9,208.2,528.0,494.8,359.8,315.0,382.9,414.4,193.9,566.2,328.4,431.8,386.1,254.0,399.2,687.6,380.2,375.0,62.4,251.6,419.8,113.6,320.0,406.2,385.0,211.1,566.8,72.8,103.5,354.0,370.6,0.0,189.9,306.1,351.6,321.4,134.4,405.3,504.8,196.4,204.3,395.8,499.1,291.9,156.0,295.9,465.6,251.6,345.6,395.0,272.4,40.1,192.1,352.0,347.0,334.3,19.7,263.5,65.3,375.1,406.8,269.0
UE,119.9,533.2,54.9,328.3,204.1,186.2,269.7,280.5,282.8,308.6,209.9,320.8,371.7,150.8,322.8,182.6,3212.7,243.1,90.9,387.1,476.9,220.1,170.1,471.2,397.6,299.7,193.4,258.9,173.1,391.8,434.6,35.2,277.4,346.0,454.0,335.6,274.5,210.5,277.2,481.4,243.6,412.9,161.5,455.4,67.8,440.6,102.3,150.2,336.5,475.0,179.0,140.2,93.2,242.0,440.3,171.0,454.9,362.8,210.5,369.8,611.0,138.6,535.8,410.7,275.7,403.8,298.8,330.3,121.1,544.8,417.2,410.4,474.9,250.2,488.0,659.6,296.1,290.9,240.5,167.5,335.7,55.3,408.8,495.0,315.4,141.5,574.6,152.9,65.5,350.2,286.5,178.0,0.0,240.0,281.8,237.3,64.8,335.7,420.7,285.2,131.5,326.2,477.7,380.7,165.0,151.6,437.6,85.0,261.5,310.9,202.9,128.2,122.5,267.9,262.9,224.0,158.2,259.7,232.0,291.0,322.7,265.2
UR,222.1,586.0,262.6,151.3,333.3,290.8,146.3,77.0,159.4,148.6,109.9,450.0,500.9,280.0,451.7,311.8,3341.9,174.7,231.1,439.9,529.7,151.7,299.3,524.0,450.4,122.7,322.6,190.5,225.9,521.0,257.6,261.6,41.0,169.0,506.8,158.6,115.5,339.7,127.6,530.8,369.2,235.9,263.7,491.1,250.9,505.9,208.5,252.4,159.5,516.3,69.5,269.4,364.0,75.6,493.1,300.2,491.7,492.0,339.7,192.8,663.8,191.4,588.6,233.7,207.3,533.0,149.2,153.3,122.5,601.7,450.8,465.7,563.2,303.0,490.7,482.6,138.1,222.5,369.7,119.9,158.7,184.5,534.0,631.9,368.2,194.3,627.4,282.1,194.7,403.0,218.1,307.2,226.3,0.0,45.4,117.6,204.5,388.5,243.7,414.4,132.9,379.0,530.5,509.9,267.2,404.4,260.6,191.2,102.5,133.9,122.9,257.4,224.7,92.9,104.9,59.1,287.4,312.5,361.2,114.0,227.5,318.0
UW,270.3,634.2,335.6,172.5,381.5,312.0,167.5,31.5,180.6,169.8,131.1,498.2,575.5,328.2,499.9,360.0,3416.5,195.9,279.3,488.1,577.9,172.9,347.5,572.2,498.6,143.9,370.8,211.7,274.1,595.6,278.8,330.4,5.3,190.2,555.0,179.8,102.3,387.9,148.8,579.0,390.4,257.1,311.9,539.3,299.1,554.1,229.7,300.6,180.7,576.0,162.5,317.6,385.2,123.8,541.3,348.4,540.6,540.2,387.9,214.0,712.0,239.6,636.8,254.9,228.5,607.6,170.4,174.5,170.7,645.8,499.0,511.4,611.4,351.2,538.9,503.8,92.6,243.7,417.9,141.1,179.9,232.7,612.6,698.8,416.4,242.5,675.6,330.3,242.9,451.2,239.3,355.4,295.1,48.1,0.0,138.8,252.7,436.7,264.9,462.6,181.1,427.2,578.7,584.5,315.4,425.6,281.8,212.4,88.8,155.1,144.1,305.6,272.9,47.4,59.4,107.3,335.6,360.7,409.4,135.2,248.7,366.2
UZ,271.7,584.6,305.3,120.9,382.9,281.7,32.3,178.9,45.4,71.2,82.8,499.6,523.9,329.6,472.8,361.4,3364.9,57.0,280.7,438.5,528.3,34.0,348.9,545.1,471.5,92.3,372.2,72.8,318.5,544.0,227.2,300.1,142.9,138.6,505.4,128.2,165.4,389.3,39.8,551.9,338.8,205.5,313.3,512.2,300.5,527.0,199.4,302.0,129.1,548.9,170.4,319.0,354.9,172.7,491.7,349.8,513.5,534.5,389.3,162.4,662.4,241.0,587.2,203.3,89.6,556.0,61.4,122.9,172.1,596.2,471.9,461.8,627.1,324.1,511.8,452.2,187.0,104.8,419.3,110.8,128.3,234.1,561.0,647.2,366.8,243.9,626.0,331.7,244.3,424.1,100.4,356.8,264.8,170.7,147.3,0.0,254.1,387.1,213.3,464.0,182.5,377.6,529.1,532.9,316.8,395.3,230.2,182.1,152.4,103.5,83.7,307.0,274.3,158.8,153.8,114.9,337.0,333.6,410.8,65.6,113.5,339.1
VJ,55.0,468.3,114.3,302.6,183.9,263.8,244.0,273.4,257.1,282.9,171.1,300.6,351.5,130.6,334.0,162.4,3192.5,217.4,81.7,322.2,412.0,194.4,149.9,406.3,332.7,274.0,173.2,233.2,108.2,371.6,408.9,115.4,237.4,320.3,389.1,309.9,248.8,190.3,251.5,413.1,178.7,328.9,96.6,373.4,101.5,388.2,163.5,85.3,310.8,410.1,135.3,120.0,173.4,198.3,375.4,150.8,374.7,342.6,190.3,344.1,546.1,73.7,470.9,385.0,250.0,421.3,273.1,304.6,84.1,479.9,333.1,345.5,445.5,185.3,373.0,557.6,270.4,265.2,220.3,141.8,310.0,35.1,416.3,514.2,250.5,76.6,509.7,196.5,45.3,285.3,260.8,157.8,80.1,196.3,241.8,211.6,0.0,270.8,395.0,265.0,94.5,261.3,412.8,360.5,100.1,231.8,335.6,146.2,235.8,285.2,162.6,108.0,57.6,242.2,237.2,224.5,138.0,194.8,211.8,265.3,297.0,200.3
VO,293.8,254.6,380.1,342.4,350.2,486.5,427.7,457.1,440.8,466.6,354.8,229.8,245.2,271.9,125.6,316.4,3210.5,401.1,347.5,58.9,198.3,378.1,331.3,197.9,124.3,326.0,300.0,416.9,190.3,225.1,448.7,426.9,421.1,424.8,175.4,330.7,432.5,317.1,435.2,204.7,184.9,311.4,335.4,165.0,367.3,179.8,404.2,324.1,289.1,201.7,319.0,282.6,484.9,382.0,161.7,362.4,166.3,187.3,356.6,383.9,332.4,195.3,257.2,489.5,433.7,212.9,456.8,488.3,264.7,266.2,128.6,131.8,237.1,95.4,164.6,540.1,454.1,448.9,386.6,325.5,493.7,349.8,207.9,305.8,205.3,192.1,296.0,327.7,358.4,115.1,444.5,324.1,391.6,380.0,425.5,395.3,276.2,0.0,434.8,232.6,254.3,216.1,199.1,236.2,338.9,543.3,318.1,386.9,419.5,389.7,346.3,295.0,296.4,425.9,420.9,408.2,304.3,85.9,378.1,449.0,480.7,80.4
VQ,420.6,583.2,489.3,88.7,503.2,465.7,248.3,291.3,261.4,250.6,302.5,575.6,522.5,424.9,471.4,469.4,3363.5,276.7,454.1,437.1,526.9,253.7,484.3,543.7,470.1,119.9,453.0,292.5,317.1,542.6,163.3,484.1,255.3,218.7,504.0,151.3,270.4,470.1,229.6,550.5,337.4,228.6,462.2,510.8,502.2,525.6,383.4,450.9,152.2,547.5,316.2,435.6,538.9,336.9,490.3,515.4,512.1,533.1,509.6,98.5,661.0,322.1,585.8,283.4,309.3,554.6,251.2,232.8,391.5,594.8,470.5,460.4,625.7,322.7,510.4,475.3,292.0,324.5,539.6,294.8,238.2,407.5,559.6,645.8,365.4,318.9,624.6,480.7,417.7,422.7,320.1,477.1,448.8,261.2,259.7,219.6,403.0,385.7,0.0,494.8,381.1,376.2,527.7,531.5,465.7,579.3,253.3,366.1,257.4,183.6,303.4,448.0,423.2,307.2,258.8,273.1,457.3,332.2,531.1,196.0,329.5,337.7
VR,300.4,395.0,236.1,387.7,206.2,441.4,464.7,494.1,477.8,503.6,391.8,94.5,236.6,127.9,96.5,172.4,3077.6,438.1,203.5,225.2,360.8,415.1,187.3,302.1,228.5,371.3,156.0,453.9,274.0,256.7,494.0,290.4,458.1,470.1,337.9,376.0,469.5,173.1,472.2,308.9,337.7,356.7,266.3,269.2,223.3,284.0,379.8,281.5,334.4,305.9,356.0,138.6,348.4,419.0,324.2,218.4,228.6,136.5,212.6,429.2,494.9,319.1,306.8,534.8,470.7,268.7,493.8,484.2,304.8,428.7,190.9,294.3,341.3,151.8,268.8,585.4,491.1,485.9,242.6,362.5,489.6,224.5,312.1,410.0,296.3,275.8,436.4,183.7,214.4,251.8,481.5,180.1,300.8,417.0,462.5,432.3,245.3,206.3,480.1,0.0,315.2,307.1,361.6,245.6,266.9,406.8,363.4,362.5,456.5,435.0,383.3,151.0,303.0,462.9,457.9,445.2,160.3,161.3,234.1,447.4,517.7,166.8
VS,89.1,453.0,164.3,231.9,235.0,232.1,173.3,202.7,186.4,212.2,100.4,351.7,387.8,181.7,318.7,213.5,3228.8,146.7,132.8,306.9,396.7,123.7,201.0,391.0,317.4,203.3,224.3,162.5,92.9,407.9,338.2,163.3,166.7,249.6,373.8,239.2,178.1,241.4,180.8,397.8,163.4,316.5,130.7,358.1,152.6,372.9,149.8,119.4,240.1,394.8,64.6,171.1,221.3,127.6,360.1,201.9,359.4,380.4,241.4,273.4,530.8,58.4,455.6,314.3,179.3,406.0,202.4,233.9,10.4,464.6,317.8,330.2,430.2,170.0,357.7,542.3,199.7,194.5,271.4,71.1,239.3,86.2,401.0,498.9,235.2,61.3,494.4,230.6,96.4,270.0,190.1,208.9,128.0,125.6,171.1,140.9,71.5,255.5,324.3,316.1,0.0,246.0,397.5,396.8,134.2,279.7,320.3,132.5,165.1,214.5,91.9,159.1,91.7,171.5,166.5,153.8,189.1,179.5,262.9,194.6,226.3,185.0
VW,250.6,383.7,384.7,278.8,351.2,443.3,384.5,413.9,397.6,423.4,311.6,418.5,370.5,272.9,314.3,317.4,3211.5,357.9,353.2,237.6,327.4,334.9,332.3,384.2,310.6,262.4,301.0,373.7,147.1,390.6,385.1,383.7,377.9,361.2,304.5,267.1,389.3,318.1,392.0,391.0,185.4,247.8,292.2,351.3,373.0,366.1,361.0,280.9,225.5,376.5,275.8,283.6,441.7,338.8,290.8,363.4,354.3,376.0,357.6,320.3,461.5,152.1,386.3,425.9,390.5,402.6,413.6,375.3,221.5,395.3,317.3,260.9,423.4,180.4,374.7,476.5,410.9,405.7,387.6,282.3,380.7,306.6,407.6,492.1,119.1,148.9,425.1,328.7,316.8,301.4,401.3,325.1,348.4,336.8,382.3,352.1,233.0,186.2,371.2,421.3,211.1,0.0,328.2,379.5,295.7,500.1,254.5,343.7,376.3,326.1,303.1,296.0,253.2,382.7,377.7,365.0,305.3,212.4,379.1,338.5,437.5,206.9
WB,409.0,115.2,495.3,457.6,465.4,601.7,542.9,572.3,556.0,581.8,470.0,316.4,231.7,387.1,212.2,431.6,3218.2,516.3,462.7,183.4,40.9,493.3,446.5,184.4,139.7,441.2,415.2,532.1,305.5,211.6,563.9,542.1,536.3,540.0,36.0,445.9,547.7,432.3,550.4,191.2,300.1,426.6,450.6,151.5,482.5,166.3,519.4,439.3,404.3,176.7,434.2,397.8,600.1,497.2,240.9,477.6,252.2,273.9,471.8,499.1,175.0,310.5,110.4,604.7,548.9,199.4,572.0,603.5,379.9,108.8,215.2,211.0,223.6,210.6,106.2,655.3,569.3,564.1,501.8,440.7,608.9,465.0,194.4,292.3,366.2,307.3,156.6,442.9,473.6,230.3,559.7,439.3,506.8,495.2,540.7,510.5,391.4,168.7,550.0,319.2,369.5,377.0,0.0,222.7,454.1,658.5,433.3,502.1,534.7,504.9,461.5,410.2,411.6,541.1,536.1,523.4,419.5,201.1,493.3,564.2,595.9,195.6
WJ,415.1,233.4,350.8,468.5,320.9,556.1,595.7,625.1,608.8,634.6,522.8,244.5,8.9,242.6,246.5,287.1,2995.4,569.1,318.2,236.2,213.3,546.1,302.0,136.6,115.8,452.1,270.7,584.9,358.3,11.0,574.8,405.1,589.1,550.9,184.3,456.8,600.5,287.8,603.2,100.6,352.9,437.5,381.0,74.6,338.0,59.8,494.5,396.2,415.2,139.5,487.0,253.3,463.1,550.0,357.4,333.1,305.7,286.5,327.3,510.0,333.9,363.3,236.0,615.6,601.7,23.0,624.8,565.0,419.5,281.2,268.0,327.5,94.1,232.6,107.2,666.2,622.1,616.9,357.3,493.5,570.4,339.2,28.0,114.2,377.1,360.1,274.8,298.4,329.1,283.1,612.5,294.8,415.5,548.0,593.5,563.3,360.0,221.5,560.9,208.9,422.3,387.9,234.1,0.0,381.6,521.5,444.2,477.2,587.5,515.8,514.3,265.7,417.7,593.9,588.9,576.2,275.0,242.1,348.8,528.2,648.7,247.6
WN,48.2,527.8,143.5,376.4,208.6,348.8,317.8,347.2,330.9,356.7,244.9,325.3,376.2,155.3,327.3,187.1,3217.2,291.2,110.9,381.7,471.5,268.2,174.6,465.8,392.2,347.8,197.9,307.0,167.7,396.3,482.7,197.8,311.2,394.1,448.6,383.7,322.6,215.0,325.3,472.6,238.2,388.4,3.4,432.9,130.7,447.7,265.4,14.7,384.6,469.6,209.1,144.7,255.8,272.1,434.9,175.5,434.2,367.3,215.0,417.9,605.6,133.2,530.4,458.8,323.8,408.3,346.9,378.4,186.0,539.4,392.6,405.0,505.0,244.8,432.5,617.1,344.2,339.0,245.0,215.6,383.8,105.7,413.3,499.5,310.0,136.1,569.2,96.3,95.6,344.8,334.6,182.5,182.0,270.1,315.6,285.4,116.9,330.3,468.8,289.7,144.4,320.8,472.3,385.2,0.0,314.2,395.1,248.1,309.6,359.0,236.4,132.7,45.1,316.0,311.0,298.3,162.7,254.3,236.5,339.1,370.8,259.8
WR,251.6,664.9,149.9,441.8,304.3,201.9,383.2,394.0,396.3,422.1,323.4,421.0,471.9,251.0,423.0,282.8,3312.9,356.6,185.9,551.7,608.6,333.6,270.3,628.6,555.0,413.2,293.6,372.4,304.8,492.0,548.1,96.3,390.9,459.5,585.7,449.1,388.0,310.7,390.7,581.6,375.3,526.4,291.6,555.6,162.8,540.8,233.8,281.9,450.0,620.9,292.5,240.4,126.9,355.5,572.0,271.2,554.4,463.0,310.7,483.3,742.7,270.3,667.5,524.2,389.2,504.0,412.3,443.8,252.8,680.6,517.4,544.6,575.1,381.9,588.2,773.1,409.6,404.4,340.7,281.0,449.2,187.0,509.0,595.2,447.1,273.2,706.3,256.8,197.2,481.9,400.0,278.2,131.6,353.5,395.3,350.8,196.5,467.4,534.2,385.4,263.2,457.9,609.4,480.9,295.1,0.0,551.1,216.5,375.0,424.4,316.4,228.4,254.2,381.4,376.4,337.5,258.4,391.4,332.2,404.5,436.2,396.9
WT,542.8,705.4,634.4,286.1,625.4,610.8,445.7,355.5,458.8,448.0,429.9,697.8,644.7,547.1,593.6,591.6,3476.9,474.1,641.7,559.3,649.1,451.1,606.5,665.9,592.3,317.3,575.2,489.9,439.3,664.8,360.7,629.2,404.8,416.1,626.2,348.7,355.4,592.3,427.0,672.7,459.6,344.3,584.4,633.0,647.3,647.8,528.5,573.1,296.0,669.7,461.3,557.8,684.0,479.6,612.5,637.6,634.3,655.3,631.8,295.9,783.2,444.3,708.0,480.8,506.7,676.8,448.6,430.2,513.7,717.0,592.7,582.6,747.9,444.9,632.6,320.5,365.6,521.9,661.8,439.9,435.6,595.1,681.8,768.0,487.6,441.1,746.8,602.9,605.3,544.9,517.5,599.3,593.9,424.3,399.5,417.0,525.2,507.9,312.2,617.0,503.3,498.4,649.9,653.7,587.9,724.4,0.0,511.2,369.3,381.0,442.9,570.2,545.4,342.9,357.9,418.2,579.5,454.4,653.3,393.4,526.9,459.9
WY,223.2,587.1,123.5,263.6,277.9,117.9,205.0,215.8,218.1,243.9,145.2,394.6,445.5,224.6,396.6,256.4,3286.5,178.4,159.5,441.0,530.8,155.4,243.9,525.1,451.5,235.0,267.2,194.2,227.0,465.6,369.9,118.3,212.7,281.3,507.9,270.9,209.8,284.3,212.5,531.9,297.5,348.2,264.8,492.2,136.4,507.0,17.2,253.5,271.8,528.9,114.3,214.0,176.3,177.3,494.2,244.8,493.5,436.6,284.3,305.1,664.9,192.5,589.7,346.0,211.0,477.6,234.1,265.6,123.6,598.7,451.9,464.3,548.7,304.1,491.8,594.9,231.4,226.2,314.3,102.8,271.0,141.9,482.6,568.8,369.3,195.4,628.5,226.7,152.1,404.1,221.8,251.8,83.0,175.3,217.1,172.6,151.4,389.6,356.0,359.0,134.0,380.1,531.6,454.5,268.3,231.5,372.9,0.0,196.8,246.2,138.2,202.0,225.8,203.2,198.2,159.3,232.0,313.6,305.8,226.3,258.0,319.1
XI,272.7,636.6,316.9,171.8,383.9,293.3,166.8,50.8,179.9,169.1,112.4,500.6,551.5,330.6,502.3,362.4,3392.5,165.6,281.7,490.5,580.3,142.6,349.9,574.6,501.0,143.2,373.2,181.4,276.5,571.6,278.1,311.7,100.1,189.5,557.4,179.1,44.8,390.3,148.1,581.4,389.7,256.4,314.3,541.7,329.8,556.5,211.0,303.0,180.0,578.4,143.8,320.0,366.5,182.5,543.7,350.8,543.0,542.6,390.3,213.3,714.4,242.0,639.2,254.2,198.2,583.6,169.7,173.8,173.1,648.2,501.4,513.8,613.8,353.6,541.3,503.1,66.4,213.4,420.3,122.4,179.2,235.1,584.6,682.5,418.8,244.9,678.0,332.7,245.3,453.6,209.0,357.8,276.4,106.8,94.8,138.1,255.1,439.1,351.7,465.0,183.5,429.6,581.1,560.5,317.8,406.9,281.1,193.7,0.0,154.4,125.4,308.0,275.3,38.2,33.2,100.7,338.0,363.1,411.8,134.5,245.2,368.6
XJ,391.3,553.9,398.5,90.2,473.9,374.9,157.5,200.5,170.6,159.8,211.7,546.3,493.2,395.6,442.1,440.1,3334.2,185.9,363.3,407.8,497.6,162.9,455.0,514.4,440.8,61.6,423.7,201.7,287.8,513.3,196.5,393.3,164.5,35.0,474.7,97.5,179.6,440.8,138.8,521.2,308.1,174.8,432.9,481.5,411.4,496.3,292.6,421.6,98.4,518.2,225.4,406.3,448.1,246.1,461.0,486.1,482.8,503.8,480.3,131.7,631.7,292.8,556.5,99.7,218.5,525.3,160.4,95.6,254.7,565.5,441.2,431.1,596.4,293.4,481.1,421.5,201.2,233.7,510.3,204.0,82.8,316.7,530.3,616.5,336.1,289.6,595.3,451.4,326.9,393.4,229.3,447.8,358.0,170.4,168.9,128.8,373.7,356.4,182.6,465.5,351.8,346.9,498.4,502.2,436.4,488.5,199.5,275.3,166.6,0.0,212.6,418.7,393.9,216.4,168.0,182.3,428.0,302.9,501.8,105.2,238.7,308.4
XP,187.9,551.8,228.4,173.0,299.1,254.1,84.4,189.4,97.5,123.3,100.8,415.8,466.7,245.8,417.5,277.6,3307.7,57.8,196.9,405.7,495.5,34.8,265.1,489.8,416.2,144.4,288.4,73.6,191.7,486.8,279.3,227.4,188.7,190.7,472.6,180.3,183.4,305.5,91.9,496.6,262.2,257.6,229.5,456.9,216.7,471.7,171.8,218.2,181.2,493.6,86.6,235.2,285.4,149.6,458.9,266.0,458.2,457.8,305.5,214.5,629.6,157.2,554.4,255.4,90.4,498.8,113.5,175.0,88.3,563.4,416.6,429.0,529.0,268.8,456.5,504.3,205.0,105.6,335.5,93.1,180.4,150.3,499.8,597.7,334.0,160.1,593.2,247.9,160.5,368.8,101.2,273.0,192.1,147.6,193.1,52.0,170.3,354.3,265.4,380.2,98.7,344.8,496.3,475.7,233.0,343.8,282.3,154.5,170.4,155.6,0.0,223.2,190.5,176.8,171.8,175.8,253.2,278.3,327.0,117.7,137.4,283.8
XW,149.3,485.9,85.0,372.2,75.8,290.3,313.6,343.0,326.7,352.5,240.7,192.5,243.4,22.5,194.5,54.3,3084.4,287.0,52.4,323.2,458.8,264.0,41.8,400.1,326.5,343.6,65.1,302.8,202.5,263.5,478.5,139.3,307.0,389.9,435.9,379.5,318.4,82.2,321.1,353.1,273.0,419.4,115.2,327.1,72.2,312.3,228.7,130.4,380.4,392.0,204.9,11.9,197.3,267.9,422.2,67.3,326.6,234.5,82.2,413.7,586.4,168.0,488.5,454.6,319.6,275.5,342.7,374.2,153.7,526.7,288.9,392.3,346.6,214.5,359.7,648.1,340.0,334.8,112.2,211.4,379.6,73.4,280.5,366.7,344.8,170.9,527.3,32.6,63.3,314.5,330.4,49.7,149.7,265.9,311.4,281.2,94.2,304.3,464.6,156.9,164.1,355.6,459.6,252.4,115.8,255.7,426.1,211.4,305.4,354.8,232.2,0.0,151.9,311.8,306.8,294.1,29.9,224.0,103.7,334.9,366.6,229.5
XY,3.0,482.6,162.9,331.2,232.5,335.6,272.6,302.0,285.7,311.5,199.7,349.2,417.4,179.2,348.3,211.0,3258.4,246.0,130.3,336.5,426.3,223.0,198.5,420.6,347.0,302.6,221.8,261.8,122.5,437.5,437.5,187.2,266.0,348.9,403.4,338.5,277.4,238.9,280.1,427.4,193.0,343.2,38.9,387.7,150.1,402.5,235.3,27.6,339.4,424.4,163.9,168.6,245.2,226.9,389.7,199.4,389.0,410.0,238.9,372.7,560.4,88.0,485.2,413.6,278.6,435.6,301.7,333.2,109.6,494.2,347.4,359.8,459.8,199.6,387.3,571.9,299.0,293.8,268.9,170.4,338.6,125.1,430.6,528.5,264.8,90.9,524.0,138.8,115.0,299.6,289.4,206.4,151.9,224.9,270.4,240.2,71.7,285.1,423.6,313.6,99.2,275.6,427.1,426.4,42.4,303.6,349.9,218.0,264.4,313.8,191.2,156.6,0.0,270.8,265.8,253.1,186.6,209.1,260.4,293.9,325.6,214.6
YJ,262.2,626.1,306.4,161.3,373.4,282.8,156.3,12.6,169.4,158.6,101.9,490.1,541.0,320.1,491.8,351.9,3382.0,155.1,271.2,480.0,569.8,132.1,339.4,564.1,490.5,132.7,362.7,170.9,266.0,561.1,267.6,301.2,61.8,179.0,546.9,168.6,54.8,379.8,137.6,570.9,379.2,245.9,303.8,531.2,319.3,546.0,200.5,292.5,169.5,567.9,133.3,309.5,356.0,172.0,533.2,340.3,532.5,532.1,379.8,202.8,703.9,231.5,628.7,243.7,187.7,573.1,159.2,163.3,162.6,637.7,490.9,503.3,603.3,343.1,530.8,492.6,45.1,202.9,409.8,111.9,168.7,224.6,574.1,672.0,408.3,234.4,667.5,322.2,234.8,443.1,198.5,347.3,265.9,96.3,56.5,127.6,244.6,428.6,253.7,454.5,173.0,419.1,570.6,550.0,307.3,396.4,270.6,183.2,41.3,143.9,114.9,297.5,264.8,0.0,11.9,90.2,327.5,352.6,401.3,124.0,234.7,358.1
YS,278.2,642.1,322.4,242.1,389.4,298.8,237.1,25.5,250.2,239.4,117.9,506.1,557.0,336.1,507.8,367.9,3398.0,171.1,287.2,496.0,585.8,148.1,355.4,580.1,506.5,213.5,378.7,186.9,282.0,577.1,348.4,317.2,74.8,259.8,562.9,249.4,37.5,395.8,218.4,586.9,460.0,326.7,319.8,547.2,335.3,562.0,216.5,308.5,250.3,583.9,149.3,325.5,372.0,193.4,549.2,356.3,548.5,548.1,395.8,283.6,719.9,247.5,644.7,324.5,203.7,589.1,240.0,244.1,178.6,653.7,506.9,519.3,619.3,359.1,546.8,573.4,33.1,218.9,425.8,127.9,249.5,240.6,590.1,688.0,424.3,250.4,683.5,338.2,250.8,459.1,214.5,363.3,281.9,117.7,69.5,208.4,260.6,444.6,344.4,470.5,189.0,435.1,586.6,566.0,323.3,412.4,351.4,199.2,57.3,224.7,130.9,313.5,280.8,12.9,0.0,106.2,343.5,368.6,417.3,204.8,318.3,374.1
YU,216.0,579.9,260.2,202.2,327.2,236.6,135.5,127.9,148.6,199.5,55.7,443.9,494.8,273.9,445.6,305.7,3335.8,108.9,225.0,433.8,523.6,85.9,293.2,517.9,444.3,173.6,316.5,124.7,219.8,514.9,308.5,255.0,91.9,219.9,500.7,209.5,114.5,333.6,178.5,524.7,290.3,286.8,257.6,485.0,273.1,499.8,154.3,246.3,210.4,521.7,87.1,263.3,309.8,115.5,487.0,294.1,486.3,485.9,333.6,243.7,657.7,185.3,582.5,284.6,141.5,526.9,200.1,204.2,116.4,591.5,444.7,457.1,557.1,296.9,484.6,533.5,136.1,156.7,363.6,65.7,209.6,178.4,527.9,625.8,362.1,188.2,621.3,276.0,188.6,396.9,152.3,301.1,219.7,50.8,96.3,103.1,198.4,382.4,294.6,408.3,126.8,372.9,524.4,503.8,261.1,350.2,311.5,137.0,101.5,184.8,68.7,251.3,218.6,143.8,102.9,0.0,281.3,306.4,355.1,164.9,188.5,311.9
ZE,169.7,505.6,105.4,392.6,45.8,310.7,334.0,363.4,347.1,372.9,261.1,212.2,263.1,42.2,214.2,74.0,3104.1,307.4,72.8,342.9,478.5,284.4,61.5,419.8,346.2,364.0,84.8,323.2,222.9,283.2,498.9,159.7,327.4,410.3,455.6,399.9,338.8,101.9,341.5,372.8,293.4,439.1,135.6,346.8,92.6,332.0,249.1,150.8,400.8,411.7,225.3,31.6,217.7,288.3,441.9,87.7,346.3,254.2,52.2,434.1,606.1,188.4,508.2,475.0,340.0,295.2,363.1,394.6,174.1,546.4,308.6,412.0,366.3,234.2,379.4,667.8,360.4,355.2,82.2,231.8,400.0,93.8,300.2,386.4,365.2,191.3,547.0,53.0,83.7,334.2,350.8,19.7,170.1,286.3,331.8,301.6,114.6,385.5,485.0,176.6,184.5,376.0,479.3,272.1,136.2,276.1,445.8,231.8,325.8,375.2,252.6,20.3,172.3,332.2,327.2,314.5,0.0,243.7,73.7,355.3,387.0,249.2
ZF,207.8,311.0,294.1,256.4,264.2,400.5,341.7,371.1,354.8,380.6,268.8,243.3,258.7,185.9,139.1,230.4,3124.5,315.1,261.5,164.9,254.7,292.1,245.3,211.4,137.8,240.0,214.0,330.9,104.3,238.6,362.7,340.9,335.1,338.8,231.8,244.7,346.5,231.1,349.2,218.2,98.9,225.4,249.4,178.5,281.3,193.3,318.2,238.1,203.1,215.2,233.0,196.6,398.9,296.0,218.1,276.4,179.8,200.8,270.6,297.9,388.8,109.3,216.1,403.5,347.7,226.4,370.8,402.3,178.7,322.6,138.2,188.2,250.6,9.4,178.1,454.1,368.1,362.9,300.6,239.5,407.7,263.8,221.4,319.3,165.0,106.1,352.4,241.7,272.4,90.4,358.5,238.1,305.6,294.0,339.5,309.3,190.2,113.5,348.8,246.1,168.3,175.8,255.5,249.7,252.9,457.3,232.1,300.9,333.5,303.7,260.3,209.0,210.4,339.9,334.9,322.2,218.3,0.0,292.1,363.0,394.7,5.4
ZQ,233.5,569.4,169.2,456.4,66.1,374.5,397.8,427.2,410.9,436.7,324.9,276.0,326.9,106.0,278.0,137.8,3167.9,371.2,136.6,406.7,542.3,348.2,125.3,483.6,410.0,427.8,148.6,387.0,286.7,347.0,562.7,223.5,391.2,474.1,519.4,463.7,402.6,165.7,405.3,436.6,357.2,502.9,199.4,410.6,156.4,395.8,312.9,214.6,464.6,475.5,289.1,95.4,281.5,352.1,505.7,151.5,409.4,318.0,21.4,497.9,669.9,252.2,572.0,538.8,403.8,359.0,426.9,458.4,237.9,610.2,372.4,475.8,430.1,298.0,443.2,731.6,424.2,419.0,102.5,295.6,463.8,157.6,364.0,450.2,429.0,255.1,610.8,120.5,147.5,398.0,416.7,45.3,233.9,350.1,395.6,365.4,178.4,449.3,548.8,240.4,248.3,439.8,543.1,335.9,200.0,339.9,509.6,295.6,389.6,439.0,316.4,84.1,236.1,396.0,391.0,378.3,63.7,307.5,0.0,419.1,450.8,313.0
ZV,324.1,602.3,368.3,138.6,522.3,344.7,133.6,170.3,146.7,135.9,187.8,552.0,541.6,444.0,490.5,413.8,3382.6,162.0,333.1,456.2,546.0,139.0,401.3,562.8,489.2,110.0,424.6,177.8,336.2,561.7,244.9,363.1,134.3,156.3,523.1,145.9,149.4,441.7,114.9,569.6,356.5,223.2,365.7,529.9,381.2,544.7,262.4,354.4,146.8,566.6,195.2,371.4,417.9,215.9,509.4,402.2,531.2,552.2,528.7,180.1,680.1,341.2,604.9,221.0,194.6,573.7,136.5,140.6,224.5,613.9,489.6,479.5,644.8,341.8,529.5,469.9,171.0,209.8,558.7,173.8,146.0,286.5,578.7,664.9,384.5,338.0,643.7,499.8,296.7,441.8,205.4,496.2,327.8,140.2,138.7,104.9,306.5,404.8,231.0,516.4,234.9,395.3,546.8,550.6,369.2,458.3,247.9,245.1,136.4,121.2,188.7,359.4,326.7,186.2,137.8,152.1,476.4,351.3,550.2,0.0,214.8,356.8
ZX,362.0,666.4,395.6,202.7,473.2,372.0,66.8,260.7,56.0,153.0,173.1,589.9,605.7,419.9,554.6,451.7,3446.7,74.4,371.0,520.3,610.1,97.4,439.2,626.9,553.3,174.1,462.5,58.6,400.3,625.8,309.0,390.4,224.7,220.4,587.2,210.0,239.8,479.6,121.6,633.7,420.6,287.3,403.6,594.0,390.8,608.8,289.7,392.3,210.9,630.7,260.7,409.3,445.2,263.0,573.5,440.1,595.3,616.3,479.6,244.2,744.2,331.3,669.0,285.1,75.0,637.8,143.2,204.7,262.4,678.0,553.7,543.6,708.9,405.9,593.6,534.0,261.4,36.9,509.6,201.1,210.1,324.4,642.8,729.0,448.6,334.2,707.8,422.0,334.6,505.9,64.1,447.1,355.1,230.6,229.1,105.4,344.4,468.9,295.1,554.3,272.8,459.4,610.9,614.7,407.1,485.6,312.0,272.4,226.8,185.3,174.0,397.3,364.6,276.6,228.2,205.2,427.3,415.4,501.1,147.4,0.0,420.9
ZY,213.3,298.8,299.6,261.9,269.7,406.0,347.2,376.6,360.3,386.1,274.3,237.8,253.2,191.4,133.6,235.9,3130.0,320.6,267.0,115.4,260.2,297.6,250.8,205.9,132.3,245.5,219.5,336.4,109.8,233.1,368.2,346.4,340.6,344.3,237.3,250.2,352.0,236.6,354.7,212.7,104.4,230.9,254.9,173.0,286.8,187.8,323.7,243.6,208.6,209.7,238.5,202.1,404.4,301.5,223.6,281.9,174.3,195.3,276.1,303.4,394.3,114.8,210.6,409.0,353.2,220.9,376.3,407.8,184.2,328.1,132.7,193.7,245.1,14.9,172.6,459.6,373.6,368.4,306.1,245.0,413.2,269.3,215.9,313.8,170.5,111.6,340.2,247.2,277.9,84.9,364.0,243.6,311.1,299.5,345.0,314.8,195.7,119.0,354.3,240.6,173.8,181.3,261.0,244.2,258.4,462.8,237.6,306.4,339.0,309.2,265.8,214.5,215.9,345.4,340.4,327.7,223.8,5.4,297.6,368.5,400.2,0.0
