from_stop,AI,BC,BF,BK,BN,BS,BW,BZ,CE,CG,CS,CV,DE,DM,DN,DO,DR,DS,EB,EM,EN,EQ,ER,EX,EZ,FC,FD,FE,FI,FO,GY,HE,HH,HS,ID,IK,JA,JI,JJ,JR,JZ,KC,KK,KR,KS,KT,KW,LK,LT,LX,MA,MO,NC,ND,NE,NH,NI,NK,NO,NZ,OA,OD,OI,OR,OX,PE,PG,PN,QC,QF,QI,QJ,QN,QS,QV,RG,RY,SB,SE,SK,SL,SM,SQ,SX,TC,TP,TU,TZ,UH,UL,UQ,US,UZ,VT,VV,VZ,WC,WH,WK,WQ,XJ,XM,XP,XQ,XX,YE,YQ,YU,ZO,ZX
AI,0.0,197.1,35.4,169.2,205.2,264.4,175.0,263.1,160.3,297.5,227.1,88.1,380.3,95.0,4.3,252.6,272.8,220.4,287.1,199.7,297.9,116.2,210.1,245.3,86.6,223.3,69.2,46.7,257.3,242.4,325.4,133.7,124.7,233.3,188.4,131.2,189.5,221.6,248.1,141.0,137.6,70.6,257.5,233.5,236.5,181.6,42.0,153.0,172.4,97.3,286.3,284.0,270.5,138.1,195.1,157.6,86.9,208.6,7.0,185.1,238.2,230.3,191.5,30.3,184.0,772.1,50.3,42.3,214.0,259.6,226.2,49.7,154.3,219.6,188.0,195.9,254.9,103.1,204.4,280.9,19.3,217.7,179.7,349.2,263.2,201.8,276.5,301.4,24.7,279.9,245.1,192.6,260.6,253.4,212.7,184.6,264.8,261.5,246.3,206.6,241.1,118.3,90.4,191.6,184.7,111.5,210.4,183.2,103.8,208.3
BC,293.7,0.0,280.7,40.0,388.7,155.7,381.1,319.5,366.0,343.5,376.4,310.7,353.5,282.2,289.0,109.4,194.7,293.6,334.6,304.2,266.4,259.8,326.8,136.6,318.4,123.5,298.8,343.0,114.1,329.0,214.5,342.0,265.3,332.8,312.5,337.3,391.3,243.0,377.9,288.7,277.1,318.7,375.2,127.4,396.7,334.7,285.1,329.2,359.5,280.9,175.4,345.8,161.8,186.9,209.0,325.8,332.3,65.4,340.2,336.7,356.1,130.5,266.9,320.0,335.3,870.6,305.1,307.7,374.2,116.3,342.9,305.5,241.0,170.6,364.2,328.4,383.1,309.8,104.6,324.7,331.0,353.6,301.6,404.2,389.2,223.2,412.7,192.7,326.2,289.7,354.3,332.6,309.9,362.3,234.1,203.8,162.9,372.6,103.1,356.7,93.7,305.4,320.0,213.0,206.1,321.6,67.8,316.1,331.2,296.3
BF,234.5,160.2,0.0,133.7,321.0,228.9,302.6,378.9,273.5,413.3,344.6,194.7,314.6,166.2,238.9,217.1,270.1,336.2,402.9,315.5,232.2,146.0,325.9,209.8,202.4,187.8,185.0,227.0,221.8,358.2,289.9,249.5,240.5,352.6,304.2,247.0,305.3,186.1,363.9,256.8,163.3,202.7,373.3,198.0,352.3,297.4,6.6,268.8,288.2,164.9,250.8,399.8,235.0,130.0,154.3,273.4,216.3,173.1,226.4,300.9,354.0,194.8,307.3,204.0,299.8,736.6,189.1,193.9,329.8,224.1,342.0,189.5,267.8,184.1,303.8,312.5,370.7,193.8,168.9,396.7,215.0,333.5,295.5,467.2,389.8,166.3,389.8,265.9,210.2,253.0,360.9,313.3,376.4,369.2,177.2,149.1,229.3,377.3,210.8,322.4,201.4,234.1,211.4,156.1,149.2,204.0,177.7,299.0,219.6,324.1
BK,253.6,27.8,240.6,0.0,352.2,129.6,343.2,279.4,328.5,303.4,332.8,248.4,313.4,242.1,248.9,83.3,138.0,255.7,294.5,266.3,231.0,221.9,286.7,110.5,278.3,83.4,260.9,298.7,88.0,288.9,190.6,301.9,225.2,298.6,272.4,299.4,351.2,202.9,337.1,248.6,239.2,278.6,335.1,101.3,356.6,294.6,247.2,289.1,319.4,240.8,151.5,307.9,135.7,119.4,176.4,285.7,292.2,39.3,302.3,296.6,318.2,90.4,226.8,281.7,268.0,830.5,265.0,269.8,334.1,90.3,302.8,265.4,199.8,132.7,324.1,290.5,343.0,269.7,64.5,286.8,290.9,315.7,263.7,364.1,351.3,183.1,372.3,166.6,286.1,251.8,316.1,287.6,269.8,324.4,194.0,165.9,139.0,332.5,77.0,319.6,71.8,267.5,282.1,172.9,166.0,279.9,41.1,278.2,291.1,256.2
BN,194.8,342.1,178.7,315.6,0.0,410.8,104.6,210.7,87.3,214.4,189.5,215.7,386.1,187.2,190.1,399.0,448.9,193.8,234.7,144.2,302.1,200.0,157.7,388.6,112.7,369.7,128.8,202.8,400.6,190.0,468.7,55.3,130.1,184.4,132.1,75.7,137.1,326.8,196.4,153.5,200.0,227.2,205.1,379.9,150.4,95.5,185.3,66.9,28.1,222.0,429.6,228.5,416.9,311.9,336.2,71.5,243.5,355.0,201.9,132.7,152.1,376.7,168.0,170.6,176.9,918.5,158.8,160.5,127.9,405.9,173.8,156.1,160.1,362.9,135.6,144.3,202.5,250.9,347.7,194.7,184.7,131.5,120.3,299.0,210.8,378.4,218.5,444.7,179.9,224.4,190.8,111.4,177.5,201.0,356.0,358.1,408.1,209.1,392.7,117.5,383.3,154.4,137.9,338.0,331.1,178.6,356.5,97.1,131.3,155.9
BS,360.3,173.0,347.3,139.1,458.9,0.0,449.9,386.1,435.2,410.1,439.5,355.1,420.1,348.8,355.6,102.9,57.8,362.4,401.2,373.0,337.7,328.6,393.4,55.9,385.0,156.7,367.6,405.4,55.1,395.6,110.4,408.6,331.9,405.3,379.1,406.1,457.9,247.2,443.8,355.3,345.9,385.3,441.8,91.4,463.3,401.3,353.9,395.8,426.1,347.5,71.3,414.6,55.5,226.1,283.1,392.4,398.9,91.3,409.0,403.3,424.9,149.7,333.5,388.4,374.7,932.1,371.7,376.5,440.8,121.7,409.5,372.1,306.5,154.1,430.8,397.2,449.7,376.4,203.7,393.5,397.6,422.4,370.4,470.8,458.0,247.8,479.0,86.4,392.8,358.5,422.8,394.3,376.5,431.1,300.7,230.6,52.6,439.2,193.7,426.3,137.2,374.2,394.0,279.6,272.7,386.6,155.7,384.9,397.8,362.9
BW,168.3,341.9,181.6,315.4,115.3,410.6,0.0,186.9,12.7,214.2,160.6,165.2,372.8,151.3,172.7,398.8,451.8,196.7,205.3,131.4,290.4,167.2,132.2,391.5,76.8,369.5,96.0,171.1,403.5,174.1,487.6,47.4,129.9,165.0,131.9,62.9,83.6,310.4,179.8,153.3,167.2,191.3,189.2,379.7,150.2,95.3,188.2,66.7,86.1,186.1,432.5,215.7,444.7,290.3,342.0,71.3,207.6,354.8,160.2,116.8,151.9,376.5,167.8,137.8,176.7,918.3,122.9,127.7,127.7,405.8,111.5,123.3,144.5,365.8,119.7,128.4,132.8,215.0,350.6,197.6,148.8,134.4,123.2,283.1,124.5,362.0,181.7,447.6,144.0,211.6,169.9,111.2,177.3,161.6,364.9,344.8,411.0,153.5,392.5,120.3,387.3,129.9,102.0,343.8,336.9,141.1,359.4,96.9,95.4,140.0
BZ,177.8,271.1,164.8,243.2,188.5,338.4,194.0,0.0,179.3,61.6,69.7,266.0,357.8,272.9,173.1,326.6,346.8,179.9,52.7,71.4,275.4,255.5,91.8,319.3,186.2,297.3,205.4,224.6,331.3,65.1,399.4,144.7,167.4,74.8,169.5,142.5,153.3,295.4,105.7,190.8,272.8,248.5,93.3,307.5,130.4,121.0,171.4,125.4,155.7,274.4,360.3,66.1,344.5,212.1,269.1,122.0,264.8,282.6,184.9,87.7,189.5,304.3,151.0,208.2,187.1,792.7,228.2,220.2,107.9,333.6,107.9,227.6,142.0,293.6,107.4,78.4,97.5,281.0,278.4,45.0,197.2,62.1,160.8,131.8,105.8,275.8,138.8,375.4,202.6,67.9,92.3,94.4,24.7,100.6,286.7,258.6,338.8,108.7,320.3,143.3,315.1,191.8,225.6,265.6,258.7,250.5,284.4,105.5,204.8,61.3
CE,155.5,329.1,168.8,302.6,102.5,397.8,17.2,174.1,0.0,201.4,160.5,167.0,357.4,138.5,159.9,386.0,436.4,181.3,192.5,116.0,272.9,154.4,146.9,376.1,64.0,356.7,80.6,154.1,388.1,161.3,472.2,34.6,117.1,155.7,119.1,50.1,65.5,297.6,167.7,140.5,154.4,178.5,176.4,366.9,137.4,82.5,172.8,53.9,73.3,173.3,417.1,200.3,429.3,304.9,329.2,58.5,194.8,339.4,144.8,104.0,136.5,363.7,155.0,122.4,163.9,905.5,110.1,112.3,114.9,392.9,126.2,107.9,131.7,353.0,106.9,112.2,147.5,202.2,337.8,184.8,136.0,121.6,107.8,267.7,139.2,349.2,196.4,432.2,131.2,196.2,186.5,98.4,164.5,176.3,352.1,329.4,395.6,168.2,379.7,104.5,370.3,114.5,89.2,331.0,324.1,129.9,344.0,81.5,82.6,127.2
CG,241.6,334.9,228.6,307.0,203.1,402.2,208.6,68.9,193.9,0.0,102.3,281.8,441.2,275.5,236.9,390.4,410.6,243.7,8.6,86.0,358.8,319.3,106.4,383.1,201.0,361.1,220.2,288.4,395.1,40.8,457.0,159.3,182.1,50.5,184.1,157.3,168.1,378.8,43.1,205.5,291.4,312.3,30.7,371.3,145.0,165.5,235.2,140.0,170.3,338.2,424.1,23.5,408.3,275.9,332.9,136.6,328.6,346.4,248.7,102.3,204.1,368.1,214.8,272.0,201.7,856.5,247.1,251.9,122.5,397.4,122.5,247.5,205.8,357.4,122.0,93.2,130.1,344.8,342.2,16.6,261.0,76.7,175.4,70.1,138.4,379.0,76.2,439.2,266.4,63.6,68.0,109.0,35.7,76.3,350.5,361.8,402.6,84.4,384.1,163.8,378.9,206.4,240.2,329.4,322.5,265.3,348.2,120.1,219.6,75.9
CS,219.6,337.4,232.5,310.9,184.6,406.1,137.8,67.6,120.7,112.9,0.0,231.1,425.8,202.6,224.0,394.3,449.0,262.4,104.0,73.1,337.0,218.3,48.7,401.8,128.1,365.0,162.1,218.2,400.7,64.9,434.4,116.7,168.5,59.3,200.8,99.2,95.2,361.7,71.3,184.8,218.3,242.6,80.0,375.2,161.7,164.6,240.8,136.0,155.4,237.4,486.8,117.2,441.0,307.2,331.5,153.3,258.9,352.0,226.3,81.3,235.6,372.0,218.7,203.9,245.6,860.4,174.2,193.8,139.2,401.2,64.8,176.3,195.8,361.3,68.1,35.1,27.7,266.3,360.9,96.3,200.1,108.2,192.1,194.4,34.3,406.1,67.1,444.8,195.3,104.1,72.3,119.9,76.0,64.0,354.4,388.9,408.2,55.7,388.0,183.6,378.6,196.0,160.2,333.3,326.4,194.0,354.9,136.8,146.7,66.9
CV,86.1,281.0,120.7,255.4,186.9,350.6,160.3,248.4,145.6,282.8,227.2,0.0,365.6,6.9,90.5,338.8,384.2,205.7,272.4,216.5,278.5,78.3,195.4,329.2,71.9,309.5,54.5,54.4,342.6,227.7,423.5,119.0,110.0,222.1,173.7,148.0,174.8,303.2,234.1,126.3,80.1,33.6,242.8,319.7,221.8,166.9,128.2,138.3,157.7,60.3,416.5,277.8,349.1,222.1,277.9,142.9,49.9,292.5,70.4,170.4,226.1,316.5,176.8,73.5,196.5,858.3,58.6,94.9,199.3,345.7,211.5,90.5,137.3,298.2,173.3,212.7,240.2,66.1,288.3,297.7,81.5,234.5,196.5,336.7,248.5,258.4,290.8,385.7,79.7,296.7,228.5,182.8,245.9,241.3,269.3,272.7,350.1,246.8,332.5,188.9,323.1,112.1,75.7,248.2,241.3,75.1,291.8,168.5,89.1,193.6
DE,280.0,371.9,267.0,345.4,313.6,476.6,325.7,211.1,308.4,235.1,264.3,359.7,0.0,375.1,275.3,505.9,476.1,282.1,226.2,198.0,385.3,357.7,218.4,499.2,315.8,399.5,335.0,322.6,462.3,220.6,457.8,273.4,269.6,224.4,310.1,272.1,282.9,379.2,268.8,293.0,406.2,350.7,266.8,498.6,271.0,223.2,273.6,254.1,284.4,376.6,455.5,239.6,414.9,393.6,391.2,250.7,367.0,498.5,287.1,228.3,330.1,406.5,253.2,312.2,339.6,894.9,330.4,322.4,248.5,528.9,234.5,329.8,244.2,395.8,255.8,222.2,274.7,383.2,380.6,218.5,299.4,202.7,301.4,298.0,283.0,379.8,306.5,451.5,304.8,183.5,245.9,229.2,201.5,256.1,403.8,362.6,527.7,264.2,422.5,237.8,493.6,311.9,341.0,402.6,395.7,380.1,389.4,246.1,334.4,187.9
DM,92.4,289.6,127.9,261.7,183.6,356.9,153.4,241.5,138.7,275.9,205.5,6.2,358.7,0.0,96.8,345.1,365.3,198.8,265.5,178.1,276.3,85.5,188.5,337.8,65.0,315.8,47.6,56.5,349.8,220.8,385.1,112.1,103.1,211.7,166.8,109.6,167.9,296.3,226.5,119.4,64.7,39.9,235.9,326.0,214.9,160.0,134.5,131.4,150.8,66.6,382.8,262.4,342.2,187.8,244.8,136.0,56.2,301.1,84.3,163.5,216.6,322.8,169.9,68.4,162.4,864.6,51.7,56.5,192.4,352.1,204.6,52.1,132.7,312.1,166.4,174.3,233.3,72.4,296.9,259.3,77.6,196.1,158.1,327.6,241.6,251.5,254.9,378.8,72.8,258.3,223.5,171.0,239.0,231.8,262.4,234.3,357.3,239.9,338.8,185.0,333.6,96.7,74.0,241.3,234.4,66.6,302.9,161.6,82.2,186.7
DN,4.6,192.7,31.0,164.8,209.9,260.0,179.7,267.8,165.0,302.2,231.8,92.8,385.0,99.7,0.0,248.2,268.4,225.1,291.8,204.4,302.6,120.9,214.8,240.9,91.3,218.9,73.9,51.4,252.9,247.1,321.0,138.4,129.4,238.0,193.1,135.9,194.2,217.2,252.8,145.7,142.3,75.3,262.2,229.1,241.2,186.3,37.6,157.7,177.1,102.0,281.9,288.7,266.1,133.7,190.7,162.3,91.6,204.2,11.7,189.8,242.9,225.9,196.2,35.0,188.7,767.7,55.0,47.0,218.7,255.2,230.9,54.4,159.0,215.2,192.7,200.6,259.6,107.8,200.0,285.6,24.0,222.4,184.4,353.9,267.9,197.4,281.2,297.0,29.4,284.6,249.8,197.3,265.3,258.1,208.3,180.2,260.4,266.2,241.9,211.3,236.7,123.0,100.3,187.2,180.3,116.2,206.0,187.9,108.5,213.0
DO,348.8,129.0,335.8,95.1,447.4,87.3,438.4,374.6,423.7,398.6,428.0,343.6,408.6,337.3,344.1,0.0,91.5,350.9,389.7,361.5,326.2,317.1,381.9,109.9,373.5,178.6,356.1,393.9,73.0,384.1,144.1,397.1,320.4,393.8,367.6,394.6,446.4,231.5,432.3,343.8,334.4,373.8,430.3,109.3,451.8,389.8,342.4,384.3,414.6,336.0,105.0,403.1,89.2,214.6,271.6,380.9,387.4,93.2,397.5,391.8,413.4,167.6,322.0,376.9,363.2,950.0,360.2,365.0,429.3,58.1,398.0,360.6,295.0,219.9,419.3,385.7,438.2,364.9,159.7,382.0,386.1,410.9,358.9,459.3,446.5,232.1,467.5,120.1,381.3,347.0,411.3,382.8,365.0,419.6,289.2,214.9,138.4,427.7,149.7,414.8,80.0,362.7,377.3,268.1,261.2,375.1,111.7,373.4,386.3,351.4
DR,388.3,199.6,375.3,167.1,483.3,34.5,477.9,414.1,460.6,438.1,467.5,390.7,448.1,376.8,383.6,137.5,0.0,390.4,429.2,401.0,361.0,356.6,421.4,57.8,413.0,184.7,395.6,433.4,84.6,423.6,120.7,436.6,359.9,427.4,407.1,434.1,485.9,257.5,471.8,383.3,373.9,413.3,469.8,133.3,491.3,429.3,381.9,423.8,454.1,375.5,81.6,442.6,65.8,281.5,269.5,420.4,426.9,119.3,437.0,431.3,452.9,177.7,361.5,414.6,429.9,960.1,399.7,404.5,468.8,151.2,437.5,400.1,334.5,156.0,458.8,425.2,477.7,404.4,231.7,421.5,425.6,450.4,398.4,501.0,486.0,258.1,509.5,80.5,420.8,386.5,448.9,422.3,404.5,459.1,282.1,240.9,54.5,467.2,221.7,451.3,162.5,402.2,416.8,307.6,300.7,416.2,186.5,412.9,425.8,390.9
DS,251.9,400.6,238.9,372.7,457.2,467.9,427.0,515.1,409.7,549.5,480.8,331.6,553.6,347.0,247.2,456.1,509.1,0.0,539.1,451.7,466.5,368.2,462.1,448.8,338.6,426.8,321.2,298.7,460.8,494.4,528.9,385.7,376.7,485.3,440.4,383.2,441.5,425.1,500.1,393.0,389.6,322.6,509.5,437.0,488.5,433.6,245.5,405.0,424.4,349.3,489.8,536.0,474.0,369.0,393.3,409.6,338.9,412.1,259.0,437.1,490.2,433.8,225.1,284.1,436.0,975.6,302.3,294.3,466.0,463.0,478.2,301.7,404.0,423.1,440.0,448.7,506.9,355.1,407.9,532.9,271.3,469.7,431.7,603.4,515.2,405.3,526.0,504.9,276.7,531.9,497.1,449.5,512.6,505.4,416.2,388.1,468.3,513.5,449.8,458.6,440.4,370.3,347.6,395.1,388.2,363.5,416.7,435.2,355.8,460.3
EB,232.9,326.2,219.9,298.3,194.4,393.5,199.9,60.2,185.2,8.8,93.6,273.1,432.5,266.8,228.2,381.7,401.9,235.0,0.0,77.3,350.1,310.6,97.7,374.4,192.3,352.4,211.5,279.7,386.4,32.1,485.0,150.6,173.4,41.8,175.4,148.6,159.4,370.1,52.9,196.8,282.7,303.6,40.5,362.6,136.3,156.8,226.5,131.3,161.6,329.5,415.4,13.3,399.6,267.2,324.2,127.9,319.9,337.7,240.0,93.6,195.4,359.4,206.1,263.3,193.0,847.8,238.4,243.2,113.8,388.7,113.8,238.8,197.1,348.7,113.3,84.5,121.4,336.1,333.5,7.9,252.3,68.0,166.7,79.0,129.7,330.9,86.0,430.5,257.7,54.9,59.3,100.3,27.0,67.6,341.8,313.7,393.9,75.7,375.4,155.1,370.2,197.7,225.3,320.7,313.8,256.6,339.5,111.4,210.9,67.2
EM,187.9,281.2,174.9,253.3,163.2,348.5,127.6,68.8,112.9,96.1,57.0,200.8,367.9,192.2,183.2,336.7,389.7,190.0,87.2,0.0,280.8,208.1,20.3,329.4,117.7,307.4,136.9,234.7,341.4,70.6,425.7,123.0,145.8,65.0,147.8,74.0,84.8,347.1,76.3,169.2,208.1,258.6,85.7,317.6,108.7,131.1,181.5,103.7,134.0,227.0,370.4,112.2,382.8,249.6,273.9,100.3,274.9,292.7,195.0,66.0,167.8,314.4,161.1,178.7,192.6,802.8,163.8,168.6,86.2,343.6,36.4,164.2,152.1,303.7,57.7,24.9,76.6,255.9,288.5,79.5,207.3,40.4,139.1,179.6,84.9,347.7,112.8,419.4,212.7,108.1,73.3,72.7,59.2,94.7,296.8,330.5,348.9,86.6,330.4,112.3,321.0,170.1,148.1,275.7,268.8,182.0,297.3,83.8,136.3,8.6
EN,298.8,398.8,261.1,364.2,342.7,495.4,319.8,229.9,336.5,253.9,290.0,393.7,228.0,393.9,294.1,524.7,494.9,300.9,245.0,216.8,0.0,376.5,237.2,524.7,334.6,418.3,353.8,352.3,456.4,239.4,483.3,292.2,288.4,245.4,328.9,297.6,301.7,398.0,294.3,311.8,400.3,369.5,285.6,517.4,289.8,242.0,267.7,272.9,303.2,395.4,481.0,265.1,409.0,398.8,416.7,269.5,385.8,492.6,312.6,247.1,355.6,425.3,272.0,331.0,337.9,913.7,349.2,347.9,267.3,554.4,253.3,323.9,269.7,414.6,274.6,241.8,293.5,402.0,399.4,212.6,318.2,196.8,320.2,323.5,277.1,398.6,325.3,477.0,323.6,209.0,273.3,260.5,220.3,281.6,422.6,388.1,553.2,283.0,441.3,263.3,523.3,337.4,359.8,421.4,414.5,405.6,408.2,264.9,353.2,206.7
EQ,111.9,242.1,147.4,215.6,194.8,310.8,168.2,256.3,153.5,290.7,220.1,72.1,373.5,43.6,116.3,299.0,352.0,213.6,280.3,192.9,297.8,0.0,203.3,291.7,79.8,269.7,62.4,80.6,303.7,235.6,363.8,126.9,117.9,232.0,181.6,124.4,182.7,311.1,241.3,134.2,40.7,56.6,250.7,279.9,229.7,174.8,154.0,146.2,165.6,18.8,361.5,277.2,320.9,193.9,218.2,150.8,70.2,255.0,103.8,178.3,231.4,276.7,184.7,81.4,177.2,818.5,66.5,71.3,207.2,305.9,219.4,66.9,145.2,266.0,181.2,189.9,248.1,47.7,250.8,274.1,92.4,210.9,172.9,344.6,256.4,230.2,267.2,357.5,87.6,273.1,236.4,185.8,253.8,246.6,241.1,213.0,311.2,254.7,292.7,196.8,283.3,111.5,88.8,220.0,213.1,81.4,259.6,176.4,97.0,201.5
ER,210.3,303.6,197.3,275.7,189.2,370.9,120.0,91.2,105.3,118.5,64.3,190.9,406.1,184.6,205.6,359.1,379.3,212.4,109.6,22.3,323.7,200.5,0.0,351.8,110.1,329.8,129.3,204.4,363.8,83.0,448.1,98.7,150.5,73.9,170.2,66.4,77.2,343.7,88.7,191.6,200.5,224.6,98.1,340.0,131.1,153.5,203.9,126.1,156.4,219.4,392.8,123.0,405.2,244.6,301.6,122.7,240.9,315.1,193.5,63.3,190.2,336.8,183.5,172.9,187.8,825.2,156.2,161.0,108.6,366.1,16.0,156.6,174.5,326.1,50.1,36.5,56.2,248.3,310.9,101.9,182.1,62.8,161.5,188.7,64.5,370.1,89.9,441.8,177.3,120.5,82.6,95.1,81.6,74.3,319.2,352.9,371.3,66.2,352.8,131.6,347.6,163.2,140.5,298.1,291.2,174.4,316.9,106.2,128.7,30.9
EX,340.1,152.8,327.1,118.9,435.1,70.9,429.7,365.9,412.4,389.9,419.1,337.2,399.9,328.6,335.4,124.4,65.1,342.2,381.0,352.8,312.8,308.4,373.2,0.0,364.8,136.5,347.4,385.2,68.0,375.4,131.9,388.4,311.7,385.1,358.9,385.9,437.7,268.7,424.3,335.1,325.7,365.1,421.6,71.2,443.1,381.1,333.7,375.6,405.9,327.3,136.8,394.4,77.0,233.3,257.6,372.2,378.7,71.1,388.8,383.1,404.7,129.5,313.3,366.4,354.5,911.9,351.5,356.3,420.6,134.5,389.3,351.9,286.3,129.9,410.6,377.8,429.5,356.2,183.5,373.3,377.4,402.2,350.2,452.8,437.8,269.3,461.3,107.9,372.6,338.3,400.7,379.0,356.3,410.9,280.5,252.1,28.4,419.0,173.5,403.1,129.5,354.0,368.6,259.4,252.5,368.0,138.3,364.7,377.6,342.7
EZ,91.4,280.3,118.6,252.4,118.5,347.6,88.3,176.4,73.6,210.8,140.4,80.7,293.6,74.4,95.8,335.8,356.0,133.7,200.4,113.0,211.2,90.3,123.4,328.5,0.0,306.5,19.1,94.2,340.5,155.7,410.7,47.0,38.0,146.6,101.7,44.5,102.8,231.2,161.4,54.3,90.3,114.4,170.8,316.7,149.8,94.9,125.2,66.3,85.7,109.2,369.5,197.3,367.8,213.4,270.4,70.9,130.7,291.8,83.3,98.4,151.5,313.5,104.8,62.7,97.3,855.3,46.0,50.8,127.3,342.8,139.5,46.4,67.6,302.8,101.3,109.2,168.2,138.1,287.6,194.2,71.9,131.0,93.0,262.5,176.5,282.8,189.8,404.4,67.1,193.2,158.4,105.9,173.9,166.7,306.8,265.6,348.0,174.8,329.5,119.9,324.3,53.0,25.1,266.9,260.0,64.2,293.6,96.5,18.5,121.6
FC,279.6,111.8,266.6,83.9,378.2,213.6,369.2,305.4,354.5,329.4,358.8,274.4,339.4,268.1,274.9,167.3,222.0,281.7,320.5,292.3,257.0,247.9,312.7,194.5,304.3,0.0,286.9,324.7,172.0,314.9,274.6,327.9,251.2,324.6,298.4,325.4,377.2,228.9,363.1,274.6,265.2,304.6,361.1,185.3,382.6,320.6,273.2,315.1,345.4,266.8,235.5,333.9,219.7,145.4,202.4,311.7,318.2,123.3,328.3,322.6,344.2,7.0,252.8,307.7,294.0,856.5,291.0,295.8,360.1,174.3,328.8,291.4,225.8,207.3,350.1,316.5,369.0,295.7,79.3,312.8,316.9,341.7,289.7,390.1,377.3,209.1,398.3,250.6,312.1,277.8,342.1,313.6,295.8,350.4,220.0,191.9,223.0,358.5,161.0,345.6,155.8,293.5,313.3,198.9,192.0,305.9,125.1,304.2,317.1,282.2
FD,72.2,268.0,107.7,241.5,132.3,336.7,105.7,193.8,88.4,228.2,172.6,69.1,311.0,55.2,76.6,324.9,377.9,151.1,217.8,130.4,223.9,71.1,140.8,317.6,17.3,295.6,0.0,75.0,329.6,173.1,391.5,64.4,55.4,164.0,119.1,61.9,120.2,248.6,178.8,71.7,71.1,95.2,188.2,305.8,167.2,112.3,114.3,83.7,103.1,90.0,389.2,214.7,348.6,194.2,245.9,88.3,111.5,280.9,64.1,115.8,168.9,302.6,122.2,41.7,114.7,844.4,26.8,31.6,144.7,331.8,156.9,27.2,82.7,291.9,118.7,126.6,185.6,118.9,276.7,211.6,52.7,148.4,110.4,282.1,193.9,300.2,204.7,385.2,47.9,210.6,173.9,128.2,191.3,184.1,268.8,283.0,337.1,192.2,318.6,137.3,313.4,49.0,26.3,247.7,240.8,45.0,285.5,113.9,34.5,139.0
FE,35.8,231.6,67.1,205.1,213.5,300.3,186.9,275.0,169.6,309.4,253.8,51.1,388.0,48.2,40.2,288.5,337.3,232.3,299.0,211.6,305.1,73.6,222.0,281.2,98.5,259.2,81.1,0.0,289.0,254.3,357.1,145.6,136.6,248.7,200.3,138.9,201.4,329.8,260.7,152.9,114.4,23.8,269.4,269.4,248.4,193.5,73.7,164.9,184.3,50.5,322.2,291.7,302.2,201.4,225.7,169.5,40.1,240.3,27.7,197.0,250.1,266.2,203.4,39.8,223.1,808.0,62.2,50.0,225.9,295.4,238.1,57.4,163.9,255.5,199.9,208.6,266.8,56.3,240.3,288.6,31.2,225.4,187.4,363.3,275.1,237.7,281.7,337.3,36.6,291.8,255.1,209.4,272.5,265.3,248.6,216.3,296.5,273.4,282.2,215.5,272.8,130.2,98.1,227.5,220.6,116.5,249.1,195.1,115.7,220.2
FI,331.4,129.6,318.4,97.1,426.4,49.1,421.0,357.2,403.7,381.2,410.6,328.5,391.2,319.9,326.7,59.5,90.3,333.5,372.3,344.1,304.1,299.7,364.5,63.1,356.1,127.8,338.7,376.5,0.0,366.7,110.1,379.7,303.0,376.4,350.2,377.2,429.0,252.7,414.9,326.4,317.0,356.4,412.9,62.5,434.4,372.4,325.0,366.9,397.2,318.6,115.0,385.7,55.2,224.6,248.9,363.5,370.0,62.4,380.1,374.4,396.0,120.8,304.6,357.7,345.8,903.2,342.8,347.6,411.9,66.5,380.6,343.2,277.6,173.1,401.9,368.3,420.8,347.5,161.7,364.6,368.7,393.5,341.5,444.1,429.1,253.3,452.6,86.1,363.9,329.6,392.0,370.3,347.6,402.2,271.8,236.1,91.6,410.3,151.7,394.4,82.0,345.3,365.1,250.7,243.8,357.7,116.5,356.0,368.9,334.0
FO,215.4,308.7,202.4,280.8,194.9,376.0,170.0,60.7,155.3,49.1,61.6,240.9,395.4,234.6,210.7,364.2,384.4,217.5,40.2,77.8,313.0,250.5,80.7,356.9,160.1,334.9,179.3,262.2,368.9,0.0,437.0,151.1,173.9,9.7,175.9,116.4,127.2,333.0,48.1,197.3,250.5,286.1,57.5,345.1,136.8,158.6,209.0,131.8,162.1,269.4,397.9,53.6,382.1,249.7,306.7,128.4,302.4,320.2,222.5,94.1,195.9,341.9,188.6,245.8,193.5,830.3,206.2,211.0,114.3,371.2,96.8,206.6,179.6,331.2,100.1,52.3,88.9,318.6,316.0,32.5,234.8,68.5,167.2,119.3,97.2,313.4,83.3,413.0,240.2,37.4,27.1,100.8,27.5,35.4,324.3,296.2,376.4,43.5,357.9,155.6,352.7,198.2,185.3,303.2,296.3,224.4,322.0,111.9,178.7,67.7
GY,450.8,226.1,401.8,193.6,513.4,123.9,518.9,440.6,487.1,464.6,440.2,391.1,474.6,382.5,410.1,153.2,123.4,416.9,455.7,427.5,387.5,362.3,447.9,146.5,418.7,211.2,401.3,439.1,109.6,450.1,0.0,463.1,386.4,453.9,433.6,460.6,512.4,221.9,498.3,409.8,379.6,419.0,496.3,145.9,517.8,455.8,408.4,450.3,480.6,381.2,102.8,469.1,62.2,236.3,233.9,446.9,432.6,145.8,442.7,457.8,479.4,204.2,388.0,420.3,456.4,986.6,405.4,410.2,495.3,176.2,464.0,405.8,361.0,255.9,485.3,451.7,504.2,410.1,258.2,448.0,431.3,476.9,424.9,527.5,512.5,222.5,536.0,98.8,426.5,413.0,475.4,448.8,431.0,485.6,246.5,205.3,175.0,493.7,248.2,480.8,187.5,428.7,422.5,245.3,238.4,420.3,213.0,439.4,435.9,417.4
HE,147.1,295.8,134.1,267.9,71.4,363.1,49.2,139.4,34.5,166.7,119.3,138.1,341.5,131.8,142.4,351.3,371.5,149.2,157.8,91.9,259.1,147.7,102.3,344.0,57.3,322.0,76.5,151.6,356.0,134.6,424.1,0.0,82.4,125.5,84.4,23.4,81.7,279.1,140.3,105.8,147.7,171.8,149.7,332.2,102.7,47.8,140.7,19.2,38.6,166.6,385.0,176.2,369.2,236.8,293.8,23.8,188.1,307.3,154.2,77.3,104.4,329.0,120.3,120.1,102.0,870.8,103.4,108.2,80.2,358.3,118.4,103.8,111.3,318.3,80.2,88.9,147.1,195.5,303.1,150.1,129.3,86.9,75.7,241.4,155.4,330.7,168.7,400.1,124.5,172.1,137.3,58.8,129.8,145.6,311.4,313.5,363.5,153.7,345.0,72.8,339.8,106.7,82.5,290.3,283.4,121.6,309.1,49.4,75.9,100.5
HH,93.5,242.2,80.5,214.3,148.1,309.5,117.9,159.4,103.2,186.7,170.0,128.0,255.5,121.7,88.8,297.7,317.9,95.6,177.8,142.6,173.1,137.6,153.0,290.4,47.2,268.4,66.4,140.3,302.4,185.3,377.9,76.6,0.0,176.2,63.6,74.1,132.4,193.1,191.0,23.3,137.6,164.2,200.4,278.6,147.8,85.8,87.1,95.9,115.3,156.5,331.4,191.2,315.6,183.2,261.4,100.5,180.5,253.7,100.6,128.0,109.4,275.4,66.7,123.9,59.2,817.2,93.3,98.1,125.3,304.7,169.1,93.7,29.5,264.7,130.9,138.8,197.8,196.7,249.5,170.1,112.9,106.9,54.9,256.9,206.1,244.7,219.4,346.5,118.3,193.0,188.0,78.8,149.8,196.3,268.7,227.5,309.9,204.4,291.4,110.8,286.2,38.7,72.5,267.5,260.6,111.5,255.5,69.4,65.8,151.2
HS,221.0,312.3,208.0,286.4,198.5,381.6,160.3,66.3,151.5,54.7,57.8,237.1,399.0,228.6,216.3,369.8,420.8,226.6,45.8,81.4,318.6,240.8,74.7,360.5,154.1,340.5,169.6,265.8,378.0,5.5,440.6,156.7,179.5,0.0,181.5,112.6,121.2,338.6,44.3,202.9,240.8,289.7,51.5,350.7,142.4,164.2,218.1,137.4,167.7,263.4,451.0,57.2,385.7,253.3,305.0,134.0,306.0,329.3,226.1,99.7,199.5,347.5,194.2,215.1,197.1,835.9,200.2,201.3,119.9,374.8,90.8,200.6,183.2,334.8,94.1,42.6,82.9,292.3,321.6,41.6,240.4,72.1,176.3,141.7,91.2,319.0,76.1,416.6,243.8,41.0,23.3,104.4,33.1,25.7,327.9,299.8,385.5,37.5,363.5,159.2,356.3,201.8,175.6,308.8,301.9,220.6,328.4,121.0,172.7,73.3
ID,167.8,316.5,154.8,288.6,126.1,383.8,131.6,142.1,116.9,169.4,195.5,192.4,323.4,186.1,163.1,372.0,392.2,169.9,160.5,143.0,241.0,202.0,163.4,364.7,111.6,342.7,130.8,214.6,376.7,172.9,444.8,82.3,64.3,182.6,0.0,105.8,164.1,261.0,213.5,87.7,202.0,238.5,201.1,352.9,130.5,68.5,161.4,63.0,93.3,220.9,405.7,173.9,389.9,257.5,329.3,59.6,254.8,328.0,174.9,118.7,92.1,349.7,141.0,198.2,83.9,891.5,157.7,162.5,108.0,379.0,179.5,158.1,97.4,339.0,155.6,172.3,223.3,271.0,323.8,152.8,187.2,89.6,7.9,239.6,231.6,312.6,246.6,420.8,192.6,175.7,200.1,61.5,132.5,208.4,336.6,295.4,384.2,216.5,365.7,93.5,360.5,88.6,122.4,335.4,328.5,175.9,329.8,52.1,136.9,132.9
IK,135.1,324.9,164.6,298.4,100.1,393.6,53.5,131.8,36.2,166.2,97.5,132.0,339.6,118.1,139.5,381.8,434.8,179.7,155.8,68.4,257.2,134.0,78.8,374.5,43.6,352.5,62.8,137.9,386.5,111.1,454.4,32.2,84.0,105.5,116.7,0.0,58.2,277.2,116.8,100.3,134.0,158.1,126.2,362.7,138.2,80.1,171.2,51.5,70.9,152.9,459.5,152.7,411.5,257.1,308.8,56.1,174.4,337.8,127.0,53.8,136.7,359.5,150.8,104.6,161.5,871.3,89.7,94.5,115.7,388.7,94.9,90.1,113.6,348.8,56.7,64.6,123.6,181.8,333.6,149.6,115.6,86.4,108.0,220.1,131.9,328.8,142.7,448.1,110.8,148.6,113.8,96.4,129.3,122.1,331.7,311.6,394.0,130.2,375.5,105.1,370.3,96.7,74.0,310.6,303.7,107.9,342.4,81.7,62.2,77.0
JA,188.0,375.1,217.5,347.2,156.6,442.4,86.5,157.2,91.7,201.2,121.2,177.3,392.5,171.0,192.4,430.6,450.8,232.6,192.3,93.8,310.1,186.9,133.8,423.3,96.5,401.3,115.7,190.8,435.3,136.5,507.3,85.1,136.9,127.4,169.6,52.8,0.0,330.1,142.2,153.2,186.9,211.0,151.6,411.5,173.2,133.0,224.1,104.4,123.8,205.8,464.3,178.1,464.4,310.0,367.0,109.0,227.3,386.6,179.9,88.8,189.6,408.3,203.7,159.3,187.2,896.7,142.6,147.4,150.7,437.6,113.1,143.0,166.5,397.6,82.1,90.8,134.4,234.7,382.4,184.6,168.5,121.4,160.9,243.3,126.1,381.7,180.8,501.0,163.7,174.0,139.2,137.2,164.3,163.2,384.6,364.5,442.8,155.1,424.3,158.0,419.1,149.6,121.7,363.5,356.6,160.8,388.4,148.3,115.1,102.4
JI,217.7,312.6,204.7,278.7,316.3,258.9,307.3,332.3,292.6,359.6,359.4,273.2,295.5,266.9,213.0,241.9,248.1,219.8,350.7,284.3,213.1,246.7,304.7,281.5,236.6,346.2,285.7,323.5,244.6,306.9,240.1,266.0,189.3,316.6,236.5,263.5,321.8,0.0,380.4,212.7,264.0,303.4,389.8,280.9,320.7,258.7,211.3,253.2,283.5,265.6,237.8,364.1,197.2,100.4,123.6,249.8,317.0,276.8,224.8,308.9,282.3,339.2,190.9,306.5,232.1,855.3,289.8,294.6,298.2,241.7,320.8,290.2,163.9,302.8,320.3,328.2,387.2,294.5,287.6,343.0,237.1,279.8,227.8,382.1,395.5,106.9,408.8,233.8,242.5,269.8,334.1,251.7,322.7,342.4,130.9,89.7,310.0,350.5,333.3,283.7,263.6,231.6,265.4,129.7,122.8,304.7,295.3,242.3,255.2,274.2
JJ,271.9,363.8,258.9,337.3,229.8,432.5,179.8,99.2,162.5,49.3,86.2,272.9,470.8,244.4,267.2,420.7,473.0,273.3,38.9,115.6,384.4,260.3,90.5,412.7,169.9,391.4,189.1,260.0,424.7,71.1,523.3,158.5,212.4,77.1,214.4,126.2,137.0,409.1,0.0,235.8,260.3,284.4,9.3,401.6,175.3,195.8,264.8,170.3,200.6,279.2,453.7,35.1,437.9,333.6,357.9,166.9,300.7,376.7,278.3,132.6,233.7,398.4,245.1,230.9,259.2,886.8,216.0,220.8,152.8,427.6,106.6,216.4,237.2,387.7,109.9,62.9,104.5,308.1,371.8,46.2,241.9,106.3,205.0,121.7,112.8,369.9,30.5,468.8,237.1,93.2,53.0,133.5,66.0,64.2,380.1,352.7,432.9,71.3,414.4,197.2,405.0,236.7,200.3,359.7,352.8,235.8,380.6,149.7,188.5,106.2
JR,127.2,275.9,114.2,248.0,154.7,343.2,124.5,212.6,109.8,247.0,176.6,134.6,289.2,128.3,122.5,331.4,351.6,129.3,236.6,149.2,206.8,144.2,159.6,324.1,53.8,302.1,73.0,148.1,336.1,191.9,411.6,83.2,33.6,182.8,97.3,80.7,139.0,226.8,197.6,0.0,144.2,168.3,207.0,312.3,186.0,131.1,120.8,102.5,121.9,163.1,365.1,233.5,349.3,216.9,295.1,107.1,184.6,287.4,134.3,134.6,143.1,309.1,100.4,116.6,92.9,850.9,99.9,104.7,163.5,338.4,175.7,100.3,63.2,298.4,137.5,145.4,204.4,192.0,283.2,230.4,125.8,167.2,88.6,298.7,212.7,278.4,226.0,380.2,121.0,229.4,194.6,112.5,210.1,202.9,302.4,261.2,343.6,211.0,325.1,156.1,319.9,72.4,84.2,301.2,294.3,118.1,289.2,103.1,72.4,157.8
JZ,112.0,259.5,147.5,233.0,194.9,328.2,168.3,256.4,153.6,290.8,220.2,72.2,373.6,43.7,116.4,316.4,369.4,213.7,280.4,193.0,297.9,60.8,203.4,309.1,79.9,287.1,62.5,104.5,321.1,235.7,381.2,127.0,118.0,232.1,181.7,124.5,182.8,311.2,241.4,134.3,0.0,83.7,250.8,297.3,229.8,174.9,154.1,146.3,165.7,79.7,378.9,277.3,338.3,211.3,235.6,150.9,100.0,272.4,103.9,178.4,231.5,294.1,184.8,81.5,177.3,835.9,66.6,71.4,207.3,323.3,219.5,67.0,145.3,283.4,181.3,189.2,248.2,116.2,268.2,274.2,92.5,211.0,173.0,344.7,256.5,247.6,267.3,374.9,87.7,273.2,236.5,185.9,253.9,246.7,258.5,230.4,328.6,254.8,310.1,196.9,304.9,111.6,88.9,237.4,230.5,81.5,277.0,176.5,97.1,201.6
KC,59.8,257.0,95.3,229.1,235.4,324.3,205.2,293.3,190.5,327.7,257.3,44.8,410.5,51.7,64.2,312.5,332.7,250.6,317.3,229.9,328.1,45.5,240.3,305.2,116.8,283.2,99.4,23.9,317.2,272.6,409.4,163.9,154.9,263.5,218.6,161.4,219.7,348.1,278.3,171.2,86.3,0.0,287.7,293.4,266.7,211.8,101.9,183.2,202.6,26.6,346.2,314.2,330.4,212.1,269.1,187.8,16.2,268.5,51.7,215.3,268.4,290.2,221.7,66.2,214.2,832.0,86.2,78.2,244.2,319.5,256.4,85.6,184.5,279.5,218.2,226.9,285.1,32.4,264.3,311.1,55.2,247.9,209.9,379.4,293.4,275.8,306.7,361.3,60.6,310.1,275.3,222.8,290.8,283.6,286.7,258.6,324.7,291.7,306.2,236.8,301.0,148.5,120.6,265.6,258.7,118.4,270.3,213.4,134.0,238.5
KK,262.5,355.8,249.5,327.9,224.0,423.1,192.2,89.8,177.5,39.9,83.8,263.1,462.1,256.8,257.8,411.3,431.5,264.6,29.5,106.9,379.7,272.7,102.9,404.0,182.3,382.0,201.5,276.6,416.0,61.7,514.6,180.2,203.0,71.4,205.0,138.6,149.4,399.7,12.3,226.4,272.7,296.8,0.0,392.2,165.9,186.4,256.1,160.9,191.2,291.6,445.0,26.4,429.2,296.8,353.8,157.5,313.1,367.3,269.6,123.2,225.0,389.0,235.7,245.1,222.6,877.4,228.4,233.2,143.4,418.3,119.0,228.8,226.7,378.3,122.3,74.5,116.9,320.5,363.1,37.5,281.9,97.6,196.3,110.1,125.2,360.5,45.4,460.1,249.5,84.5,67.3,129.9,56.6,75.6,371.4,343.3,423.5,83.7,405.0,184.7,399.8,227.3,212.7,350.3,343.4,246.6,369.1,141.0,200.9,96.8
KR,303.3,139.9,290.3,112.0,401.9,85.3,392.9,329.1,378.2,353.1,382.5,298.1,363.1,291.8,298.6,138.8,93.7,305.4,344.2,316.0,280.7,271.6,336.4,66.2,328.0,99.7,310.6,348.4,82.4,338.6,146.3,351.6,274.9,348.3,322.1,349.1,400.9,252.6,386.8,298.3,288.9,328.3,384.8,0.0,406.3,344.3,296.9,338.8,369.1,290.5,107.2,357.6,91.4,169.1,226.1,335.4,341.9,76.9,352.0,346.3,367.9,92.7,276.5,331.4,317.7,875.1,314.7,319.5,383.8,149.0,352.5,315.1,249.5,145.0,373.8,340.2,392.7,319.4,147.2,336.5,340.6,365.4,313.4,413.8,401.0,232.8,422.0,122.3,335.8,301.5,365.8,337.3,319.5,374.1,243.7,215.6,88.6,382.2,189.1,369.3,135.3,317.2,337.0,222.6,215.7,329.6,153.2,327.9,340.8,305.9
KS,197.8,346.5,184.8,318.6,157.3,413.8,162.8,141.0,148.1,168.3,194.4,251.7,405.6,245.4,193.1,402.0,422.2,199.9,159.4,141.9,323.2,261.3,162.3,394.7,170.9,372.7,190.1,244.6,406.7,171.8,515.9,113.5,146.5,181.5,148.5,137.0,194.3,343.2,212.4,169.9,261.3,268.5,200.0,382.9,0.0,141.0,191.4,104.4,124.5,295.2,435.7,172.8,419.9,287.5,344.5,101.0,284.8,358.0,204.9,117.6,168.5,379.7,171.0,228.2,166.1,893.0,217.0,240.2,33.7,409.0,178.4,217.4,162.0,369.0,154.5,171.2,222.2,301.0,353.8,151.7,217.2,88.5,139.8,238.5,230.5,394.8,245.5,450.8,222.6,174.6,199.0,73.4,131.4,207.3,362.1,377.6,414.2,215.4,395.7,110.2,390.5,170.8,204.6,341.0,334.1,235.2,359.8,84.5,189.5,131.8
KT,99.2,247.9,86.2,220.0,93.9,315.2,99.4,127.9,84.7,155.2,181.3,187.4,279.2,194.3,94.5,303.4,323.6,101.3,146.3,142.1,196.8,215.5,149.2,296.1,107.5,274.1,126.7,146.0,308.1,158.7,376.2,50.1,88.8,175.7,92.9,73.6,131.9,216.8,190.5,112.2,197.9,169.9,186.9,284.3,116.3,0.0,92.8,30.8,61.1,196.6,337.1,159.7,321.3,188.9,245.9,27.4,186.2,259.4,106.3,104.5,112.9,281.1,72.4,129.6,110.5,822.9,149.6,141.6,93.8,310.4,165.3,149.0,63.4,270.4,130.4,138.3,209.1,202.4,255.2,138.6,118.6,75.4,84.2,225.4,217.4,268.4,232.4,352.2,124.0,161.5,185.9,47.3,118.3,194.2,263.5,251.2,315.6,202.3,297.1,22.2,291.9,115.2,132.7,242.4,235.5,171.8,261.2,37.9,126.1,118.7
KW,227.9,153.6,263.4,127.1,314.4,222.3,296.0,372.3,266.9,406.7,336.3,168.2,308.0,159.6,232.3,210.5,263.5,329.6,396.3,308.9,232.3,139.4,319.3,203.2,195.8,181.2,178.4,216.2,215.2,351.6,283.3,242.9,233.9,346.0,297.6,240.4,298.7,179.5,357.3,250.2,156.7,196.1,366.7,191.4,345.7,290.8,0.0,262.2,281.6,158.3,288.2,393.2,228.4,96.0,147.7,266.8,209.7,166.5,219.8,294.3,347.4,188.2,300.7,197.4,320.4,730.0,182.5,187.3,323.2,217.5,335.4,182.9,261.2,177.5,297.2,305.9,364.1,187.2,162.3,390.1,208.4,326.9,288.9,460.6,383.2,159.7,383.2,259.3,203.6,246.4,352.4,306.7,369.8,362.6,170.6,142.5,222.7,370.7,204.2,312.8,194.8,227.5,204.8,149.5,142.6,197.4,171.1,292.4,213.0,317.5
LK,127.8,276.5,114.8,248.6,63.0,343.8,68.5,120.1,53.8,147.4,138.6,157.4,322.2,151.1,123.1,332.0,352.2,129.9,138.5,111.2,239.8,167.0,121.6,324.7,76.6,302.7,95.8,174.6,336.7,153.9,404.8,19.2,63.1,144.8,65.1,42.7,101.0,259.8,159.6,86.5,167.0,198.5,169.0,312.9,78.4,28.5,121.4,0.0,30.2,185.9,365.7,151.9,349.9,217.5,274.5,4.6,214.8,288.0,134.9,96.6,85.1,309.7,101.0,158.2,82.7,851.5,122.7,127.5,55.9,339.0,137.7,123.1,92.0,299.0,99.5,107.4,166.4,231.0,283.8,130.8,147.2,67.6,56.4,217.6,174.7,311.4,188.0,380.8,152.6,153.7,156.6,39.5,110.5,164.9,292.1,294.2,344.2,173.0,325.7,53.5,320.5,87.4,121.2,271.0,264.1,140.9,289.8,30.1,95.2,119.8
LT,166.7,315.4,153.7,287.5,32.8,382.7,76.5,182.6,61.8,186.3,146.6,165.4,361.1,159.1,162.0,370.9,391.1,168.8,206.6,119.2,278.7,175.0,129.6,363.6,84.6,341.6,103.8,178.9,375.6,161.9,443.7,27.2,102.0,152.8,104.0,50.7,109.0,298.7,167.6,125.4,175.0,199.1,177.0,351.8,122.3,67.4,160.3,38.8,0.0,193.9,404.6,203.5,388.8,256.4,313.4,43.4,215.4,326.9,173.8,104.6,124.0,348.6,139.9,147.4,121.6,890.4,130.7,135.5,99.8,377.9,145.7,131.1,130.9,337.9,107.5,115.4,174.4,222.8,322.7,169.7,156.6,106.5,95.3,268.7,182.7,350.3,196.0,419.7,151.8,199.4,164.6,78.4,149.4,172.9,331.0,333.1,383.1,181.0,364.6,92.4,359.4,126.3,115.0,309.9,303.0,148.9,328.7,69.0,103.2,127.8
LX,97.6,262.4,133.1,234.5,217.3,329.7,187.1,275.2,172.4,309.6,239.2,68.8,392.4,62.5,102.0,317.9,338.1,232.5,299.2,211.8,310.0,18.8,222.2,310.6,98.7,288.6,81.3,61.7,322.6,254.5,382.7,145.8,136.8,245.4,200.5,143.3,201.6,330.0,260.2,153.1,59.6,37.7,269.6,298.8,248.6,193.7,139.7,165.1,184.5,0.0,380.4,296.1,339.8,185.4,242.4,169.7,51.3,273.9,89.5,197.2,250.3,295.6,203.6,102.1,196.1,837.4,85.4,90.2,226.1,324.9,238.3,85.8,166.4,284.9,200.1,208.8,267.0,28.8,269.7,293.0,93.0,229.8,191.8,361.3,275.3,249.1,288.6,376.4,98.4,292.0,257.2,204.7,272.7,265.5,260.0,231.9,330.1,273.6,311.6,218.7,306.4,130.4,107.7,238.9,232.0,100.3,275.7,195.3,115.9,220.4
MA,355.5,166.8,378.8,170.6,450.5,64.6,481.4,417.6,427.8,441.6,434.5,352.6,451.6,344.0,387.1,130.2,83.2,357.6,432.7,368.2,328.2,360.1,424.9,123.5,416.5,188.2,362.8,400.6,50.3,427.1,102.6,440.1,363.4,394.6,410.6,401.3,489.4,275.7,439.0,386.8,377.4,416.8,473.3,122.9,458.5,432.8,385.4,427.3,457.6,379.0,0.0,409.8,47.7,257.6,273.0,387.6,394.1,122.8,440.5,434.8,420.1,144.9,328.7,418.1,397.1,963.6,403.2,408.0,472.3,153.1,441.0,403.6,301.7,197.2,426.0,392.4,481.2,371.6,198.9,425.0,392.8,417.6,401.9,468.2,489.5,240.0,513.0,78.6,424.3,353.7,416.1,389.5,408.0,426.3,295.9,259.1,152.0,434.4,225.2,418.5,128.2,369.4,384.0,274.8,304.2,418.1,153.7,416.4,393.0,394.4
MO,256.0,347.9,243.0,321.4,217.5,416.6,223.0,83.3,208.3,13.4,116.5,312.5,455.6,284.0,251.3,404.8,457.8,258.1,23.0,100.4,368.5,299.9,120.8,397.5,209.5,375.5,228.7,298.6,409.5,55.2,470.5,173.7,196.5,64.9,198.5,165.8,176.6,393.2,38.5,219.9,299.9,326.7,27.1,385.7,159.4,179.9,249.6,154.4,184.7,318.8,482.5,0.0,422.7,290.3,342.0,151.0,343.0,360.8,263.1,116.7,218.5,382.5,229.2,288.2,216.1,870.9,255.6,260.4,136.9,411.8,136.9,256.0,220.2,371.8,136.4,101.7,144.1,359.2,356.6,31.0,275.4,91.1,189.8,85.8,152.4,392.5,70.1,453.6,280.8,78.0,80.5,123.4,50.1,90.7,364.9,375.3,417.0,98.8,398.5,178.2,393.3,220.8,248.4,343.8,336.9,273.8,365.4,134.5,228.1,90.3
NC,352.5,163.8,339.5,131.3,451.1,61.6,442.1,378.3,424.8,402.3,431.5,347.3,412.3,341.0,347.8,90.9,61.1,354.6,393.4,365.2,325.2,320.8,385.6,84.2,377.2,148.9,359.8,397.6,47.3,387.8,54.8,400.8,324.1,391.6,371.3,398.3,450.1,191.6,436.7,347.5,338.1,377.5,434.0,83.6,455.5,393.5,346.1,388.0,418.3,339.7,40.5,406.8,0.0,245.7,203.6,384.6,391.1,83.5,401.2,395.5,417.1,141.9,325.7,378.8,394.1,924.3,363.9,368.7,433.0,113.9,401.7,364.3,298.7,193.6,423.0,389.4,441.9,368.6,195.9,385.7,389.8,414.6,362.6,465.2,450.2,192.2,473.7,36.5,385.0,350.7,415.0,386.5,368.7,423.3,216.2,175.0,112.7,431.4,185.9,418.5,129.4,366.4,386.2,215.0,208.1,380.4,150.7,377.1,390.0,355.1
ND,234.7,268.3,305.0,235.8,317.6,216.0,337.6,221.7,273.7,245.7,278.6,194.9,290.5,166.4,239.1,199.0,215.5,232.8,236.8,208.6,168.6,146.2,229.0,238.6,202.6,206.0,185.2,227.2,201.7,231.2,197.2,249.7,167.5,237.2,214.7,282.0,305.5,83.4,280.1,190.9,163.5,202.9,277.4,238.0,298.9,236.9,276.8,269.0,288.4,165.1,194.9,250.2,162.0,0.0,59.3,273.6,216.5,233.9,226.6,301.1,260.5,296.3,169.1,204.2,237.5,754.8,189.3,194.1,276.4,198.7,245.1,224.5,143.2,202.3,304.0,232.8,285.3,194.0,187.1,229.1,215.2,258.0,240.8,308.6,328.4,63.6,317.1,198.6,210.4,194.1,256.5,234.8,212.1,266.7,74.5,46.4,274.8,274.8,290.4,258.9,216.5,234.3,241.2,53.4,46.5,205.8,262.9,220.5,219.8,198.5
NE,299.0,280.2,263.3,246.3,385.5,226.5,367.1,286.0,340.6,310.0,339.4,259.2,320.0,230.7,303.4,209.5,226.0,278.4,301.1,272.9,232.9,210.5,293.3,249.1,266.9,313.8,249.5,291.5,212.2,295.5,207.7,314.0,247.9,299.3,295.1,311.5,369.8,93.9,344.4,271.3,227.8,267.2,341.7,248.5,379.3,317.3,269.9,333.3,352.7,229.4,205.4,314.5,164.8,64.2,0.0,337.9,280.8,244.4,290.9,365.4,340.9,306.8,249.5,268.5,290.7,819.1,253.6,258.4,356.8,209.3,309.4,254.0,222.5,266.6,368.3,297.9,349.6,258.3,310.9,293.4,279.5,338.4,286.4,372.9,357.9,74.1,381.4,201.4,274.7,258.4,322.7,315.2,276.4,331.0,85.0,56.9,277.6,339.1,300.9,339.3,227.0,298.6,275.9,93.5,86.6,268.5,265.7,300.9,284.1,262.8
NH,123.2,271.9,110.2,244.0,66.4,339.2,71.9,115.5,57.2,142.8,142.0,160.8,317.6,154.5,118.5,327.4,347.6,125.3,133.9,114.6,235.2,170.4,125.0,320.1,80.0,298.1,99.2,170.0,332.1,157.3,400.2,22.6,58.5,148.2,60.5,46.1,104.4,255.2,163.0,81.9,170.4,193.9,172.4,308.3,81.8,23.9,116.8,3.4,33.6,189.3,361.1,147.3,345.3,212.9,269.9,0.0,210.2,283.4,130.3,100.0,80.5,305.1,96.4,153.6,78.1,846.9,126.1,130.9,59.3,334.4,141.1,126.5,87.4,294.4,102.9,110.8,169.8,226.4,279.2,126.2,142.6,63.0,51.8,213.0,178.1,306.8,191.4,376.2,148.0,149.1,160.0,34.9,105.9,168.3,287.5,289.6,339.6,176.4,321.1,48.9,315.9,82.8,116.6,266.4,259.5,144.3,285.2,25.5,98.6,123.2
NI,86.3,283.5,121.8,255.6,247.8,350.8,217.6,305.7,202.9,340.1,269.7,71.3,422.9,78.2,90.7,339.0,359.2,263.0,329.7,242.3,340.5,49.3,252.7,331.7,129.2,309.7,111.8,50.4,343.7,285.0,413.2,176.3,167.3,275.9,231.0,173.8,232.1,360.5,290.7,183.6,90.1,26.4,300.1,319.9,279.1,224.2,128.4,195.6,215.0,30.4,372.7,326.6,370.3,215.9,272.9,200.2,0.0,295.0,78.2,227.7,280.8,316.7,234.1,92.7,226.6,858.5,112.7,104.7,256.6,346.0,268.8,112.1,196.9,306.0,230.6,238.5,297.5,36.2,290.8,323.5,81.7,260.3,222.3,391.8,305.8,279.6,319.1,387.8,87.1,322.5,287.7,235.2,303.2,296.0,290.5,262.4,351.2,304.1,332.7,249.2,327.5,160.9,138.2,269.4,262.5,130.8,296.8,225.8,146.4,250.9
NK,301.4,80.2,288.4,47.7,400.0,90.2,391.0,327.2,376.3,351.2,380.4,296.2,361.2,289.9,296.7,69.8,131.4,303.5,342.3,314.1,274.1,269.7,334.5,71.1,326.1,131.2,308.7,346.5,74.5,336.7,151.2,349.7,273.0,346.4,320.2,347.2,399.0,250.7,384.9,296.4,287.0,326.4,382.9,61.9,404.4,342.4,295.0,336.9,367.2,288.6,112.1,355.7,96.3,194.6,218.9,333.5,340.0,0.0,350.1,344.4,366.0,120.2,274.6,327.7,315.8,902.6,312.8,317.6,381.9,76.8,350.6,313.2,248.7,172.5,371.9,338.3,390.8,317.5,112.3,334.6,338.7,363.5,311.5,414.1,399.1,230.9,422.6,127.2,333.9,299.6,362.0,340.3,317.6,372.2,241.8,213.7,99.6,380.3,102.3,364.4,58.3,315.3,329.9,220.7,213.8,329.3,67.1,326.0,338.9,304.0
NO,7.0,202.8,42.5,176.3,193.5,271.5,166.9,255.0,152.2,289.4,233.8,80.0,372.2,86.9,11.4,259.7,312.7,212.3,279.0,191.6,296.5,108.1,202.0,252.4,78.5,230.4,61.1,34.4,264.4,234.3,332.5,125.6,116.6,225.2,180.3,123.1,181.4,309.8,240.0,132.9,129.5,62.5,249.4,240.6,228.4,173.5,49.1,144.9,164.3,89.2,337.4,275.9,277.6,145.2,196.9,149.5,78.8,215.7,0.0,177.0,230.1,237.4,183.4,24.0,203.1,779.2,42.2,34.2,205.9,266.7,218.1,41.6,146.2,226.7,179.9,187.8,246.8,95.0,211.5,272.8,11.2,209.6,171.6,343.3,255.1,208.9,265.9,308.5,16.6,271.8,235.1,184.5,252.5,245.3,219.8,191.7,271.9,253.4,253.4,195.5,248.2,110.2,82.3,198.7,191.8,105.0,220.3,175.1,95.7,200.2
NZ,190.7,315.4,177.7,287.5,142.4,382.7,119.4,85.0,104.7,112.3,84.7,190.3,380.5,184.0,186.0,370.9,391.1,192.8,103.4,57.3,298.1,199.9,67.7,363.6,109.5,341.6,128.7,203.8,375.6,100.0,459.9,98.6,121.4,90.9,123.4,65.8,76.6,318.1,105.7,144.8,199.9,224.0,115.1,351.8,84.3,104.8,184.3,79.3,109.6,218.8,404.6,116.8,417.0,256.4,313.4,75.9,240.3,326.9,197.8,0.0,143.4,348.6,163.9,172.3,141.0,837.0,155.6,160.4,61.8,377.9,83.8,156.0,154.9,337.9,45.6,53.5,112.5,247.7,322.7,95.7,210.1,32.5,114.7,182.5,120.8,381.9,134.1,453.6,176.7,118.6,102.7,48.3,75.4,111.0,331.0,364.7,383.1,119.1,364.6,103.1,359.4,145.7,139.9,309.9,303.0,173.8,328.7,59.4,128.1,65.9
OA,189.1,336.4,176.1,309.9,168.0,405.1,173.5,184.0,156.2,211.3,237.2,227.7,351.1,213.8,184.4,393.3,446.3,191.2,202.4,184.9,264.0,229.7,205.3,386.0,139.3,364.0,158.5,235.9,398.0,214.8,473.5,124.2,92.0,224.5,94.0,147.7,206.0,288.7,254.4,115.4,229.7,259.8,243.0,374.2,172.4,110.4,182.7,104.9,135.2,248.6,427.0,215.8,411.2,354.1,351.7,101.5,276.1,349.3,196.2,160.6,0.0,371.0,162.3,200.3,138.8,912.8,185.4,190.2,149.9,400.3,221.4,185.8,122.8,360.3,197.5,214.2,265.2,292.3,345.1,194.7,208.5,131.5,85.3,283.7,273.5,340.3,286.0,442.1,213.9,217.6,240.1,108.3,174.4,250.3,364.3,323.1,405.5,258.4,387.0,132.4,377.6,116.3,150.1,363.1,356.2,203.6,353.9,94.0,164.6,174.8
OD,272.6,109.2,259.6,81.3,371.2,211.0,362.2,298.4,347.5,322.4,351.8,267.4,332.4,261.1,267.9,164.7,219.4,274.7,313.5,285.3,250.0,240.9,305.7,191.9,297.3,7.0,279.9,317.7,169.4,307.9,272.0,320.9,244.2,317.6,291.4,318.4,370.2,221.9,356.1,267.6,258.2,297.6,354.1,182.7,375.6,313.6,266.2,308.1,338.4,259.8,232.9,326.9,217.1,138.4,195.4,304.7,311.2,120.7,321.3,315.6,337.2,0.0,245.8,300.7,287.0,849.5,284.0,288.8,353.1,171.7,321.8,284.4,218.8,214.3,343.1,309.5,362.0,288.7,86.3,305.8,309.9,334.7,282.7,383.1,370.3,202.1,391.3,248.0,305.1,270.8,335.1,306.6,288.8,343.4,213.0,184.9,220.4,351.5,158.4,338.6,153.2,286.5,306.3,191.9,185.0,298.9,122.5,297.2,310.1,275.2
OI,26.7,175.4,13.7,147.5,232.0,242.7,201.8,289.9,187.1,324.3,253.9,114.9,328.4,121.8,22.0,230.9,251.1,247.2,313.9,226.5,246.0,143.0,236.9,223.6,113.4,201.6,96.0,73.5,235.6,269.2,303.7,160.5,151.5,260.1,215.2,158.0,216.3,199.9,274.9,167.8,164.4,97.4,284.3,211.8,263.3,208.4,20.3,179.8,199.2,124.1,264.6,310.8,248.8,116.4,173.4,184.4,113.7,186.9,33.8,211.9,265.0,208.6,0.0,57.1,210.8,750.4,77.1,69.1,240.8,237.9,253.0,76.5,181.1,197.9,214.8,222.7,281.7,129.9,182.7,307.7,46.1,244.5,206.5,376.0,290.0,180.1,303.3,279.7,51.5,306.7,271.9,219.4,287.4,280.2,191.0,162.9,243.1,288.3,224.6,233.4,219.4,145.1,122.4,169.9,163.0,138.3,188.7,210.0,130.6,235.1
OR,30.4,227.6,65.9,199.7,169.4,294.9,142.8,230.9,125.5,265.3,196.6,66.1,348.1,81.5,34.8,283.1,336.1,188.2,254.9,167.5,261.0,102.7,177.9,275.8,54.4,253.8,37.0,33.2,287.8,210.2,355.9,101.5,92.5,201.1,156.2,99.0,157.3,285.7,215.9,108.8,105.4,57.1,225.3,264.0,204.3,149.4,72.5,120.8,140.2,83.8,360.8,251.8,301.0,196.0,220.3,125.4,73.4,239.1,22.3,152.9,206.0,260.8,159.3,0.0,179.0,802.6,18.1,10.1,181.8,290.1,194.0,17.5,119.8,250.1,155.8,164.5,222.7,89.6,234.9,248.7,10.9,185.5,147.5,319.2,231.0,232.3,241.8,331.9,6.1,247.7,212.9,160.4,228.4,221.2,243.2,215.1,295.3,229.3,276.8,171.4,267.4,86.1,58.2,222.1,215.2,79.3,243.7,151.0,71.6,176.1
OX,158.5,305.8,145.5,279.3,141.6,374.5,177.9,161.2,133.4,188.5,229.4,211.7,320.5,183.2,153.8,362.7,442.9,160.6,179.6,162.1,233.4,226.3,182.5,355.4,108.7,333.4,155.1,201.1,394.6,192.0,470.1,101.4,61.4,198.0,65.4,162.8,193.9,258.1,231.6,84.8,226.3,229.2,220.2,343.6,149.6,87.6,152.1,82.1,112.4,218.0,423.6,193.0,407.8,323.5,321.1,78.7,245.5,345.9,192.8,137.8,138.4,340.4,131.7,196.9,0.0,882.2,154.8,186.8,127.1,369.6,198.6,155.2,92.2,356.9,174.7,192.2,242.4,261.7,314.5,171.9,177.9,108.7,56.7,288.1,250.7,309.7,290.4,411.5,183.3,194.8,217.3,85.5,151.6,227.5,360.9,292.5,402.1,235.6,356.4,109.6,347.0,112.9,113.3,332.5,325.6,174.6,323.3,98.4,134.0,152.0
PE,923.7,820.5,910.7,792.6,1022.3,904.7,1010.8,896.2,996.1,920.2,949.6,918.5,983.5,912.2,919.0,876.0,913.1,925.8,911.3,883.1,901.1,892.0,903.5,885.6,948.4,846.7,931.0,968.8,901.8,905.7,965.7,972.0,895.3,915.4,942.5,969.5,968.0,873.0,953.9,918.7,909.3,948.7,951.9,873.8,956.1,908.3,917.3,959.2,989.5,910.9,926.6,924.7,910.8,789.5,846.5,955.8,962.3,832.0,972.4,913.4,988.3,853.7,896.9,951.8,938.1,0.0,935.1,939.9,933.6,883.0,919.6,935.5,869.9,843.0,940.9,907.3,959.8,939.8,827.8,903.6,961.0,887.8,933.8,980.9,968.1,853.2,989.1,941.7,956.2,868.6,932.9,957.7,886.6,941.2,864.1,836.0,905.1,949.3,869.7,922.9,864.5,937.6,952.2,843.0,836.1,950.0,833.8,948.3,961.2,873.0
PG,45.3,242.5,80.8,214.6,154.8,309.8,124.6,212.7,109.9,247.1,176.7,89.5,329.9,96.4,49.7,298.0,318.2,170.0,236.7,149.3,247.5,87.2,159.7,290.7,36.2,268.7,18.8,48.1,302.7,192.0,370.8,83.3,74.3,182.9,138.0,80.8,139.1,267.5,197.7,90.6,87.2,72.0,207.1,278.9,186.1,131.2,87.4,102.6,122.0,98.7,331.7,233.6,315.9,183.5,240.5,107.2,88.3,254.0,37.2,134.7,187.8,275.7,141.1,16.6,133.6,817.5,0.0,4.8,163.6,305.0,175.8,0.4,103.9,265.0,137.6,145.5,204.5,104.5,249.8,230.5,25.8,167.3,129.3,298.8,212.8,319.1,226.1,346.8,21.0,229.5,194.7,142.2,210.2,203.0,258.1,301.9,310.2,211.1,291.7,156.2,286.5,67.9,40.0,237.0,230.1,61.1,255.8,132.8,53.4,157.9
PN,39.5,235.3,75.0,208.8,161.8,304.0,131.6,219.7,114.3,254.1,185.4,81.1,336.9,90.6,43.9,292.2,345.2,177.0,243.7,156.3,249.8,111.8,166.7,284.9,43.2,262.9,25.8,42.3,296.9,199.0,365.0,90.3,81.3,193.4,145.0,87.8,146.1,274.5,204.7,97.6,94.2,66.2,214.1,273.1,193.1,138.2,81.6,109.6,129.0,92.9,369.9,240.6,310.1,177.7,229.4,114.2,82.5,248.2,31.4,141.7,194.8,269.9,148.1,9.0,140.6,811.7,6.9,0.0,170.6,299.1,182.8,6.3,108.6,259.2,144.6,152.5,211.5,98.7,244.0,237.5,20.0,174.3,136.3,308.0,219.8,326.1,230.6,341.0,15.2,236.5,201.7,154.1,217.2,210.0,252.3,308.9,304.4,218.1,285.9,160.2,280.7,74.9,52.2,231.2,224.3,68.1,252.8,139.8,60.4,164.9
QC,164.0,312.7,151.0,284.8,123.5,380.0,129.0,107.2,114.3,134.5,160.6,217.9,371.8,211.6,159.3,368.2,388.4,166.1,125.6,108.1,289.4,227.5,128.5,360.9,137.1,338.9,156.3,210.8,372.9,138.0,482.1,79.7,112.7,147.7,114.7,103.2,160.5,309.4,178.6,136.1,227.5,234.7,166.2,349.1,22.4,107.2,157.6,70.6,90.7,261.4,401.9,139.0,386.1,253.7,310.7,67.2,251.0,324.2,171.1,83.8,134.7,345.9,137.2,194.4,132.3,859.2,183.2,206.4,0.0,375.2,144.6,183.6,128.2,335.2,120.7,137.4,188.4,267.2,320.0,117.9,183.4,54.7,106.0,204.7,196.7,361.0,211.7,417.0,188.8,140.8,165.2,39.6,97.6,173.5,328.3,343.8,380.4,181.6,361.9,76.4,356.7,137.0,170.8,307.2,300.3,201.4,326.0,50.7,155.7,98.0
QF,333.1,111.9,320.1,79.4,428.1,115.7,422.6,358.9,405.4,382.9,415.8,350.1,392.9,321.6,328.4,55.4,156.9,335.1,374.0,345.7,305.8,301.3,366.2,129.7,357.8,162.9,340.4,382.4,66.5,368.4,176.7,381.4,304.7,374.4,351.9,378.9,430.7,248.6,417.3,328.1,318.6,358.1,414.6,129.1,436.1,374.1,326.6,368.6,398.9,320.3,137.6,387.4,121.7,226.3,250.5,365.2,371.7,77.4,381.7,376.1,397.7,169.9,306.3,359.4,374.7,910.0,344.5,349.2,413.6,0.0,382.3,344.9,280.4,212.4,403.6,369.9,422.5,349.2,144.0,366.2,370.4,395.2,343.1,445.8,430.7,249.2,454.2,152.7,365.6,331.2,393.7,372.0,349.3,403.9,273.5,231.9,158.1,412.0,134.0,396.1,60.1,346.9,361.6,252.4,245.5,361.0,98.8,357.6,370.6,335.7
QI,231.0,324.3,218.0,296.4,209.9,391.6,140.7,111.9,126.0,139.2,61.3,211.6,426.8,205.3,226.3,379.8,400.0,233.1,130.3,43.0,344.4,221.2,20.6,372.5,130.8,350.5,150.0,225.1,384.5,103.7,468.8,119.4,171.2,94.6,190.9,87.1,97.9,364.4,109.4,212.3,221.2,245.3,118.8,360.7,151.8,174.2,224.6,146.8,177.1,240.1,413.5,143.7,425.9,265.3,322.3,143.4,261.6,335.8,214.2,84.0,210.9,357.5,204.2,193.6,208.5,845.9,176.9,181.7,129.3,386.8,0.0,177.3,195.2,346.8,70.8,57.2,53.2,269.0,331.6,122.6,202.8,83.5,182.2,209.4,73.2,390.8,86.9,462.5,198.0,141.2,79.6,115.8,102.3,71.3,339.9,373.6,392.0,63.2,373.5,152.3,368.3,183.9,161.2,318.8,311.9,195.1,337.6,126.9,149.4,51.6
QJ,44.9,240.7,80.4,214.2,155.4,309.4,125.2,213.3,107.9,247.7,177.1,80.6,330.5,96.0,49.3,297.6,350.6,170.6,237.3,149.9,248.1,117.2,160.3,290.3,36.8,268.3,19.4,43.5,302.3,192.6,370.4,83.9,74.9,187.0,138.6,81.4,139.7,268.1,198.3,91.2,87.8,71.6,207.7,278.5,186.7,131.8,87.0,103.2,122.6,98.3,331.3,234.2,315.5,210.5,234.8,107.8,87.9,253.6,36.8,135.3,188.4,275.3,141.7,14.4,161.4,817.1,0.5,4.4,164.2,304.6,176.4,0.0,104.5,264.6,138.2,146.9,205.1,104.1,249.4,231.1,25.4,167.9,129.9,301.6,213.4,319.7,224.2,346.4,20.6,230.1,193.4,147.7,210.8,203.6,257.7,302.5,309.8,211.7,291.3,153.8,281.9,68.5,40.6,236.6,229.7,61.7,258.2,133.4,54.0,158.5
QN,63.9,211.2,50.9,184.7,148.7,279.9,142.2,168.3,126.0,195.6,210.2,161.9,225.9,159.0,59.2,268.1,321.1,66.0,186.7,168.0,138.8,180.2,178.4,260.8,72.6,238.8,90.7,106.5,272.8,210.7,348.3,102.0,25.3,205.1,72.5,98.4,157.8,163.5,217.1,48.7,161.9,134.6,225.8,249.0,156.7,94.7,57.5,89.2,119.5,161.3,301.8,200.1,288.3,228.9,226.5,85.8,150.9,224.1,73.3,144.9,117.2,245.8,37.1,96.1,95.3,787.6,114.3,106.3,134.2,275.0,194.5,113.7,0.0,235.1,156.3,163.1,223.2,167.1,219.9,177.9,83.3,114.7,62.7,266.9,230.4,215.1,241.2,316.9,88.7,200.8,211.5,92.6,158.7,220.6,241.4,197.9,280.3,229.8,261.8,116.7,252.4,66.5,100.3,237.9,231.0,138.5,228.7,77.2,91.2,159.1
QS,319.4,156.0,306.4,128.1,418.0,150.5,409.0,345.2,391.7,369.2,398.6,314.2,379.2,307.9,314.7,222.5,139.0,321.5,360.3,332.1,292.1,287.7,352.5,125.6,344.1,115.8,326.7,364.5,166.1,354.7,230.0,367.7,291.0,358.5,338.2,365.2,417.0,268.7,402.9,314.4,305.0,344.4,400.9,138.1,422.4,360.4,313.0,354.9,385.2,306.6,234.9,373.7,175.1,212.6,236.9,351.5,358.0,160.6,368.1,362.4,384.0,108.8,292.6,345.7,361.0,876.7,330.8,335.6,399.9,232.7,368.6,331.2,265.6,0.0,389.9,356.3,408.8,335.5,163.3,352.6,356.7,381.5,329.5,432.1,417.1,248.9,440.6,206.0,351.9,317.6,380.0,353.4,335.6,390.2,259.8,231.7,84.4,398.3,205.2,385.4,219.0,333.3,353.1,238.7,231.8,345.7,172.1,344.0,356.9,322.0
QV,228.5,321.8,215.5,293.9,186.1,389.1,118.7,103.9,104.0,138.3,67.9,189.6,404.8,183.3,223.8,377.3,397.5,230.6,127.9,40.5,322.4,199.2,50.9,370.0,108.8,348.0,128.0,203.1,382.0,83.2,466.3,97.4,165.1,74.1,167.1,65.1,75.9,342.4,88.9,188.5,199.2,223.3,98.3,358.2,128.0,148.5,222.1,123.0,153.3,218.1,411.0,124.8,423.4,262.8,319.8,119.6,239.6,333.3,192.2,85.3,187.1,355.0,201.7,171.6,184.7,843.4,154.9,159.7,105.5,384.3,67.0,155.3,192.7,344.3,0.0,36.7,95.7,247.0,329.1,122.2,180.8,59.7,158.4,190.0,104.0,388.3,117.3,460.0,176.0,120.7,85.9,92.0,101.9,94.2,337.4,371.1,389.5,102.3,371.0,146.8,365.8,189.4,139.2,316.3,309.4,173.1,335.1,103.1,127.4,49.1
RG,198.4,317.0,212.1,290.5,167.0,385.7,116.8,66.3,102.1,100.7,32.0,195.3,402.9,181.4,202.8,373.9,427.7,227.2,90.3,37.1,320.5,197.3,27.5,366.6,106.9,344.6,126.1,197.0,378.6,45.6,462.9,96.3,147.3,36.5,180.0,64.0,74.8,340.5,51.3,163.6,197.3,221.4,60.7,354.8,144.5,144.2,218.7,114.8,134.2,216.2,451.6,88.0,420.8,259.4,311.1,120.2,237.7,329.9,190.3,60.9,200.8,352.4,198.3,168.7,224.8,840.8,153.8,157.8,122.8,380.8,43.6,153.4,176.9,341.7,46.9,0.0,58.1,245.1,325.7,78.2,178.9,92.1,171.3,154.6,66.4,384.9,77.2,456.6,174.1,83.9,48.3,108.5,73.2,56.6,334.0,367.7,386.9,64.7,368.4,146.4,362.4,160.8,137.3,312.9,306.8,172.8,334.5,120.4,125.5,45.7
RY,247.4,366.6,260.3,338.7,216.0,433.9,165.8,95.4,151.1,140.7,27.7,236.7,451.9,230.4,251.8,422.1,442.3,275.4,131.8,86.1,369.5,246.3,76.5,414.8,155.9,392.8,175.1,250.2,426.8,90.0,511.9,144.5,196.3,80.9,228.6,112.2,123.0,389.5,101.0,212.6,246.3,270.4,110.4,403.0,189.5,192.4,266.9,163.8,183.2,265.2,455.8,136.9,469.0,307.6,364.6,181.1,286.7,378.1,239.3,109.1,248.6,399.8,246.5,218.7,246.2,888.2,202.0,206.8,167.0,429.1,40.1,202.4,237.5,389.1,95.9,48.1,0.0,294.1,373.9,124.1,227.9,121.2,219.9,198.9,8.3,433.9,71.3,470.9,223.1,127.5,64.0,153.5,103.8,55.7,382.2,416.7,434.3,47.6,415.8,208.3,410.6,209.0,186.3,361.1,354.2,220.2,379.9,164.6,174.5,94.7
SB,94.6,291.8,130.1,263.9,257.4,359.1,227.2,315.3,212.5,349.7,279.3,79.6,432.5,86.5,99.0,347.3,367.5,272.6,339.3,251.9,350.1,58.9,262.3,340.0,138.8,318.0,121.4,58.7,352.0,294.6,422.8,185.9,176.9,285.5,240.6,183.4,241.7,370.1,300.3,193.2,99.7,34.7,309.7,328.2,288.7,233.8,136.7,205.2,224.6,40.0,381.0,336.2,379.9,225.5,282.5,209.8,48.3,303.3,86.5,237.3,290.4,325.0,243.7,101.0,236.2,866.8,121.0,113.0,266.2,354.3,278.4,120.4,206.5,314.3,240.2,248.9,307.1,0.0,299.1,333.1,90.0,269.9,231.9,401.4,315.4,289.2,328.7,396.1,95.4,332.1,297.3,244.8,312.8,305.6,300.1,272.0,359.5,313.7,341.0,258.8,335.8,170.5,147.8,279.0,272.1,140.4,305.1,235.4,156.0,260.5
SE,299.3,81.5,286.3,55.0,394.3,184.7,388.9,325.1,371.6,349.1,378.3,294.1,359.1,287.8,294.6,138.4,225.9,301.4,340.2,312.0,272.0,267.6,332.4,165.6,324.0,89.3,306.6,344.4,143.1,334.6,245.7,347.6,270.9,338.4,318.1,345.1,396.9,248.6,382.8,294.3,284.9,324.3,380.8,156.4,402.3,340.3,292.9,334.8,365.1,286.5,206.6,353.6,190.8,192.5,216.8,331.4,337.9,94.4,348.0,342.3,363.9,96.3,272.5,325.6,313.7,876.2,310.7,315.5,379.8,145.4,348.5,311.1,245.5,178.4,369.8,336.2,388.7,315.4,0.0,332.5,336.6,361.4,309.4,412.0,397.0,228.8,420.5,221.7,331.8,297.5,361.8,338.2,315.5,370.1,239.7,211.6,194.1,378.2,132.1,362.3,122.7,313.2,333.0,218.6,211.7,325.6,99.0,323.9,336.8,301.9
SK,224.9,316.8,211.9,290.3,186.4,385.5,191.9,52.2,177.2,16.5,100.4,272.7,424.5,258.8,220.2,373.7,426.7,227.0,7.6,69.3,337.4,302.6,89.7,366.4,184.3,344.4,203.5,267.5,378.4,24.1,477.0,142.6,165.4,33.8,167.4,140.6,151.4,362.1,59.6,188.8,274.7,295.6,48.2,354.6,128.3,148.8,218.5,123.3,153.6,321.5,451.4,21.0,391.6,259.2,310.9,119.9,311.9,329.7,232.0,85.6,187.4,351.4,198.1,257.1,185.0,839.8,230.4,235.2,105.8,380.6,105.8,230.8,189.1,340.7,105.3,76.5,113.4,328.1,325.5,0.0,244.3,60.0,158.7,88.9,121.7,322.9,91.2,422.5,249.7,46.9,49.4,92.3,19.0,59.6,333.8,305.7,385.9,67.7,367.4,147.1,362.2,189.7,217.3,312.7,305.8,248.6,334.3,103.4,202.9,59.2
SL,18.4,215.6,53.9,187.7,184.8,282.9,154.6,242.7,139.9,277.1,206.7,62.6,359.9,69.5,22.8,271.1,291.3,200.0,266.7,179.3,277.5,90.7,189.7,263.8,66.2,241.8,48.8,21.2,275.8,222.0,343.9,113.3,104.3,212.9,168.0,110.8,169.1,297.5,227.7,120.6,117.2,45.1,237.1,252.0,216.1,161.2,60.5,132.6,152.0,71.8,304.8,263.6,289.0,156.6,213.6,137.2,61.4,227.1,10.3,164.7,217.8,248.8,171.1,9.9,163.6,790.6,29.9,21.9,193.6,278.1,205.8,29.3,133.9,238.1,167.6,176.3,234.5,77.6,222.9,260.5,0.0,197.3,159.3,328.8,242.8,220.3,256.1,319.9,4.3,259.5,224.7,172.2,240.2,233.0,231.2,203.1,283.3,241.1,264.8,186.2,259.6,97.9,75.2,210.1,203.2,91.1,228.9,162.8,83.4,187.9
SM,174.6,281.4,161.6,254.9,122.7,350.1,131.8,52.4,114.5,79.7,120.6,218.2,364.4,209.6,169.9,338.3,391.3,176.7,70.8,53.3,288.7,225.5,73.7,331.0,135.1,309.0,154.3,217.2,343.0,83.2,427.3,82.5,105.3,89.2,107.3,106.0,102.2,302.0,122.8,128.7,225.5,245.3,111.4,319.2,68.2,88.7,168.2,63.2,93.5,272.0,416.0,84.2,384.4,251.2,275.5,59.8,261.6,294.3,181.7,25.5,127.3,316.0,147.8,206.8,152.1,804.4,181.2,186.0,45.7,345.2,89.8,181.6,138.8,305.3,65.9,79.1,133.6,277.8,290.1,63.1,194.0,0.0,98.6,152.1,141.9,349.3,154.4,421.0,199.4,86.0,108.5,32.2,42.8,118.7,298.4,332.1,350.5,126.8,332.0,90.1,322.6,129.6,163.4,277.3,270.4,201.0,298.9,43.3,153.7,43.2
SQ,159.9,307.2,146.9,280.7,114.6,375.9,123.7,134.2,106.4,161.5,202.4,184.5,315.5,178.2,155.2,364.1,417.1,162.0,152.6,135.1,233.1,194.1,155.5,356.8,103.7,334.8,122.9,202.5,368.8,165.0,436.9,74.4,56.4,168.8,8.6,97.9,156.2,253.1,204.6,79.8,194.1,230.6,193.2,345.0,122.6,60.6,153.5,55.1,85.4,213.0,441.8,166.0,382.0,249.6,316.1,51.7,246.9,320.1,167.0,110.8,84.2,341.8,133.1,192.1,76.0,883.6,149.8,154.6,100.1,371.0,171.6,150.2,89.5,331.1,147.7,164.4,215.4,263.1,315.9,144.9,179.3,81.7,0.0,233.9,223.7,304.7,236.2,412.9,184.7,167.8,192.2,58.5,124.6,200.5,328.7,287.5,376.3,208.6,357.8,82.6,352.6,80.7,114.5,327.5,320.6,168.0,324.7,44.2,129.0,125.0
SX,181.8,275.1,168.8,247.2,219.0,342.4,224.5,71.9,209.8,91.9,141.7,261.5,361.8,276.9,177.1,330.6,383.6,183.9,83.0,117.8,274.7,259.5,138.2,323.3,218.7,301.3,251.1,224.4,335.3,77.4,384.6,175.2,171.4,83.4,218.6,198.7,202.7,299.4,125.6,194.8,276.8,252.5,123.6,311.5,172.2,125.0,175.4,155.9,186.2,278.4,364.3,96.4,341.7,216.1,267.8,152.5,268.8,286.6,188.9,156.9,249.3,308.3,155.0,214.0,241.4,796.7,232.2,224.2,149.7,337.5,154.3,231.6,146.0,297.6,176.6,142.0,169.5,285.0,282.4,75.3,201.2,131.3,209.9,0.0,177.8,306.6,163.3,379.4,206.6,40.3,104.6,148.4,90.3,112.9,290.7,289.4,342.8,121.0,324.3,144.3,314.9,213.7,241.3,269.6,262.7,283.0,291.2,163.0,237.3,107.7
TC,255.7,373.5,268.6,347.0,224.3,442.2,174.1,103.7,156.8,149.0,34.3,267.2,460.2,238.7,260.1,430.4,483.4,283.7,140.1,94.4,384.5,254.6,84.8,423.1,164.2,401.1,183.4,258.5,435.1,98.3,520.2,152.8,204.6,89.2,236.9,120.5,131.3,397.8,109.3,220.9,254.6,278.7,118.7,411.3,197.8,200.7,275.2,172.1,191.5,273.5,464.1,145.2,477.3,315.9,367.6,189.4,295.0,386.4,247.6,117.4,256.9,408.1,254.8,225.2,281.7,896.5,210.3,215.1,175.3,437.4,48.4,210.7,245.8,397.4,104.2,56.4,8.3,302.4,382.2,132.4,236.2,129.5,228.2,209.4,0.0,442.2,82.1,479.2,231.4,135.8,72.3,161.8,112.1,64.0,390.5,425.0,442.6,55.9,424.1,216.6,418.9,217.3,194.6,369.4,362.5,228.5,391.0,172.9,182.8,103.0
TP,302.9,300.7,338.4,220.1,389.4,247.0,371.0,289.9,344.5,313.9,343.3,240.9,323.9,234.6,307.3,230.0,236.2,266.2,305.0,276.8,241.5,214.4,297.2,269.6,270.8,274.2,253.4,291.2,232.7,299.4,228.2,317.9,235.7,309.1,282.9,315.4,373.7,114.4,347.6,259.1,231.7,271.1,345.6,269.0,367.1,305.1,345.0,337.2,356.6,233.3,225.9,318.4,185.3,68.1,91.3,341.8,284.7,264.9,294.8,369.3,328.7,281.2,237.3,274.2,278.5,823.0,257.5,262.3,344.6,229.8,313.3,257.9,210.3,270.5,372.2,301.0,353.5,262.2,255.3,297.3,283.4,326.2,274.2,374.6,361.8,0.0,382.8,221.9,278.6,262.3,326.6,298.1,280.3,334.9,105.5,25.0,298.1,343.0,321.4,330.1,251.7,302.5,274.6,97.4,90.5,272.4,283.4,288.7,288.0,266.7
TU,263.9,392.4,286.1,364.5,257.0,459.7,182.3,126.4,167.6,76.5,73.9,260.8,468.4,246.9,268.3,447.9,500.9,301.2,66.1,102.6,386.0,262.8,93.0,440.6,172.4,418.6,191.6,266.7,452.6,74.7,528.4,161.0,212.8,65.6,241.6,128.7,139.5,406.0,27.8,229.1,262.8,286.9,36.5,428.8,202.5,208.9,292.7,180.3,227.8,281.7,481.6,63.0,485.5,360.8,385.1,194.1,303.2,403.9,255.8,125.6,261.6,425.6,272.3,233.4,259.2,914.0,218.5,223.3,180.0,454.8,96.4,218.9,240.1,414.9,112.4,64.6,73.9,310.6,399.7,74.1,244.4,134.2,232.9,148.9,82.2,450.4,0.0,496.7,239.6,121.1,57.4,160.7,93.2,65.7,408.0,433.2,460.1,73.8,441.6,224.4,432.2,225.5,197.6,386.9,380.0,236.7,408.5,177.6,191.0,111.2
TZ,374.3,187.0,361.3,153.1,472.9,83.4,463.9,400.1,449.2,424.1,453.3,391.3,434.1,362.8,369.6,112.7,64.9,376.4,415.2,387.0,358.4,342.6,407.4,106.0,399.0,170.7,381.6,419.4,69.1,409.6,102.3,422.6,345.9,419.3,393.1,420.1,471.9,239.1,457.8,369.3,359.9,399.3,455.8,105.4,477.3,415.3,367.9,409.8,440.1,361.5,106.3,428.6,47.4,240.1,291.8,406.4,412.9,105.3,423.0,417.3,438.9,163.7,347.5,400.6,388.7,946.1,385.7,390.5,454.8,135.6,423.5,386.1,320.5,197.4,444.8,411.2,463.7,390.4,217.7,407.5,411.6,436.4,384.4,487.0,472.0,239.7,495.5,0.0,406.8,372.5,434.9,408.3,390.5,445.1,314.7,222.5,119.5,453.2,207.7,440.3,147.0,388.2,408.0,293.6,286.7,400.6,172.5,398.9,411.8,376.9
UH,23.1,220.3,58.6,192.4,179.3,287.6,149.1,237.2,134.4,271.6,201.2,67.3,354.4,74.2,27.5,275.8,296.0,194.5,261.2,173.8,272.0,95.4,184.2,268.5,60.7,246.5,43.3,25.9,280.5,216.5,348.6,107.8,98.8,207.4,162.5,105.3,163.6,292.0,222.2,115.1,111.7,49.8,231.6,256.7,210.6,155.7,65.2,127.1,146.5,76.5,309.5,258.1,293.7,161.3,218.3,131.7,66.1,231.8,15.0,159.2,212.3,253.5,165.6,4.4,158.1,795.3,24.4,16.4,188.1,282.8,200.3,23.8,128.4,242.8,162.1,170.0,229.0,82.3,227.6,255.0,3.6,191.8,153.8,323.3,237.3,225.0,250.6,324.6,0.0,254.0,219.2,166.7,234.7,227.5,235.9,207.8,288.0,235.6,269.5,180.7,264.3,92.4,64.5,214.8,207.9,85.6,233.6,157.3,77.9,182.4
UL,177.9,269.8,164.9,243.3,211.5,338.5,220.6,68.0,203.3,51.5,113.5,257.6,357.9,273.0,173.2,326.7,379.7,180.0,42.6,100.2,282.2,255.6,120.6,319.4,197.2,297.4,216.4,224.7,331.4,37.0,399.5,171.3,167.5,40.8,198.3,153.5,164.3,295.5,85.9,190.9,272.9,248.6,83.2,307.6,159.2,121.1,171.5,152.0,182.3,274.5,360.4,56.0,344.6,212.2,263.9,148.6,264.9,282.7,185.0,116.5,218.3,304.4,151.1,210.1,243.1,792.8,228.3,220.3,136.7,333.6,136.7,227.7,142.1,293.7,136.2,89.4,126.0,281.1,278.5,34.9,197.3,90.9,189.6,114.4,134.3,275.9,122.9,375.5,202.7,0.0,64.2,123.2,49.9,72.5,286.8,258.7,338.9,80.6,320.4,140.4,315.2,220.6,248.2,265.7,258.8,261.5,287.3,134.3,215.8,90.1
UQ,241.4,333.3,226.5,306.8,217.3,402.0,149.6,86.7,134.2,75.1,42.9,244.6,437.6,216.1,236.7,390.2,441.3,241.6,66.2,69.9,350.5,232.0,62.2,381.0,141.6,360.9,160.8,231.7,393.0,25.9,495.7,130.2,182.0,20.3,201.9,96.0,108.7,375.2,50.3,223.3,232.0,256.1,59.0,371.1,162.8,184.6,233.1,157.8,188.1,250.9,422.0,77.7,406.2,303.1,325.5,154.4,272.4,344.3,225.0,94.8,220.0,367.9,214.6,202.6,246.7,856.3,187.7,192.5,140.3,397.1,78.3,186.2,206.7,355.3,81.6,32.7,70.9,279.8,340.1,56.6,213.6,92.6,193.2,145.6,77.3,339.4,58.6,437.1,208.8,61.5,0.0,121.0,53.5,8.3,348.4,320.3,400.5,16.3,383.9,184.7,374.5,192.8,170.1,329.2,322.3,207.5,350.8,136.0,160.2,93.7
US,155.3,302.6,137.4,276.1,90.4,371.3,105.3,80.5,82.2,107.8,148.7,210.6,332.1,182.1,150.6,359.5,407.6,152.5,98.9,81.4,245.0,203.8,101.8,352.2,107.6,330.2,132.6,197.9,364.2,111.3,450.5,50.2,73.0,117.3,75.0,73.7,132.0,269.7,150.9,96.4,203.8,226.0,139.5,340.4,68.9,56.4,144.0,30.9,61.2,216.9,388.3,112.3,407.6,272.4,291.8,27.5,242.3,315.5,162.4,57.1,100.8,337.2,128.5,182.6,119.8,832.5,153.7,192.8,46.4,366.4,117.9,154.1,103.8,321.6,94.0,105.8,161.7,258.5,306.4,91.2,174.7,28.0,72.1,180.2,170.0,321.3,177.6,408.3,180.1,114.1,136.6,0.0,70.9,146.8,345.3,304.1,371.7,154.9,353.2,70.8,343.8,97.3,136.9,298.5,291.6,173.5,320.1,16.9,126.2,71.3
UZ,211.0,304.3,198.0,276.4,167.3,371.6,172.8,33.1,158.1,36.8,66.5,248.8,405.4,242.5,206.3,359.8,380.0,213.1,27.9,50.2,323.0,258.4,70.6,352.5,168.0,330.5,187.2,257.8,364.5,40.3,457.9,123.5,146.3,50.0,148.3,124.3,135.1,343.0,80.9,169.7,258.4,281.7,68.5,340.7,109.2,129.7,204.6,104.2,134.5,277.3,393.5,41.3,377.7,245.3,302.3,100.8,298.0,315.8,218.1,66.5,168.3,337.5,184.2,241.4,165.9,825.9,214.1,218.9,86.7,366.8,86.7,214.5,175.2,326.8,86.2,74.4,94.3,314.2,311.6,20.2,230.4,40.9,139.6,107.0,102.6,379.9,114.0,408.6,235.8,43.1,67.5,73.2,0.0,75.8,319.9,362.7,372.0,83.9,353.5,128.0,348.3,170.6,204.4,298.8,291.9,232.3,317.6,84.3,186.6,40.1
VT,249.7,341.6,236.7,315.1,225.6,410.3,159.8,95.0,145.1,83.4,51.2,233.0,445.9,224.4,245.0,398.5,451.5,251.8,74.5,80.1,370.2,240.3,70.5,391.2,149.9,369.2,169.1,240.0,403.2,34.2,505.9,138.5,190.3,25.1,210.2,106.2,117.0,383.5,57.9,231.6,240.3,264.4,67.3,379.4,171.1,192.9,243.3,166.1,196.4,259.2,432.2,87.9,416.4,284.0,335.7,162.7,280.7,354.5,233.3,103.1,230.2,376.2,222.9,210.9,227.8,864.6,196.0,200.8,148.6,405.5,86.6,196.4,213.9,365.5,89.9,42.1,53.4,288.1,350.3,66.8,221.9,102.8,201.5,155.8,61.7,347.7,50.3,447.3,217.1,71.7,8.3,129.3,61.8,0.0,358.6,330.5,410.7,8.0,392.2,193.0,387.0,203.0,180.3,337.5,330.6,214.2,359.1,146.2,168.5,102.0
VV,319.5,289.0,273.5,256.5,385.1,236.7,387.6,306.5,361.1,330.5,359.7,257.5,340.5,251.2,323.9,219.7,236.2,288.6,321.6,293.4,258.1,231.0,313.8,259.3,287.4,324.0,270.0,312.0,222.4,316.0,217.9,334.5,258.1,322.0,305.3,332.0,390.3,104.1,364.9,281.5,248.3,287.7,362.2,258.7,389.5,327.5,280.1,322.0,352.3,249.9,259.6,335.0,175.0,105.0,102.6,318.6,301.3,254.6,311.4,385.9,351.1,317.0,259.7,289.0,328.1,839.6,274.1,278.9,367.0,219.5,329.9,274.5,232.7,287.1,388.8,317.6,370.1,278.8,321.1,313.9,300.0,348.6,296.6,393.4,378.4,91.2,401.9,211.6,295.2,278.9,341.3,320.5,296.9,351.5,0.0,74.0,287.8,359.6,311.1,352.5,241.4,319.1,296.4,114.0,107.1,289.0,275.9,311.1,304.6,283.3
VZ,277.8,274.2,313.3,195.0,360.7,221.9,345.9,264.8,316.8,288.8,318.2,238.0,298.8,209.5,282.2,204.9,221.4,241.1,279.9,251.7,211.7,189.3,272.1,244.5,245.7,249.1,228.3,266.1,207.6,274.3,203.1,292.8,210.6,278.1,257.8,290.3,348.6,89.3,322.5,234.0,206.6,246.0,320.5,243.9,342.0,280.0,319.9,312.1,331.5,208.2,200.8,293.3,160.2,43.0,60.9,316.7,259.6,239.8,269.7,344.2,303.6,256.1,212.2,247.3,280.6,797.9,232.4,237.2,319.5,204.6,288.2,232.8,185.2,245.4,347.1,275.9,328.4,237.1,230.2,272.2,258.3,301.1,249.1,351.7,336.7,17.1,360.2,196.8,253.5,237.2,299.6,273.0,255.2,309.8,80.4,0.0,273.0,317.9,296.3,302.0,226.6,277.4,249.5,72.3,65.4,247.3,261.1,263.6,262.9,241.6
WC,344.7,181.5,331.7,149.0,443.3,66.0,434.3,370.5,417.0,394.5,425.6,361.7,404.5,333.2,340.0,160.2,54.5,346.8,385.6,357.4,328.8,313.0,377.8,41.1,369.4,141.1,352.0,394.0,103.8,380.0,167.7,393.0,316.3,386.0,363.5,390.5,442.3,294.0,428.9,339.7,330.3,369.7,426.2,78.7,447.7,385.7,338.3,380.2,410.5,331.9,128.6,399.0,112.8,210.5,262.2,376.8,383.3,101.2,393.4,387.7,409.3,134.1,317.9,371.0,386.3,916.5,356.1,360.9,425.2,170.3,393.9,356.5,290.9,101.4,415.2,381.6,434.1,360.8,188.6,377.9,382.0,406.8,354.8,457.4,442.4,274.2,465.9,143.7,377.2,342.9,405.3,378.7,360.9,415.5,285.1,257.0,0.0,423.6,203.6,410.7,155.4,358.6,378.4,264.0,257.1,371.0,168.4,369.3,382.2,347.3
WH,257.8,351.1,244.8,323.2,237.3,418.4,167.9,103.1,153.2,91.5,59.5,238.8,454.0,232.5,253.1,406.6,426.8,259.9,82.6,88.2,371.6,248.4,78.6,399.3,158.0,377.3,177.2,252.3,411.3,42.3,514.0,146.6,198.4,33.2,218.3,114.3,125.1,391.6,69.4,239.7,248.4,272.5,78.8,387.5,179.2,201.0,251.4,174.2,204.5,267.3,440.3,105.3,424.5,292.1,349.1,170.8,288.8,362.6,241.4,111.2,238.3,384.3,231.0,220.8,235.9,872.7,204.1,208.9,156.7,413.6,67.8,204.5,222.0,373.6,98.0,50.2,45.3,296.2,358.4,74.9,230.0,110.9,209.6,167.3,53.6,355.8,39.7,455.4,225.2,79.8,16.3,143.2,69.9,8.0,366.7,338.6,418.8,0.0,400.3,198.0,395.1,211.1,188.4,345.6,338.7,222.3,364.4,154.3,176.6,110.1
WK,331.1,111.3,318.1,77.4,429.7,164.6,420.7,356.9,406.0,380.9,410.3,325.9,390.9,319.6,326.4,118.3,173.0,333.2,372.0,343.8,308.5,299.4,364.2,145.5,355.8,160.9,338.4,376.2,123.0,366.4,225.6,379.4,302.7,376.1,349.9,376.9,428.7,280.4,414.6,326.1,316.7,356.1,412.6,136.3,434.1,372.1,324.7,366.6,396.9,318.3,186.5,385.4,170.7,196.9,253.9,363.2,369.7,74.3,379.8,374.1,395.7,167.9,304.3,359.2,345.5,908.0,342.5,347.3,411.6,125.3,380.3,342.9,277.3,210.2,401.6,368.8,420.5,347.2,142.0,364.3,368.4,393.2,341.2,441.6,428.8,260.6,449.8,201.6,363.6,329.3,393.6,365.1,347.3,401.9,271.5,243.4,174.0,410.0,0.0,397.1,106.8,345.0,364.8,250.4,243.5,357.4,94.0,355.7,368.6,333.7
WQ,132.4,279.7,116.3,253.2,106.2,348.4,112.2,135.4,98.0,162.7,203.6,230.4,309.3,197.9,127.7,336.6,386.5,131.4,153.8,136.3,225.3,210.7,156.7,329.3,123.4,307.3,139.5,175.0,338.2,166.2,462.4,66.0,106.8,172.2,108.8,89.5,147.8,250.0,205.8,130.2,210.7,203.1,194.4,317.5,105.8,33.1,122.9,46.7,77.0,229.8,367.2,170.2,354.5,249.5,273.8,43.3,219.4,289.5,136.4,112.0,128.8,314.3,105.6,161.5,153.6,839.5,182.8,171.7,83.3,343.5,172.8,179.1,97.7,300.5,148.9,151.1,216.6,235.6,288.4,146.1,151.8,82.9,97.0,235.1,224.9,301.6,240.4,385.4,157.2,169.0,191.5,68.1,125.8,201.7,296.7,281.3,345.7,209.8,330.3,0.0,320.9,128.0,145.5,275.6,268.7,189.3,294.1,50.7,142.0,126.2
XJ,341.9,120.7,328.9,88.2,436.9,118.5,425.7,367.7,414.2,391.7,424.6,358.9,395.9,330.4,337.2,64.6,153.9,344.0,382.8,354.6,314.6,304.4,375.0,132.5,366.6,171.7,349.2,391.2,69.3,377.2,173.7,390.2,313.5,383.2,360.7,387.7,439.5,257.8,426.1,336.9,321.7,366.9,423.4,131.9,444.9,382.9,329.7,377.4,407.7,329.1,134.6,396.2,124.6,235.1,259.4,374.0,380.5,80.5,384.8,384.9,400.7,178.7,315.1,362.4,383.5,918.8,353.3,352.3,422.4,71.5,391.1,353.7,289.2,236.7,412.4,373.0,431.3,358.0,152.8,369.3,379.2,404.0,352.0,448.8,433.8,258.4,457.3,155.5,374.4,340.1,402.5,380.8,358.1,412.7,282.3,235.4,161.0,420.8,142.8,404.9,0.0,355.8,369.8,261.2,254.3,369.8,107.6,360.7,379.4,344.5
XM,139.3,288.0,126.3,260.1,164.0,355.3,137.4,187.2,120.1,214.5,204.3,128.4,301.3,122.1,134.6,343.5,396.5,141.4,205.6,162.1,225.6,138.0,172.5,336.2,49.0,314.2,66.8,137.7,348.2,204.8,423.7,96.1,62.2,201.2,91.4,93.6,151.9,238.9,210.5,85.6,138.0,162.1,219.9,324.4,175.6,113.6,132.9,115.4,134.8,156.9,377.2,219.0,361.4,304.3,301.9,104.7,178.4,299.5,146.4,147.5,137.2,321.2,112.5,108.6,114.2,863.0,93.7,98.5,153.1,350.4,188.6,94.1,73.0,310.5,150.4,158.3,217.3,185.8,295.3,197.9,119.6,134.7,82.7,286.9,225.6,290.5,236.4,392.3,114.8,220.8,205.6,106.6,177.6,215.8,314.5,273.3,355.7,223.9,337.2,138.6,332.0,0.0,33.8,313.3,306.4,113.5,304.1,97.2,48.2,170.7
XP,105.3,300.4,140.1,273.9,136.4,369.1,109.8,197.9,88.9,232.3,161.7,96.9,308.9,88.3,115.9,357.3,404.1,155.2,221.9,128.3,226.5,104.2,144.9,350.0,21.4,328.0,33.0,114.3,362.0,177.2,424.6,68.5,59.5,161.9,114.1,66.0,124.3,252.7,176.7,75.8,104.2,128.3,192.3,338.2,171.3,116.4,146.7,81.6,107.2,129.3,384.8,218.8,387.9,233.5,315.7,92.4,144.6,313.3,97.2,113.7,165.1,328.8,120.1,74.8,136.9,876.8,66.1,64.7,148.8,364.2,161.0,66.5,80.6,324.3,122.8,130.7,189.7,152.0,309.1,209.5,92.0,152.5,105.4,280.0,198.0,304.3,208.8,399.9,81.0,208.5,178.0,129.3,195.4,188.2,328.3,280.9,369.5,196.3,344.8,138.4,345.8,27.8,0.0,280.8,280.1,84.3,317.9,125.1,20.6,136.9
XQ,302.9,293.7,276.8,259.8,389.4,240.0,371.0,289.9,344.5,313.9,343.3,240.9,323.9,234.6,307.3,223.0,229.2,291.9,305.0,276.8,241.5,214.4,297.2,262.6,270.8,327.3,253.4,291.2,225.7,299.4,221.2,317.9,261.4,309.1,308.6,315.4,373.7,107.4,347.6,284.8,231.7,271.1,345.6,262.0,392.8,330.8,283.4,337.2,356.6,233.3,218.9,318.4,178.3,68.1,80.9,341.8,284.7,257.9,294.8,369.3,354.4,320.3,263.0,274.2,304.2,823.0,257.5,262.3,370.3,222.8,313.3,257.9,236.0,270.5,372.2,301.0,353.5,262.2,324.4,297.3,283.4,351.9,299.9,374.6,361.8,87.6,382.8,214.9,278.6,262.3,326.6,323.8,280.3,334.9,98.5,70.4,291.1,343.0,314.4,355.8,244.7,302.5,274.6,0.0,7.9,272.4,276.4,314.4,288.0,266.7
XX,294.9,285.7,268.8,251.8,381.4,232.0,363.0,281.9,336.5,305.9,335.3,232.9,315.9,226.6,299.3,215.0,221.2,283.9,297.0,268.8,233.5,206.4,289.2,254.6,262.8,319.3,245.4,283.2,217.7,291.4,213.2,309.9,253.4,301.1,300.6,307.4,365.7,99.4,339.6,276.8,223.7,263.1,337.6,254.0,384.8,322.8,275.4,329.2,348.6,225.3,210.9,310.4,170.3,60.1,72.9,333.8,276.7,249.9,286.8,361.3,346.4,312.3,255.0,266.2,296.2,815.0,249.5,254.3,362.3,214.8,305.3,249.9,228.0,262.5,364.2,293.0,345.5,254.2,316.4,289.3,275.4,343.9,291.9,366.6,353.8,79.6,374.8,206.9,270.6,254.3,318.6,315.8,272.3,326.9,90.5,62.4,283.1,335.0,306.4,347.8,236.7,294.5,266.6,6.9,0.0,264.4,268.4,306.4,280.0,258.7
YE,110.5,284.8,146.0,258.3,193.4,353.5,168.7,254.9,149.5,289.3,220.6,98.7,374.0,70.2,114.9,341.7,394.7,212.2,278.9,193.4,285.0,88.0,201.9,336.3,78.4,312.4,61.0,109.1,346.4,234.2,406.5,125.5,116.5,228.6,180.2,123.0,181.3,309.7,240.6,132.8,88.0,110.2,249.3,322.6,228.3,173.4,152.6,144.8,164.2,105.0,448.2,275.8,363.6,236.6,260.9,149.4,126.5,297.7,104.3,176.9,230.0,319.4,183.3,80.0,203.0,861.2,65.1,69.9,205.8,348.6,218.0,65.5,143.8,308.7,179.8,187.7,246.7,133.9,293.5,272.7,91.0,209.5,171.5,345.1,256.9,272.9,265.8,400.2,86.2,273.6,236.9,189.3,252.4,245.2,283.8,257.6,353.9,253.3,335.4,195.4,326.0,112.0,89.3,262.7,255.8,0.0,304.2,176.9,95.6,200.1
YQ,300.9,81.1,287.9,47.2,399.5,172.3,390.5,326.7,373.2,350.7,383.6,295.7,360.7,289.4,296.2,126.0,213.5,303.0,341.8,313.6,273.6,269.2,334.0,153.2,325.6,130.7,308.2,346.0,130.7,336.2,233.3,349.2,272.5,340.0,319.7,346.7,398.5,250.2,384.4,295.9,286.5,325.9,382.4,144.0,403.9,341.9,294.5,336.4,366.7,288.1,194.2,355.2,178.4,194.1,218.4,333.0,339.5,82.0,349.6,343.9,365.5,137.7,274.1,327.2,342.5,877.8,312.3,317.1,381.4,132.9,350.1,312.7,248.2,180.0,371.4,337.8,390.3,317.0,111.8,334.1,338.2,363.0,311.0,413.6,398.6,230.4,422.1,209.3,333.4,299.1,361.5,339.8,317.1,371.7,241.3,213.2,181.7,379.8,119.7,363.9,114.5,314.8,329.4,220.2,213.3,328.8,0.0,325.5,338.4,303.5
YU,144.6,291.9,131.6,265.4,82.9,360.6,88.4,89.9,73.7,117.2,143.1,184.9,321.0,171.0,139.9,348.8,401.8,146.7,108.3,90.8,233.9,186.9,111.2,341.5,96.5,319.5,115.7,187.2,353.5,120.7,464.8,39.1,61.9,130.4,63.9,62.6,120.9,258.6,160.3,85.3,186.9,215.3,148.9,329.7,78.3,45.3,138.2,19.8,50.1,205.8,426.5,121.7,421.9,234.3,321.6,16.4,231.6,304.8,151.7,66.5,83.9,326.5,117.8,157.5,81.5,841.9,142.6,147.4,55.8,355.7,127.3,143.0,92.7,315.8,103.4,120.9,171.1,247.8,300.6,100.6,164.0,37.4,55.2,189.6,179.4,310.2,191.9,397.6,169.4,123.5,146.0,9.4,80.3,156.2,334.2,293.0,361.0,164.3,342.5,80.2,337.3,86.2,120.0,333.0,326.1,160.8,309.4,0.0,115.1,80.7
ZO,116.7,313.9,152.2,286.0,165.2,381.2,135.0,223.1,120.3,257.5,187.1,106.0,340.3,99.7,121.1,369.4,389.6,180.4,247.1,159.7,257.9,115.6,170.1,362.1,46.6,340.1,44.4,119.5,374.1,202.4,436.0,93.7,84.7,193.3,151.8,91.2,149.5,277.9,208.1,101.0,115.6,139.7,217.5,350.3,196.5,141.6,158.8,113.0,132.4,134.5,433.7,244.0,393.1,238.7,295.7,117.6,156.0,325.4,108.6,145.1,197.6,347.1,151.5,88.0,147.4,888.9,71.3,76.1,174.0,376.4,186.2,71.7,114.3,336.4,148.0,155.9,214.9,163.4,321.2,240.9,97.2,177.7,143.1,309.2,223.2,329.5,236.5,429.7,92.4,239.9,205.1,167.0,220.6,213.4,313.3,312.3,381.6,221.5,363.1,166.6,357.9,60.3,32.4,292.2,285.3,89.5,327.2,157.6,0.0,168.3
ZX,179.3,272.6,166.3,244.7,158.2,339.9,137.7,60.2,123.0,87.5,65.4,208.6,359.3,202.3,174.6,328.1,348.3,181.4,78.6,10.0,276.9,218.2,30.4,320.8,127.8,298.8,147.0,226.1,332.8,80.7,417.1,114.4,137.2,71.6,139.2,84.1,94.9,338.5,86.4,160.6,218.2,250.0,95.8,309.0,100.1,122.5,172.9,95.1,125.4,237.1,361.8,92.0,374.2,213.6,270.6,91.7,266.3,284.1,186.4,57.4,159.2,305.8,152.5,209.7,156.8,794.2,173.9,178.7,77.6,335.1,46.5,174.3,143.5,295.1,67.8,34.2,86.7,282.5,279.9,70.9,198.7,31.8,130.5,157.7,95.0,339.1,120.4,410.8,204.1,93.8,83.4,64.1,50.6,104.8,288.2,321.9,340.3,96.7,321.8,100.6,316.6,161.5,153.0,267.1,260.2,192.1,285.9,75.2,146.4,0.0
