from_stop,AC,AF,AI,AN,AO,AQ,AY,BA,BB,BE,BG,BI,BM,BW,CE,CH,CN,CS,CV,CZ,DB,DC,DH,DO,DT,DX,DZ,EE,EL,EM,EN,EO,EX,EZ,FA,FE,FJ,FK,FO,FW,GC,GD,GI,GL,GQ,GZ,HD,HJ,HP,IB,IC,IJ,IK,IM,IR,IX,JD,JE,JN,JU,KT,KX,KY,LN,LP,LQ,LT,LV,MG,MJ,ML,NE,NM,NV,NX,NY,OC,OD,OI,OK,OP,OR,PF,PH,PP,PQ,PW,PZ,QK,QL,QM,QT,QV,QZ,RA,RK,SI,SK,SL,SO,SU,TA,TG,UF,UG,UH,UL,UM,UQ,US,UW,UY,VJ,VV,VY,WG,WJ,WK,WT,XE,XX,YE,YG,YS,ZA,ZB,ZF,ZG,ZH,ZJ
AC,0.0,375.4,112.1,231.8,210.0,185.1,79.3,160.0,258.1,267.7,242.0,79.2,288.4,81.1,79.2,136.1,177.2,285.8,74.4,169.1,368.3,233.0,100.2,145.3,159.0,308.6,105.6,143.5,247.3,210.8,136.9,95.2,413.5,98.0,136.5,65.1,238.3,423.2,179.1,71.0,92.1,183.9,63.3,73.0,168.7,167.4,185.5,228.7,113.8,159.0,281.0,337.8,296.7,137.3,265.2,218.4,247.7,224.1,195.1,233.1,243.4,302.8,136.2,329.7,205.6,297.9,296.8,404.2,104.0,66.4,185.4,242.7,254.5,273.6,260.3,196.5,59.8,252.0,279.1,257.2,56.9,281.2,179.1,62.9,264.0,242.4,138.1,257.3,228.2,186.2,243.5,316.7,1863.2,309.2,127.2,227.2,253.4,152.6,256.1,144.6,205.5,182.1,280.1,154.2,307.0,286.6,275.0,222.7,123.5,235.5,192.9,368.5,288.0,186.6,114.5,207.3,269.6,257.7,297.7,103.2,353.7,133.0,236.5,258.8,152.1,195.0,267.4,74.3,219.6,280.8
AF,382.8,0.0,289.1,196.5,228.2,305.4,395.7,229.4,169.2,121.2,181.1,321.6,138.7,359.8,375.1,332.0,278.9,108.6,424.1,269.6,122.4,230.8,300.6,248.6,323.6,89.5,304.6,303.3,166.0,190.5,299.2,454.4,268.0,457.2,332.4,371.8,212.9,46.5,257.7,352.7,342.1,215.9,367.7,346.6,264.9,280.5,505.4,184.5,314.8,234.2,121.3,116.8,146.7,328.7,140.7,183.8,142.1,171.4,207.9,162.1,149.2,109.3,416.9,55.9,222.7,119.7,83.4,258.7,359.7,416.1,244.6,189.6,136.8,119.8,166.3,244.3,363.9,249.2,168.7,157.3,331.4,145.0,238.6,430.1,179.8,238.6,249.9,168.4,200.8,258.4,182.3,83.0,1772.2,87.3,260.5,153.7,140.2,290.6,174.2,314.0,231.7,284.1,112.2,274.0,97.3,118.1,120.8,166.9,260.5,192.8,209.3,223.0,106.0,261.3,271.0,235.8,157.0,206.9,152.2,467.9,28.3,280.7,165.6,175.6,274.0,232.7,128.4,349.5,209.9,99.4
AI,119.3,289.6,0.0,159.2,131.5,112.8,135.5,100.4,183.8,181.9,191.6,66.0,214.1,82.8,85.9,106.1,115.7,209.8,163.9,81.0,317.9,182.6,92.4,79.9,108.6,234.3,15.4,71.2,197.6,143.4,49.7,177.6,339.2,180.4,106.5,111.6,187.9,337.4,91.0,117.5,57.9,109.6,103.4,74.6,92.8,117.0,245.2,179.6,25.7,93.6,201.9,257.8,210.9,39.5,190.9,144.1,173.4,148.9,141.0,158.8,169.1,228.5,218.6,257.0,162.6,223.6,222.5,329.9,70.5,155.9,97.3,148.0,180.2,199.3,209.9,128.3,74.7,173.1,204.8,206.3,80.8,230.8,91.0,153.9,169.3,192.0,63.8,183.0,177.8,134.1,193.1,242.4,1845.0,258.8,52.9,152.9,178.9,73.7,185.9,94.2,117.4,94.0,205.8,55.8,236.5,213.5,224.6,148.4,31.2,162.9,118.6,294.2,213.7,112.6,22.2,156.9,214.4,169.6,223.4,185.6,267.9,44.9,173.5,208.4,64.0,144.6,193.1,60.3,149.9,206.5
AN,227.0,197.0,144.1,0.0,131.3,126.3,239.9,100.2,75.7,103.6,125.1,170.4,98.2,208.6,221.4,177.2,105.3,109.3,268.3,84.7,195.2,60.3,185.5,116.3,171.6,126.2,159.6,146.1,57.8,49.8,148.6,298.6,231.1,301.4,177.6,216.0,121.4,244.8,74.7,221.9,186.3,90.7,221.5,195.4,112.9,113.6,349.6,68.0,161.8,130.0,75.8,149.7,129.1,183.7,82.8,105.6,65.3,22.8,53.1,58.3,68.6,130.7,262.1,148.9,18.7,120.3,114.4,221.8,206.3,260.3,88.8,120.3,79.7,104.0,74.1,70.7,218.5,48.9,128.3,66.5,185.2,108.1,92.4,274.3,101.4,86.3,94.1,74.9,54.1,84.8,82.6,134.3,1845.0,136.1,104.7,76.4,83.6,135.5,46.1,147.1,75.9,94.2,105.3,118.9,142.6,105.4,100.8,40.3,153.6,3.7,73.3,186.1,118.4,94.4,144.6,90.4,74.6,29.8,115.3,320.9,175.3,130.1,123.7,122.4,104.0,36.1,67.0,204.5,88.8,98.4
AO,203.7,221.1,130.5,131.7,0.0,146.3,226.0,51.3,148.8,113.4,221.8,164.0,140.8,202.2,213.3,201.8,130.9,136.5,254.4,93.0,238.2,174.5,143.0,72.8,224.4,173.8,152.0,125.2,169.2,97.3,131.5,284.7,304.2,287.5,201.7,202.1,218.1,268.9,87.8,208.0,177.8,45.0,220.0,189.0,86.8,110.6,335.7,187.7,153.7,58.4,123.4,199.2,142.4,170.1,155.9,48.3,138.4,106.6,113.2,123.8,118.6,155.5,286.7,204.3,157.9,145.1,171.4,294.9,197.8,246.4,74.7,59.5,106.9,133.7,168.5,107.8,205.3,154.3,121.5,160.5,183.7,181.2,60.5,260.4,80.2,200.5,86.4,148.0,170.2,121.9,186.6,181.9,1852.2,208.5,105.7,69.6,143.2,114.8,143.6,141.1,95.2,103.7,132.5,107.2,167.4,153.0,181.5,113.4,101.9,128.0,68.9,259.2,148.1,90.9,112.4,187.1,206.4,157.5,188.4,316.2,199.4,113.0,66.4,229.8,95.9,167.9,109.8,190.9,32.2,171.5
AQ,178.4,284.6,118.0,128.4,146.5,0.0,238.7,81.0,182.0,176.9,166.1,165.2,200.8,126.0,162.1,129.4,81.9,208.0,237.2,62.4,292.4,120.1,186.2,104.9,78.0,232.5,102.5,34.8,170.8,98.8,86.6,220.8,337.4,223.6,129.8,214.8,162.4,332.4,72.4,220.7,121.8,95.9,146.6,137.9,43.7,49.7,311.1,152.3,113.2,118.6,204.3,261.9,205.9,100.7,189.1,134.8,171.6,152.2,79.4,157.0,167.3,226.7,214.3,255.2,109.6,221.8,220.7,328.1,113.7,245.2,64.6,147.6,178.4,197.5,184.4,70.4,117.9,112.4,185.0,179.5,179.6,205.3,71.6,245.9,157.6,146.1,92.9,181.2,133.3,56.3,167.6,240.6,1908.6,233.3,103.5,133.1,177.1,64.2,161.2,68.7,83.0,42.5,204.0,80.8,231.1,211.7,205.6,146.6,149.3,132.1,109.3,292.4,211.9,47.4,140.3,131.4,193.7,151.0,221.6,228.8,262.9,105.1,152.9,182.2,62.5,113.9,195.5,103.5,136.0,204.7
AY,87.6,412.5,151.9,286.3,234.5,254.4,0.0,184.5,282.6,295.5,296.5,119.0,312.9,140.4,119.0,195.4,220.6,308.6,28.3,208.9,402.1,287.5,115.1,169.8,213.5,333.1,161.3,217.1,303.0,265.3,177.6,58.6,438.0,61.4,195.8,52.4,292.8,460.3,218.9,71.6,146.9,208.4,119.3,127.2,220.7,221.9,158.4,284.5,153.6,183.5,300.7,356.6,324.5,191.8,289.7,242.9,272.2,248.6,245.9,257.6,267.9,327.3,152.8,355.8,267.5,322.4,321.3,428.7,166.9,20.3,225.2,255.6,279.0,298.1,314.8,254.8,133.8,301.0,303.6,311.7,96.7,315.0,218.9,34.3,274.8,296.9,162.6,281.8,282.7,240.7,298.0,341.2,1869.0,343.0,151.7,251.7,277.7,201.6,272.7,199.1,245.3,221.9,304.6,183.7,335.3,312.3,336.0,247.2,148.0,290.0,217.4,393.0,312.5,240.5,139.0,261.8,324.1,291.3,322.2,84.6,390.8,172.8,261.0,313.3,191.9,249.5,291.9,148.3,244.1,305.3
BA,161.7,222.7,78.8,99.5,49.9,75.9,174.6,0.0,113.0,115.0,187.1,105.1,143.3,143.3,161.9,150.4,111.2,139.0,203.0,41.6,232.5,161.0,136.3,66.1,94.1,163.5,94.3,73.8,122.0,75.5,89.1,233.3,268.4,236.1,150.8,150.7,183.4,270.5,51.6,156.6,133.9,38.8,156.2,130.1,35.4,90.6,284.3,140.5,102.3,51.7,131.1,187.0,144.0,118.4,120.1,73.3,102.6,78.1,92.9,88.0,98.3,157.7,235.3,186.2,125.7,152.8,151.7,259.1,152.7,195.0,57.9,71.0,109.4,128.5,134.0,88.9,156.9,133.7,134.0,113.3,119.9,145.4,9.1,209.0,92.3,187.0,28.8,112.2,129.7,97.2,150.8,171.6,1827.5,173.4,39.4,82.1,108.1,77.3,103.1,89.7,78.0,54.6,135.0,53.6,165.7,142.7,145.7,77.6,95.2,95.8,47.8,223.4,142.9,73.2,105.7,152.4,175.0,121.7,152.6,267.8,201.0,64.8,91.4,203.9,44.5,140.1,122.3,142.5,68.3,135.7
BB,263.3,159.6,180.4,78.5,182.8,195.5,276.2,136.5,0.0,142.6,154.8,206.7,99.5,244.9,260.9,227.6,159.4,122.0,304.6,150.1,149.2,106.7,221.8,152.6,213.7,80.2,195.9,191.2,50.9,86.1,184.9,334.9,185.1,337.7,228.0,252.3,125.2,207.4,138.2,258.2,222.6,127.0,257.8,231.7,155.0,161.0,385.9,83.7,195.3,166.3,142.7,330.3,168.1,220.0,36.8,157.1,19.3,77.1,103.5,61.3,84.1,74.4,312.5,102.9,104.7,66.4,68.4,175.8,242.6,296.6,125.1,183.9,92.4,75.6,50.7,124.8,254.8,262.1,164.6,42.2,221.5,62.1,128.7,310.6,165.0,177.0,130.4,0.9,83.0,138.9,82.1,88.3,1799.0,90.1,141.0,112.7,65.3,171.8,56.4,194.5,112.2,159.6,118.0,155.2,82.4,59.4,62.4,47.4,189.9,74.8,109.6,140.1,90.0,141.8,180.9,135.6,74.1,272.9,254.6,357.2,137.9,166.4,175.2,110.7,164.1,114.7,136.5,240.8,140.3,52.4
BE,256.7,107.6,167.8,110.1,106.9,184.1,277.3,108.1,124.7,0.0,191.5,200.3,80.2,238.5,253.8,210.7,150.0,45.1,305.7,149.3,124.7,144.2,179.3,127.3,202.3,67.8,189.3,182.0,124.6,65.1,177.9,338.6,280.1,341.4,210.6,250.8,187.8,155.4,137.4,231.4,221.8,94.6,246.4,225.3,143.6,160.2,387.0,144.4,193.6,112.9,30.4,148.3,28.9,207.4,109.4,62.5,114.3,89.8,82.9,99.7,87.3,114.0,295.6,76.2,126.3,103.6,103.7,270.8,238.4,297.7,124.4,68.3,74.9,78.4,133.7,128.5,242.6,124.0,47.4,115.9,210.1,157.1,117.3,310.4,58.5,170.2,140.9,123.9,144.8,141.0,151.8,61.3,1774.5,107.6,152.1,32.4,98.8,169.3,112.3,193.7,114.3,162.8,50.3,161.7,117.6,88.0,147.6,89.3,139.2,113.8,88.0,235.1,64.6,140.5,149.7,156.8,165.3,120.5,164.3,346.6,85.9,159.4,44.3,206.3,152.7,138.0,41.4,228.2,88.6,119.7
BG,339.4,201.1,256.5,143.3,249.1,194.2,352.3,212.6,197.5,192.8,0.0,282.8,174.0,305.2,325.3,208.0,178.4,180.2,380.7,188.6,162.3,85.0,297.9,228.7,252.3,153.9,272.0,214.0,113.7,162.2,252.5,400.0,244.6,402.8,208.4,328.4,26.8,248.9,178.6,334.3,297.3,203.1,325.8,307.8,216.8,186.2,462.0,98.4,265.7,242.4,192.9,175.4,218.3,279.9,110.5,211.2,98.7,166.2,157.0,147.9,158.2,113.4,292.9,144.4,137.7,123.8,109.9,235.3,292.9,372.7,201.2,232.2,169.3,159.9,84.9,174.6,297.1,192.1,240.3,118.3,297.6,75.2,204.8,386.7,213.3,107.0,206.5,196.7,119.8,172.8,68.1,154.6,1812.1,103.2,217.1,188.8,139.5,240.7,132.5,219.7,183.7,198.1,183.8,231.3,101.0,133.1,72.5,123.5,266.0,147.0,185.7,199.6,174.3,198.3,257.0,65.1,60.6,202.9,99.7,408.0,179.4,242.5,237.2,42.4,207.9,122.0,200.0,282.7,209.3,93.9
BI,71.0,318.6,67.6,202.8,162.6,160.1,93.3,108.3,206.4,210.9,226.6,0.0,236.7,38.1,54.2,93.1,161.8,232.4,121.7,124.6,325.9,217.6,20.9,93.6,143.6,256.9,80.6,118.5,233.1,192.2,93.3,150.9,361.8,153.7,93.0,69.4,222.9,366.4,134.6,75.3,62.6,132.2,74.9,24.9,136.4,152.0,203.0,213.3,69.3,107.3,229.3,280.4,239.9,101.1,213.5,166.7,196.0,171.5,179.7,181.4,191.7,251.1,182.7,278.0,197.6,246.2,245.1,352.5,79.0,113.7,140.9,180.6,202.8,221.9,244.9,171.9,48.0,216.7,227.4,206.7,38.6,238.8,134.6,122.2,201.9,227.0,86.4,205.6,212.8,170.8,228.1,265.0,1913.3,266.8,75.5,176.0,201.5,117.3,196.5,129.2,161.0,137.6,228.4,109.7,259.1,233.7,232.6,171.0,71.8,206.5,141.2,316.8,236.3,155.7,62.8,191.9,254.2,213.2,246.0,158.9,296.9,88.5,184.8,243.4,107.6,179.6,215.7,49.3,181.0,229.1
BM,256.8,133.4,183.9,89.2,136.7,199.2,279.7,150.5,69.8,64.5,172.9,209.6,0.0,248.4,264.4,240.0,160.5,24.9,308.1,151.4,150.5,92.2,242.2,172.5,217.2,80.6,199.4,194.1,85.5,95.6,188.4,337.8,224.6,341.2,240.4,255.8,145.7,181.2,141.4,261.7,226.1,124.2,261.3,234.6,184.0,192.3,388.8,100.4,198.8,158.1,60.7,114.9,90.0,223.5,76.9,94.5,58.8,64.1,109.3,29.8,16.9,71.8,322.0,111.0,102.8,61.4,87.7,215.3,266.6,300.1,128.6,84.3,4.5,49.4,90.8,140.6,258.3,115.6,112.0,75.2,225.0,102.2,132.2,314.1,72.6,118.2,133.9,69.0,68.5,165.8,114.4,88.7,1800.3,103.1,144.5,66.0,59.7,195.8,41.9,225.8,115.7,160.9,20.9,167.7,83.7,66.9,96.0,50.9,197.2,85.5,107.9,180.2,55.9,145.3,211.6,137.6,106.4,99.5,129.9,360.7,111.7,169.9,96.7,154.3,170.1,128.1,56.2,244.3,91.1,103.9
BW,71.6,356.5,85.2,178.2,202.4,143.2,133.8,152.4,255.2,235.3,188.4,40.4,267.5,0.0,55.3,54.9,112.5,265.7,130.4,148.3,314.7,179.4,61.4,147.0,105.4,275.7,69.7,101.6,194.9,157.2,95.0,114.0,395.8,116.8,55.3,109.9,184.7,404.3,158.3,115.8,50.2,181.5,39.8,13.1,115.1,113.8,204.3,176.4,93.0,160.7,254.1,284.2,264.3,83.7,232.3,211.1,228.1,201.1,137.8,214.7,225.0,265.8,155.0,297.9,152.0,265.0,265.3,386.5,59.4,129.9,150.2,221.1,236.1,241.1,206.7,146.7,11.1,198.4,243.4,203.6,72.8,227.6,143.0,125.9,216.0,188.8,126.9,254.4,174.6,132.6,189.9,283.8,1848.8,255.6,116.0,191.5,220.7,106.3,202.5,91.0,159.3,161.3,261.7,122.9,253.4,254.9,227.9,218.8,116.5,181.9,185.6,350.8,255.5,133.0,107.5,153.7,216.0,206.6,262.1,122.0,334.8,112.2,229.2,205.2,131.3,141.4,245.3,32.4,212.0,249.3
CE,72.0,377.3,91.5,226.7,217.9,160.4,123.5,167.9,262.4,269.6,244.9,58.6,292.7,56.4,0.0,111.4,169.0,288.4,118.6,148.5,371.2,235.9,79.6,147.4,151.6,312.9,86.9,118.8,251.4,210.9,112.2,132.9,417.8,135.7,111.8,108.8,241.2,425.1,158.5,114.7,67.4,196.1,58.7,48.3,147.2,170.3,223.2,232.9,625.7,161.1,280.5,340.7,298.6,736.2,269.5,236.7,252.0,227.5,194.3,237.4,247.7,307.1,173.9,335.6,208.5,302.2,301.1,408.5,79.3,110.6,164.8,239.0,258.8,277.9,263.2,195.8,35.1,240.6,297.1,260.1,57.3,284.1,158.5,106.6,260.3,245.3,142.4,261.6,231.1,181.7,246.4,321.0,1891.6,312.1,131.5,245.2,257.5,127.9,253.4,147.5,184.9,161.5,284.4,123.3,309.9,292.1,284.4,227.0,122.8,230.4,211.2,372.8,292.3,172.8,113.8,210.2,272.5,237.1,302.0,140.9,355.6,112.4,254.8,261.7,131.5,197.9,271.7,49.6,236.3,285.1
CH,95.1,401.1,140.6,196.5,254.9,198.6,152.6,197.4,273.5,293.4,206.7,112.1,258.4,94.6,92.4,0.0,141.9,284.0,140.4,202.0,333.0,197.7,133.1,182.7,123.7,294.0,125.1,157.0,212.0,178.2,148.6,124.0,450.9,126.8,0.4,112.2,203.0,448.9,212.0,131.4,105.6,221.3,36.2,86.5,133.4,132.1,205.7,193.4,146.7,196.4,277.2,302.5,322.4,102.0,250.6,255.8,246.4,219.4,159.8,233.0,243.3,284.1,84.8,316.2,177.7,283.3,283.6,441.6,117.5,140.7,168.5,270.9,254.4,259.4,225.0,161.2,73.3,216.7,261.7,221.9,71.8,245.9,161.3,136.7,234.3,207.1,175.5,272.7,192.9,150.9,208.2,302.1,1793.8,273.9,164.6,209.8,239.2,166.1,220.8,109.3,177.6,215.0,280.0,173.7,271.7,272.0,246.2,260.1,171.9,200.2,230.3,405.9,273.8,151.8,162.9,172.0,234.3,224.9,280.4,132.0,379.4,165.9,273.9,223.5,185.0,159.7,263.6,87.8,257.0,267.6
CN,219.2,255.2,150.7,95.4,131.1,48.3,246.5,114.3,145.1,147.5,118.7,177.0,160.3,159.3,195.4,162.7,0.0,185.3,270.5,58.5,245.0,90.7,192.1,136.8,106.4,206.0,129.8,68.1,124.0,69.4,118.1,254.1,300.5,256.9,162.6,222.6,115.0,303.0,48.5,228.5,155.1,104.2,179.9,171.2,77.0,40.3,344.4,105.4,135.6,150.5,176.1,214.5,176.5,134.0,162.6,87.4,134.7,119.2,53.7,136.7,144.6,196.1,247.6,228.2,80.2,195.3,195.6,291.2,147.0,266.9,72.9,118.3,155.7,171.4,137.0,19.2,151.2,83.0,155.6,133.9,191.8,157.9,99.0,263.7,119.3,116.7,100.7,144.3,103.9,8.9,120.2,214.1,1894.8,185.9,111.3,104.2,151.2,97.5,122.1,73.8,35.6,68.0,181.3,103.0,183.7,182.8,158.2,109.7,160.2,99.1,61.9,255.5,185.8,58.0,151.2,84.0,146.3,105.8,192.4,262.1,233.5,136.7,105.5,135.5,77.8,71.7,162.5,136.8,88.6,179.6
CS,294.6,107.8,207.4,112.8,144.8,223.7,303.3,147.7,93.4,37.8,196.5,238.2,24.1,278.1,293.4,248.6,184.1,0.0,331.7,175.0,124.9,115.8,218.9,166.9,241.9,74.5,228.9,219.9,108.3,104.7,219.3,376.5,248.8,364.8,250.2,290.4,169.9,155.6,165.0,271.0,261.4,134.2,286.0,264.9,181.5,198.1,414.6,125.3,233.2,152.5,34.0,128.1,65.0,247.0,100.5,102.1,83.0,88.8,120.8,50.4,40.5,95.4,333.5,104.9,128.6,85.0,111.1,241.1,276.3,323.7,159.2,105.4,28.1,60.9,113.1,162.6,282.2,139.2,87.0,98.4,249.7,125.8,155.2,350.0,88.1,141.8,157.5,92.6,92.1,176.7,138.6,82.6,1774.7,97.0,168.1,71.5,81.1,208.9,65.5,233.3,153.9,184.5,3.5,201.3,107.3,87.6,121.2,74.5,177.1,109.1,125.9,203.8,49.8,180.1,189.3,161.8,130.6,123.1,133.0,386.2,86.1,199.0,83.9,177.9,192.3,144.4,46.7,267.8,114.7,116.1
CV,80.2,436.2,167.0,257.9,262.9,226.0,28.3,212.9,334.9,315.0,268.1,134.1,347.2,128.5,134.1,183.5,192.2,345.4,0.0,224.0,394.4,259.1,155.1,198.2,185.1,355.4,159.0,190.9,274.6,236.9,182.4,30.2,466.4,33.0,183.9,67.5,264.4,484.0,234.0,86.7,139.5,236.8,110.7,120.4,194.8,193.5,138.5,256.1,168.7,211.9,333.8,363.9,344.0,163.4,312.0,271.3,307.8,280.8,217.5,294.4,304.7,345.5,137.8,377.6,231.7,344.7,345.0,457.1,139.1,7.9,229.9,284.0,315.8,320.8,286.4,226.4,107.2,278.1,323.1,283.3,111.8,307.3,222.7,29.4,295.7,268.5,191.0,334.1,254.3,212.3,269.6,363.5,1840.3,335.3,180.1,271.2,300.4,186.0,282.2,170.7,239.0,237.0,341.4,198.8,333.1,334.6,307.6,275.6,176.4,261.6,245.8,421.4,335.2,212.7,167.4,233.4,295.7,286.3,341.8,56.2,414.5,187.9,289.4,284.9,207.0,221.1,325.0,121.7,272.5,329.0
CZ,170.0,248.1,94.7,78.1,92.1,52.0,213.4,55.7,139.7,140.4,179.8,137.1,172.3,138.5,136.6,143.1,81.8,168.0,216.6,0.0,259.2,136.5,158.1,78.2,86.8,201.8,84.1,66.5,116.5,62.3,63.8,246.3,295.1,249.1,143.5,189.5,176.1,295.9,9.9,195.4,108.6,47.5,157.9,125.3,28.1,50.7,323.1,126.7,77.0,91.9,154.0,213.7,169.4,108.2,158.4,88.1,129.3,101.0,72.6,117.0,127.3,184.4,228.0,212.9,102.8,191.1,178.4,285.8,128.6,208.6,16.2,99.2,138.4,162.7,132.8,47.2,143.4,92.0,148.5,125.2,155.3,172.1,46.3,204.6,120.0,158.1,67.6,138.9,112.8,61.3,141.3,209.9,1894.5,200.1,78.2,96.6,142.3,52.0,104.8,82.4,36.3,9.4,164.0,54.1,192.4,181.0,153.0,104.3,126.0,81.8,62.6,250.1,177.1,31.5,117.0,145.1,133.3,88.5,179.3,254.3,226.4,79.0,106.2,185.1,19.2,112.8,145.2,129.0,89.3,162.4
DB,476.8,311.1,417.0,324.0,355.7,432.9,476.8,356.9,266.4,248.7,296.3,449.1,273.4,499.9,503.0,459.5,410.3,250.2,504.3,398.1,0.0,366.1,428.1,376.1,451.1,271.3,432.5,430.8,328.1,318.0,426.7,525.2,325.7,528.0,459.9,434.9,303.5,358.9,386.2,415.5,475.0,343.4,487.7,474.1,392.4,409.0,592.7,346.6,442.8,361.7,248.8,260.4,274.2,456.6,312.9,311.3,239.3,298.9,335.4,303.7,290.8,317.5,548.2,199.5,350.2,307.1,227.0,316.4,487.6,496.3,373.1,317.1,278.4,281.9,255.4,375.7,491.8,372.8,296.0,319.4,451.4,229.4,366.1,495.1,307.3,392.1,389.7,265.6,342.4,389.8,272.2,264.8,1719.3,230.9,400.9,281.2,302.3,418.1,315.8,442.5,363.1,411.6,253.8,401.5,240.9,290.3,242.5,320.1,388.4,320.3,336.8,280.7,268.1,389.8,398.9,325.7,272.2,353.9,236.2,542.3,289.4,408.2,293.1,290.8,401.5,360.2,255.9,477.4,337.4,243.0
DC,272.5,231.3,211.9,71.4,185.3,109.1,307.7,175.1,117.0,165.4,85.5,238.2,123.2,220.1,256.2,173.8,93.3,125.8,331.3,133.5,204.4,0.0,253.3,199.0,167.2,137.5,196.6,128.9,50.6,88.0,180.7,314.9,254.7,317.7,174.2,283.8,77.2,279.1,123.5,289.7,215.9,167.3,240.7,232.0,137.8,101.1,405.2,32.1,207.3,212.7,147.3,173.9,190.9,194.8,94.1,166.2,89.9,94.3,68.6,74.8,85.1,136.6,258.7,174.6,52.6,126.2,140.1,245.4,207.8,328.1,136.0,165.7,96.2,96.8,68.5,101.8,212.0,75.2,174.2,59.3,253.0,117.3,160.2,338.2,146.8,25.9,161.9,116.2,34.7,87.7,51.7,145.6,1854.2,145.3,172.5,122.3,76.4,158.3,62.6,134.6,114.4,143.0,121.8,174.9,143.1,116.7,96.2,78.9,221.4,75.1,140.7,209.7,111.2,118.8,212.4,65.5,85.4,81.6,136.2,322.9,209.6,197.9,184.3,62.0,152.8,36.9,138.5,197.6,142.8,124.1
DH,108.6,297.6,88.6,188.0,141.6,181.1,108.4,103.4,201.5,189.9,247.6,20.9,231.8,59.1,75.2,114.1,171.7,227.5,136.8,145.6,321.0,238.6,0.0,88.7,164.6,252.0,98.0,139.5,210.5,164.0,114.3,171.9,356.9,174.7,114.5,84.5,243.9,345.4,155.6,90.4,83.6,127.3,96.5,45.9,141.9,173.0,218.1,235.6,90.3,102.4,219.6,275.5,218.9,122.1,208.6,161.8,191.1,166.6,181.4,176.5,186.8,246.2,197.8,274.7,218.6,241.3,240.2,347.6,100.0,128.8,145.4,159.6,197.9,217.0,222.5,171.5,69.0,224.1,222.5,201.8,65.6,233.9,115.6,143.2,180.9,248.0,81.5,200.7,218.2,191.8,249.1,260.1,1874.6,261.9,70.6,170.6,196.6,138.3,191.6,150.2,158.9,158.6,223.5,120.4,254.2,231.2,234.2,166.1,66.9,184.3,136.3,311.9,231.4,162.1,57.9,212.9,249.3,210.2,241.1,179.9,275.9,109.5,179.9,264.4,128.6,200.6,210.8,70.3,160.0,224.2
DO,151.4,263.4,68.5,120.0,73.9,102.9,164.3,35.4,133.5,142.1,203.6,94.8,163.8,146.4,144.5,182.7,127.7,159.5,192.7,67.2,253.0,171.0,117.6,0.0,76.1,184.0,92.0,61.3,142.5,96.0,71.7,223.0,288.9,225.8,183.1,140.4,199.9,311.2,77.2,146.3,116.5,59.3,145.9,133.2,79.0,117.6,274.0,161.0,84.9,13.6,151.6,207.5,171.1,116.1,140.6,93.8,123.1,98.6,113.4,108.5,118.8,178.2,253.7,206.7,138.8,173.3,172.2,279.6,136.5,184.7,83.5,96.6,129.9,149.0,154.5,114.5,144.1,156.1,154.5,133.8,109.6,165.9,47.6,212.5,117.9,207.7,13.5,132.7,150.2,124.2,171.3,192.1,1863.0,193.9,29.1,102.6,128.6,41.9,123.6,106.2,103.6,80.2,155.5,25.3,186.2,163.2,166.2,98.1,76.5,116.3,68.3,243.9,163.4,98.8,87.0,168.9,181.3,142.2,173.1,255.0,241.7,54.5,111.9,220.4,50.2,156.6,142.8,129.7,92.3,156.2
DT,175.7,318.2,115.3,139.9,214.3,67.7,225.8,87.2,216.9,197.0,150.1,156.3,229.2,123.3,159.4,134.4,74.2,227.4,234.5,85.8,276.4,141.1,182.1,84.2,0.0,237.4,99.8,38.0,156.6,118.9,83.9,218.1,357.5,220.9,134.8,201.9,146.4,366.0,95.8,207.8,119.1,133.4,143.9,135.2,49.9,73.3,308.4,138.1,101.0,97.9,215.8,245.9,226.0,98.0,194.0,171.7,189.8,162.8,99.5,176.4,186.7,227.5,259.1,259.6,121.1,226.7,227.0,348.2,111.0,232.6,102.1,158.3,197.8,202.8,168.4,108.4,115.2,160.1,205.1,165.3,171.1,189.3,77.8,228.6,177.7,150.5,99.1,216.1,136.3,94.3,151.6,245.5,1926.2,217.3,90.6,153.2,182.4,43.5,164.2,52.7,121.0,110.3,223.4,60.1,215.1,216.6,189.6,180.5,146.6,143.6,147.3,312.5,217.2,92.5,137.6,115.4,177.7,168.3,223.8,226.1,296.5,102.4,183.8,166.9,68.7,103.1,207.0,100.8,155.6,211.0
DX,309.7,90.4,230.2,137.6,169.3,246.5,322.6,170.5,96.1,62.3,144.8,262.7,57.5,300.9,316.2,273.1,205.8,49.7,351.0,204.6,107.5,142.9,241.7,189.7,264.7,0.0,245.7,244.4,100.8,131.6,240.3,381.3,219.5,384.1,273.5,313.2,115.2,138.2,194.6,293.8,269.0,157.0,308.8,287.7,206.0,207.4,432.3,119.3,256.0,175.3,62.4,78.2,87.8,269.8,41.5,124.9,69.0,112.5,149.0,103.2,90.3,46.1,358.0,56.6,163.8,35.7,62.0,210.2,300.8,343.0,171.5,130.7,77.9,54.6,67.1,171.2,305.0,168.8,109.8,92.1,272.5,96.5,179.7,357.0,120.9,150.7,176.8,95.3,139.7,185.3,83.9,8.0,1757.3,48.7,187.4,94.8,75.0,231.7,115.3,240.9,158.6,214.1,53.3,215.1,58.0,18.9,106.0,93.8,201.6,133.9,150.4,174.5,47.1,188.2,212.1,137.4,93.9,152.7,103.7,409.0,68.7,221.8,106.7,127.7,215.1,173.8,69.5,290.6,151.0,78.1
DZ,99.3,305.1,15.4,165.9,153.0,97.3,151.0,109.8,199.3,203.4,176.1,81.8,199.7,67.3,75.3,90.6,105.3,227.0,155.3,90.4,302.4,167.1,96.8,89.3,93.1,263.4,0.0,49.7,181.4,150.1,47.3,162.1,360.7,164.9,90.5,133.1,172.4,352.9,100.4,133.0,47.3,138.0,87.9,64.0,84.1,101.5,246.4,162.8,35.1,103.0,240.6,265.9,232.4,24.0,220.0,159.6,209.8,164.4,129.2,176.7,184.6,253.5,203.1,270.9,147.1,252.7,238.0,345.4,49.0,147.3,106.7,163.5,195.7,228.8,195.7,128.9,59.2,182.5,231.1,185.3,94.0,215.3,100.4,143.8,184.8,176.5,79.3,198.5,162.3,112.6,177.6,271.5,1884.5,243.3,68.4,179.7,208.6,64.8,184.2,72.7,126.8,109.4,227.3,72.4,241.1,240.2,209.1,163.9,46.7,169.6,134.1,309.7,243.2,110.2,37.7,141.4,203.7,179.0,249.8,170.1,283.4,54.3,189.0,192.9,73.4,129.1,208.6,44.8,165.4,231.0
EE,152.9,288.4,83.1,134.9,115.6,41.5,211.6,65.6,181.7,180.7,160.5,130.3,182.1,91.1,127.2,132.4,76.9,209.4,202.3,64.2,286.8,126.6,151.3,70.0,33.0,232.2,67.6,0.0,165.8,105.3,49.9,185.9,337.1,188.7,132.3,187.7,156.8,336.2,74.2,193.6,86.9,102.4,111.7,103.0,28.3,56.2,276.2,147.2,78.3,83.7,215.6,256.3,209.7,65.8,188.8,141.3,171.3,157.8,89.6,156.7,167.0,237.9,226.9,253.3,108.7,221.5,220.4,327.8,78.8,210.3,71.1,136.7,178.1,197.2,178.8,73.1,83.0,118.9,191.5,175.7,144.7,199.7,56.2,211.0,158.0,152.6,77.5,180.9,139.8,62.8,162.0,240.3,1893.2,227.7,76.4,139.6,176.8,29.3,167.7,63.1,89.5,67.0,203.7,36.9,225.5,209.0,200.0,146.3,114.4,138.6,115.8,292.1,211.6,53.9,105.4,125.8,188.1,152.8,234.2,193.9,266.7,70.2,159.4,177.3,47.1,113.5,202.0,68.6,134.0,204.4
EL,241.8,166.7,167.1,65.2,160.9,168.1,262.9,123.2,48.6,120.1,101.4,193.4,84.9,231.6,247.6,212.4,129.0,104.7,291.3,121.1,168.1,58.9,208.5,139.3,200.4,103.2,188.6,177.9,0.0,68.7,173.4,321.6,204.0,324.4,213.5,240.2,81.1,214.5,111.1,244.9,209.3,113.7,244.5,218.4,141.7,147.7,372.6,19.7,182.0,153.0,115.1,129.6,144.4,206.7,66.9,121.8,38.2,64.7,84.6,50.4,72.6,85.9,297.3,132.0,80.5,75.5,101.8,194.7,229.3,283.3,107.1,156.9,80.9,46.1,43.8,110.9,241.5,85.3,151.3,8.7,208.2,81.0,115.4,297.8,138.0,66.7,117.1,47.8,56.2,120.0,49.8,111.3,1817.9,109.0,127.7,99.9,25.9,158.5,43.1,181.2,98.9,129.4,104.3,152.1,97.8,82.2,61.5,34.1,176.6,61.5,96.3,159.0,60.5,128.0,167.6,76.6,41.8,69.2,88.2,343.9,145.0,153.1,139.9,82.2,139.2,89.3,121.6,227.5,128.8,71.3
EM,193.4,183.0,117.2,43.0,97.2,96.9,213.0,73.3,80.4,72.8,124.4,146.2,83.5,181.7,197.7,145.5,67.4,106.4,241.4,69.1,199.9,77.1,158.6,89.4,150.5,130.9,132.7,128.0,81.4,0.0,121.7,274.4,233.3,274.5,144.0,186.6,120.7,230.8,59.1,195.0,159.4,63.8,194.6,166.0,89.3,97.8,322.7,91.6,132.1,103.1,99.6,154.4,104.3,156.8,85.0,68.8,72.7,43.9,13.6,55.4,65.7,125.1,226.3,153.6,57.0,120.2,119.1,224.0,176.9,233.4,59.9,72.4,76.8,95.9,97.7,63.2,191.6,56.9,83.4,90.1,158.3,112.8,65.5,247.4,56.0,103.1,67.2,79.6,77.7,73.2,104.0,139.0,1829.4,140.8,77.8,31.5,75.5,106.1,67.5,128.8,49.0,76.4,105.1,98.5,133.1,108.9,115.7,45.0,129.4,46.7,43.9,190.8,107.8,78.6,117.7,89.7,96.0,53.4,120.0,294.0,161.3,103.2,80.1,139.2,98.4,72.8,86.0,177.6,52.0,100.6
EN,119.8,300.1,52.1,150.7,130.8,81.4,169.1,91.9,184.9,192.4,175.3,96.3,185.3,92.6,94.0,132.1,108.7,212.6,174.0,72.5,301.6,166.3,115.5,71.4,72.6,235.4,47.5,38.0,180.6,140.1,0.0,185.6,340.3,190.2,132.1,145.2,169.8,347.9,82.5,151.1,66.0,120.1,113.2,82.7,66.4,96.1,277.7,162.0,34.4,85.1,207.8,269.3,221.4,66.9,192.0,145.2,176.3,152.7,128.4,162.3,170.2,229.6,226.6,256.5,144.5,224.7,223.6,331.0,80.3,166.0,88.8,152.2,181.3,200.4,194.9,113.0,84.5,164.6,205.9,188.7,112.7,214.5,82.5,162.5,173.5,175.7,64.9,184.1,161.5,100.9,176.8,243.5,1919.5,242.5,54.0,154.5,180.2,48.9,177.4,76.1,108.9,85.5,208.7,56.5,240.3,212.2,208.3,149.5,83.4,154.4,119.7,295.3,214.8,94.3,74.4,138.8,201.1,161.1,224.5,195.4,278.4,18.4,177.7,192.1,57.3,128.3,194.2,70.1,149.2,207.6
EO,94.8,405.9,149.5,227.6,251.8,195.7,60.2,201.8,304.6,284.7,237.8,143.3,289.5,102.8,131.5,122.3,173.0,315.1,31.8,200.4,364.1,228.8,164.3,196.4,154.8,325.1,128.0,164.6,243.1,209.3,152.1,0.0,445.2,2.8,122.7,88.2,234.1,453.7,210.4,107.4,128.8,230.9,85.3,116.0,164.5,163.2,123.7,224.5,169.2,210.1,308.3,333.6,313.7,133.1,281.7,260.5,277.5,250.5,190.9,264.1,274.4,315.2,103.9,347.6,208.8,314.4,314.7,435.9,108.8,39.8,199.6,272.9,285.5,290.5,256.1,192.3,112.4,247.8,292.8,253.0,120.9,277.0,192.4,61.8,265.4,238.2,213.7,303.8,224.0,182.0,239.3,333.2,1825.5,305.0,202.8,240.9,270.1,155.7,251.9,140.4,208.7,213.4,311.1,163.3,302.8,304.3,277.3,268.2,180.8,231.3,235.0,400.2,304.9,182.9,171.8,203.1,265.4,256.0,311.5,41.4,384.2,170.6,278.6,254.6,183.3,190.8,294.7,126.9,261.4,298.7
EX,376.5,265.6,303.0,201.1,295.6,318.1,398.8,259.1,172.3,272.8,202.2,329.3,209.9,367.5,383.5,350.2,270.5,234.9,427.2,272.7,222.4,229.3,344.4,275.2,336.3,210.8,324.5,313.8,173.5,208.7,307.5,457.5,0.0,460.3,350.1,374.9,209.4,313.4,260.8,380.8,345.2,249.6,380.4,354.3,277.6,283.6,508.5,192.0,317.9,288.9,257.5,196.5,298.3,342.6,167.4,257.7,145.2,200.6,222.4,186.3,194.2,180.4,435.1,208.9,219.9,190.8,174.4,9.3,365.2,419.2,247.8,278.7,205.3,200.0,160.0,249.0,377.4,250.1,287.2,164.8,344.1,135.3,251.3,433.2,259.8,240.3,253.0,171.5,205.6,261.5,178.1,218.9,1872.2,163.3,263.6,235.3,179.6,294.4,179.0,317.1,234.8,282.2,230.9,286.8,188.4,187.6,148.4,170.0,312.5,197.4,232.2,34.9,214.4,264.4,303.5,231.6,178.1,210.0,142.1,479.8,243.9,289.0,275.8,196.7,286.7,237.3,243.9,363.4,255.8,158.4
EZ,88.4,403.1,146.7,224.8,249.0,192.9,63.4,199.0,301.8,281.9,235.0,140.5,314.1,100.0,134.7,119.5,159.1,312.3,35.0,197.6,361.3,226.0,161.5,193.6,152.0,322.3,131.2,161.8,241.5,203.8,149.3,3.2,442.4,0.0,119.9,91.4,231.3,450.9,207.6,110.6,126.0,228.1,82.5,113.2,161.7,160.4,126.9,223.0,166.4,207.3,300.7,330.8,310.9,130.3,278.9,257.7,274.7,248.6,184.4,261.3,271.6,312.4,101.1,344.5,198.6,311.6,311.9,433.1,106.0,43.0,196.8,270.1,282.7,287.7,253.3,193.3,111.2,245.0,290.0,250.2,118.1,274.2,189.6,64.5,262.6,235.4,210.9,301.0,221.2,179.2,236.5,330.4,1828.7,302.2,200.0,238.1,267.3,152.9,249.1,137.6,205.9,210.6,308.3,169.5,300.0,301.5,274.5,265.4,178.0,228.5,232.2,397.4,302.1,179.6,169.0,200.3,262.6,253.2,308.7,44.6,381.4,167.8,275.8,251.8,180.5,188.0,291.9,125.7,258.6,295.9
FA,95.2,400.7,140.2,196.1,254.5,198.2,152.2,197.0,273.1,293.5,206.3,112.2,258.0,94.2,92.0,0.1,141.5,285.3,140.0,201.6,332.6,197.3,132.7,182.3,123.3,293.6,118.7,156.6,211.6,180.3,148.2,123.6,450.5,126.4,0.0,112.3,202.6,448.5,211.6,131.0,105.2,220.9,35.8,86.6,133.0,131.7,205.3,193.0,146.3,196.0,276.8,302.6,322.0,101.6,250.2,255.4,246.0,219.9,159.9,235.0,242.9,283.7,84.4,316.1,177.8,282.9,283.2,441.2,117.6,140.3,168.1,270.5,254.0,259.0,225.9,160.8,72.9,216.3,261.3,221.5,71.4,245.5,160.9,136.8,233.9,206.7,175.1,272.3,192.5,150.5,208.3,301.7,1793.4,273.5,164.2,209.9,238.8,165.7,220.9,108.9,177.2,214.6,280.1,173.3,271.3,270.4,239.8,259.7,171.5,199.8,229.9,405.5,273.4,151.4,162.5,171.6,233.9,224.5,280.0,131.6,379.0,165.5,273.5,223.1,184.6,159.8,263.2,87.4,256.6,267.7
FE,56.6,386.1,130.3,254.9,208.1,223.0,55.1,158.1,256.2,269.1,265.1,97.4,256.6,118.8,97.4,173.8,200.3,282.2,83.5,187.3,375.7,256.1,88.7,143.4,182.1,306.7,145.7,184.3,270.4,233.9,156.0,90.2,411.6,93.0,173.7,0.0,261.4,433.9,197.3,19.1,125.3,182.0,97.7,105.6,191.8,190.5,164.8,251.8,132.0,157.1,277.4,330.2,298.1,160.4,263.3,216.5,245.8,221.3,218.2,233.6,241.5,300.9,113.2,329.4,236.1,296.0,294.9,402.3,136.1,75.5,203.6,229.2,252.6,271.7,283.4,223.4,100.6,275.1,277.2,280.3,75.1,288.6,197.3,57.3,248.4,265.5,136.2,255.4,251.3,209.3,266.6,314.8,1866.0,316.6,125.3,225.3,251.3,180.0,246.3,167.7,223.7,200.3,278.2,172.4,308.9,283.5,304.6,220.8,121.6,258.6,191.0,366.6,286.1,209.7,112.6,230.4,292.7,264.9,295.8,98.2,364.4,151.2,234.6,281.9,170.3,218.1,265.5,115.1,217.7,278.9
FJ,310.7,215.6,237.2,121.9,229.8,173.9,333.0,193.3,170.6,189.4,29.5,263.5,152.5,284.9,303.9,238.6,146.6,176.8,361.4,167.2,191.9,64.7,278.6,209.4,232.0,127.0,251.4,193.7,90.3,138.8,232.9,379.7,249.9,382.5,238.5,309.1,0.0,263.4,157.2,315.0,275.9,183.8,305.5,288.5,195.4,165.9,442.7,73.0,244.3,223.1,185.6,205.0,214.9,259.6,83.6,191.9,79.4,144.8,131.9,128.9,136.8,126.7,323.5,157.3,117.4,116.3,124.4,240.6,272.6,353.4,181.6,212.9,147.9,137.7,58.0,153.2,276.8,165.2,221.4,99.0,278.3,104.8,185.5,367.9,194.0,80.1,187.2,169.8,99.5,152.5,41.2,135.1,1841.7,132.8,197.8,169.5,117.5,219.3,113.2,199.4,162.3,176.7,173.5,211.7,130.6,105.0,80.5,104.2,246.7,125.6,166.4,204.9,152.1,176.9,237.7,38.2,75.1,176.0,129.3,387.7,193.9,223.2,210.0,62.6,186.5,101.7,189.0,262.4,190.0,108.4
FK,394.9,40.8,301.2,208.6,240.3,317.5,407.8,241.5,181.3,133.3,193.2,333.7,150.8,371.9,387.2,344.1,291.0,120.7,436.2,281.7,134.5,242.9,312.7,260.7,335.7,101.6,316.7,315.4,178.1,202.6,311.3,466.5,280.1,469.3,344.5,383.9,225.0,0.0,269.8,364.8,354.2,228.0,379.8,358.7,277.0,292.6,517.5,196.6,326.9,246.3,133.4,128.9,158.8,340.8,152.8,195.9,154.2,184.6,220.0,174.2,161.3,121.4,429.0,68.0,234.8,131.8,95.5,270.8,371.8,428.2,256.7,201.7,148.9,131.9,178.4,256.4,376.0,261.3,180.8,169.4,343.5,157.1,250.7,442.2,191.9,250.7,262.0,180.5,212.9,270.5,194.4,95.1,1784.3,99.4,272.6,165.8,152.3,302.7,186.3,326.1,243.8,296.2,124.3,286.1,109.4,130.2,139.4,179.0,272.6,204.9,221.4,235.1,118.1,273.4,283.1,247.9,169.1,219.0,164.3,480.0,40.4,292.8,177.7,187.7,286.1,244.8,140.5,361.6,222.0,111.5
FO,180.0,238.1,104.7,68.1,100.2,62.0,222.8,65.7,135.5,130.4,169.7,147.1,162.3,148.5,146.6,153.1,71.8,158.0,226.6,9.9,264.6,126.5,168.1,88.2,96.8,191.8,94.1,76.5,106.5,52.3,73.8,256.3,290.9,259.1,153.5,198.9,166.0,285.9,0.0,204.8,118.6,55.6,167.9,135.3,38.1,38.8,332.5,116.7,87.0,101.9,144.0,234.1,159.4,118.2,148.4,78.1,125.1,91.0,62.6,107.0,117.3,191.5,238.0,221.4,92.8,181.1,186.9,281.6,138.6,218.6,24.3,107.3,128.4,152.7,122.8,37.2,153.4,82.0,138.5,115.2,165.3,177.5,56.3,214.6,110.0,148.1,77.0,134.7,102.8,51.3,131.3,199.9,1884.5,205.5,87.6,86.6,132.3,62.0,94.8,72.3,26.3,19.4,154.0,64.1,200.9,171.0,149.5,111.1,136.0,71.8,52.6,245.9,167.1,19.6,127.0,135.0,123.3,78.5,175.2,264.3,216.4,89.0,96.2,175.1,29.2,102.8,135.2,139.0,79.3,170.9
FW,85.4,372.2,118.2,228.8,194.2,223.2,61.2,144.2,242.3,255.2,284.5,79.7,272.6,117.9,116.8,172.9,208.6,268.3,88.7,188.9,361.8,275.5,74.8,129.5,201.5,292.8,133.7,188.1,251.3,204.8,155.2,109.6,397.7,112.4,173.3,19.3,280.8,420.0,198.9,0.0,128.0,168.1,101.0,104.7,182.7,209.9,170.9,272.5,151.5,143.2,260.4,316.3,284.2,179.8,249.4,202.6,231.9,208.3,233.9,217.3,227.6,287.0,132.6,315.5,248.1,282.1,281.0,388.4,155.5,80.7,186.2,215.3,238.7,257.8,263.3,212.3,120.0,264.9,263.3,242.6,64.7,274.7,156.4,76.7,234.5,284.9,122.3,241.5,270.7,228.7,286.0,300.9,1846.8,302.7,111.4,211.4,237.4,168.7,232.4,187.1,199.7,215.0,264.3,152.1,295.0,272.0,275.0,206.9,107.7,225.1,177.1,352.7,272.2,202.9,98.7,249.8,290.1,251.0,281.9,117.6,350.5,136.7,220.7,301.3,189.7,237.5,251.6,134.5,203.8,265.0
GC,97.8,357.1,61.0,178.8,180.6,119.0,144.9,137.8,225.6,235.0,189.0,64.9,268.1,50.2,64.4,105.2,113.1,266.3,144.4,118.4,315.3,180.0,85.9,117.3,106.0,276.3,45.5,77.4,195.5,157.8,70.8,145.0,381.0,147.8,105.6,121.0,185.3,404.9,128.4,126.9,0.0,166.0,70.8,53.1,105.8,114.4,235.3,177.0,63.1,131.0,254.7,284.8,264.0,63.7,232.9,185.9,228.7,201.7,138.4,215.3,225.6,266.4,186.0,298.5,160.0,265.6,265.9,371.7,19.9,136.4,134.7,200.3,236.7,241.7,207.3,147.3,42.1,199.0,244.0,204.2,83.1,228.2,128.4,132.4,216.6,189.4,105.6,224.8,175.2,133.2,190.5,284.4,1899.1,256.2,94.7,192.1,221.3,86.5,203.1,91.6,154.8,131.4,262.3,93.2,254.0,255.5,228.5,190.2,92.3,182.5,160.4,336.0,256.1,131.4,83.3,154.3,216.6,207.0,262.7,153.0,335.4,82.3,204.0,205.8,101.4,142.0,245.9,27.7,199.0,249.9
GD,185.8,217.1,102.9,90.2,44.5,91.5,198.7,62.0,103.7,109.4,196.4,129.2,134.0,167.4,191.3,197.8,114.6,129.7,227.1,54.6,223.2,153.9,153.7,83.5,141.5,154.2,118.4,111.3,112.7,66.2,118.5,257.4,259.1,260.2,198.2,174.8,192.7,264.9,42.7,180.7,145.1,0.0,180.3,154.2,82.8,65.5,308.4,131.2,131.7,69.1,121.8,177.7,138.4,142.5,110.8,58.4,93.3,68.8,83.6,78.7,89.0,148.4,288.1,176.9,116.4,143.5,142.4,249.8,165.1,219.1,29.6,51.6,100.1,119.2,124.7,80.0,177.3,124.8,124.7,104.0,144.0,136.1,51.2,233.1,72.9,177.9,52.9,102.9,120.4,90.1,141.5,162.3,1873.0,164.1,63.5,72.8,98.8,106.7,93.8,99.0,69.1,64.1,125.7,77.7,156.4,133.4,136.4,68.3,112.6,86.5,38.5,214.1,133.6,46.3,123.1,161.7,166.1,112.4,143.3,279.7,195.4,88.9,76.5,184.7,73.9,126.4,113.0,163.3,42.3,126.4
GI,52.3,367.1,104.3,188.8,213.0,156.9,116.3,163.0,265.8,245.9,199.0,75.8,278.1,58.3,56.1,113.3,123.1,276.3,111.1,161.6,325.3,190.0,96.8,157.6,116.0,286.3,88.8,120.7,205.5,167.8,113.3,94.7,406.4,97.5,113.7,92.4,195.3,414.9,171.6,98.3,69.3,192.1,0.0,50.2,125.7,124.4,185.0,187.0,110.4,171.3,264.7,294.8,274.9,94.3,242.9,221.7,238.7,211.7,148.4,225.3,235.6,276.4,135.7,308.5,162.6,275.6,275.9,397.1,70.0,106.8,160.8,234.1,246.7,251.7,217.3,157.3,37.0,209.0,254.0,214.2,35.5,238.2,153.6,102.8,226.6,199.4,139.2,265.0,185.2,143.2,200.5,294.4,1832.8,266.2,128.3,202.1,231.3,116.9,213.1,101.6,169.9,174.6,272.3,133.5,264.0,265.5,232.0,229.4,135.6,192.5,196.2,361.4,266.1,143.6,126.6,164.3,226.6,217.2,272.7,102.7,345.4,129.6,239.8,215.8,144.5,152.0,255.9,51.5,222.6,259.9
GL,68.7,345.9,77.1,191.4,189.9,135.1,120.6,135.6,233.7,238.2,201.6,27.2,264.0,13.1,44.7,68.1,136.8,259.7,124.7,135.1,327.9,192.6,48.2,134.0,118.6,288.9,61.6,93.5,208.1,170.4,85.1,125.9,389.1,128.7,68.5,96.7,197.9,393.7,145.1,102.6,42.1,159.5,51.7,0.0,121.9,127.0,216.2,188.3,79.8,147.7,256.6,297.4,267.2,79.8,245.5,194.0,223.3,198.8,154.7,208.7,219.0,279.0,166.9,311.4,172.6,278.2,278.5,379.8,54.0,116.7,151.4,207.9,230.1,254.3,219.9,158.3,23.0,211.6,256.6,216.8,63.4,240.8,145.1,112.7,229.2,202.0,113.7,232.9,187.8,145.8,203.1,297.0,1862.0,268.8,102.8,204.7,233.9,102.6,215.7,104.2,171.5,148.1,255.7,110.2,266.6,265.7,241.1,198.3,108.4,195.1,168.5,344.1,268.7,146.2,99.4,166.9,229.2,219.8,275.3,133.9,324.2,99.0,212.1,218.4,118.1,154.6,243.0,24.3,208.3,262.5
GQ,160.1,260.0,94.2,114.0,87.2,40.4,194.9,37.2,153.3,152.3,151.6,125.4,193.9,129.5,136.1,114.9,75.8,179.3,216.1,35.8,277.9,125.5,140.5,77.7,58.6,203.8,89.6,38.3,152.4,98.2,65.1,224.3,308.7,227.1,114.8,171.0,147.9,307.8,45.8,176.9,108.1,83.4,150.1,124.8,0.0,55.1,304.6,138.3,76.5,89.0,176.2,247.4,181.3,104.2,160.4,121.7,142.9,118.4,88.5,128.3,138.6,198.0,199.8,224.9,107.6,193.1,192.0,299.4,117.2,208.1,52.1,108.3,149.7,168.8,168.7,72.0,121.4,117.8,192.6,161.1,140.2,190.8,27.8,204.6,129.6,151.5,49.1,152.5,137.8,61.7,153.1,211.9,1864.8,218.8,59.7,132.5,148.6,51.5,140.7,54.2,72.2,48.8,175.3,43.9,216.6,180.6,184.6,117.9,108.6,117.7,98.5,263.7,183.2,52.8,99.6,116.9,169.2,124.4,192.9,232.3,238.3,78.5,133.8,168.4,18.7,104.6,162.6,107.0,105.6,176.0
GZ,200.2,274.3,130.4,116.2,112.2,27.4,234.8,93.4,159.8,166.6,130.8,165.3,160.8,138.4,174.5,141.8,60.1,185.8,249.6,39.9,257.1,109.8,180.4,117.3,81.5,218.1,114.9,47.2,136.1,88.5,97.2,233.2,315.2,236.0,141.7,210.9,127.1,322.1,48.0,216.8,134.2,67.6,159.0,150.3,56.1,0.0,323.5,117.5,117.0,131.0,196.9,226.6,195.6,113.1,174.7,124.5,149.4,139.1,72.8,137.2,145.1,208.2,226.7,240.3,91.9,207.4,207.7,305.9,126.1,248.6,36.3,119.3,156.2,183.5,149.1,56.3,130.3,102.1,174.7,146.0,180.1,170.0,84.0,244.6,140.6,135.8,89.0,159.0,117.0,46.0,132.3,226.2,1906.9,198.0,99.6,122.8,163.1,76.6,142.9,33.4,72.7,49.4,181.8,84.2,195.8,194.9,170.3,124.4,161.7,119.9,99.0,270.2,197.9,19.6,152.7,96.1,158.4,126.6,204.5,241.2,252.6,117.5,142.6,147.6,59.2,83.8,183.3,115.9,110.0,191.7
HD,152.0,457.3,200.9,279.0,303.2,247.1,158.2,253.2,356.0,336.1,289.2,194.7,341.5,154.2,192.9,173.7,224.4,366.5,131.8,251.8,415.5,280.2,215.7,247.8,206.2,376.5,179.4,216.0,294.5,258.0,201.7,99.9,496.6,96.7,173.6,156.3,285.5,505.1,261.8,175.5,180.2,282.3,136.7,167.4,215.9,214.6,0.0,275.9,220.6,261.5,359.7,385.0,365.1,184.5,333.1,311.9,328.9,301.9,242.3,317.9,325.8,366.6,155.3,398.7,260.2,365.8,366.1,487.3,160.2,139.8,251.0,324.3,336.9,341.9,307.5,243.7,165.4,299.2,344.2,304.4,172.3,328.4,243.8,131.9,316.8,289.6,265.1,355.2,275.4,233.4,290.7,384.6,1767.9,356.4,254.2,292.3,321.7,207.1,303.3,191.8,260.1,264.8,362.5,214.7,354.2,353.3,322.2,319.6,232.2,282.7,286.4,451.6,356.3,233.8,223.2,254.5,316.8,307.4,362.9,97.3,435.6,222.0,330.0,306.0,234.7,242.2,346.1,179.9,312.8,350.1
HJ,259.1,185.2,185.6,66.0,178.2,149.6,281.4,141.7,67.1,137.4,94.0,211.9,96.0,249.9,248.0,203.8,120.4,123.2,309.8,111.3,194.5,40.4,227.0,157.8,198.2,121.7,201.5,168.1,17.2,87.2,177.0,340.1,222.5,342.9,203.7,257.5,64.1,233.0,101.3,263.4,220.0,132.2,263.0,236.7,139.5,140.3,391.1,0.0,188.4,171.5,133.6,148.1,162.9,219.6,78.3,140.3,56.7,88.9,76.0,73.0,80.9,104.4,288.7,149.7,64.6,94.0,116.8,213.2,240.0,301.8,125.7,175.4,92.0,64.6,54.0,101.1,252.5,75.5,169.8,27.1,226.7,107.4,133.9,316.3,156.5,48.2,135.6,66.3,46.4,112.7,52.1,129.8,1844.3,135.4,146.2,118.4,44.4,163.4,59.7,173.7,106.4,120.8,117.6,155.8,116.3,98.5,72.9,52.6,195.1,69.7,114.8,177.5,79.0,120.5,186.1,58.0,53.2,59.4,105.1,362.4,163.5,171.6,158.4,63.7,130.6,76.1,133.1,238.1,147.3,100.8
HP,124.3,308.8,49.0,144.8,136.0,116.8,156.5,86.0,186.4,201.1,210.7,87.0,216.7,92.8,630.0,129.1,134.8,212.4,170.9,66.6,305.9,201.7,112.4,65.5,93.5,236.9,38.4,75.2,183.2,129.0,35.3,200.6,341.8,203.4,129.5,132.6,207.0,356.6,76.6,138.5,62.9,114.2,112.2,79.6,78.4,117.4,266.2,193.4,0.0,79.2,204.5,260.4,230.1,110.4,193.5,154.8,176.0,152.4,139.3,161.4,171.7,231.1,232.8,259.6,169.5,226.2,225.1,332.5,82.9,162.9,82.9,157.1,182.8,201.9,199.5,113.9,97.7,158.7,215.2,191.9,101.8,218.8,76.6,158.9,178.4,211.1,66.4,185.6,179.5,128.0,208.0,245.0,1913.6,246.8,55.5,163.3,181.5,59.3,171.5,113.3,103.0,79.6,208.4,41.4,239.1,216.1,226.2,151.0,80.3,148.5,129.3,296.8,216.3,98.2,71.3,176.0,200.0,155.2,226.0,208.6,287.1,30.5,172.9,227.5,49.6,163.7,195.7,83.3,154.4,209.1
IB,165.8,236.1,91.4,134.4,60.2,117.3,178.7,49.8,147.9,128.4,218.0,109.2,168.5,160.8,158.9,197.1,142.1,173.9,207.1,81.6,267.4,185.4,103.9,14.3,90.5,198.4,106.4,75.7,156.9,110.4,86.1,237.4,303.3,240.2,197.5,154.8,214.3,283.9,91.6,160.7,130.9,73.7,160.3,147.6,93.4,132.0,288.4,175.4,99.3,0.0,164.1,221.9,157.4,130.5,155.0,94.7,137.5,113.9,127.8,122.9,133.2,192.6,268.1,221.1,160.6,187.7,186.6,294.0,150.9,199.1,97.9,82.9,144.3,163.4,168.9,128.9,158.5,170.5,167.9,148.2,124.0,180.3,62.0,226.9,104.2,222.1,27.9,147.1,164.6,138.6,185.7,206.5,1855.8,208.3,43.5,116.0,143.0,56.3,138.0,120.6,118.0,94.6,169.9,39.7,200.6,177.6,180.6,112.5,62.8,130.7,82.7,258.3,177.8,113.2,73.3,183.3,195.7,156.6,187.5,269.4,214.4,73.9,108.4,234.8,64.6,171.0,155.3,144.1,78.6,170.6
IC,279.7,116.3,190.8,79.0,129.9,207.1,294.7,131.1,110.5,22.9,204.2,223.3,65.7,261.5,276.8,233.7,172.9,61.0,323.1,163.8,133.4,139.4,202.3,150.3,225.3,98.7,206.3,205.0,128.6,92.2,200.9,361.6,265.9,364.4,233.6,273.8,200.5,164.1,153.8,254.4,244.8,117.6,269.4,248.3,166.6,183.2,404.4,145.7,216.6,135.9,0.0,150.7,48.4,230.4,117.6,85.5,100.1,53.9,105.9,85.5,82.7,120.8,318.6,84.9,97.8,110.4,135.3,256.6,261.4,315.1,147.4,89.4,70.3,85.1,128.8,153.6,265.6,128.0,70.4,122.6,233.1,142.9,140.3,333.4,70.5,165.4,148.9,109.7,133.2,163.9,161.7,70.0,1783.2,121.2,159.5,54.9,105.5,192.3,107.7,216.7,137.3,173.3,57.0,184.7,132.7,106.7,136.7,75.1,162.2,75.3,111.0,220.9,74.0,163.5,172.7,169.5,153.7,108.9,150.1,369.6,94.6,182.4,67.3,201.5,175.7,115.2,10.9,251.2,98.9,133.2
IJ,329.5,121.4,256.0,154.1,226.8,271.1,351.8,236.8,378.2,131.9,180.6,282.3,88.2,320.5,336.5,303.2,223.5,117.7,380.2,225.7,116.5,190.5,311.3,228.2,289.3,76.9,277.5,266.8,131.5,161.7,260.5,410.5,210.9,413.3,303.1,327.9,207.5,169.2,213.8,363.4,298.2,215.0,333.4,307.3,230.6,236.6,461.5,150.0,270.9,244.9,128.1,0.0,157.4,295.6,90.2,175.6,98.2,155.1,175.4,138.6,125.7,59.1,388.1,64.7,180.3,69.5,50.9,201.6,318.2,372.2,200.7,172.6,113.3,85.3,114.5,200.4,330.4,372.8,179.4,122.8,297.1,87.9,204.3,386.2,153.7,287.7,206.0,377.4,158.6,214.5,132.6,85.0,1766.3,33.8,216.6,146.6,105.7,247.4,132.0,270.1,187.8,235.2,120.0,239.8,46.7,67.6,88.3,123.0,271.2,150.4,201.1,165.9,94.2,216.9,281.7,186.1,124.5,383.6,77.1,432.8,99.7,242.0,176.3,143.1,239.7,190.3,137.3,316.4,184.3,66.9
IK,299.0,126.4,210.1,128.3,149.2,226.4,319.6,150.4,152.4,42.2,220.2,242.6,88.7,280.8,296.1,253.0,192.3,65.5,348.0,191.6,143.5,181.4,221.6,169.6,244.6,86.6,225.6,224.3,144.6,107.4,220.2,380.9,306.2,383.7,252.9,293.1,201.9,174.2,179.7,273.7,264.1,136.9,288.7,267.6,185.9,202.5,429.3,161.9,235.9,155.2,49.2,167.1,0.0,249.7,128.2,104.8,142.0,104.3,125.2,116.0,106.1,132.8,337.9,95.9,154.5,122.4,122.5,296.9,280.7,340.0,161.9,110.6,93.7,97.2,152.5,169.2,284.9,166.3,89.7,134.7,252.4,183.2,159.6,352.7,100.8,207.4,183.2,151.6,157.7,183.3,170.6,80.1,1793.3,126.4,194.4,74.7,117.4,211.6,131.1,236.0,156.6,205.1,69.1,204.0,136.4,105.6,166.4,124.4,181.5,124.6,130.3,261.2,83.4,182.8,192.0,199.1,180.6,158.2,190.4,388.9,104.7,201.7,86.6,214.4,195.0,164.5,60.2,270.5,130.9,138.5
IM,129.7,335.1,51.3,156.8,181.0,119.7,186.9,131.0,233.8,213.9,167.0,111.7,246.1,77.3,691.6,81.5,91.1,244.3,188.5,126.1,293.3,158.0,132.7,125.0,84.0,254.3,35.8,78.1,173.5,135.8,53.5,172.1,374.4,174.9,81.9,163.0,163.3,382.9,136.1,168.9,73.1,160.1,97.9,89.2,93.7,92.4,262.4,155.0,61.5,138.7,232.7,262.8,242.9,0.0,210.9,189.7,206.7,179.7,116.4,193.3,203.6,244.4,166.4,276.5,138.0,243.6,243.9,365.1,65.0,183.2,128.8,199.4,214.7,219.7,185.3,125.3,69.2,177.0,222.0,182.2,129.9,206.2,121.6,179.2,194.6,167.4,115.2,233.0,153.2,111.2,168.5,262.4,1875.4,234.2,104.3,170.1,199.3,84.9,181.1,69.6,137.9,139.1,240.3,100.9,232.0,233.5,200.0,197.4,82.6,160.5,164.2,329.4,234.1,111.6,73.6,132.3,194.6,185.2,240.7,180.1,313.4,72.0,207.8,183.8,109.1,120.0,223.9,54.8,190.6,227.9
IR,258.7,148.4,185.2,83.3,171.0,200.3,281.0,141.3,54.5,105.7,103.2,211.5,72.6,249.7,265.7,232.4,152.7,91.5,309.4,163.0,142.0,101.3,226.6,157.4,218.5,43.3,200.7,196.0,56.9,86.8,189.7,339.7,177.9,342.5,232.8,257.1,73.6,196.2,153.0,263.0,227.4,161.6,262.6,236.5,159.8,165.8,390.7,78.3,200.1,195.6,101.9,86.7,131.2,224.8,0.0,145.3,27.4,101.5,104.6,82.2,72.3,43.0,317.3,91.7,122.4,32.6,58.9,168.6,247.4,301.4,129.9,157.0,80.6,63.8,24.2,129.6,259.6,127.2,153.2,47.0,226.3,54.9,133.5,315.9,138.1,109.1,135.2,53.7,98.1,143.7,42.3,51.4,1791.8,82.9,145.8,131.5,53.3,176.6,61.2,199.3,117.0,172.5,96.7,169.0,54.9,22.5,48.7,52.2,194.7,79.6,114.4,132.9,78.2,146.6,185.7,95.8,52.3,111.1,62.1,362.0,126.7,171.2,150.1,86.1,182.3,132.4,112.9,245.6,128.5,45.2
IX,220.8,180.6,137.9,106.2,68.5,132.7,233.7,86.0,112.3,72.9,206.2,164.2,96.1,202.4,233.0,215.5,98.9,109.8,262.1,96.3,197.7,155.1,177.7,107.5,180.2,147.5,153.4,152.5,121.3,74.0,142.4,292.4,267.7,295.2,215.9,209.8,202.5,228.4,86.3,215.7,180.1,59.1,215.3,189.2,121.5,124.7,343.4,139.8,173.4,93.1,91.7,173.7,101.9,177.5,119.4,0.0,101.9,77.4,91.4,87.3,93.1,130.0,323.1,177.9,132.4,119.6,145.9,258.4,200.1,254.1,88.8,30.8,81.4,108.2,133.3,64.3,212.3,127.1,96.0,112.6,179.0,144.7,95.2,268.1,31.8,181.1,87.9,111.5,129.0,78.4,150.1,155.6,1842.0,170.0,98.5,44.1,107.4,129.3,102.4,158.2,51.7,105.8,105.8,112.7,141.9,127.5,145.0,76.9,136.6,102.5,25.4,222.7,122.6,105.5,147.1,171.5,168.4,121.0,151.9,314.7,158.9,123.9,18.0,193.3,115.6,142.4,82.9,198.3,26.0,135.0
JD,231.2,140.2,157.7,55.8,150.3,172.8,253.5,113.8,27.0,123.2,96.8,184.0,64.6,222.2,238.2,204.9,125.2,89.6,281.9,127.4,129.8,84.0,199.1,129.9,191.0,60.8,179.2,168.5,28.2,59.3,162.2,312.2,165.7,315.0,204.8,229.6,79.4,188.0,115.5,235.5,199.9,104.3,235.1,209.0,132.3,138.3,363.2,48.0,172.6,143.6,119.4,84.3,148.7,197.3,17.4,112.4,0.0,54.4,77.1,41.0,48.9,55.0,289.8,81.9,74.6,50.1,49.0,156.4,219.9,273.9,97.7,133.4,60.0,54.7,30.0,105.9,232.1,104.8,141.9,19.5,198.8,42.7,106.0,288.4,114.5,95.0,107.7,26.2,60.3,116.2,48.1,68.9,1779.6,70.7,118.3,90.0,34.3,149.1,33.7,171.8,89.5,136.9,85.6,141.5,63.0,40.0,43.0,24.7,167.2,52.1,86.9,120.7,69.1,118.6,158.2,106.1,71.3,64.7,49.9,334.5,118.5,143.7,130.5,91.3,141.4,92.0,98.6,218.1,110.5,33.0
JE,217.3,185.3,144.9,25.0,107.5,150.3,240.7,125.9,56.5,80.7,149.1,170.1,74.4,208.3,224.3,201.2,117.8,81.4,268.0,108.7,176.0,84.3,185.2,146.5,177.1,105.9,160.4,154.6,64.4,45.4,148.3,298.3,210.8,301.1,202.2,216.8,145.4,233.1,98.7,221.6,186.0,98.1,221.2,195.1,118.4,137.6,349.3,93.3,158.7,132.1,56.8,129.4,105.3,184.5,62.5,81.8,45.0,0.0,73.4,32.8,40.7,100.1,286.1,128.1,51.2,96.3,94.1,201.5,206.0,260.0,89.6,96.5,51.8,72.0,75.1,96.3,218.2,72.9,114.4,56.8,184.9,88.9,92.1,275.6,77.6,110.3,93.8,54.6,78.1,108.8,106.6,114.0,1824.7,115.8,104.4,71.4,51.8,136.3,46.6,171.1,75.6,118.2,77.4,128.7,108.1,82.7,88.1,20.0,176.5,20.2,82.4,165.8,86.4,119.0,144.3,114.4,98.6,53.8,96.1,320.6,163.6,129.8,99.9,146.4,128.0,60.1,43.2,204.2,65.9,78.1
JN,209.1,201.4,135.6,49.4,112.9,81.0,231.4,91.7,98.8,93.7,108.5,161.9,99.8,194.1,192.2,127.7,64.6,126.5,259.8,55.5,218.3,61.2,177.0,107.8,142.4,149.3,139.7,100.8,86.6,15.6,119.4,290.1,254.2,292.9,128.1,207.5,104.8,249.2,45.5,213.4,164.2,82.2,213.0,180.9,83.7,84.4,341.1,92.1,132.6,121.5,118.0,172.8,122.7,163.8,105.9,87.2,88.4,64.8,0.0,73.8,84.1,143.5,212.6,170.4,43.3,138.6,137.5,244.9,184.2,251.8,69.9,93.3,95.2,114.3,104.1,41.5,183.9,53.5,101.8,96.5,176.7,131.2,83.9,260.2,74.4,87.2,85.6,98.0,74.4,55.6,110.0,157.4,1847.8,159.2,96.2,49.9,94.1,107.6,76.1,117.9,50.6,65.0,120.8,100.0,151.5,128.5,130.8,63.4,145.1,53.1,76.9,209.2,128.7,64.7,136.1,73.8,104.6,59.8,138.4,294.8,179.7,121.6,98.5,123.3,74.8,55.0,104.4,169.5,70.4,121.5
JU,227.5,169.8,154.0,52.1,129.7,169.9,249.8,110.1,39.9,88.1,143.0,180.3,25.3,218.5,234.5,217.0,130.6,52.6,278.2,121.5,159.4,62.3,195.4,126.2,187.3,90.4,175.5,164.8,59.1,55.6,160.3,308.5,195.3,311.3,213.9,225.9,116.4,217.6,111.5,231.8,196.2,120.3,231.4,208.3,128.6,137.6,359.5,71.8,168.9,154.3,84.3,113.9,113.6,193.6,50.0,104.0,32.5,57.8,89.2,0.0,10.2,84.6,298.9,111.5,80.9,77.5,78.6,186.0,216.2,270.2,94.0,115.1,21.3,55.4,59.6,111.3,228.4,85.7,136.6,40.2,195.1,72.3,102.3,284.7,96.2,88.3,104.0,39.1,38.6,121.6,88.1,98.5,1809.2,100.3,114.6,91.5,35.2,145.4,12.0,168.1,85.8,131.0,44.5,137.8,92.6,67.2,72.6,21.0,163.5,48.4,104.6,150.3,69.8,114.9,154.5,108.3,80.1,69.6,82.5,330.8,148.1,140.0,122.1,124.4,140.8,90.9,82.2,214.4,87.2,65.6
KT,249.8,148.5,166.9,75.0,119.4,182.8,262.7,136.9,52.8,80.2,155.9,193.2,44.9,231.4,247.4,225.8,155.0,40.6,291.1,134.4,172.3,75.2,228.6,158.4,200.2,95.9,182.4,177.7,73.2,84.3,171.4,321.4,208.2,324.2,226.2,238.8,129.3,196.3,124.4,244.7,209.1,110.0,244.3,218.2,141.5,147.5,372.4,83.4,181.8,144.0,80.3,121.3,105.7,206.5,59.9,93.7,42.4,49.9,101.7,12.8,0.0,77.6,310.7,126.0,93.8,67.2,91.5,198.9,229.1,283.1,111.6,107.2,11.0,55.8,73.8,120.4,241.3,98.6,126.3,53.1,208.0,85.2,115.2,297.1,88.3,101.2,116.9,52.0,51.5,134.5,98.0,104.0,1822.1,113.2,127.5,81.7,47.9,158.3,24.9,181.0,98.7,143.9,36.6,141.7,89.5,75.1,85.5,33.9,187.5,71.3,94.3,163.2,70.2,128.3,167.4,121.2,90.0,82.5,92.4,343.7,126.8,152.9,111.8,137.3,153.7,103.8,71.9,227.3,76.9,75.5
KX,301.2,107.0,218.3,123.2,167.6,233.4,314.1,185.1,75.9,120.3,113.6,244.6,86.8,282.8,298.8,274.0,197.3,106.8,342.5,196.1,112.0,134.4,276.8,206.6,251.6,57.9,233.8,229.1,75.9,132.5,222.8,372.8,200.5,375.6,274.4,290.2,106.7,154.8,186.1,296.1,260.5,158.2,295.7,269.6,192.9,198.9,423.8,94.4,233.2,192.2,120.4,43.6,145.8,257.9,33.0,141.9,74.5,98.1,149.9,81.8,68.9,0.0,358.9,50.3,149.4,10.3,15.8,191.2,280.5,334.5,163.0,171.2,77.2,60.4,58.6,162.7,292.7,160.3,167.8,67.2,259.4,77.5,166.6,348.5,152.3,142.2,168.3,76.9,120.5,176.8,75.4,66.0,1761.8,52.9,178.9,122.6,50.1,209.7,93.9,232.4,150.1,205.6,102.8,193.1,11.8,37.1,59.8,85.3,235.7,119.5,142.5,155.5,74.8,179.7,246.2,128.9,85.4,144.2,81.2,395.1,85.3,204.3,160.0,108.1,215.4,159.4,121.3,278.7,125.1,31.9
KY,149.7,444.1,187.7,265.8,290.0,233.9,166.5,240.0,342.8,322.9,276.0,207.8,328.3,141.0,186.4,160.5,211.2,353.3,153.3,238.6,402.3,267.0,213.9,234.6,193.0,363.3,172.2,202.8,281.3,250.0,188.5,136.9,483.4,139.7,160.9,125.1,272.3,491.9,248.6,144.3,167.0,269.1,123.5,180.5,202.7,201.4,227.2,264.0,207.4,248.3,346.5,371.8,351.9,171.3,319.9,298.7,315.7,288.7,229.1,304.7,312.6,353.4,0.0,385.5,239.6,352.6,352.9,474.1,147.0,153.6,237.8,311.1,323.7,328.7,294.3,232.7,167.3,286.0,331.0,291.2,183.8,315.2,230.6,149.6,303.6,276.4,261.4,342.0,262.2,220.2,277.5,371.4,1824.7,343.2,250.5,279.6,308.3,193.9,290.1,178.6,246.9,251.6,349.3,201.5,341.0,340.1,315.5,306.4,246.8,269.5,273.2,438.4,343.1,220.6,237.8,241.3,303.6,294.2,349.7,144.9,422.4,208.8,316.8,292.8,221.5,229.0,332.9,181.8,299.6,336.9
LN,327.3,56.6,238.4,145.8,177.5,254.7,339.7,178.7,113.2,72.1,125.1,272.5,82.1,309.1,324.4,281.3,220.6,57.9,368.1,219.9,91.7,173.8,249.9,197.9,272.9,38.8,259.9,252.6,116.5,135.7,250.3,409.2,211.1,412.0,281.2,321.4,156.0,104.4,208.0,302.0,292.4,165.2,317.0,297.5,214.2,232.4,449.4,135.1,264.2,183.5,66.7,59.9,96.0,278.0,80.4,133.1,85.2,120.7,155.1,108.4,98.5,53.3,366.2,0.0,172.0,63.7,27.4,201.8,309.0,360.1,190.2,138.9,86.1,69.1,104.7,199.1,313.2,194.6,118.0,106.6,280.7,89.0,189.5,381.0,129.1,182.1,193.9,112.4,150.1,211.6,122.8,32.3,1741.5,31.3,204.5,102.5,89.3,241.5,123.5,264.3,184.9,233.4,61.5,232.3,41.3,60.2,64.8,110.9,209.8,142.1,160.2,167.0,55.3,211.1,220.3,176.3,100.1,150.9,96.2,417.2,34.9,230.0,114.9,119.6,224.9,182.0,77.7,298.8,159.2,42.5
LP,236.4,223.2,170.3,18.7,157.5,107.5,258.7,126.4,101.9,129.8,106.3,196.6,101.6,218.5,218.7,164.8,80.2,128.3,294.5,89.4,225.2,41.5,211.7,142.5,165.6,152.4,179.6,119.9,81.3,64.5,145.9,313.3,249.9,316.1,172.1,234.8,102.6,271.0,72.0,240.7,198.1,116.9,231.7,214.8,117.6,99.5,368.4,72.4,166.5,156.2,99.4,168.5,147.9,185.8,109.0,131.8,91.5,41.6,46.7,83.0,93.3,156.9,257.1,175.1,0.0,146.5,140.6,240.6,198.8,286.5,96.4,139.1,104.4,128.7,100.1,68.0,210.4,53.6,153.7,91.2,211.4,138.1,111.2,294.1,120.2,67.5,112.9,101.1,54.7,82.1,85.9,160.5,1875.0,154.9,130.9,94.9,108.3,141.5,70.8,125.6,84.5,98.9,122.6,133.9,161.4,129.2,119.0,66.5,179.8,29.8,103.4,212.3,135.7,99.1,170.8,64.2,99.3,54.5,141.5,321.3,201.5,156.3,149.9,96.2,108.7,17.3,93.2,188.6,115.0,117.2
LQ,290.8,117.4,207.9,112.8,157.2,223.0,303.7,174.7,65.5,109.9,124.0,234.2,76.4,272.4,288.4,263.6,186.9,96.4,332.1,185.7,122.4,124.0,266.4,196.2,241.2,47.5,223.4,218.7,65.5,122.1,212.4,362.4,200.6,365.2,264.0,279.8,96.3,165.2,175.7,285.7,250.1,147.8,285.3,259.2,182.5,188.5,413.4,84.0,222.8,181.8,110.0,54.0,135.4,247.5,22.6,131.5,64.1,88.8,139.5,71.4,58.5,10.3,348.5,60.7,131.6,0.0,26.2,191.3,270.1,324.1,152.6,160.8,66.8,50.0,48.2,152.3,282.3,149.9,157.4,56.8,249.0,77.6,156.2,338.1,141.9,131.8,157.9,66.5,110.1,166.4,65.0,55.6,1772.2,63.3,168.5,112.2,39.7,199.3,83.5,222.0,139.7,195.2,92.4,182.7,22.2,26.7,70.2,74.9,225.3,109.1,132.1,155.6,64.4,169.3,235.8,118.5,75.0,133.8,84.8,384.7,95.7,193.9,149.6,108.8,205.0,149.0,110.9,268.3,114.7,42.3
LT,299.3,91.1,216.4,114.5,193.5,231.5,312.2,172.5,85.7,105.0,97.6,242.7,75.9,280.9,296.9,263.6,195.4,92.4,340.6,186.1,114.0,147.3,284.4,188.6,249.7,64.6,231.9,227.2,101.8,122.1,220.9,370.9,184.5,373.7,264.0,288.3,129.4,138.9,174.2,294.2,258.6,184.1,293.8,267.7,191.0,197.0,421.9,116.8,231.3,218.0,105.1,45.6,130.5,256.0,58.9,163.3,58.6,124.0,139.5,107.7,94.8,25.8,348.5,34.4,140.7,36.2,0.0,175.2,278.6,332.6,161.1,160.3,101.0,73.0,84.5,160.8,290.8,165.7,152.5,93.1,257.5,61.5,164.7,346.6,141.4,155.1,166.4,84.9,119.0,174.9,98.8,66.8,1763.8,44.5,177.0,134.8,76.0,207.8,92.4,230.5,148.2,195.6,96.0,191.2,13.8,55.3,43.8,83.4,244.3,110.8,168.4,139.5,81.9,177.8,216.9,152.3,73.5,123.4,68.7,393.2,69.4,202.4,149.4,92.1,200.1,150.7,112.2,276.8,151.0,15.9
LV,367.2,256.3,293.7,191.8,286.3,308.8,389.5,249.8,163.0,263.5,192.9,320.0,200.6,358.2,374.2,340.9,261.2,225.6,417.9,263.4,213.1,220.0,335.1,265.9,327.0,201.5,315.2,304.5,164.2,195.3,298.2,448.2,9.3,451.0,340.8,365.6,200.1,304.1,251.5,371.5,335.9,240.3,371.1,345.0,268.3,274.3,499.2,184.0,308.6,279.6,248.2,187.2,289.0,333.3,158.1,248.4,135.9,190.4,213.1,177.0,184.9,171.1,425.8,198.0,218.0,181.5,165.1,0.0,355.9,409.9,233.7,269.4,196.0,190.7,152.0,241.9,368.1,240.8,277.9,155.5,334.8,126.0,242.0,424.4,250.5,231.0,243.7,162.2,196.3,252.2,168.8,209.6,1862.9,154.0,254.3,226.0,170.5,285.1,169.7,307.8,225.5,272.9,221.6,277.5,179.1,178.3,139.1,160.7,303.2,188.1,222.9,25.6,205.1,254.6,294.2,222.3,168.8,200.7,132.8,470.5,234.6,279.7,266.5,187.4,277.4,228.0,234.6,354.1,246.5,149.1
MG,103.9,337.1,72.9,158.8,183.0,126.9,164.9,133.0,235.8,215.9,169.0,81.3,248.1,42.1,78.2,97.1,104.2,248.0,153.3,131.6,295.3,160.0,102.3,127.6,86.0,256.3,57.4,89.3,174.3,137.8,80.9,136.9,376.4,139.7,97.5,141.0,165.3,384.9,141.6,146.9,19.9,162.1,62.7,54.0,95.7,94.4,227.2,155.7,83.1,141.3,239.5,264.8,244.9,64.3,212.9,191.7,208.7,181.7,122.1,195.3,205.6,246.4,177.9,278.5,132.6,245.6,245.9,367.1,0.0,156.4,130.8,204.1,216.7,221.7,187.3,123.5,34.0,179.0,224.0,184.2,95.7,208.2,123.6,152.4,196.6,169.4,125.6,235.0,155.2,113.2,170.5,264.4,1891.0,236.2,114.7,172.6,201.3,86.9,183.1,71.6,139.9,144.6,242.3,94.5,234.0,233.1,208.5,199.4,104.2,162.5,166.2,331.4,236.1,113.6,95.2,134.3,196.6,187.2,242.7,144.9,315.4,101.2,209.8,185.8,114.5,122.0,225.9,19.6,192.6,229.9
MJ,88.2,444.2,159.0,265.9,254.9,234.0,20.3,204.9,303.0,323.0,276.1,126.1,333.3,136.5,126.1,191.5,200.2,329.0,7.9,216.0,402.4,267.1,147.1,190.2,193.1,363.4,167.0,198.9,282.6,244.9,184.7,38.2,458.4,41.0,191.9,59.5,272.4,492.0,226.0,78.7,147.5,228.8,118.7,128.4,202.8,201.5,145.5,264.1,160.7,203.9,321.1,371.9,352.0,171.4,320.0,263.3,292.6,268.1,225.5,278.0,288.3,353.5,145.8,385.6,239.7,352.7,353.0,449.1,147.1,0.0,232.3,276.0,299.4,328.8,294.4,234.4,115.2,286.1,331.1,291.3,103.8,315.3,226.0,21.4,303.7,276.5,183.0,302.2,262.3,220.3,277.6,371.5,1848.3,343.3,172.1,279.2,308.4,194.0,290.2,178.7,247.0,229.0,325.0,190.8,341.1,342.6,315.6,267.6,168.4,269.6,237.8,413.4,343.2,220.7,159.4,241.4,303.7,294.3,349.8,64.2,422.5,179.9,281.4,292.9,199.0,229.1,312.3,129.7,264.5,337.0
ML,176.1,248.4,102.6,81.2,75.8,61.8,198.4,58.7,123.4,140.7,166.7,128.9,168.5,163.4,161.6,168.1,73.3,149.4,226.8,24.9,242.9,124.2,144.0,74.8,111.8,173.9,109.0,81.5,119.5,70.1,88.7,257.1,278.8,259.9,168.4,174.5,162.9,296.2,13.0,180.4,133.6,31.2,180.0,150.2,57.8,40.5,308.1,129.7,102.0,100.4,146.3,197.4,169.7,133.2,130.5,89.7,113.0,88.5,71.9,98.4,108.7,168.1,287.8,195.0,98.5,163.2,162.1,269.5,153.6,218.8,0.0,82.9,119.8,138.9,135.8,54.0,164.7,95.1,151.5,128.3,143.7,155.8,50.9,229.5,104.2,150.2,52.6,122.6,115.9,65.1,144.4,182.0,1892.7,183.8,63.2,99.6,118.7,81.7,107.9,74.0,39.4,34.4,145.4,69.3,176.1,150.7,160.8,88.0,112.1,84.9,52.9,233.8,153.3,16.5,103.1,136.7,136.4,91.6,163.0,275.5,226.7,88.6,107.8,183.5,48.9,115.8,132.7,150.3,73.6,146.1
NE,216.5,187.3,141.4,135.2,52.3,140.1,238.8,64.1,146.1,79.6,214.8,178.2,103.9,216.4,226.1,214.6,130.7,99.2,267.2,97.0,204.4,167.5,157.2,88.1,158.3,136.9,162.9,138.0,169.5,88.4,144.3,297.5,301.5,300.3,214.5,214.9,211.1,235.1,85.1,241.0,191.0,42.3,232.2,203.2,99.6,107.9,348.5,188.0,166.5,73.7,85.9,188.9,108.6,181.0,153.2,43.2,135.7,110.1,106.2,121.1,120.9,170.8,299.5,165.7,161.4,160.4,173.5,292.2,211.0,259.2,67.3,0.0,108.5,123.3,165.8,107.6,216.2,147.3,87.7,160.8,195.9,178.5,73.3,273.2,21.2,193.5,101.7,145.3,172.5,121.7,183.9,145.0,1833.7,159.4,118.5,55.7,141.2,130.1,145.9,141.4,95.0,106.5,95.2,122.5,182.7,147.6,172.3,110.7,112.8,131.5,68.7,256.5,112.2,88.7,123.3,180.1,188.6,154.8,185.7,327.1,165.6,125.8,25.4,227.1,108.7,171.4,72.3,201.8,47.5,168.8
NM,262.2,137.4,179.3,84.6,129.0,195.2,275.1,146.5,65.2,69.1,168.3,205.6,33.8,243.8,259.8,235.4,167.4,29.5,303.5,146.8,154.5,87.6,238.2,168.0,212.6,85.2,194.8,190.1,80.9,93.9,183.8,333.8,220.6,336.6,235.8,251.2,141.7,185.2,136.8,257.1,221.5,119.6,256.7,230.6,153.9,159.9,384.8,95.8,194.2,153.6,69.2,110.9,94.6,218.9,72.3,99.1,54.8,59.5,111.3,25.2,12.3,67.2,320.3,115.6,98.8,56.8,83.1,211.3,241.5,295.5,124.0,96.1,0.0,45.4,86.2,132.8,253.7,111.0,116.6,72.2,220.4,97.6,127.6,309.5,77.2,113.6,129.3,64.4,63.9,146.9,110.4,93.3,1804.3,107.7,139.9,70.6,55.1,170.7,37.3,193.4,111.1,156.3,25.5,154.1,79.1,64.7,97.9,46.3,197.1,80.9,103.9,175.6,59.8,140.7,207.6,133.6,102.4,94.9,104.8,356.1,115.7,165.3,101.3,149.7,166.1,116.2,60.8,239.7,86.5,87.9
NV,276.5,120.5,193.6,91.7,155.8,208.7,289.4,173.3,55.1,72.7,147.6,219.9,26.3,258.1,274.1,240.8,172.6,60.1,317.8,167.3,137.6,105.1,252.1,194.8,226.9,57.0,209.1,204.4,46.1,99.3,198.1,348.1,210.5,350.9,241.2,265.5,128.5,168.3,157.3,271.4,235.8,146.4,271.0,244.9,168.2,174.2,399.1,64.6,208.5,180.4,72.8,94.1,98.2,233.2,62.2,113.7,44.7,86.3,116.7,70.0,57.1,50.4,325.7,87.4,126.7,40.0,66.3,201.2,255.8,309.8,138.3,110.7,51.4,0.0,88.7,138.0,268.0,131.5,120.2,37.4,234.7,87.5,141.9,323.8,91.8,112.9,143.6,54.3,102.4,152.1,97.2,65.1,1787.4,79.5,154.2,85.2,20.3,185.0,82.1,207.7,125.4,176.8,58.1,168.4,62.3,47.9,81.3,60.6,212.0,88.0,130.7,165.5,14.3,155.0,222.5,124.0,89.2,115.4,94.7,370.4,98.8,179.6,115.9,128.4,186.6,136.7,75.4,254.0,113.3,77.8
NX,251.3,174.0,179.1,77.2,170.4,194.2,274.9,135.2,48.4,130.0,77.6,204.1,85.4,243.6,259.6,225.0,145.3,117.1,303.3,137.4,168.0,75.7,220.5,151.3,212.4,68.9,200.6,188.6,50.8,80.7,185.4,332.3,190.5,336.4,226.2,251.0,48.0,221.8,127.4,256.9,221.3,125.7,256.5,229.1,152.4,158.4,384.6,54.0,194.0,165.0,128.9,112.3,155.5,218.7,24.2,133.8,20.0,75.4,97.2,62.4,70.3,68.6,309.9,115.7,96.8,58.2,84.5,181.2,240.0,295.3,119.1,153.5,81.4,89.4,0.0,127.2,253.5,101.6,163.3,40.9,220.2,80.9,126.1,309.8,134.6,83.5,129.1,47.6,72.5,136.3,16.7,77.0,1817.8,108.9,139.7,111.9,55.9,169.2,53.8,193.2,110.9,146.9,105.7,162.9,80.5,45.7,54.2,46.1,187.3,73.5,107.0,146.8,103.8,140.0,179.6,70.2,26.7,85.5,74.7,355.9,152.3,165.1,151.9,60.5,156.7,106.8,120.0,239.5,131.9,57.8
NY,196.1,243.9,129.2,73.9,108.0,66.7,225.0,92.8,123.6,136.2,140.2,153.9,140.4,175.5,173.7,178.9,19.2,163.8,253.4,37.0,243.1,89.1,170.6,115.3,122.6,174.1,121.2,88.1,112.3,60.8,100.9,272.5,281.2,275.3,180.6,199.5,136.5,291.7,27.0,207.0,145.7,82.7,195.0,162.4,65.2,56.5,333.1,121.3,114.1,129.0,151.3,196.0,163.6,145.3,129.1,65.9,113.2,96.1,49.9,112.8,123.1,168.3,265.1,195.2,69.0,163.4,162.3,268.1,163.2,245.4,49.8,96.8,134.2,139.1,128.6,0.0,169.6,86.2,144.3,121.0,170.3,156.0,75.9,241.7,96.2,115.1,79.2,122.8,102.3,10.3,137.1,182.2,1890.3,184.0,89.8,92.4,118.7,89.1,99.0,90.0,14.1,44.9,162.0,79.9,176.3,152.1,147.2,88.2,137.1,77.6,38.8,234.0,151.9,46.7,129.7,105.5,129.1,84.3,161.6,280.5,222.2,115.2,84.0,151.2,56.3,80.7,141.0,155.2,67.1,144.7
OC,60.4,356.9,67.2,199.5,198.8,125.2,133.8,149.3,246.9,249.2,209.7,40.4,288.8,21.2,44.1,76.2,133.8,287.0,119.2,142.2,336.0,200.7,61.4,133.4,116.4,297.0,51.7,83.6,216.2,178.5,77.0,102.8,402.3,105.6,76.6,109.9,206.0,404.7,152.2,115.8,32.2,186.1,28.6,13.1,112.0,135.1,193.1,197.7,82.8,147.1,275.4,305.5,278.2,69.9,253.6,207.2,249.4,222.4,159.1,236.0,246.3,287.1,143.8,319.2,180.7,286.3,286.6,393.0,44.1,127.2,154.8,215.3,257.4,262.4,228.0,160.6,0.0,202.6,264.7,224.9,61.6,248.9,139.9,125.9,236.6,210.1,126.9,246.1,195.9,146.5,211.2,305.1,1861.5,276.9,116.0,212.8,242.0,92.7,223.8,112.3,173.2,155.2,283.0,109.3,274.7,276.2,249.2,211.5,98.5,203.2,181.7,357.3,276.8,137.6,89.5,175.0,237.3,227.9,283.4,110.8,335.2,95.5,225.3,226.5,125.2,162.7,266.6,14.4,217.2,270.6
OD,248.7,258.9,173.4,48.9,168.9,110.3,272.9,134.4,290.8,152.6,198.1,203.4,143.1,217.2,215.3,171.1,94.5,138.8,295.3,78.6,245.4,64.1,218.5,156.9,165.5,172.6,162.8,130.1,87.3,56.7,142.5,316.1,277.9,318.9,171.5,249.0,168.5,306.7,68.6,254.9,187.3,124.3,236.6,204.0,106.8,102.3,382.6,96.3,155.7,170.6,124.8,373.6,178.1,186.9,129.2,125.5,125.0,72.7,47.0,87.8,98.1,172.3,256.0,202.2,53.6,161.9,167.7,268.6,207.3,287.3,93.0,134.4,109.2,133.5,103.6,64.6,213.2,0.0,142.9,96.0,218.2,158.3,125.0,283.3,115.5,134.6,127.1,290.0,77.3,78.7,112.1,180.7,1895.2,186.3,137.7,91.0,113.1,130.7,75.6,135.8,73.7,88.1,134.8,132.8,181.7,151.8,130.3,91.9,186.6,52.6,100.0,232.9,147.9,88.3,177.6,112.2,104.1,163.3,297.9,324.1,237.2,157.7,143.6,126.2,97.9,57.9,116.0,198.8,111.5,151.7
OI,295.7,158.3,212.8,141.4,164.6,195.3,308.6,161.3,156.0,50.6,222.8,239.1,111.5,277.3,293.3,242.0,179.5,97.4,337.0,167.5,175.4,175.5,228.6,194.1,255.5,118.5,228.3,235.2,179.8,100.5,217.3,381.8,311.4,384.6,242.4,291.5,219.1,206.1,157.5,272.1,255.0,143.9,290.2,264.1,196.8,187.3,418.3,190.0,263.7,179.7,85.0,199.0,79.6,252.4,163.1,110.2,145.6,121.1,117.9,131.0,137.6,174.5,326.9,126.9,157.6,164.1,154.4,302.1,275.0,329.0,157.5,107.2,125.9,129.1,177.0,153.5,287.2,155.3,0.0,156.3,253.9,188.4,170.5,351.7,88.3,201.5,162.8,155.2,176.1,167.6,204.6,112.0,1765.3,158.3,173.4,63.7,151.1,204.2,146.1,220.8,144.6,216.0,101.0,187.6,168.3,137.5,188.7,120.6,188.5,145.1,128.5,266.4,115.3,174.2,199.0,188.1,196.6,151.8,195.6,398.9,136.6,198.8,93.6,237.6,205.9,169.3,98.3,273.2,111.1,178.7
OK,231.9,158.0,158.4,56.5,151.0,173.5,254.2,114.5,39.9,110.2,110.1,184.7,76.2,222.9,238.9,205.6,125.9,96.0,282.6,128.1,159.4,67.6,199.8,130.6,191.7,94.5,179.9,169.2,8.7,64.1,162.9,312.9,195.3,315.7,205.5,230.3,91.0,205.8,116.2,236.2,200.6,105.0,235.8,209.7,133.0,139.0,363.9,27.1,173.3,144.3,106.4,120.9,135.7,198.0,47.0,113.1,29.5,56.0,77.8,41.7,63.9,77.2,290.5,123.3,82.7,66.8,93.1,186.0,220.6,274.6,98.4,148.2,72.2,37.4,51.2,104.4,232.8,94.0,142.6,0.0,199.5,72.3,106.7,288.6,129.3,75.4,108.4,39.1,61.0,116.9,59.7,102.6,1809.2,100.3,119.0,90.7,17.0,149.8,34.4,172.5,90.2,137.6,95.6,142.2,89.1,72.3,77.9,25.4,167.9,52.8,87.6,150.3,51.8,119.3,158.9,86.5,51.7,65.4,79.5,335.2,136.3,144.4,131.2,90.9,142.1,92.7,112.9,218.8,120.1,62.6
OP,66.3,329.2,86.8,222.0,183.0,176.0,80.7,125.5,223.6,221.5,235.3,53.9,253.9,72.0,53.9,127.0,159.4,249.6,109.1,143.8,343.1,226.3,56.1,110.8,152.3,274.1,96.2,134.4,241.8,204.1,112.5,128.4,379.0,131.2,127.4,56.8,231.6,377.0,153.8,62.7,81.8,149.4,36.2,62.1,155.6,160.7,190.4,223.3,88.5,124.5,241.7,297.6,250.5,120.3,230.7,183.9,213.2,188.7,184.7,198.6,208.9,268.3,169.4,296.8,198.9,263.4,262.3,369.7,94.9,101.1,160.1,199.0,220.0,239.1,253.6,191.1,50.7,235.9,244.6,250.5,0.0,256.0,153.8,100.9,220.3,235.7,103.6,222.8,221.5,179.5,236.8,282.2,1869.1,284.0,92.7,192.7,218.7,136.5,213.7,137.9,180.2,156.8,245.6,118.6,276.3,253.3,274.8,188.2,89.0,225.7,158.4,334.0,253.5,175.4,80.0,200.6,262.9,232.4,263.2,136.4,307.5,107.7,202.0,252.1,126.8,188.3,232.9,65.2,185.1,246.3
OR,329.6,131.9,246.7,144.8,205.8,261.8,342.5,223.3,114.1,117.5,127.9,273.0,98.7,311.2,327.2,293.9,225.7,104.9,370.9,216.4,87.0,172.6,296.9,244.8,280.0,85.8,262.2,257.5,114.1,152.4,251.2,401.2,214.8,404.0,294.3,318.6,144.9,179.7,204.5,349.0,288.9,196.4,324.1,298.0,221.3,227.3,452.2,132.6,261.6,230.4,117.6,56.5,143.0,286.3,71.2,180.1,88.9,136.3,169.8,120.0,107.1,38.1,378.8,70.2,163.6,48.5,50.1,205.5,308.9,362.9,191.4,183.1,115.4,95.8,96.8,191.1,321.1,196.0,165.0,105.4,287.8,0.0,195.0,376.9,164.2,180.4,196.7,115.1,158.7,205.2,113.6,79.3,1736.8,27.9,207.3,150.0,88.3,238.1,132.1,260.8,178.5,225.9,108.5,221.5,25.7,75.3,74.1,113.7,256.8,141.1,180.7,169.8,102.3,208.1,267.3,167.1,103.8,153.7,74.1,423.5,110.2,232.7,161.9,122.4,230.4,181.0,124.7,307.1,163.3,46.2
PF,144.7,232.1,71.2,110.6,59.3,66.7,167.0,9.3,125.4,124.4,177.9,97.5,166.0,135.7,151.7,141.2,102.1,153.1,195.4,32.4,244.9,151.8,112.6,43.4,84.9,175.9,92.7,64.6,149.0,97.5,75.7,225.7,280.8,228.5,141.6,143.1,174.2,279.9,42.4,149.0,113.4,51.2,148.6,122.5,26.2,81.4,276.7,160.5,93.1,61.1,148.3,199.4,153.4,110.8,132.5,93.8,115.0,90.5,114.8,100.4,110.7,170.1,256.4,198.6,133.9,165.2,164.1,271.5,133.4,187.4,48.7,80.4,121.8,140.9,165.3,79.7,145.6,124.5,164.7,125.7,112.3,157.8,0.0,201.4,101.7,177.8,21.2,124.6,145.3,88.0,173.8,184.0,1836.9,185.8,31.8,94.5,120.7,62.6,137.3,80.5,68.8,45.4,147.4,55.0,178.1,153.9,185.5,90.0,80.7,114.3,60.2,235.8,155.3,64.0,71.7,143.2,165.8,121.0,165.0,248.0,210.4,57.2,105.9,194.7,35.3,130.9,134.7,131.6,77.7,148.1
PH,72.6,420.4,146.3,281.5,255.6,253.1,25.6,205.0,303.1,312.7,308.9,113.4,304.1,134.8,113.4,189.8,244.1,330.8,40.7,203.3,435.2,299.9,134.4,202.2,225.9,353.6,161.7,211.5,314.2,270.9,173.8,71.6,458.5,73.8,189.7,46.8,305.2,468.2,213.3,66.0,141.3,228.9,113.7,121.6,215.7,234.3,123.5,295.6,148.0,215.9,326.0,377.1,341.7,179.8,310.8,263.4,292.7,269.7,262.0,280.5,288.4,347.8,147.2,374.7,272.5,342.9,341.8,449.2,161.3,32.7,219.6,290.2,299.5,318.6,328.5,254.4,128.2,295.4,324.1,324.1,91.1,348.1,213.3,0.0,295.9,309.3,183.1,302.3,295.1,253.7,310.4,361.7,1835.6,376.1,172.2,272.7,298.4,196.6,308.2,211.5,239.7,216.3,325.7,188.4,355.8,330.4,349.0,267.7,177.6,285.2,237.9,413.5,333.0,234.4,168.6,274.2,336.5,291.9,342.7,96.5,398.7,167.2,281.5,325.7,186.9,261.9,312.4,142.7,264.6,325.8
PP,233.3,166.0,160.3,113.9,71.2,159.0,255.6,83.0,134.2,58.3,193.5,197.1,64.2,235.3,245.0,212.7,109.3,77.9,284.0,115.9,183.1,146.2,176.1,107.0,177.2,115.6,181.8,156.9,148.2,67.1,163.2,314.3,289.6,317.1,212.6,231.7,189.8,213.8,104.0,255.5,209.9,61.2,251.1,222.1,118.5,126.8,365.3,168.0,185.4,92.6,64.6,167.6,87.3,199.9,141.3,21.8,123.8,88.8,84.9,109.5,99.6,151.9,297.6,144.4,140.1,141.5,152.2,280.3,229.9,276.0,90.9,18.8,87.2,102.0,153.9,90.0,235.1,126.0,66.4,139.5,214.8,166.6,92.2,290.0,0.0,172.2,120.6,133.4,151.2,100.3,172.0,123.7,1812.4,138.1,120.4,33.9,122.4,149.0,124.6,160.3,73.6,125.4,73.9,141.4,163.8,128.7,160.4,98.8,131.7,110.2,47.3,244.6,90.9,107.1,142.2,158.8,167.3,142.9,173.8,346.0,144.3,144.7,24.0,208.3,127.6,150.1,51.0,220.7,47.9,156.9
PQ,289.2,249.8,228.6,88.1,202.0,125.8,324.4,191.8,196.0,182.1,103.3,254.9,141.7,236.8,272.9,190.5,110.0,142.5,348.0,144.0,222.9,16.6,270.0,215.7,183.9,156.0,213.3,145.6,69.1,104.7,197.4,331.6,273.2,334.4,190.9,300.5,73.7,297.6,134.0,306.4,232.6,184.0,257.4,248.7,154.5,117.8,421.9,50.6,221.1,229.4,164.0,278.8,207.6,211.5,112.6,182.9,108.4,111.0,85.3,91.5,101.8,155.1,275.4,193.1,61.9,144.7,158.6,263.9,224.5,344.8,152.7,182.4,112.9,115.3,87.0,118.5,228.7,144.9,190.9,77.8,269.7,135.8,176.9,348.7,163.5,0.0,178.6,195.2,51.4,104.4,70.2,164.1,1872.7,163.8,189.2,139.0,94.9,175.0,79.3,151.3,131.1,153.5,138.5,191.6,161.6,135.2,121.2,95.6,238.1,91.8,157.4,228.2,129.7,135.5,229.1,82.2,103.0,155.7,203.1,339.6,228.1,214.6,201.0,80.5,163.3,53.6,155.2,214.3,159.5,142.6
PW,132.8,249.8,49.9,106.4,71.8,102.3,145.7,21.8,119.9,132.8,203.0,76.2,150.2,114.4,130.4,156.1,127.1,145.9,174.1,66.6,239.4,157.4,91.3,22.1,75.5,170.4,65.4,60.7,128.9,82.4,54.4,204.4,275.3,207.2,156.5,121.8,199.3,297.6,76.6,127.7,92.1,45.7,127.3,101.2,60.3,99.7,255.4,147.4,64.8,35.8,138.0,193.9,161.8,89.5,127.0,80.2,109.5,85.0,99.8,94.9,105.2,164.6,235.1,193.1,132.6,159.7,158.6,266.0,112.1,166.1,63.8,92.9,116.3,135.4,140.9,89.9,124.3,142.5,140.9,120.2,91.0,152.3,34.0,180.1,112.1,194.1,0.0,119.1,136.6,104.0,157.7,178.5,1849.4,180.3,10.5,89.0,115.0,41.3,110.0,105.6,77.3,79.6,141.9,24.7,172.6,149.6,152.6,84.5,59.4,102.7,54.7,230.3,149.8,80.5,50.4,168.3,167.7,128.6,159.5,226.7,228.1,35.9,98.3,200.9,49.6,156.0,129.2,110.3,81.4,142.6
PZ,262.3,158.6,179.4,77.5,183.6,194.5,275.2,135.5,0.7,141.6,153.8,205.7,100.3,243.9,259.9,226.6,158.4,122.8,303.6,149.1,148.2,105.7,220.8,151.6,212.7,79.2,194.9,190.2,49.9,85.1,183.9,333.9,184.1,336.7,227.0,251.3,124.2,206.4,137.2,257.2,221.6,126.0,256.8,230.7,154.0,160.0,384.9,82.7,194.3,165.3,141.7,329.3,167.1,219.0,35.8,157.9,18.3,76.1,102.5,60.3,84.9,73.4,311.5,101.9,96.3,67.2,67.4,174.8,241.6,295.6,124.1,184.7,93.2,76.4,49.7,123.8,253.8,261.1,163.6,41.2,220.5,61.1,127.7,309.6,165.8,176.0,129.4,0.0,82.0,137.9,81.1,87.3,1798.0,89.1,140.0,111.7,66.1,170.8,55.4,193.5,111.2,158.6,118.8,154.2,81.4,58.4,61.4,46.4,188.9,73.8,108.6,139.1,90.8,140.8,179.9,134.6,73.1,271.9,253.6,356.2,136.9,165.4,176.0,109.7,163.1,113.7,137.3,239.8,141.1,51.4
QK,260.0,198.9,177.1,53.4,169.7,131.2,272.9,133.2,83.0,130.6,104.3,203.4,95.3,237.3,235.4,191.2,115.4,91.0,301.3,98.7,215.6,23.6,218.5,149.3,185.6,142.8,182.9,151.0,57.5,82.8,162.6,331.6,238.4,334.4,191.6,249.0,100.6,246.7,88.7,254.9,207.4,123.7,254.5,224.1,126.9,123.2,382.6,55.8,175.8,163.0,129.3,171.7,156.1,207.0,99.4,144.1,72.6,76.3,67.1,40.0,50.3,128.0,276.1,156.2,50.7,117.6,121.7,229.1,227.4,293.3,113.1,157.6,61.4,103.7,73.8,84.7,234.1,62.9,161.3,66.2,218.2,128.5,125.4,303.4,138.7,49.6,127.1,82.2,0.0,98.8,75.4,150.9,1865.4,156.5,137.7,109.4,83.3,150.8,27.8,156.7,93.8,108.2,87.0,151.9,139.9,122.0,100.5,44.1,186.6,57.1,120.1,193.4,118.1,108.4,177.6,69.6,74.3,46.8,126.2,345.0,177.2,163.1,162.2,85.7,118.0,59.0,120.5,219.7,127.3,105.7
QL,210.2,241.1,141.7,84.9,122.1,54.2,237.5,105.3,136.1,133.4,127.7,168.0,157.3,165.2,186.2,168.6,8.9,176.3,265.9,49.5,254.0,76.6,183.1,127.8,112.3,186.6,133.7,74.0,123.6,58.0,113.4,260.0,291.5,262.8,168.5,213.6,124.0,288.9,39.5,219.5,158.2,95.2,185.8,174.9,77.7,46.2,347.2,107.5,126.6,141.5,165.6,223.5,162.4,139.9,143.2,78.4,125.7,107.8,39.6,125.3,135.6,180.8,253.5,209.3,66.1,175.9,174.8,282.2,152.9,257.9,63.9,109.3,146.7,151.6,141.1,10.3,157.1,68.9,141.5,133.5,182.8,166.9,90.0,254.2,110.3,102.6,91.7,135.3,89.8,0.0,128.4,194.7,1887.5,194.9,102.3,89.6,131.2,101.6,113.1,79.7,26.6,59.0,172.3,94.0,192.7,163.4,160.7,100.7,151.2,88.6,52.9,246.5,166.0,58.7,142.2,93.0,141.6,96.8,175.7,268.0,219.4,127.7,96.5,138.7,68.8,70.4,152.0,142.7,79.6,158.8
QM,269.4,190.0,195.9,80.6,188.5,168.1,291.7,152.0,65.2,148.1,60.8,222.2,115.0,260.4,262.6,218.4,135.0,133.9,320.1,125.9,176.5,58.9,237.3,168.1,212.8,85.7,216.1,187.9,49.8,97.5,189.8,350.4,208.6,353.2,218.3,267.8,31.2,237.8,115.9,273.7,234.6,142.5,273.3,247.2,154.1,154.8,401.4,41.2,203.0,181.8,144.3,129.1,173.6,234.2,42.3,150.6,38.1,104.4,90.6,85.2,95.5,85.4,303.3,131.7,85.3,75.0,98.8,199.3,254.6,312.1,140.3,171.6,106.6,97.2,16.7,113.5,269.4,90.1,180.1,57.7,237.0,89.4,144.2,326.6,152.7,66.7,145.9,64.4,61.0,126.0,0.0,93.8,1826.3,117.4,156.5,128.2,76.8,178.0,71.9,188.3,121.0,135.4,132.2,170.4,97.3,64.9,61.4,62.9,205.4,84.3,125.1,163.6,111.6,135.1,196.4,53.4,35.2,74.0,87.1,372.7,168.3,181.9,168.7,43.7,145.2,95.3,147.7,255.0,148.7,82.8
QT,320.4,82.3,222.1,129.5,161.2,238.4,329.1,162.4,102.6,54.2,151.3,254.6,64.0,292.8,308.1,265.0,215.8,41.6,357.5,203.6,99.4,149.4,233.6,181.6,256.6,6.5,237.6,236.3,99.0,123.5,232.2,392.9,226.0,395.7,265.4,305.1,121.7,130.1,191.7,285.7,276.1,148.9,300.7,279.6,197.9,214.5,438.8,117.5,247.9,167.2,54.3,84.7,79.7,261.7,48.0,116.8,75.5,104.4,140.9,95.1,82.2,52.6,349.9,63.1,155.7,42.2,68.5,216.7,292.7,349.5,178.6,122.6,69.8,52.8,73.6,181.2,296.9,178.3,101.7,90.3,264.4,103.0,171.6,365.3,112.8,157.2,195.2,101.8,133.8,195.3,90.4,0.0,1749.2,55.2,206.4,86.7,73.2,223.6,107.2,248.0,168.6,217.1,45.2,207.0,64.5,25.4,112.5,100.3,193.5,125.8,142.3,181.0,39.0,195.3,204.0,143.9,100.4,159.2,110.2,400.9,60.6,213.7,98.6,134.2,207.0,165.7,61.4,282.5,142.9,84.6
QV,1876.9,1955.5,1935.2,1938.6,1916.4,1981.4,1894.5,1913.1,1953.2,1847.8,2020.0,1929.0,1908.7,1888.5,1927.2,1908.0,1947.6,1894.6,1866.1,1954.8,1972.6,1972.7,1950.0,1937.0,1940.5,1915.7,1919.7,1950.3,1977.0,1897.7,1937.8,1834.2,2002.9,1831.0,1908.4,1890.6,2016.3,2003.3,1964.8,1892.2,1914.5,1947.6,1871.0,1901.7,1948.6,1948.9,1780.3,1987.2,1954.9,1922.6,1882.2,1996.2,1876.8,1918.8,1960.3,1907.4,1942.8,1918.3,1915.1,1928.2,1934.8,1971.7,1889.6,1924.1,1954.8,1961.3,1951.6,1993.6,1894.5,1874.1,1954.7,1903.7,1923.1,1926.3,1974.2,1950.7,1899.7,1952.5,1836.5,1953.5,1906.6,1985.6,1922.3,1895.6,1885.5,1998.7,1950.6,1952.4,1973.3,1967.7,2001.8,1909.2,0.0,1955.5,1952.6,1860.9,1948.3,1941.4,1943.3,1926.1,1941.8,1967.8,1898.2,1958.0,1965.5,1934.7,1985.9,1917.8,1928.9,1942.3,1925.7,1957.9,1912.5,1968.1,1939.4,1985.3,1993.8,1949.0,1992.8,1849.1,1933.8,1956.3,1890.8,2034.8,1957.7,1966.5,1895.5,1914.2,1908.3,1975.9
QZ,332.8,103.9,249.9,162.7,207.5,265.0,345.7,219.3,123.0,113.1,131.1,276.2,70.7,314.4,330.4,307.9,228.9,100.5,374.1,219.6,82.6,173.0,292.5,240.5,283.2,59.4,265.4,260.7,114.0,166.4,254.4,404.4,218.0,407.2,308.3,321.8,146.4,151.7,207.7,344.6,292.1,197.5,327.3,301.2,224.5,230.5,455.4,132.5,264.8,226.1,113.2,25.8,138.6,289.5,72.7,158.1,92.1,137.6,183.8,121.1,108.2,59.3,392.8,47.2,188.9,66.9,33.4,208.7,312.1,366.1,194.6,155.1,95.8,67.8,98.3,194.3,324.3,199.2,160.6,105.3,291.0,95.0,198.2,380.1,136.2,180.8,199.9,122.2,159.8,208.4,115.1,67.5,1732.4,0.0,210.5,129.6,88.2,241.3,133.2,264.0,181.7,229.1,102.5,224.7,47.3,50.1,77.3,116.9,252.4,159.0,183.6,173.0,76.7,211.3,262.9,168.6,107.0,156.9,102.2,426.7,82.2,235.9,157.5,125.6,233.6,198.9,119.8,310.3,181.2,49.4
RA,122.2,260.7,39.3,117.3,82.7,125.3,135.1,32.7,130.8,143.7,219.2,65.6,161.1,103.8,119.8,145.5,143.3,156.8,163.5,77.4,250.3,168.3,80.7,18.0,91.4,181.3,54.8,83.7,139.8,93.3,43.8,193.8,286.2,196.6,145.9,111.2,215.5,308.5,87.4,117.1,81.5,56.6,116.7,90.6,71.2,110.6,244.8,158.3,54.2,31.7,148.9,204.8,172.7,78.9,137.9,91.1,120.4,96.8,110.7,105.8,116.1,175.5,224.5,204.0,136.1,170.6,169.5,276.9,101.5,155.5,74.7,103.8,127.2,146.3,151.8,100.8,113.7,153.4,151.8,131.1,80.4,163.2,44.9,169.5,123.0,205.0,10.8,130.0,147.5,114.9,168.6,189.4,1860.3,191.2,0.0,99.9,125.9,57.2,120.9,121.8,88.2,103.5,152.8,40.6,183.5,160.5,163.5,95.4,48.8,113.6,65.6,241.2,160.7,91.4,39.8,184.5,178.6,139.5,170.4,216.1,239.0,25.3,109.2,211.8,76.1,153.5,140.1,99.7,92.3,153.5
RK,223.0,151.4,149.0,77.6,89.8,131.5,244.8,107.5,92.2,43.2,159.0,175.8,66.1,213.5,229.5,178.7,104.2,93.4,273.2,103.7,168.5,111.7,200.6,131.5,182.3,129.0,170.5,151.8,114.8,32.6,155.3,304.0,248.1,306.3,178.6,220.9,155.3,199.2,93.7,253.8,191.2,85.7,226.4,200.3,123.6,123.5,354.5,127.5,163.9,117.1,78.6,154.4,72.7,188.6,99.3,46.3,81.8,57.3,50.4,69.6,73.8,110.7,263.6,120.9,94.3,100.3,126.6,238.3,211.2,265.2,89.0,42.8,62.1,88.9,111.9,93.5,223.4,91.5,51.8,92.5,190.1,124.6,97.3,279.7,24.4,137.7,99.0,91.4,112.3,104.3,140.8,105.1,1797.8,152.6,109.6,0.0,87.5,140.9,82.3,157.0,80.8,113.2,88.2,132.8,122.6,105.8,118.9,56.8,155.7,81.3,66.4,202.6,103.3,110.4,166.7,124.8,132.8,88.0,131.8,325.8,129.7,135.0,48.5,173.8,123.5,105.5,65.0,209.4,47.3,114.9
SI,246.7,140.9,173.2,71.3,145.5,188.3,269.0,129.3,34.7,92.9,127.2,199.7,59.1,237.7,253.7,220.6,140.9,78.9,297.4,146.9,154.2,84.7,214.6,145.4,206.5,77.4,194.7,184.0,26.9,74.8,179.5,327.9,190.3,330.5,220.3,245.3,108.3,188.7,136.9,251.0,215.4,136.1,250.6,224.5,147.8,153.8,378.9,45.5,188.1,170.1,89.1,103.6,118.4,212.8,41.8,119.8,24.3,75.8,92.8,56.7,46.8,60.1,305.3,106.2,98.9,49.7,73.4,180.8,235.4,289.4,113.2,130.9,55.1,20.3,54.4,121.4,247.6,111.1,140.6,17.0,214.3,67.1,121.5,303.9,112.2,92.5,123.2,33.9,82.0,131.7,76.8,85.5,1804.0,95.1,133.8,105.1,0.0,164.8,49.2,187.3,105.0,156.4,78.3,157.0,72.0,55.2,67.6,40.2,182.9,67.6,120.4,145.1,34.7,134.1,173.7,103.8,68.8,95.0,74.3,350.0,119.2,159.2,136.3,108.0,166.4,116.5,95.8,233.6,103.0,57.4
SK,141.0,290.5,75.1,137.9,114.6,60.9,182.2,79.1,171.4,182.8,161.6,112.7,201.7,110.2,117.0,151.5,96.3,197.4,197.0,59.7,287.9,146.0,138.5,40.6,34.1,221.9,64.5,19.3,168.1,122.1,44.2,205.0,326.8,207.8,151.4,158.3,157.9,338.3,69.7,164.2,89.0,107.3,130.8,105.7,47.7,75.6,291.9,148.3,57.4,54.3,194.3,257.4,211.8,84.9,178.5,131.7,161.0,136.5,109.0,146.4,156.7,216.1,246.0,243.0,132.6,211.2,210.1,317.5,97.9,189.0,76.0,137.3,167.8,186.9,179.9,96.3,102.1,138.3,192.4,176.8,127.5,200.8,69.7,185.0,158.6,162.0,51.4,170.6,147.8,82.2,163.1,230.0,1906.7,228.8,47.0,140.5,166.7,0.0,164.6,64.2,96.1,72.7,193.4,7.5,226.6,201.1,201.1,136.0,106.4,141.6,106.2,281.8,201.3,73.8,97.4,126.9,189.2,148.3,211.0,213.0,268.8,59.4,162.8,178.4,42.7,114.6,180.7,87.7,133.0,194.1
SL,222.7,171.0,149.2,47.3,141.8,164.3,245.0,105.3,55.1,102.7,130.9,175.5,67.4,213.7,229.7,196.4,116.7,64.8,273.4,109.4,174.6,50.2,190.6,121.4,182.5,118.4,164.7,160.0,47.0,50.8,153.7,303.7,210.5,306.5,196.3,221.1,104.3,218.8,99.4,227.0,191.4,95.8,226.6,200.5,123.8,129.8,354.7,59.7,164.1,135.1,98.9,143.8,128.2,188.8,62.2,116.2,44.7,45.9,68.6,12.1,22.4,100.1,281.3,128.3,68.8,89.7,93.8,201.2,211.4,265.4,89.2,129.7,33.5,78.3,65.8,97.4,223.6,73.6,133.4,56.9,190.3,87.5,97.5,279.4,110.8,76.2,99.2,54.3,26.5,107.7,73.0,126.5,1824.4,115.5,109.8,81.5,50.2,140.6,0.0,163.3,81.0,116.8,59.1,133.0,112.0,97.6,84.7,16.2,158.7,43.6,78.4,165.5,92.7,110.1,149.7,96.2,65.0,57.5,94.7,326.0,149.3,135.2,134.3,112.3,128.7,78.8,94.4,209.6,99.4,77.8
SO,251.8,265.4,183.3,87.1,163.4,80.9,279.1,146.9,164.1,144.2,97.3,209.6,176.4,191.9,228.0,195.3,32.5,176.3,303.1,91.1,223.6,88.3,224.7,169.4,139.0,184.6,168.4,100.7,102.6,66.1,152.5,286.7,304.7,289.5,195.7,255.2,93.6,313.2,81.1,261.1,187.7,136.8,212.5,203.8,109.6,72.9,377.0,84.0,168.2,183.1,167.8,193.1,173.2,166.6,141.2,120.0,137.0,110.0,50.4,123.6,133.9,174.7,280.2,206.8,68.3,173.9,174.2,295.4,179.6,299.5,105.5,143.8,145.0,150.0,115.6,51.8,183.8,107.3,152.3,112.5,224.4,136.5,131.6,296.3,124.9,97.7,133.3,163.3,83.5,41.5,98.8,192.7,1873.4,164.5,143.9,100.9,129.6,130.1,111.4,0.0,68.2,100.6,170.6,135.6,162.3,161.4,136.8,127.7,192.8,90.8,94.5,259.7,164.4,90.6,183.8,62.6,124.9,115.5,171.0,294.7,243.7,169.3,138.1,114.1,110.4,50.3,154.2,169.4,120.9,158.2
SU,197.9,231.4,115.0,61.4,95.4,80.9,210.8,71.1,109.4,123.7,154.4,141.3,147.9,179.5,181.2,187.7,47.1,135.4,239.2,44.5,228.9,103.3,156.4,87.2,131.4,159.9,128.7,100.7,99.8,45.6,108.4,269.5,264.8,272.3,188.1,186.9,150.7,279.2,34.5,192.8,153.2,61.6,192.4,166.3,72.7,72.9,320.5,110.0,121.6,100.9,137.3,183.4,152.7,152.8,116.5,51.7,99.0,84.3,62.6,84.4,94.7,154.1,300.2,182.6,85.4,149.2,148.1,255.5,173.2,231.2,58.9,82.6,105.8,124.9,116.1,12.5,183.8,75.3,131.8,108.5,156.1,141.8,63.3,245.2,83.6,129.3,65.0,108.6,96.1,26.6,124.6,168.0,1877.8,169.8,75.6,79.9,104.5,96.6,88.1,106.4,0.0,54.0,131.4,89.8,162.1,139.1,136.3,74.0,124.5,65.1,26.2,219.8,139.3,54.2,115.5,119.7,116.6,71.8,149.0,291.8,209.7,101.0,69.8,165.4,63.8,96.1,128.5,169.4,52.9,132.1
TA,164.0,268.0,98.1,98.0,103.9,42.5,216.8,59.1,159.6,160.3,183.2,140.5,192.2,141.9,140.0,146.5,90.2,187.9,220.0,19.8,279.1,145.6,161.5,81.6,120.6,221.7,93.5,69.9,136.4,82.2,67.2,249.7,315.0,252.5,146.9,192.9,179.5,315.8,29.8,198.8,112.0,67.4,161.3,128.7,31.5,70.6,326.5,146.6,80.4,95.3,178.7,233.6,189.3,111.6,178.3,108.0,149.2,120.9,88.8,136.9,147.2,204.3,231.4,232.8,122.7,211.0,198.3,305.7,132.0,212.0,36.1,119.1,158.3,182.6,152.7,67.1,146.8,111.9,168.4,145.1,158.7,192.0,49.7,208.0,139.9,171.6,71.0,158.8,132.7,81.2,161.2,229.8,1886.7,220.0,81.6,116.5,162.4,55.4,124.7,85.8,56.2,0.0,183.9,47.8,212.3,198.5,179.4,124.2,129.4,101.7,82.5,270.0,197.0,50.9,120.4,148.5,153.2,108.4,199.2,257.7,246.3,82.4,126.1,200.0,22.6,132.7,165.1,132.4,109.2,182.3
TG,277.4,111.8,211.4,109.2,153.6,227.7,299.7,151.7,89.8,43.5,192.9,243.9,19.9,282.1,297.4,254.3,180.5,3.9,328.1,171.4,128.9,112.2,222.9,170.9,245.9,70.9,232.9,225.6,104.7,112.8,221.5,358.4,245.2,361.2,254.7,275.8,166.3,159.6,161.4,275.0,246.1,138.2,290.0,268.9,187.2,184.5,409.4,120.4,218.8,156.5,39.7,122.9,69.0,251.0,96.9,104.8,79.4,84.1,126.5,49.8,36.9,91.8,339.2,99.7,130.8,81.4,107.5,235.9,266.1,320.1,148.7,101.8,24.5,57.3,109.5,161.2,286.2,135.6,91.0,94.8,253.7,122.2,160.9,334.6,82.9,138.2,153.9,89.0,88.5,171.5,135.0,79.0,1778.7,93.4,164.5,75.5,77.5,195.3,61.9,218.0,135.7,180.9,0.0,187.7,103.7,81.6,122.5,70.9,182.8,105.5,128.5,200.2,46.2,164.8,193.3,158.2,127.0,119.5,129.4,390.2,90.1,203.0,87.9,174.3,190.7,140.8,50.7,271.8,111.1,112.5
UF,133.4,282.9,67.5,130.3,107.0,68.5,174.6,71.5,163.8,175.2,169.2,105.1,194.1,111.3,109.4,147.6,103.9,189.8,189.4,52.1,295.5,153.6,130.9,33.0,41.7,214.3,56.9,26.9,168.7,114.5,38.4,212.6,319.2,215.4,147.5,150.7,165.5,330.7,62.1,156.6,81.4,99.7,130.7,98.1,55.3,83.2,284.3,155.9,49.8,46.7,186.7,237.8,204.2,81.0,170.9,124.1,153.4,129.8,116.6,138.8,149.1,208.5,251.3,235.4,140.2,203.6,202.5,309.9,101.4,181.4,68.4,129.7,160.2,179.3,185.0,99.4,109.7,144.2,184.8,177.4,119.9,208.4,62.1,177.9,151.0,169.6,43.8,163.0,155.4,89.8,170.7,222.4,1899.1,236.4,39.4,132.9,158.9,7.5,157.0,71.8,88.5,65.1,185.8,0.0,216.5,192.3,208.7,128.4,98.8,134.0,98.6,274.2,193.7,80.9,89.8,134.5,185.5,140.7,203.4,220.6,261.2,51.8,155.2,186.0,35.1,122.2,173.1,95.3,125.4,186.5
UG,303.8,115.5,220.9,119.0,180.0,236.0,316.7,197.5,88.3,129.4,102.1,247.2,99.2,285.4,301.4,268.1,199.9,116.8,345.1,190.6,100.1,146.8,289.2,219.0,254.2,70.3,236.4,231.7,88.3,126.6,225.4,375.4,189.0,378.2,268.5,292.8,119.1,163.3,178.7,298.7,263.1,170.6,298.3,272.2,195.5,201.5,426.4,106.8,235.8,204.6,129.5,31.7,154.9,260.5,45.4,154.3,63.1,110.5,144.0,94.2,81.3,12.3,353.0,58.8,137.8,22.7,24.3,179.7,283.1,337.1,165.6,183.6,89.6,72.8,71.0,165.3,295.3,170.2,176.9,79.6,262.0,66.0,169.2,351.1,164.7,154.6,170.9,89.3,132.9,179.4,87.8,78.4,1749.9,41.0,181.5,135.0,62.5,212.3,106.3,235.0,152.7,200.1,115.2,195.7,0.0,49.5,48.3,87.9,248.1,115.3,154.9,144.0,87.2,182.3,221.4,141.3,78.0,127.9,69.3,397.7,93.8,206.9,172.4,96.6,204.6,155.2,133.7,281.3,137.5,20.4
UH,280.1,127.0,206.6,104.7,172.7,221.7,302.4,191.3,75.9,83.1,124.6,232.9,71.1,271.1,287.1,252.6,172.9,71.7,330.8,184.4,138.0,122.7,263.7,178.8,239.9,21.9,222.1,216.2,82.2,110.1,211.1,361.1,200.5,363.9,254.2,277.3,96.2,174.8,174.4,284.4,248.8,164.5,284.0,257.9,180.0,186.0,410.9,99.7,221.5,197.3,79.3,68.4,108.6,246.2,22.5,138.6,48.8,103.2,124.8,88.1,75.2,25.9,337.5,70.3,135.2,15.5,41.8,188.8,267.6,322.8,150.2,134.4,76.3,48.3,46.9,152.6,281.0,148.6,131.8,72.3,247.7,76.3,153.7,336.8,115.5,130.5,156.6,75.1,119.5,163.9,64.9,30.0,1787.8,62.4,167.2,110.1,56.4,196.8,83.8,219.5,138.4,192.7,74.1,189.2,37.8,0.0,78.1,73.6,224.8,101.0,150.0,154.3,58.4,168.0,234.1,116.0,72.5,132.5,82.3,383.4,105.3,192.6,128.7,107.5,202.5,152.6,91.5,267.0,131.4,59.1
UL,257.4,128.5,190.4,88.5,176.5,205.5,286.2,146.5,59.7,148.9,60.2,216.7,96.7,248.4,264.4,237.6,157.9,136.3,314.6,153.6,136.1,109.9,225.3,162.6,217.2,107.8,205.4,201.2,54.4,96.1,194.9,344.9,178.5,347.7,231.0,262.3,92.0,176.3,147.6,268.2,232.6,137.0,267.8,241.7,165.0,171.0,389.4,72.9,205.3,176.3,138.6,89.6,174.4,230.0,48.3,145.1,32.6,88.0,103.3,64.8,81.6,49.8,322.5,70.2,108.2,60.2,43.8,169.2,252.6,306.6,128.7,166.1,92.7,80.9,48.7,128.3,264.8,128.3,168.1,52.2,225.0,49.0,132.2,320.6,147.2,117.7,140.4,58.9,92.7,148.9,59.0,104.2,1785.9,88.4,144.5,116.7,67.2,181.8,66.4,204.5,122.2,163.1,118.3,174.2,57.8,78.1,0.0,57.4,193.4,84.8,113.1,133.5,101.8,151.3,184.4,112.5,36.1,105.7,56.2,360.7,113.3,176.4,163.2,48.2,174.1,124.7,131.3,250.8,136.7,21.3
UM,215.8,165.2,132.9,31.0,125.5,148.0,228.7,89.0,35.3,100.9,121.8,159.2,65.6,197.4,213.4,180.1,111.9,61.3,257.1,102.6,154.8,75.7,174.3,105.1,166.2,85.8,148.4,143.7,44.3,38.6,137.4,287.4,190.7,290.2,180.5,204.8,104.4,213.0,90.7,210.7,175.1,79.5,210.3,184.2,107.5,113.5,338.4,62.8,147.8,118.8,82.6,109.3,126.4,172.5,42.4,87.6,24.9,29.6,56.0,10.3,20.6,80.0,265.0,108.5,49.8,75.1,74.0,181.4,195.1,249.1,77.6,108.6,31.7,50.8,56.3,77.3,207.3,80.0,117.1,35.6,174.0,67.7,81.2,263.1,89.7,109.5,82.9,34.5,52.0,91.4,73.1,93.9,1804.6,95.7,93.5,65.2,30.4,124.3,25.4,147.0,64.7,112.1,57.3,107.7,88.0,65.0,68.0,0.0,142.4,27.3,62.1,145.7,65.2,94.3,133.4,121.5,83.1,39.9,74.9,309.7,143.5,118.9,105.7,116.3,116.6,67.2,73.8,193.3,97.6,58.0
UQ,120.0,258.3,28.5,157.1,100.2,141.4,142.3,72.5,170.6,150.6,220.2,82.1,200.9,111.4,114.5,134.7,155.4,196.6,170.7,109.6,290.1,211.2,61.1,57.8,137.2,221.1,50.0,99.8,179.6,129.0,80.1,206.2,326.0,209.0,134.6,118.4,216.5,306.1,119.6,124.3,86.5,96.4,132.0,103.2,121.4,145.6,252.0,208.2,54.3,71.5,193.5,244.6,179.6,68.1,177.7,130.9,160.2,136.6,146.8,145.6,155.9,215.3,231.7,242.2,183.8,210.4,209.3,316.7,99.1,162.7,125.9,116.7,167.0,186.1,190.3,140.6,103.3,193.2,191.6,170.9,101.8,203.0,84.7,182.5,138.0,220.6,50.6,169.8,187.3,162.7,221.7,229.2,1813.7,231.0,39.7,139.7,165.7,102.3,160.7,122.8,128.0,122.6,192.6,94.7,223.3,197.9,203.3,135.2,0.0,153.4,105.4,281.0,200.5,140.7,10.5,185.5,218.4,179.3,210.2,214.2,236.6,73.5,142.2,237.0,92.6,173.2,179.9,88.9,118.6,193.3
US,223.3,193.3,140.4,3.7,127.6,130.0,236.2,96.5,72.0,99.9,128.8,166.7,94.5,204.9,220.9,180.9,109.0,108.0,264.6,88.4,191.5,64.0,181.8,112.6,173.7,122.5,155.9,149.8,61.5,46.1,144.9,294.9,227.4,297.7,181.3,212.3,125.1,241.1,78.4,218.2,182.6,87.0,217.8,191.7,115.0,117.3,345.9,71.7,155.3,126.3,72.1,146.0,125.4,180.0,79.1,101.9,61.6,19.1,56.8,47.0,57.3,127.0,265.8,145.2,29.8,116.6,110.7,218.1,202.6,256.6,85.1,116.6,78.4,87.5,77.8,74.4,214.8,52.6,124.6,70.2,181.5,104.4,88.7,270.6,97.7,90.0,90.4,71.2,57.8,88.5,86.3,130.6,1841.3,132.4,101.0,72.7,67.1,131.8,49.8,150.8,72.2,97.9,104.0,115.2,138.9,101.7,104.5,36.6,149.9,0.0,69.6,182.4,101.9,98.1,140.9,94.1,78.3,33.5,111.6,317.2,171.6,126.4,120.0,126.1,107.7,39.8,63.3,200.8,85.1,94.7
UW,185.9,216.7,112.4,87.7,69.1,107.2,208.2,86.6,86.8,98.4,180.7,138.7,87.8,176.9,207.5,190.8,61.9,112.8,236.6,70.8,206.3,129.6,178.3,108.1,157.7,137.3,133.9,127.0,97.0,45.2,116.9,266.9,242.2,269.7,196.1,184.3,177.0,264.5,60.8,190.2,154.6,59.7,189.8,163.7,99.0,99.2,317.9,114.3,147.9,93.7,109.7,160.8,127.4,152.0,93.9,25.4,76.4,51.9,63.0,64.2,72.1,131.5,297.6,160.0,105.0,126.6,125.5,232.9,174.6,228.6,52.4,56.3,83.2,102.3,106.5,38.8,186.8,101.6,107.8,87.1,153.5,119.2,60.7,248.0,57.3,155.6,62.4,86.0,103.5,52.9,124.6,145.4,1856.1,147.2,73.0,55.9,81.9,103.8,76.9,132.7,26.2,80.3,108.8,96.2,139.5,114.1,113.0,51.4,137.2,69.6,0.0,197.2,116.7,80.5,112.9,146.0,142.9,95.5,126.4,289.2,195.0,98.4,43.5,167.8,90.1,122.4,96.1,172.8,26.6,109.5
UY,350.9,230.6,268.0,166.1,260.6,283.1,363.8,224.1,137.3,237.8,167.2,294.3,191.4,332.5,348.5,315.2,247.0,199.9,392.2,237.7,187.4,194.3,309.4,240.2,301.3,175.8,283.5,278.8,138.5,173.7,272.5,422.5,44.9,425.3,315.6,339.9,174.4,278.4,225.8,345.8,310.2,214.6,345.4,319.3,242.6,248.6,473.5,157.0,282.9,253.9,217.7,161.5,263.3,307.6,132.4,222.7,110.2,164.7,191.1,148.9,159.2,145.4,400.1,173.9,184.9,155.8,139.4,35.6,330.2,384.2,212.7,243.7,170.3,165.0,126.3,212.4,342.4,215.1,252.2,129.8,309.1,100.3,216.3,398.2,224.8,205.3,218.0,136.5,170.6,226.5,143.1,183.9,1837.2,128.3,228.6,200.3,144.6,259.4,144.0,282.1,199.8,247.2,195.9,242.8,153.4,155.0,113.4,135.0,277.5,162.4,197.2,0.0,179.4,229.4,268.5,196.6,143.1,175.0,107.1,444.8,208.9,254.0,240.8,161.7,251.7,202.3,208.9,328.4,220.8,123.4
VJ,280.9,106.1,207.4,105.5,169.6,222.5,303.2,166.5,68.9,58.3,161.4,233.7,34.6,271.9,287.9,269.1,174.9,44.1,331.6,181.1,123.2,118.9,237.7,185.7,240.7,45.3,228.0,218.2,59.9,123.5,211.9,361.9,224.3,364.7,269.5,279.3,142.3,153.9,171.1,289.8,249.6,153.0,284.8,258.7,182.0,188.0,412.9,78.4,222.3,171.3,54.5,97.3,83.8,247.0,76.0,120.9,58.5,100.1,141.3,80.8,70.9,64.2,354.0,74.1,133.1,53.8,80.1,215.0,269.6,323.6,152.1,119.0,59.7,13.7,101.9,151.8,281.8,145.3,105.8,51.2,248.5,101.3,155.7,337.6,100.1,126.7,157.4,68.1,116.2,165.9,111.0,53.4,1773.0,67.8,168.0,90.3,33.9,198.8,95.9,221.5,139.2,190.6,49.3,191.2,76.1,56.0,101.6,74.4,197.6,101.8,144.5,179.3,0.0,168.8,208.1,137.8,103.0,129.2,108.5,384.2,84.4,193.4,102.7,142.2,200.4,150.5,65.5,267.8,127.1,91.6
VV,180.9,265.6,115.5,97.0,92.5,45.1,215.6,76.5,140.6,157.9,150.0,145.6,141.0,156.1,157.4,160.0,57.8,168.3,237.4,20.7,260.1,107.5,161.2,99.0,100.7,191.1,110.9,64.9,134.2,86.4,86.4,250.9,296.0,253.7,159.9,191.2,146.3,313.4,28.8,197.6,129.4,48.4,176.7,145.6,48.9,19.6,325.3,136.7,97.8,112.7,177.7,214.1,186.4,129.0,147.7,106.9,129.7,120.8,70.5,118.0,125.9,185.3,244.4,212.2,89.6,180.4,179.3,286.7,144.3,229.4,16.6,99.6,137.0,156.1,153.0,54.0,148.0,99.8,167.4,144.1,160.9,173.0,67.1,225.4,120.9,133.5,69.8,139.8,120.7,43.7,152.0,199.2,1909.9,201.0,80.4,115.5,135.9,72.8,123.2,52.6,55.2,29.7,162.1,64.7,193.3,167.9,177.9,105.2,128.8,100.7,81.5,251.0,170.5,0.0,120.3,115.8,152.2,107.4,179.7,258.9,243.9,99.8,125.0,166.8,40.0,101.8,164.1,133.6,90.8,162.8
VY,118.9,267.3,18.0,146.6,109.2,130.9,131.8,62.0,160.1,159.6,209.7,62.3,190.4,100.9,104.0,124.2,133.8,186.1,160.2,99.1,279.6,200.7,70.1,47.3,126.7,210.6,33.5,89.3,169.1,122.6,67.8,195.7,315.5,198.5,124.6,107.9,206.0,315.1,109.1,113.8,76.0,85.9,121.5,92.7,110.9,135.1,241.5,197.7,43.8,61.0,178.2,234.1,188.6,57.6,167.2,120.4,149.7,125.2,140.0,135.1,145.4,204.8,221.2,233.3,165.4,199.9,198.8,306.2,88.6,152.2,115.4,125.7,156.5,175.6,181.1,130.1,92.8,182.7,181.1,160.4,77.1,192.5,74.2,172.0,147.0,210.1,40.1,159.3,176.8,152.2,211.2,218.7,1822.7,220.5,29.2,129.2,155.2,91.8,150.2,112.3,117.5,112.1,182.1,73.9,212.8,189.8,192.8,124.7,8.9,142.9,94.9,270.5,190.0,130.7,0.0,175.0,207.9,168.8,199.7,203.7,245.6,63.0,138.5,226.5,82.1,162.7,169.4,78.4,121.6,182.8
WG,331.6,202.7,258.1,144.9,250.7,195.8,353.9,214.2,127.4,191.4,34.6,284.4,172.6,306.8,326.9,185.1,168.5,177.2,382.3,190.2,160.9,86.6,299.5,230.3,253.9,159.7,273.6,215.6,114.1,161.6,254.1,401.6,214.8,404.4,185.5,330.0,46.4,250.5,180.2,335.9,298.9,204.7,327.4,309.4,218.4,187.8,463.6,98.7,267.3,244.0,187.6,130.4,216.9,281.5,123.5,212.8,100.3,168.7,154.9,149.5,159.8,112.0,270.0,144.1,139.3,122.4,111.5,205.5,294.5,374.3,202.9,233.8,170.9,161.5,97.9,176.2,298.7,161.9,238.9,119.9,299.2,73.8,206.4,388.8,214.9,94.4,208.1,126.6,121.4,174.4,81.1,153.2,1810.7,101.8,218.7,190.9,141.1,242.3,134.1,221.3,185.3,199.7,182.4,234.7,99.6,144.9,74.1,125.1,267.6,148.6,187.3,169.8,175.9,199.4,258.6,0.0,62.2,138.3,108.3,409.6,181.0,244.1,235.8,51.4,209.5,123.6,198.6,284.3,210.9,95.5
WJ,283.6,154.7,210.1,82.6,202.7,180.0,305.9,166.2,79.4,168.1,58.3,236.4,112.6,266.5,264.6,220.4,137.0,138.2,334.3,127.9,141.2,83.7,251.5,182.3,214.8,105.7,218.1,194.5,51.8,113.6,193.6,364.6,198.2,367.4,220.3,282.0,56.5,202.5,117.9,287.9,236.6,156.7,285.9,253.3,156.1,156.8,415.6,43.2,205.0,196.0,163.3,110.7,193.6,236.2,62.3,174.8,52.3,105.5,92.6,89.6,97.5,69.5,305.3,96.4,87.3,79.9,63.5,188.9,256.6,326.3,142.3,183.7,108.6,99.2,36.7,113.9,271.4,92.1,192.2,61.7,251.2,54.1,158.4,332.6,164.8,91.5,160.1,78.6,63.0,128.0,25.2,113.8,1791.0,82.1,170.7,140.8,78.8,180.0,75.0,190.3,123.0,137.4,134.2,172.4,77.5,82.5,26.1,77.1,219.6,86.3,149.3,153.2,113.6,137.6,210.6,78.7,0.0,76.0,51.8,382.3,133.0,196.1,192.9,52.8,147.2,97.3,149.7,257.0,171.5,47.5
WK,256.4,221.3,173.5,48.3,166.1,145.7,269.3,129.6,291.0,140.8,198.3,199.8,105.5,232.2,230.3,186.1,114.2,101.2,297.7,93.6,207.8,69.7,214.9,145.7,180.5,135.0,177.8,160.2,49.7,79.2,157.5,328.0,247.2,330.8,186.5,245.4,168.7,269.1,83.6,251.3,202.3,120.1,250.9,219.0,121.8,122.5,379.0,59.9,170.7,159.4,124.2,373.8,166.3,201.9,91.6,140.5,87.4,72.1,62.0,50.2,60.5,134.7,271.0,164.6,53.0,124.3,130.1,237.9,222.3,289.7,108.0,149.2,71.6,95.9,66.0,79.6,237.1,172.7,157.7,58.4,214.6,120.7,121.8,298.3,130.3,134.8,123.5,290.2,46.0,93.7,74.5,143.1,1857.6,148.7,134.1,105.8,75.5,145.7,38.0,156.0,88.7,103.1,97.2,147.8,144.1,114.2,92.7,54.3,183.0,52.0,115.0,202.2,110.3,103.3,174.0,115.7,66.5,0.0,298.1,348.0,199.6,159.5,158.6,118.3,112.9,63.0,115.4,222.7,136.3,114.1
WT,273.6,162.7,200.1,98.2,192.7,215.2,295.9,156.2,301.0,169.6,103.4,226.4,107.0,264.6,280.6,247.3,167.6,132.0,324.3,169.8,139.1,126.4,241.5,172.3,233.4,107.9,221.6,210.9,70.6,105.8,204.6,354.6,175.0,357.4,247.2,272.0,130.3,210.5,157.9,277.9,242.3,146.7,277.5,251.4,174.7,180.7,405.6,89.1,215.0,186.0,154.6,75.6,195.1,239.7,64.5,154.8,42.3,96.8,119.5,81.0,91.3,75.2,332.2,104.4,124.4,85.6,71.5,165.7,262.3,316.3,144.8,175.8,102.4,97.1,57.1,144.5,274.5,295.6,184.3,61.9,241.2,52.0,148.4,330.3,156.9,210.5,150.1,300.2,102.7,158.6,75.2,116.0,1788.9,80.0,160.7,132.9,76.7,191.5,76.1,214.2,131.9,179.3,128.0,183.9,62.8,84.7,45.5,67.1,209.6,94.5,129.3,130.0,111.5,161.5,200.6,128.7,55.5,306.4,0.0,376.9,141.0,186.1,172.9,77.8,183.8,134.4,141.0,260.5,152.9,55.5
XE,81.8,437.1,176.1,258.8,283.0,226.9,74.6,233.0,335.8,315.9,269.0,149.3,348.1,130.1,127.9,185.1,193.1,346.3,46.2,231.6,395.3,260.0,170.3,227.6,186.0,356.3,160.6,192.5,275.5,237.8,183.3,49.8,476.4,52.6,185.5,84.6,265.3,484.9,241.6,103.8,141.1,262.1,112.3,122.0,195.7,194.4,82.2,257.0,191.7,241.3,334.7,364.8,344.9,164.3,312.9,291.7,308.7,281.7,218.4,295.3,305.6,346.4,139.4,378.5,240.0,345.6,345.9,467.1,140.0,54.2,230.8,304.1,316.7,321.7,287.3,227.3,108.8,279.0,324.0,284.2,125.3,308.2,223.6,75.7,296.6,269.4,220.9,335.0,255.2,213.2,270.5,364.4,1784.0,336.2,210.0,272.1,301.3,186.9,283.1,171.6,239.9,244.6,342.3,203.5,334.0,335.5,308.5,299.4,207.4,262.5,266.2,431.4,336.1,213.6,198.4,234.3,296.6,287.2,342.7,0.0,415.4,201.8,309.8,285.8,214.5,222.0,325.9,123.3,292.6,329.9
XX,354.4,21.6,260.7,168.1,199.8,277.0,367.3,201.0,140.8,92.8,152.7,293.2,110.3,331.4,346.7,303.6,250.5,80.2,395.7,241.2,94.0,202.4,272.2,220.2,295.2,61.1,276.2,274.9,137.6,162.1,270.8,426.0,239.6,428.8,304.0,343.4,184.5,69.4,229.3,324.3,313.7,187.5,339.3,318.2,236.5,252.1,477.0,156.1,286.4,205.8,92.9,88.4,118.3,300.3,112.3,155.4,113.7,144.1,179.5,133.7,120.8,80.9,388.5,27.5,194.3,91.3,55.0,230.3,331.3,387.7,216.2,161.2,108.4,91.4,137.9,215.9,335.5,220.8,140.3,128.9,303.0,116.6,210.2,401.7,151.4,210.2,221.5,140.0,172.4,230.0,153.9,54.6,1743.8,58.9,232.1,125.3,111.8,262.2,145.8,285.6,203.3,255.7,83.8,245.6,68.9,89.7,98.9,138.5,232.1,164.4,180.9,194.6,77.6,232.9,242.6,207.4,128.6,178.5,123.8,439.5,0.0,252.3,137.2,147.2,245.6,204.3,100.0,321.1,181.5,71.0
YE,137.7,281.6,54.8,145.9,112.3,99.9,150.6,68.3,166.4,173.9,193.8,81.1,196.7,111.1,109.2,147.4,117.9,192.4,179.0,67.7,285.9,184.8,96.2,66.6,91.1,216.9,56.7,58.3,184.3,130.1,18.4,205.9,321.8,208.7,147.8,126.7,190.1,329.4,77.7,132.6,81.2,92.2,130.5,97.9,79.5,114.6,260.3,181.8,49.6,80.3,184.5,240.4,202.9,85.4,173.5,126.7,156.0,131.5,143.2,141.4,151.7,211.1,240.0,239.6,163.2,206.2,205.1,312.5,98.8,171.0,84.0,133.7,162.8,181.9,200.6,115.0,103.0,159.8,187.4,193.0,95.9,198.8,77.7,177.2,155.0,194.2,46.4,165.6,180.0,121.2,195.3,225.0,1907.9,226.8,35.5,135.5,161.5,60.4,172.6,96.4,104.1,80.7,188.4,42.5,219.1,196.1,192.6,131.0,75.3,149.6,101.2,276.8,196.3,99.3,55.3,159.1,201.1,156.3,206.0,213.9,259.9,0.0,159.2,210.6,50.7,146.8,175.7,88.6,130.7,189.1
YG,239.0,162.5,167.8,124.4,86.7,150.9,251.9,97.3,130.5,54.8,207.7,182.4,78.4,220.6,251.2,226.9,117.1,92.1,280.3,114.5,179.6,173.3,179.3,121.3,191.5,129.8,183.3,170.7,139.5,85.4,160.6,310.6,285.9,313.4,227.3,228.0,204.0,210.3,104.5,231.4,198.3,75.5,246.4,207.4,132.8,141.1,361.6,158.0,191.6,106.9,74.0,181.8,83.8,207.4,137.6,18.1,120.1,96.5,102.8,105.5,111.3,148.2,341.3,160.2,150.6,137.8,164.1,276.6,218.3,272.3,105.2,33.1,99.6,116.2,151.5,82.5,242.6,145.3,80.6,130.8,210.1,162.9,106.5,286.3,14.1,199.3,106.1,129.7,147.2,96.6,168.3,137.9,1826.6,152.3,116.7,62.3,125.6,147.5,120.6,174.6,69.9,124.0,88.1,130.9,160.1,140.5,163.2,95.1,139.2,120.7,43.6,240.9,105.1,121.9,149.7,173.0,186.6,139.2,170.1,346.6,140.8,142.1,0.0,211.5,133.8,160.6,65.2,228.2,44.2,153.2
YS,323.8,187.2,240.9,130.7,233.5,168.4,336.7,197.0,110.2,172.8,27.5,267.2,154.0,279.4,315.5,233.1,152.6,160.2,365.1,179.7,142.3,59.2,282.3,213.1,226.5,139.5,255.9,188.2,91.1,146.6,240.0,374.2,196.2,377.0,233.5,312.8,59.3,235.0,169.7,318.7,275.2,187.5,300.0,291.3,197.1,160.4,446.4,72.6,256.8,226.8,172.9,111.8,198.3,254.1,96.1,195.6,83.1,137.6,127.9,134.1,144.4,93.4,318.0,125.5,104.5,103.8,102.1,186.9,267.1,357.1,185.6,216.6,155.5,137.3,70.5,161.1,271.3,134.5,220.3,99.8,282.0,55.2,189.2,371.1,197.7,67.0,190.9,109.4,94.0,147.0,53.7,134.6,1792.1,83.2,201.5,173.2,116.9,217.6,116.9,193.9,172.7,189.2,163.8,215.7,81.0,118.7,64.7,107.9,250.4,134.4,170.1,151.2,151.7,178.1,241.4,71.7,52.8,127.8,74.1,382.2,165.5,226.9,217.2,0.0,199.0,96.2,180.0,256.9,193.7,86.1
ZA,141.3,259.1,75.4,95.1,86.3,69.2,194.0,36.3,152.4,151.4,180.4,117.8,160.0,119.2,117.3,143.7,87.3,185.0,197.3,16.9,271.9,153.5,138.8,58.9,66.9,202.9,64.8,52.1,132.3,82.0,44.5,227.0,307.8,229.8,144.1,170.1,176.7,306.9,26.9,176.0,89.3,64.5,138.6,106.0,28.7,67.7,303.7,145.0,57.7,72.6,175.8,226.4,180.4,88.9,159.5,105.1,142.0,118.0,85.9,136.4,144.3,197.1,259.2,224.0,112.4,192.2,191.1,298.5,109.3,189.3,33.2,107.4,155.4,179.7,149.8,64.2,124.1,109.0,165.5,142.2,136.0,184.8,26.9,185.3,128.7,175.1,48.2,151.6,129.8,78.3,158.3,211.0,1863.9,212.8,58.8,113.6,159.5,32.7,121.8,83.0,53.3,29.9,181.0,25.1,205.1,179.7,176.5,117.0,106.7,98.8,79.6,262.8,194.1,48.5,97.7,145.7,150.3,105.5,192.0,235.0,237.4,59.7,123.2,197.2,0.0,129.8,162.2,109.7,104.7,175.1
ZB,254.4,233.8,180.9,36.7,168.1,92.4,276.7,137.0,112.5,140.4,88.9,207.2,119.6,203.4,239.5,157.1,65.1,144.6,305.1,100.0,215.2,46.4,222.3,153.1,150.5,176.2,179.9,112.2,91.9,82.5,162.2,298.2,267.9,301.0,157.5,252.8,85.2,281.6,90.0,258.7,199.2,127.5,224.0,215.3,121.1,84.4,386.4,75.6,177.1,166.8,117.4,184.7,165.9,178.1,132.8,142.4,102.1,59.6,64.7,96.0,103.9,166.3,242.0,198.7,17.9,157.1,165.8,258.6,191.1,297.1,114.4,157.1,115.0,139.3,107.2,81.3,195.3,58.5,157.5,101.8,222.0,128.1,129.2,304.7,138.2,72.4,130.9,111.7,59.6,71.0,90.4,184.3,1865.0,156.1,141.5,105.6,118.9,141.6,81.4,117.9,95.1,109.5,140.6,144.5,153.9,153.0,128.4,77.1,190.4,40.4,121.4,222.9,153.7,102.6,181.4,54.2,109.9,65.1,162.6,306.2,212.1,166.9,160.5,105.7,119.3,0.0,103.8,180.9,125.6,149.8
ZF,270.8,129.9,187.9,68.0,130.4,194.4,283.7,142.6,99.5,36.5,193.2,214.2,36.3,252.4,268.4,231.2,173.4,50.0,312.1,152.8,147.0,128.4,215.9,163.9,221.2,87.7,203.4,198.7,120.3,89.7,192.4,342.4,254.9,345.2,231.6,259.8,189.5,177.7,142.8,268.0,230.1,120.8,265.3,239.2,162.5,181.7,393.4,136.1,202.8,149.5,8.7,139.7,62.0,227.5,106.6,81.4,89.1,42.9,107.1,74.5,71.7,109.8,316.1,118.1,94.2,99.4,124.3,245.6,250.1,304.1,132.6,78.4,59.3,74.1,120.5,138.8,262.3,117.0,84.0,111.6,229.0,131.9,136.2,318.1,59.5,154.4,137.9,98.7,122.2,152.9,150.7,95.8,1796.8,110.2,148.5,52.9,94.5,179.3,96.7,215.2,131.6,162.3,46.0,162.7,121.7,98.4,132.2,64.1,175.8,64.3,105.3,209.9,63.0,162.5,186.3,158.5,142.7,97.9,139.1,364.7,108.2,173.9,80.9,190.5,172.1,104.2,0.0,248.3,87.9,122.2
ZG,74.8,342.4,52.7,188.5,184.3,110.7,155.0,134.8,236.6,234.7,198.7,61.6,277.8,22.4,58.5,77.4,122.8,276.0,133.6,127.7,325.0,189.7,82.6,118.9,101.9,286.0,37.2,69.1,205.2,167.5,62.5,117.2,392.0,120.0,77.8,131.1,195.0,390.2,137.7,137.0,17.7,171.6,43.0,34.3,97.5,124.1,207.5,186.7,68.3,132.6,264.4,294.5,263.7,55.4,242.6,210.5,238.4,211.4,148.1,225.0,235.3,276.1,158.2,308.2,169.7,275.3,275.6,382.7,29.6,141.6,140.3,200.8,246.4,251.4,217.0,146.1,14.3,188.1,253.7,213.9,76.0,237.9,125.4,143.3,222.1,199.1,116.6,235.8,184.9,132.0,200.2,294.1,1871.3,265.9,105.7,201.8,231.0,78.2,212.8,101.3,158.7,140.7,272.0,94.8,263.7,265.2,238.2,201.2,84.0,192.2,185.0,347.0,265.8,123.1,75.0,164.0,226.3,216.3,272.4,125.2,320.7,81.0,226.3,215.5,110.7,151.7,255.6,0.0,202.7,259.6
ZH,218.9,188.8,139.1,99.4,42.4,124.6,231.8,59.9,123.5,81.1,189.5,172.6,108.5,210.8,221.9,210.4,110.1,104.2,260.2,87.7,205.9,142.2,151.6,81.4,154.1,141.5,154.6,133.8,136.9,67.2,140.1,290.5,278.9,293.3,210.8,207.9,185.8,236.6,75.8,213.8,186.4,33.0,213.4,197.6,95.4,98.6,341.5,155.4,162.3,67.0,86.3,166.9,110.1,178.7,130.6,16.0,113.1,74.3,84.6,98.5,86.3,123.2,321.2,173.6,125.6,112.8,139.1,269.6,206.4,252.2,62.7,46.9,74.6,101.4,144.5,75.5,213.9,122.0,89.2,128.2,177.1,155.9,69.1,266.2,47.9,168.2,95.0,122.7,137.9,89.6,161.3,149.6,1835.2,176.2,96.6,37.3,111.1,123.4,111.3,132.1,62.9,97.2,100.2,106.8,135.1,120.7,156.2,88.1,110.5,95.7,36.6,233.9,115.8,79.4,121.0,154.8,174.1,132.2,163.1,324.8,167.1,121.6,34.1,219.2,104.5,135.6,77.5,199.5,0.0,146.2
ZJ,273.9,107.1,200.4,98.5,189.6,215.5,296.2,156.5,69.7,121.0,81.6,226.7,103.8,264.9,280.9,247.6,167.9,106.8,324.6,170.1,130.1,131.3,241.8,172.6,233.7,79.9,215.9,211.2,70.9,102.0,204.9,354.9,168.5,357.7,247.5,272.3,113.4,154.9,158.2,278.2,242.6,147.0,277.8,251.7,175.0,181.0,405.9,100.8,215.3,214.2,117.2,61.7,146.5,240.0,55.0,163.9,42.6,120.1,119.8,100.8,90.9,21.9,332.5,48.8,117.3,32.3,15.9,159.2,262.6,316.6,140.4,176.3,99.2,82.4,57.4,144.8,274.8,149.7,168.5,62.2,241.5,45.5,148.7,330.6,157.4,139.1,150.4,68.9,103.0,158.9,82.8,82.8,1779.9,60.5,161.0,150.3,71.9,191.8,76.4,214.5,132.2,179.6,112.0,184.2,29.9,57.9,21.3,67.4,209.9,94.8,129.6,123.5,96.8,161.8,200.9,136.3,57.5,107.4,52.7,377.2,85.4,186.4,165.4,76.1,184.1,134.7,128.2,260.8,147.1,0.0
