from_stop,AB,AE,AH,AV,AW,AX,BK,BS,CA,CM,CN,CT,CX,CY,CZ,DA,DB,DC,DN,DW,EH,EK,EL,ET,FQ,FS,GL,GX,HA,HH,HM,HO,HQ,HU,IA,IG,IL,JA,JH,JP,JR,JT,KC,KG,KJ,KL,LB,LL,LP,LR,MC,MJ,MS,MT,NB,NE,NJ,NK,NP,NS,NT,NW,OB,OF,OV,PJ,PK,PN,PV,QB,QC,QD,QI,QM,QO,QQ,QR,QT,QW,RB,RJ,RV,RY,SB,SC,SM,TE,TF,TI,TR,TT,UA,UQ,UZ,VB,VC,VF,VI,VL,VR,WA,WC,WI,WM,WR,XC,XO,YF,YM,YV,ZA,ZK,ZN,ZP,ZR,ZS,ZU
AB,0.0,238.2,654.1,514.2,499.8,560.9,199.4,652.0,528.0,219.3,408.3,545.7,507.9,535.2,551.2,208.2,553.0,383.9,289.5,539.0,247.3,518.1,475.0,60.5,501.3,239.4,199.0,531.2,461.4,484.6,240.5,224.6,527.3,507.2,579.5,586.4,405.1,249.4,476.6,487.1,344.6,506.0,508.2,315.2,552.6,539.1,273.8,516.3,461.4,719.0,211.7,234.0,423.5,541.4,458.0,568.4,218.7,504.1,536.6,544.4,495.7,583.4,205.3,240.0,272.3,522.5,567.6,263.3,579.9,333.8,662.9,530.5,642.0,617.7,573.0,338.5,669.2,75.1,460.1,490.9,2156.5,417.7,617.8,621.2,524.2,366.6,502.0,227.2,157.4,487.7,722.0,328.1,381.7,604.4,448.6,385.7,490.0,493.3,616.4,528.6,579.2,265.9,496.8,535.0,368.3,515.4,318.9,642.4,292.5,522.3,615.3,667.1,130.0,492.7,587.4,676.4,436.7
AE,222.9,0.0,698.2,558.3,543.9,605.0,368.0,696.1,572.1,263.4,452.4,589.8,552.0,579.3,595.3,252.3,597.1,428.0,179.9,583.1,197.7,562.2,519.1,229.1,545.4,1.2,367.6,575.3,505.5,528.7,81.7,12.5,571.4,551.3,623.6,630.5,449.2,293.5,520.7,531.2,388.7,550.1,552.3,359.3,596.7,583.2,317.9,560.4,505.5,763.1,102.1,184.4,467.6,585.5,502.1,612.5,262.8,548.2,580.7,588.5,539.8,627.5,30.3,284.1,54.2,566.6,611.7,61.9,624.0,377.9,707.0,574.6,686.1,661.8,617.1,382.6,713.3,184.9,504.2,535.0,2200.6,461.8,661.9,665.3,568.3,410.7,546.1,117.6,107.8,531.8,766.1,372.2,425.8,648.5,492.7,429.8,534.1,537.4,660.5,572.7,623.3,216.3,540.9,579.1,412.4,559.5,363.0,686.5,336.6,566.4,659.4,711.2,298.6,536.8,631.5,720.5,480.8
AH,645.4,724.8,0.0,358.0,410.8,302.1,790.5,49.8,278.3,523.4,370.9,252.3,379.5,406.8,195.7,630.6,175.9,570.4,776.1,351.3,733.9,224.7,280.3,651.6,207.9,726.0,790.1,161.2,883.8,395.6,727.1,711.2,398.9,351.0,126.2,205.6,827.5,671.8,387.6,237.4,531.1,202.4,258.5,737.6,139.8,289.4,696.2,387.9,284.7,145.3,698.3,720.6,386.1,346.7,263.3,275.0,641.1,204.1,381.2,366.4,212.5,290.0,691.9,544.1,758.9,170.4,156.3,749.9,126.6,484.3,150.7,399.0,39.8,79.5,161.8,525.0,15.0,607.4,272.7,228.7,1774.7,343.9,368.5,159.1,368.0,553.1,373.6,713.8,644.0,346.9,67.8,750.5,426.4,219.6,871.0,808.1,912.4,352.5,78.4,278.9,125.9,752.5,222.8,957.4,554.8,180.1,505.4,11.9,479.0,181.5,77.1,37.6,721.1,364.3,169.7,22.2,859.1
AV,590.4,669.8,356.7,0.0,87.3,300.5,735.5,354.6,267.6,468.4,315.9,285.3,128.3,155.6,290.8,575.6,292.6,515.4,721.1,19.4,678.9,257.7,214.6,596.6,240.9,671.0,735.1,270.8,828.8,37.8,672.1,656.2,147.7,39.2,282.1,289.0,772.5,616.8,45.8,226.7,476.1,245.6,247.8,682.6,292.2,278.7,641.2,136.7,201.0,360.7,643.3,665.6,331.1,281.0,197.6,308.0,586.1,243.7,23.1,284.0,235.3,269.9,636.9,489.1,703.9,262.1,307.2,694.9,282.5,429.3,338.4,40.9,344.6,320.3,312.6,470.0,371.8,552.4,199.7,230.5,1894.6,157.3,307.8,360.8,56.2,498.1,122.4,658.8,589.0,227.3,424.6,695.5,371.4,243.5,816.0,753.1,857.4,232.9,311.8,268.2,281.8,697.5,236.4,902.4,499.8,255.0,450.4,345.0,424.0,261.9,317.9,369.7,666.1,113.1,285.6,379.0,804.1
AW,581.3,660.7,403.1,80.9,0.0,291.4,726.4,401.0,258.5,459.3,306.8,276.2,126.9,154.2,281.7,566.5,283.5,506.3,712.0,100.4,669.8,248.6,205.5,587.5,231.8,661.9,726.0,261.7,819.7,43.0,663.0,647.1,146.3,120.2,328.5,335.4,763.4,607.7,35.0,217.6,467.0,236.5,238.7,673.5,283.1,269.6,632.1,135.3,191.9,449.5,634.2,656.5,322.0,271.9,188.5,298.9,577.0,234.6,95.0,274.9,226.2,313.9,627.8,480.0,694.8,253.0,298.1,685.8,328.9,420.2,393.4,88.9,391.0,366.7,303.5,460.9,418.2,543.3,190.6,221.4,1904.5,148.2,348.3,351.7,137.2,489.0,121.0,649.7,579.9,218.2,471.0,686.4,362.3,289.9,806.9,744.0,848.3,223.8,346.9,259.1,328.2,688.4,227.3,893.3,490.7,245.9,441.3,391.4,414.9,252.8,364.3,416.1,657.0,111.7,317.9,425.4,795.0
AX,524.8,604.2,306.2,335.2,388.0,0.0,669.9,304.1,103.5,401.9,250.3,114.8,356.7,384.0,162.3,510.0,164.1,449.8,655.5,328.5,613.3,83.6,197.4,531.0,104.1,605.4,669.5,142.3,763.2,372.8,604.7,590.6,376.1,328.2,193.8,197.3,706.9,551.2,364.8,63.7,410.5,119.6,83.7,617.0,163.7,114.6,575.6,365.1,237.5,344.6,577.7,600.0,265.5,218.3,214.4,27.1,520.5,97.0,358.4,191.6,87.8,152.5,571.3,423.5,638.3,133.6,178.7,617.6,190.8,350.2,274.0,376.2,294.1,269.8,184.1,404.4,321.3,486.8,152.2,136.1,1784.9,223.3,193.7,232.3,345.2,432.5,350.8,593.2,523.4,187.0,372.1,629.9,305.8,215.3,750.4,687.5,791.8,182.2,224.6,104.1,190.1,631.9,140.3,836.8,434.2,126.5,384.8,294.5,358.4,153.1,267.4,319.2,600.5,341.5,197.3,328.5,738.5
BK,158.3,362.2,778.1,638.2,623.8,684.9,0.0,776.0,652.0,342.4,532.3,669.7,631.9,659.2,675.2,332.2,677.0,507.9,413.5,663.0,371.3,642.1,599.0,110.9,625.3,363.4,47.9,655.2,585.4,608.6,362.7,355.9,651.3,631.2,706.9,710.4,529.1,373.4,600.6,611.1,468.6,632.7,632.2,439.2,676.6,663.1,397.8,640.3,585.4,843.0,335.7,358.0,547.5,665.4,581.2,692.4,342.7,628.1,660.6,668.4,618.9,707.4,329.3,364.0,396.3,649.6,691.6,375.6,703.9,457.8,786.9,654.5,766.0,749.2,697.0,462.5,793.2,199.1,584.2,610.3,2280.5,541.7,741.8,745.2,648.2,490.6,626.0,351.2,281.4,611.7,844.0,452.1,505.7,728.4,572.6,509.7,614.0,617.3,745.7,652.6,703.2,389.9,614.5,659.0,492.3,639.4,442.9,766.4,416.5,646.3,739.3,791.1,61.6,616.7,710.2,800.4,560.7
BS,660.3,739.7,46.8,372.9,425.7,317.0,805.4,0.0,293.2,538.3,385.8,267.2,394.4,421.7,210.6,645.5,190.8,585.3,791.0,366.2,743.0,236.0,295.2,666.5,222.8,740.9,805.0,176.1,898.7,410.5,740.2,733.4,413.8,365.9,141.1,220.5,842.4,686.7,402.5,252.3,546.0,213.9,273.4,752.5,154.7,304.3,711.1,402.8,299.6,160.2,713.2,735.5,401.0,361.6,277.4,289.9,656.0,219.0,396.1,381.3,227.4,304.9,706.8,559.0,773.8,182.0,171.2,753.1,141.5,482.0,165.6,413.9,9.7,101.9,176.7,539.9,61.9,622.3,288.2,243.6,1789.6,358.8,383.4,174.0,382.9,568.0,388.5,728.7,658.9,361.8,112.7,765.4,441.3,234.5,885.9,823.0,927.3,367.4,89.4,293.8,140.8,767.4,244.0,972.3,569.7,195.0,520.3,35.1,493.9,196.4,92.0,59.8,736.0,379.2,185.8,69.1,874.0
CA,491.9,571.3,273.3,295.6,348.4,83.5,637.0,271.2,0.0,369.9,217.4,123.7,317.1,344.4,172.6,477.1,157.6,416.9,622.6,288.9,580.4,96.1,144.9,498.1,79.3,572.5,636.6,138.1,730.3,333.2,573.6,557.7,336.5,288.6,157.5,164.4,674.0,518.3,325.2,30.8,377.6,84.0,31.2,584.1,157.2,62.1,542.7,325.5,185.0,326.8,544.8,567.1,232.6,165.8,161.9,110.6,487.6,64.1,318.8,139.1,55.7,161.4,538.4,390.6,605.4,100.5,172.2,596.4,157.9,330.8,267.5,336.6,261.2,236.9,177.6,371.5,288.4,453.9,119.2,107.8,1752.0,190.4,141.2,214.5,305.6,399.6,311.2,560.3,490.5,134.5,341.2,597.0,272.9,182.4,717.5,654.6,758.9,129.7,191.7,0.5,157.2,599.0,113.7,803.9,401.3,93.4,351.9,261.6,325.5,120.2,234.5,286.3,567.6,301.9,165.4,295.6,705.6
CM,187.6,267.0,527.6,387.7,373.3,434.4,332.7,525.5,401.5,0.0,281.8,427.8,381.4,408.7,424.7,172.8,426.5,257.4,326.9,412.5,270.3,388.0,348.5,193.8,374.8,268.2,332.3,404.7,426.0,358.1,267.5,260.7,400.8,380.7,456.4,459.9,369.7,214.0,358.7,360.6,218.1,390.8,381.7,288.4,434.7,412.6,238.4,389.8,334.9,592.5,240.5,262.8,297.0,414.9,330.7,441.9,191.9,377.6,418.7,417.9,368.4,456.9,234.1,20.7,301.1,399.1,441.1,280.4,453.4,197.1,536.4,404.0,515.5,498.7,446.5,220.6,542.7,149.6,336.7,359.8,2121.1,291.2,491.3,494.7,397.7,240.1,375.5,256.0,186.2,361.2,593.5,292.7,255.2,477.9,413.2,358.9,454.6,366.8,495.2,402.1,452.7,294.7,364.0,499.6,241.8,388.9,192.4,515.9,174.6,395.8,488.8,540.6,271.9,374.8,468.3,549.9,401.3
CN,351.6,431.0,342.9,203.0,188.6,249.7,496.7,340.8,216.8,228.7,0.0,234.5,196.7,224.0,240.0,336.8,241.8,276.6,482.3,227.8,440.1,203.3,163.8,357.8,190.1,432.2,496.3,220.0,590.0,173.4,433.3,424.7,216.1,196.0,268.3,275.2,533.7,378.0,165.4,175.9,237.3,197.5,197.0,443.8,241.4,227.9,402.4,205.1,150.2,407.8,404.5,426.8,15.1,230.2,146.8,257.2,347.3,192.9,225.4,233.2,184.5,272.2,398.1,250.3,465.1,211.3,256.4,444.4,268.7,177.0,351.7,219.3,330.8,306.5,261.8,231.2,358.0,313.6,152.0,179.7,1862.8,106.5,306.6,310.0,213.0,259.3,190.8,420.0,350.2,176.5,408.8,456.7,132.6,293.2,577.2,514.3,618.6,182.1,305.2,217.4,268.0,458.7,179.3,663.6,261.0,204.2,211.6,331.2,185.2,211.1,304.1,355.9,427.3,181.5,275.0,365.2,565.3
CT,530.8,610.2,260.8,262.3,315.1,136.3,675.9,258.7,156.5,408.8,256.3,0.0,283.8,311.1,114.0,516.0,115.8,455.8,661.5,255.6,619.3,42.6,171.4,537.0,55.8,611.4,675.5,94.0,769.2,299.9,610.7,603.9,303.2,255.3,160.3,167.2,712.9,557.2,291.9,156.3,416.5,106.1,135.2,623.0,115.4,173.4,581.6,292.2,211.5,296.3,583.7,606.0,271.5,192.3,188.4,109.2,526.5,121.0,285.5,165.6,112.6,79.6,577.3,429.5,644.3,88.4,130.4,623.6,160.7,352.5,225.7,303.3,248.7,224.4,135.8,410.4,275.9,492.8,161.2,146.7,1754.8,229.3,167.7,184.0,272.3,438.5,277.9,599.2,529.4,161.0,326.7,635.9,311.8,185.2,756.4,693.5,797.8,156.2,184.5,157.1,160.0,637.9,146.3,842.8,440.2,78.2,390.8,249.1,364.4,157.0,222.0,273.8,606.5,268.6,149.0,283.1,744.5
CX,551.7,631.1,374.1,104.2,109.2,261.8,696.8,372.0,228.9,429.7,277.2,246.6,0.0,88.3,252.1,536.9,253.9,476.7,682.4,129.0,640.2,219.0,175.9,557.9,202.2,632.3,696.4,232.1,790.1,94.0,633.4,617.5,19.4,97.2,299.5,306.4,733.8,578.1,86.0,188.0,437.4,206.9,209.1,643.9,253.5,240.0,602.5,51.4,162.3,419.9,604.6,626.9,292.4,242.3,158.9,269.3,547.4,205.0,127.4,245.3,196.6,284.3,598.2,450.4,665.2,223.4,268.5,656.2,299.9,390.6,363.8,139.9,362.0,337.7,273.9,431.3,389.2,513.7,161.0,191.8,1874.9,118.6,318.7,322.1,114.2,459.4,37.1,620.1,550.3,188.6,442.0,656.8,332.7,260.9,777.3,714.4,818.7,194.2,317.3,229.5,299.2,658.8,197.7,863.7,461.1,216.3,411.7,362.4,385.3,223.2,335.3,387.1,627.4,27.8,288.3,396.4,765.4
CY,604.6,684.0,427.0,157.1,162.1,314.7,749.7,424.9,281.8,482.6,330.1,299.5,89.2,0.0,305.0,589.8,306.8,529.6,735.3,181.9,693.1,271.9,228.8,610.8,255.1,685.2,749.3,285.0,843.0,146.9,686.3,670.4,108.6,150.1,352.4,359.3,786.7,631.0,138.9,240.9,490.3,259.8,262.0,696.8,306.4,292.9,655.4,40.5,215.2,472.8,657.5,679.8,345.3,295.2,211.8,322.2,600.3,257.9,180.3,298.2,249.5,337.2,651.1,503.3,718.1,276.3,321.4,709.1,352.8,443.5,416.7,192.8,414.9,390.6,326.8,484.2,442.1,566.6,213.9,244.7,1927.8,171.5,371.6,375.0,167.1,512.3,51.9,673.0,603.2,241.5,494.9,709.7,385.6,313.8,830.2,767.3,871.6,247.1,370.2,282.4,352.1,711.7,250.6,916.6,514.0,269.2,464.6,415.3,438.2,276.1,388.2,440.0,680.3,59.3,341.2,449.3,818.3
CZ,514.1,593.5,191.2,341.4,294.7,170.8,659.2,189.1,193.6,392.1,239.6,121.0,302.8,330.1,0.0,499.3,46.2,439.1,644.8,334.7,602.6,89.8,142.1,520.3,76.6,594.7,658.8,24.4,752.5,279.5,594.0,587.2,322.2,334.4,170.5,179.7,696.2,540.5,271.5,152.7,399.8,89.4,173.8,606.3,45.8,204.7,564.9,311.2,146.5,226.7,567.0,589.3,254.8,208.5,124.3,143.7,509.8,104.3,364.6,244.7,95.1,158.7,560.6,412.8,627.6,35.8,60.8,606.9,167.5,353.0,156.1,325.4,179.1,162.3,66.2,393.7,206.3,476.1,144.5,130.0,1767.3,212.6,246.8,114.4,351.4,421.8,296.9,582.5,512.7,194.7,257.1,619.2,295.1,197.7,739.7,676.8,781.1,235.3,114.9,194.2,166.8,621.2,129.6,826.1,423.5,48.8,374.1,179.5,347.7,87.4,152.4,204.2,589.8,287.6,119.4,213.5,727.8
DA,225.9,305.3,628.4,488.5,474.1,535.2,371.0,626.3,502.3,193.6,382.6,520.0,482.2,509.5,525.5,0.0,527.3,358.2,356.6,513.3,314.4,492.4,449.3,232.1,475.6,306.5,370.6,505.5,325.5,458.9,307.6,291.7,501.6,481.5,553.8,560.7,269.2,89.9,450.9,461.4,318.9,480.3,482.5,179.3,526.9,513.4,137.9,490.6,435.7,693.3,278.8,301.1,397.8,515.7,432.3,542.7,59.2,478.4,510.9,518.7,470.0,557.7,272.4,214.3,339.4,496.8,541.9,330.4,554.2,308.1,637.2,504.8,616.3,592.0,547.3,312.8,643.5,187.9,434.4,465.2,1997.0,392.0,592.1,595.5,498.5,340.9,476.3,294.3,224.5,462.0,696.3,168.6,356.0,578.7,312.7,249.8,330.5,467.6,590.7,502.9,553.5,333.0,471.1,399.1,342.6,489.7,293.2,616.7,266.8,496.6,589.6,641.4,301.6,467.0,561.7,650.7,300.8
DB,514.8,594.2,170.3,342.1,295.4,171.5,659.9,168.2,177.5,392.8,240.3,121.7,303.5,330.8,65.1,500.0,0.0,439.8,645.5,335.4,603.3,94.1,142.8,521.0,77.3,595.4,659.5,30.6,753.2,280.2,596.5,580.6,322.9,335.1,146.2,180.4,696.9,541.2,272.2,136.6,400.5,87.4,157.7,607.0,24.9,188.6,565.6,311.9,147.2,205.8,567.7,590.0,255.5,209.2,125.8,144.4,510.5,103.3,365.3,245.4,96.6,159.4,561.3,413.5,628.3,39.8,39.9,619.3,146.6,353.7,135.2,326.1,158.2,133.9,45.3,394.4,185.4,476.8,142.1,130.7,1768.0,213.3,247.5,93.5,352.1,422.5,297.6,583.2,513.4,195.4,238.2,619.9,295.8,239.6,740.4,677.5,781.8,236.0,88.7,178.1,145.9,621.9,136.6,826.8,424.2,49.5,374.8,158.6,348.4,71.3,131.5,183.3,590.5,288.3,121.3,192.6,728.5
DC,353.3,432.7,575.1,435.2,420.8,481.9,498.4,573.0,449.0,231.3,329.3,466.7,428.9,456.2,472.2,338.5,474.0,0.0,484.0,460.0,441.8,439.1,396.0,359.5,422.3,433.9,498.0,452.2,591.7,405.6,435.0,419.1,448.3,428.2,500.5,507.4,535.4,379.7,397.6,408.1,112.5,427.0,429.2,445.5,473.6,460.1,404.1,437.3,382.4,640.0,406.2,428.5,344.5,462.4,379.0,489.4,349.0,425.1,457.6,465.4,416.7,504.4,399.8,252.0,466.8,443.5,488.6,457.8,500.9,175.2,583.9,451.5,563.0,538.7,494.0,43.1,590.2,315.3,381.1,411.9,2095.0,338.7,538.8,542.2,445.2,195.9,423.0,421.7,351.9,408.7,643.0,458.4,302.7,525.4,578.9,516.0,620.3,414.3,537.4,449.6,500.2,460.4,417.8,665.3,14.8,436.4,128.2,563.4,121.8,443.3,536.3,588.1,429.0,413.7,508.4,597.4,567.0
DN,290.9,176.6,766.2,626.3,611.9,673.0,436.0,764.1,640.1,330.5,520.4,657.8,620.0,647.3,663.3,320.3,665.1,496.0,0.0,651.1,265.7,626.6,587.1,297.1,613.4,177.8,435.6,643.3,573.5,596.7,141.5,170.3,639.4,619.3,691.6,698.5,517.2,361.5,588.7,599.2,456.7,620.8,620.3,427.3,664.7,651.2,385.9,628.4,573.5,831.1,70.4,252.4,535.6,653.5,569.3,680.5,330.8,616.2,648.7,656.5,607.0,695.5,143.7,352.1,175.1,634.6,679.7,154.4,692.0,432.4,775.0,642.6,754.1,729.8,685.1,450.6,781.3,252.9,572.3,603.0,2268.6,529.8,729.9,733.3,636.3,478.7,614.1,54.9,175.8,599.8,832.1,440.2,493.8,716.5,560.7,497.8,602.1,605.4,728.5,640.7,691.3,284.3,602.6,647.1,480.4,627.5,431.0,754.5,404.6,634.4,727.4,779.2,366.6,604.8,698.3,788.5,548.8
DW,606.9,686.3,350.0,19.4,106.8,317.0,752.0,347.9,284.1,484.9,332.4,301.8,133.1,160.4,307.3,592.1,309.1,531.9,737.6,0.0,689.6,274.2,231.1,613.1,257.4,687.5,751.6,287.3,845.3,57.3,688.6,672.7,152.5,44.0,275.4,282.3,789.0,633.3,65.3,243.2,492.6,264.8,264.3,699.1,308.7,295.2,657.7,141.5,217.5,354.0,659.8,682.1,347.6,297.5,213.3,324.5,602.6,260.2,42.6,300.5,251.8,263.2,653.4,505.6,720.4,281.7,323.7,699.7,275.8,457.8,331.7,60.4,337.9,321.1,329.1,486.5,365.1,568.9,216.3,242.4,1887.9,173.8,301.1,377.3,61.0,514.6,127.2,675.3,605.5,243.8,415.9,712.0,387.9,236.8,832.5,769.6,873.9,249.4,305.1,284.7,275.1,714.0,246.6,918.9,516.3,271.5,466.9,338.3,440.5,278.4,311.2,363.0,682.6,117.9,280.1,372.3,820.6
EH,246.0,191.7,721.3,581.4,567.0,622.3,385.3,713.4,595.2,285.6,475.5,612.9,575.1,602.4,618.4,275.4,620.2,451.1,243.0,600.4,0.0,581.7,542.2,252.2,568.5,192.9,390.7,592.6,528.6,551.8,192.2,185.4,594.5,574.4,650.1,653.6,472.3,316.6,538.0,554.3,411.8,570.1,575.4,376.6,619.8,606.3,341.0,583.5,528.6,786.2,165.2,13.2,490.7,608.6,524.4,635.6,280.1,571.3,603.8,611.6,562.1,650.6,158.8,307.2,225.8,592.8,634.8,205.1,641.3,390.8,730.1,597.7,709.2,692.4,640.2,405.7,736.4,208.0,530.4,553.5,2223.7,484.9,685.0,688.4,591.4,433.8,569.2,180.7,79.8,554.9,781.4,395.3,448.9,665.8,515.8,452.9,557.2,560.5,688.9,595.8,640.6,18.5,551.9,602.2,435.5,582.6,386.1,709.6,353.9,589.5,682.5,734.3,321.7,554.1,653.4,737.8,503.9
EK,491.7,571.1,221.7,247.9,300.7,97.2,633.2,216.0,142.1,368.8,217.2,27.5,269.4,296.7,74.9,476.9,76.7,416.7,618.8,241.2,574.4,0.0,157.0,497.9,16.7,572.3,636.4,51.3,730.1,285.5,571.6,564.8,288.8,240.9,124.6,128.1,673.8,518.1,281.1,141.9,377.4,67.0,120.8,580.3,72.7,159.0,542.5,277.8,200.7,257.2,544.6,563.3,232.4,177.9,174.8,70.1,483.8,81.9,274.7,151.2,72.7,65.2,538.2,386.8,605.2,49.3,91.3,584.5,121.6,313.4,186.6,288.9,209.6,192.8,96.7,371.3,236.8,453.7,122.1,103.0,1715.7,190.2,153.3,144.9,257.9,395.8,263.5,560.1,490.3,146.6,287.6,596.8,272.7,146.1,717.3,650.8,755.1,141.8,145.4,142.7,120.9,598.8,103.6,803.7,401.1,39.1,351.7,210.0,321.7,117.9,179.3,234.7,563.8,257.8,106.3,240.4,705.4
EL,453.6,533.0,232.7,300.5,234.2,139.5,598.7,230.6,106.6,331.6,179.1,124.3,322.0,349.3,129.8,438.8,131.6,378.6,584.3,293.8,542.1,96.7,0.0,459.8,79.9,534.2,598.3,109.8,692.0,219.0,535.3,519.4,341.4,293.5,158.1,165.0,635.7,480.0,211.0,65.7,339.3,84.6,86.8,545.8,131.2,117.7,504.4,330.4,40.0,320.3,506.5,528.8,194.3,66.3,16.9,147.0,449.3,82.7,323.7,90.8,74.3,162.0,500.1,352.3,567.1,101.1,146.2,558.1,158.5,292.5,241.5,341.5,220.6,196.3,151.6,333.2,247.8,415.6,96.0,51.5,1752.6,152.1,142.7,227.6,310.5,361.3,316.1,522.0,452.2,66.5,300.6,558.7,234.6,183.0,679.2,616.3,720.6,72.1,204.8,107.2,157.8,560.7,57.4,765.6,363.0,94.0,313.6,221.0,287.2,100.9,193.9,245.7,529.3,306.8,166.0,255.0,667.3
ET,47.3,251.2,667.1,527.2,512.8,573.9,138.8,665.0,541.0,232.3,421.3,558.7,520.9,548.2,564.2,221.2,566.0,396.9,302.5,552.0,260.3,531.1,488.0,0.0,514.3,252.4,138.4,544.2,474.4,497.6,253.5,237.6,540.3,520.2,592.5,599.4,418.1,262.4,489.6,500.1,357.6,519.0,521.2,328.2,565.6,552.1,286.8,529.3,474.4,732.0,224.7,247.0,436.5,554.4,471.0,581.4,231.7,517.1,549.6,557.4,508.7,596.4,218.3,253.0,285.3,535.5,580.6,276.3,592.9,346.8,675.9,543.5,655.0,630.7,586.0,351.5,682.2,88.1,473.1,503.9,2169.5,430.7,630.8,634.2,537.2,379.6,515.0,240.2,170.4,500.7,735.0,341.1,394.7,617.4,461.6,398.7,503.0,506.3,629.4,541.6,592.2,278.9,509.8,548.0,381.3,528.4,331.9,655.4,305.5,535.3,628.3,680.1,69.4,505.7,600.4,689.4,449.7
FQ,474.9,554.3,204.9,264.7,317.5,94.1,620.0,202.8,158.9,352.9,200.4,44.3,286.2,313.5,58.1,460.1,59.9,399.9,605.6,258.0,563.4,16.7,173.8,481.1,0.0,555.5,619.6,38.1,713.3,302.3,554.8,540.7,305.6,257.7,104.4,111.3,657.0,501.3,294.3,157.9,360.6,50.2,137.6,567.1,59.5,175.8,525.7,294.6,213.9,240.4,527.8,550.1,215.6,194.7,85.1,67.0,470.6,65.1,287.9,168.0,56.7,82.0,521.4,373.6,588.4,32.5,74.5,567.7,104.8,296.6,169.8,305.7,192.8,168.5,79.9,354.5,220.0,436.9,105.3,90.8,1698.9,173.4,170.1,128.1,274.7,382.6,280.3,543.3,473.5,163.4,270.8,580.0,255.9,129.3,700.5,637.6,741.9,158.6,128.6,159.5,104.1,582.0,90.4,786.9,384.3,22.3,334.9,193.2,308.5,101.1,166.1,217.9,550.6,271.0,93.1,227.2,688.6
FS,224.1,1.1,699.4,559.5,545.1,606.2,369.2,697.3,573.3,264.6,453.6,591.0,553.2,580.5,596.5,253.5,598.3,429.2,181.1,584.3,198.9,563.4,520.3,230.3,546.6,0.0,368.8,576.5,506.7,529.9,80.5,13.7,572.6,552.5,624.8,631.7,450.4,294.7,521.9,532.4,389.9,551.3,553.5,360.5,597.9,584.4,319.1,561.6,506.7,764.3,103.3,185.6,468.8,586.7,503.3,613.7,264.0,549.4,581.9,589.7,541.0,628.7,31.5,285.3,53.0,567.8,612.9,60.7,625.2,379.1,708.2,575.8,687.3,663.0,618.3,383.8,714.5,186.1,505.4,536.2,2201.8,463.0,663.1,666.5,569.5,411.9,547.3,118.8,109.0,533.0,767.3,373.4,427.0,649.7,493.9,431.0,535.3,538.6,661.7,573.9,624.5,217.5,542.1,580.3,413.6,560.7,364.2,687.7,337.8,567.6,660.6,712.4,299.8,538.0,632.7,721.7,482.0
GL,177.8,381.7,797.6,657.7,643.3,704.4,47.8,795.5,671.5,362.8,551.8,689.2,651.4,678.7,694.7,351.7,696.5,527.4,433.0,682.5,390.8,661.6,618.5,130.4,644.8,382.9,0.0,674.7,604.9,628.1,384.0,368.1,670.8,650.7,723.0,729.9,548.6,392.9,620.1,630.6,488.1,649.5,651.7,458.7,696.1,682.6,417.3,659.8,604.9,862.5,355.2,377.5,567.0,684.9,601.5,711.9,362.2,647.6,680.1,687.9,639.2,726.9,348.8,383.5,415.8,666.0,711.1,406.8,723.4,477.3,806.4,674.0,785.5,761.2,716.5,482.0,812.7,218.6,603.6,634.4,2300.0,561.2,761.3,764.7,667.7,510.1,645.5,370.7,300.9,631.2,865.5,471.6,525.2,747.9,592.1,529.2,633.5,636.8,759.9,672.1,722.7,409.4,640.3,678.5,511.8,658.9,462.4,785.9,436.0,665.8,758.8,810.6,81.1,636.2,730.9,819.9,580.2
GX,484.1,563.5,166.7,311.4,264.7,140.8,629.2,164.6,169.1,362.1,209.6,91.0,272.8,300.1,34.4,469.3,21.7,409.1,614.8,304.7,566.8,59.8,112.1,490.3,46.6,564.7,628.8,0.0,722.5,249.5,564.0,549.9,292.2,304.4,142.6,149.7,666.2,510.5,241.5,128.2,369.8,59.4,149.3,576.3,21.3,180.2,534.9,281.2,116.5,202.2,537.0,559.3,224.8,178.5,94.3,113.7,479.8,74.3,334.6,214.7,65.1,128.7,530.6,382.8,597.6,5.8,36.3,576.9,143.0,323.0,131.6,295.4,154.6,130.3,41.7,363.7,181.8,446.1,111.5,100.0,1737.3,182.6,216.8,89.9,321.4,391.8,266.9,552.5,482.7,164.7,232.6,589.2,265.1,167.7,709.7,646.8,751.1,205.3,85.1,169.7,142.3,591.2,99.6,796.1,393.5,18.8,344.1,155.0,317.7,62.9,127.9,179.7,559.8,257.6,89.4,189.0,697.8
HA,277.9,357.3,680.4,540.5,526.1,587.2,423.0,678.3,554.3,245.6,434.6,572.0,534.2,561.5,577.5,120.7,579.3,410.2,408.6,565.3,366.4,544.4,501.3,284.1,527.6,358.5,422.6,557.5,0.0,510.9,359.6,343.7,553.6,533.5,605.8,612.7,66.6,101.2,502.9,513.4,370.9,532.3,534.5,224.2,578.9,565.4,265.6,542.6,487.7,745.3,330.8,353.1,449.8,567.7,484.3,594.7,70.5,530.4,562.9,570.7,522.0,609.7,324.4,266.3,391.4,548.8,593.9,382.4,606.2,360.1,689.2,556.8,668.3,644.0,599.3,364.8,695.5,239.9,486.4,517.2,2008.3,444.0,644.1,647.5,550.5,392.9,528.3,346.3,276.5,514.0,748.3,179.9,408.0,630.7,23.1,153.7,18.4,519.6,642.7,554.9,605.5,385.0,523.1,88.6,394.6,541.7,345.2,668.7,318.8,548.6,641.6,693.4,353.6,519.0,613.7,702.7,102.7
HH,552.5,631.9,374.3,37.8,49.4,262.6,697.6,372.2,229.7,430.5,278.0,247.4,98.1,125.4,252.9,537.7,254.7,477.5,683.2,57.3,641.0,219.8,176.7,558.7,203.0,633.1,697.2,232.9,790.9,0.0,634.2,618.3,117.5,77.1,299.7,306.6,734.6,578.9,8.0,188.8,438.2,207.7,209.9,644.7,254.3,240.8,603.3,106.5,163.1,420.7,605.4,627.7,293.2,243.1,159.7,270.1,548.2,205.8,51.9,246.1,197.4,285.1,599.0,451.2,666.0,224.2,269.3,657.0,300.1,391.4,364.6,45.8,362.2,337.9,274.7,432.1,389.4,514.5,161.8,192.6,1875.7,119.4,319.5,322.9,94.1,460.2,92.2,620.9,551.1,189.4,442.2,657.6,333.5,261.1,778.1,715.2,819.5,195.0,318.1,230.3,299.4,659.6,198.5,864.5,461.9,217.1,412.5,362.6,386.1,224.0,335.5,387.3,628.2,82.9,289.1,396.6,766.2
HM,224.4,95.3,699.7,559.8,545.4,604.9,369.5,696.0,573.6,264.0,452.3,589.7,553.5,580.8,595.2,253.8,598.6,429.5,144.2,584.6,193.4,560.1,520.6,230.6,545.3,94.1,369.1,576.8,507.0,530.2,0.0,101.0,572.9,552.8,628.5,632.0,450.7,295.0,520.6,532.7,388.6,552.7,553.8,360.8,596.6,584.7,319.4,561.9,505.4,764.6,68.0,184.3,469.1,587.0,502.8,614.0,264.3,548.1,580.6,590.0,540.5,629.0,77.2,284.0,31.7,571.2,613.2,11.0,625.5,369.2,708.5,576.1,686.0,670.8,618.6,384.1,714.8,186.4,508.8,531.9,2202.1,463.3,663.4,666.8,569.8,410.6,547.6,83.5,109.3,533.3,765.6,373.7,427.3,648.4,494.2,429.7,534.0,538.9,667.3,574.2,624.8,217.8,534.5,580.6,413.9,561.0,364.5,688.0,336.5,567.9,659.3,712.7,298.5,536.7,630.2,720.4,482.3
HO,210.4,13.5,685.7,545.8,531.4,599.3,362.3,683.6,559.6,250.0,446.7,584.1,539.5,566.8,589.6,239.8,584.6,415.5,174.2,577.4,179.4,546.1,506.6,216.6,539.7,14.8,355.1,562.8,493.0,516.2,96.9,0.0,558.9,538.8,614.5,618.0,436.7,281.0,515.0,518.7,376.2,547.1,539.8,353.6,584.2,570.7,305.4,547.9,499.8,750.6,89.6,178.7,455.1,573.0,488.8,600.0,257.1,542.5,568.2,576.0,526.5,615.0,17.8,278.4,67.8,557.2,599.2,85.7,618.3,355.2,694.5,562.1,680.4,656.8,604.6,376.9,700.8,172.4,494.8,517.9,2188.1,449.3,649.4,652.8,555.8,405.0,533.6,105.1,95.3,519.3,751.6,359.7,413.3,642.8,480.2,424.1,528.4,524.9,653.3,560.2,617.6,203.8,522.1,566.6,399.9,547.0,350.5,674.0,330.9,553.9,653.7,698.7,292.9,531.1,624.6,714.8,468.3
HQ,566.2,645.6,388.6,118.7,123.7,276.3,711.3,386.5,243.4,444.2,291.7,261.1,14.5,102.8,266.6,551.4,268.4,491.2,696.9,143.5,654.7,233.5,190.4,572.4,216.7,646.8,710.9,246.6,804.6,108.5,647.9,632.0,0.0,111.7,314.0,320.9,748.3,592.6,100.5,202.5,451.9,221.4,223.6,658.4,268.0,254.5,617.0,65.9,176.8,434.4,619.1,641.4,306.9,256.8,173.4,283.8,561.9,219.5,141.9,259.8,211.1,298.8,612.7,464.9,679.7,237.9,283.0,670.7,314.4,405.1,378.3,154.4,376.5,352.2,288.4,445.8,403.7,528.2,175.5,206.3,1889.4,133.1,333.2,336.6,128.7,473.9,51.6,634.6,564.8,203.1,456.5,671.3,347.2,275.4,791.8,728.9,833.2,208.7,331.8,244.0,313.7,673.3,212.2,878.2,475.6,230.8,426.2,376.9,399.8,237.7,349.8,401.6,641.9,42.3,302.8,410.9,779.9
HU,575.3,654.7,329.9,39.4,126.8,285.4,720.4,327.8,252.5,453.3,300.8,270.2,101.5,128.8,275.7,560.5,277.5,500.3,706.0,64.2,663.8,242.6,199.5,581.5,225.8,655.9,720.0,255.7,813.7,77.3,657.0,641.1,120.9,0.0,255.3,262.2,757.4,601.7,85.3,211.6,461.0,230.5,232.7,667.5,277.1,263.6,626.1,109.9,185.9,333.9,628.2,650.5,316.0,265.9,182.5,292.9,571.0,228.6,62.6,268.9,220.2,243.1,621.8,474.0,688.8,247.0,292.1,679.8,255.7,414.2,311.6,80.4,317.8,293.5,297.5,454.9,345.0,537.3,184.6,215.4,1867.8,142.2,281.0,345.7,17.0,483.0,95.6,643.7,573.9,212.2,397.8,680.4,356.3,216.7,800.9,738.0,842.3,217.8,285.0,253.1,255.0,682.4,221.3,887.3,484.7,239.9,435.3,318.2,408.9,246.8,291.1,342.9,651.0,86.3,258.8,352.2,789.0
IA,543.2,622.6,105.5,292.3,345.1,217.9,688.3,103.4,185.7,420.3,272.1,168.1,313.8,341.1,144.4,528.4,146.2,468.2,673.9,289.0,625.9,136.9,171.2,549.4,123.7,623.8,687.9,127.8,781.6,329.9,623.1,616.3,333.2,285.3,0.0,139.9,725.3,569.6,321.9,144.8,432.3,121.9,165.9,635.4,122.0,196.8,594.0,322.2,179.0,109.5,596.1,618.4,283.9,237.6,153.4,190.8,538.9,136.8,315.5,273.2,124.2,237.4,589.7,441.9,656.7,118.8,138.5,636.0,0.4,364.9,87.2,333.3,96.8,76.6,144.0,426.2,120.6,505.2,173.6,154.5,1738.9,241.7,275.3,141.3,302.3,450.9,307.9,611.6,541.8,268.6,171.4,648.3,324.2,153.9,768.8,705.9,810.2,263.8,56.7,186.3,0.2,650.3,162.1,855.2,452.6,108.6,403.2,93.8,376.8,132.1,66.7,118.5,618.9,298.6,105.2,131.2,756.9
IG,604.7,684.1,123.6,371.8,385.3,279.4,749.8,121.5,247.2,482.7,330.2,229.6,393.3,420.6,205.9,589.9,207.7,529.7,735.4,365.1,693.2,202.0,232.7,610.9,185.2,685.3,749.4,185.9,843.1,370.1,686.4,670.5,412.7,364.8,49.0,0.0,786.8,631.1,362.1,206.3,490.4,177.3,227.4,696.9,140.1,258.3,655.5,401.7,237.1,127.6,657.6,679.9,345.4,299.1,215.7,252.3,600.4,194.9,395.0,323.6,186.5,267.3,651.2,503.4,718.2,177.2,156.6,709.2,49.4,443.6,105.3,412.8,111.5,87.2,162.1,484.3,138.7,566.7,232.0,220.6,1757.0,303.2,337.4,159.4,381.8,512.4,387.4,673.1,603.3,285.3,191.5,709.8,385.7,233.4,830.3,767.4,871.7,290.9,78.7,247.8,48.7,711.8,226.5,916.7,514.1,170.1,464.7,111.9,438.3,193.6,84.8,136.6,680.4,378.1,165.5,145.9,818.4
IL,334.2,413.6,736.7,596.8,582.4,643.5,479.3,734.6,610.6,301.9,490.9,628.3,590.5,617.8,633.8,177.0,635.6,466.5,464.9,621.6,422.7,600.7,557.6,340.4,583.9,414.8,478.9,613.8,56.2,567.2,415.9,400.0,609.9,589.8,662.1,669.0,0.0,157.5,559.2,569.7,427.2,588.6,590.8,157.5,635.2,621.7,198.9,598.9,544.0,801.6,387.1,409.4,506.1,624.0,540.6,651.0,126.8,586.7,619.2,627.0,578.3,666.0,380.7,322.6,447.7,605.1,650.2,438.7,662.5,416.4,745.5,613.1,724.6,700.3,655.6,421.1,751.8,296.2,542.7,573.5,2064.6,500.3,700.4,703.8,606.8,449.2,584.6,402.6,332.8,570.3,804.6,236.2,464.3,687.0,43.5,87.0,74.7,575.9,699.0,611.2,661.8,441.3,579.4,129.8,450.9,598.0,401.5,725.0,375.1,604.9,697.9,749.7,409.9,575.3,670.0,759.0,36.0
JA,272.1,351.5,674.6,534.7,520.3,581.4,417.2,672.5,548.5,239.8,428.8,566.2,528.4,555.7,571.7,114.9,573.5,404.4,402.8,559.5,360.6,538.6,495.5,278.3,521.8,352.7,416.8,551.7,371.7,505.1,353.8,337.9,547.8,527.7,600.0,606.9,315.4,0.0,497.1,507.6,365.1,526.5,528.7,225.5,573.1,559.6,184.1,536.8,481.9,739.5,325.0,347.3,444.0,561.9,478.5,588.9,40.7,524.6,557.1,564.9,516.2,603.9,318.6,260.5,385.6,543.0,588.1,376.6,600.4,354.3,683.4,551.0,662.5,638.2,593.5,359.0,689.7,234.1,480.6,511.4,1978.5,438.2,638.3,641.7,544.7,387.1,522.5,340.5,270.7,508.2,742.5,78.6,402.2,624.9,358.9,296.0,312.0,513.8,636.9,549.1,599.7,379.2,517.3,445.3,388.8,535.9,339.4,662.9,313.0,542.8,635.8,687.6,347.8,513.2,607.9,696.9,347.0
JH,544.5,623.9,366.3,45.8,41.4,254.6,689.6,364.2,221.7,421.6,270.0,239.4,90.1,117.4,244.9,529.7,246.7,469.5,675.2,65.3,633.0,208.2,168.7,550.7,195.0,625.1,689.2,224.9,782.9,8.0,624.4,617.6,109.5,85.1,291.7,298.6,726.6,570.9,0.0,180.8,430.2,202.4,201.9,636.7,246.3,232.8,595.3,98.5,155.1,412.7,597.4,619.7,285.2,235.1,150.9,262.1,540.2,197.8,59.9,238.1,188.6,277.1,591.0,443.2,658.0,216.2,261.3,637.3,292.1,369.9,356.6,53.8,354.2,337.4,266.7,424.1,381.4,506.5,153.9,184.6,1867.7,111.4,311.5,314.9,102.1,452.2,84.2,612.9,543.1,181.4,432.2,649.6,325.5,253.1,770.1,707.2,811.5,187.0,315.4,222.3,291.4,651.6,184.2,856.5,453.9,209.1,404.5,354.6,378.1,216.0,327.5,379.3,620.2,74.9,279.9,388.6,758.2
JP,461.0,540.4,242.4,285.4,241.6,73.7,606.1,240.3,40.8,339.0,186.5,92.8,306.9,334.2,141.7,446.2,126.7,386.0,591.7,278.7,549.5,65.2,134.7,467.2,48.4,541.6,605.7,107.2,699.4,226.4,542.7,526.8,326.3,278.4,126.6,133.5,643.1,487.4,218.4,0.0,346.7,53.1,21.0,553.2,126.3,51.9,511.8,315.3,174.8,295.9,513.9,536.2,201.7,155.6,151.7,100.8,456.7,33.2,308.6,128.9,24.8,130.5,507.5,359.7,574.5,69.6,141.3,565.5,127.0,299.9,236.6,326.4,230.3,206.0,146.7,340.6,257.5,423.0,88.3,76.9,1721.1,159.5,131.0,183.6,295.4,368.7,301.0,529.4,459.6,124.3,310.3,566.1,242.0,151.5,686.6,623.7,728.0,119.5,160.8,41.4,126.3,568.1,82.8,773.0,370.4,62.5,321.0,230.7,294.6,89.3,203.6,255.4,536.7,291.7,134.5,264.7,674.7
JR,319.6,399.0,541.4,401.5,387.1,448.2,464.7,539.3,415.3,196.7,295.6,433.0,395.2,422.5,438.5,304.8,440.3,98.1,450.3,426.3,408.1,401.8,362.3,325.8,388.6,400.2,464.3,418.5,558.0,371.9,401.3,392.7,414.6,394.5,466.8,473.7,501.7,346.0,363.9,374.4,0.0,396.0,395.5,411.8,439.9,426.4,370.4,403.6,348.7,606.3,372.5,394.8,310.8,428.7,344.5,455.7,315.3,391.4,423.9,431.7,382.2,470.7,366.1,218.3,433.1,409.8,454.9,412.4,467.2,153.5,550.2,417.8,529.3,512.5,460.3,52.7,556.5,281.6,347.4,378.2,2061.3,305.0,505.1,508.5,411.5,162.2,389.3,388.0,318.2,375.0,607.3,424.7,269.0,491.7,545.2,482.3,586.6,380.6,509.0,415.9,466.5,426.7,377.8,631.6,82.5,402.7,94.5,529.7,88.1,409.6,502.6,554.4,395.3,380.0,473.5,563.7,533.3
JT,456.4,535.8,195.5,251.4,237.0,131.8,601.5,193.4,98.9,333.5,181.9,98.6,245.1,272.4,88.4,441.6,73.4,381.4,587.1,276.2,544.9,67.4,84.4,462.6,54.2,537.0,601.1,53.9,694.8,221.8,536.3,529.5,264.5,244.4,171.4,139.3,638.5,482.8,213.8,58.0,342.1,0.0,79.1,548.6,73.0,110.0,507.2,253.5,88.8,249.0,509.3,531.6,197.1,150.8,66.6,121.3,452.1,46.6,273.8,175.3,37.4,136.3,502.9,355.1,569.9,59.8,88.0,549.2,171.8,295.3,183.3,267.7,183.4,166.6,93.4,336.0,210.6,418.4,83.8,67.7,1726.9,154.9,189.1,136.7,261.4,364.1,239.2,524.8,455.0,137.0,261.4,561.5,237.4,157.3,682.0,619.1,723.4,142.6,113.9,99.5,171.1,563.5,71.9,768.4,365.8,72.8,316.4,183.8,290.0,13.6,156.7,208.5,532.1,229.9,143.4,217.8,670.1
KC,482.1,561.5,263.5,264.3,317.1,73.7,627.2,261.4,21.2,360.1,207.6,113.9,285.8,313.1,162.8,467.3,147.8,407.1,612.8,257.6,570.6,86.3,113.6,488.3,69.5,562.7,626.8,128.3,720.5,301.9,563.8,547.9,305.2,257.3,147.7,154.6,664.2,508.5,293.9,21.0,367.8,74.2,0.0,574.3,147.4,30.8,532.9,294.2,153.7,317.0,535.0,557.3,222.8,134.5,130.6,100.8,477.8,54.3,287.5,107.8,45.9,151.6,528.6,380.8,595.6,90.7,162.4,586.6,148.1,321.0,257.7,305.3,251.4,227.1,167.8,361.7,278.6,444.1,109.4,98.0,1742.2,180.6,109.9,204.7,274.3,389.8,279.9,550.5,480.7,103.2,331.4,587.2,263.1,172.6,707.7,644.8,749.1,98.4,181.9,21.8,147.4,589.2,103.9,794.1,391.5,83.6,342.1,251.8,315.7,110.4,224.7,276.5,557.8,270.6,155.6,285.8,695.8
KG,332.5,411.9,735.0,595.1,580.7,641.8,477.6,732.9,608.9,299.3,489.2,626.6,588.8,616.1,632.1,198.9,633.9,464.8,463.2,619.9,421.0,595.4,555.9,338.7,582.2,413.1,477.2,612.1,213.8,565.5,412.4,405.6,608.2,588.1,660.4,667.3,157.5,240.1,557.5,568.0,425.5,589.6,589.1,0.0,633.5,620.0,41.4,597.2,542.3,799.9,385.4,407.7,504.4,622.3,538.9,649.3,209.4,585.0,617.5,625.3,576.6,664.3,379.0,320.9,446.0,603.4,648.5,425.3,660.8,401.2,743.8,611.4,722.9,706.1,653.9,419.4,750.1,294.5,544.1,571.8,2147.2,498.6,698.7,702.1,605.1,447.5,582.9,400.9,331.1,568.6,800.9,318.8,462.6,685.3,201.0,70.5,232.3,574.2,697.3,609.5,660.1,439.6,571.4,287.4,449.2,596.3,399.8,723.3,373.4,603.2,696.2,748.0,408.2,573.6,667.1,757.3,121.4
KJ,505.5,584.9,145.3,332.8,286.1,162.2,650.6,143.2,168.2,382.6,231.0,112.4,294.2,321.5,55.8,490.7,36.0,430.5,636.2,326.1,594.0,81.2,133.5,511.7,68.0,586.1,650.2,21.3,743.9,270.9,585.4,578.6,313.6,325.8,121.2,200.6,687.6,531.9,262.9,127.3,391.2,79.5,148.4,597.7,0.0,179.3,556.3,302.6,137.9,180.8,558.4,580.7,246.2,199.9,115.7,135.1,501.2,94.0,356.0,236.1,86.5,150.1,552.0,404.2,619.0,27.2,14.9,598.3,121.6,356.4,136.9,316.8,133.2,116.4,20.4,385.1,160.4,467.5,132.8,121.4,1758.7,204.0,238.2,68.5,342.8,413.2,288.3,573.9,504.1,186.1,211.2,610.6,286.5,214.6,731.1,668.2,772.5,226.7,69.0,168.8,120.9,612.6,121.0,817.5,414.9,40.2,365.5,133.6,339.1,62.0,106.5,158.3,581.2,279.0,110.8,167.6,719.2
KL,531.7,611.1,313.1,301.2,354.0,123.3,676.8,311.0,70.8,409.7,257.2,163.5,322.7,350.0,212.4,516.9,197.4,456.7,662.4,294.5,620.2,135.9,150.5,537.9,119.1,612.3,676.4,177.9,770.1,338.8,613.4,597.5,342.1,294.2,197.3,204.2,713.8,558.1,330.8,70.6,417.4,123.8,49.5,623.9,197.0,0.0,582.5,331.1,101.2,366.6,584.6,606.9,272.4,171.4,167.5,150.4,527.4,103.9,324.4,144.7,95.5,188.7,578.2,430.4,645.2,140.3,212.0,636.2,197.7,370.6,307.3,342.2,301.0,276.7,217.4,411.3,328.2,493.7,159.0,147.6,1791.8,230.2,146.8,254.3,311.2,439.4,316.8,600.1,530.3,140.1,381.0,636.8,312.7,222.2,757.3,694.4,798.7,135.3,231.5,71.4,197.0,638.8,153.5,843.7,441.1,133.2,391.7,301.4,365.3,160.0,274.3,326.1,607.4,307.5,205.2,335.4,745.4
LB,291.1,370.5,693.6,553.7,539.3,600.4,436.2,691.5,567.5,258.8,447.8,585.2,547.4,574.7,590.7,157.5,592.5,423.4,421.8,578.5,379.6,557.6,514.5,297.3,540.8,371.7,435.8,570.7,255.2,524.1,372.8,356.9,566.8,546.7,619.0,625.9,198.9,198.7,516.1,526.6,384.1,545.5,547.7,41.4,592.1,578.6,0.0,555.8,500.9,758.5,344.0,366.3,463.0,580.9,497.5,607.9,168.0,543.6,576.1,583.9,535.2,622.9,337.6,279.5,404.6,562.0,607.1,395.6,619.4,373.3,702.4,570.0,681.5,657.2,612.5,378.0,708.7,253.1,499.6,530.4,2105.8,457.2,657.3,660.7,563.7,406.1,541.5,359.5,289.7,527.2,761.5,277.4,421.2,643.9,242.4,111.9,273.7,532.8,655.9,568.1,618.7,398.2,536.3,328.8,407.8,554.9,358.4,681.9,332.0,561.8,654.8,706.6,366.8,532.2,626.9,715.9,162.8
LL,577.3,656.7,399.7,129.8,134.8,287.4,722.4,397.6,254.5,455.3,302.8,272.2,48.6,39.7,277.7,562.5,279.5,502.3,708.0,154.6,665.8,244.6,201.5,583.5,227.8,657.9,722.0,257.7,815.7,119.6,659.0,643.1,68.0,122.8,325.1,332.0,759.4,603.7,111.6,213.6,463.0,232.5,234.7,669.5,279.1,265.6,628.1,0.0,187.9,445.5,630.2,652.5,318.0,267.9,184.5,294.9,573.0,230.6,153.0,270.9,222.2,309.9,623.8,476.0,690.8,249.0,294.1,681.8,325.5,416.2,389.4,165.5,387.6,363.3,299.5,456.9,414.8,539.3,186.6,217.4,1900.5,144.2,344.3,347.7,139.8,485.0,11.3,645.7,575.9,214.2,467.6,682.4,358.3,286.5,802.9,740.0,844.3,219.8,342.9,255.1,324.8,684.4,223.3,889.3,486.7,241.9,437.3,388.0,410.9,248.8,360.9,412.7,653.0,18.8,313.9,422.0,791.0
LP,470.4,549.8,192.6,281.3,334.1,99.4,615.5,190.5,66.5,347.5,195.9,84.2,302.8,330.1,89.7,455.6,91.5,395.4,601.1,274.6,553.1,56.6,160.4,476.6,39.8,551.0,615.1,69.7,708.8,318.9,552.1,536.2,322.2,274.3,121.4,124.9,652.5,496.8,310.9,25.6,356.1,47.2,46.7,562.6,91.1,77.6,521.2,311.2,0.0,272.0,523.3,545.6,211.1,181.3,177.4,106.9,466.1,42.6,304.5,154.6,33.4,121.9,516.9,369.1,583.9,64.1,106.1,563.2,118.4,321.3,201.4,322.3,180.5,163.7,111.5,350.0,207.7,432.4,97.8,81.7,1712.5,168.9,156.7,159.7,291.3,378.1,296.9,538.8,469.0,150.0,258.5,575.5,251.4,142.9,696.0,633.1,737.4,145.2,160.2,67.1,117.7,577.5,85.9,782.4,379.8,53.9,330.4,180.9,304.0,60.8,153.8,205.6,546.1,287.6,124.7,214.9,684.1
LR,533.4,612.8,92.8,282.5,335.3,244.6,678.5,90.7,220.8,411.4,258.9,194.8,304.0,331.3,134.6,518.6,118.4,458.4,664.1,275.8,621.9,167.2,161.4,539.6,150.4,614.0,678.1,103.7,771.8,320.1,615.1,599.2,323.4,275.5,50.7,130.1,715.5,559.8,312.1,179.9,419.1,106.0,201.0,625.6,82.3,231.9,584.2,312.4,165.8,0.0,586.3,608.6,274.1,227.8,144.4,217.5,529.1,123.6,305.7,263.4,115.2,227.6,579.9,432.1,646.9,105.9,98.8,637.9,51.1,372.3,75.2,323.5,80.7,56.4,104.3,413.0,107.9,495.4,160.7,149.3,1731.7,231.9,265.5,101.6,292.5,441.1,298.1,601.8,532.0,258.8,160.7,638.5,314.4,144.1,759.0,696.1,800.4,254.0,20.9,221.4,50.4,640.5,155.2,845.4,442.8,98.8,393.4,81.1,367.0,122.3,54.0,105.8,609.1,288.8,94.2,115.1,747.1
MC,220.4,106.1,695.7,555.8,541.4,602.5,365.5,693.6,569.6,260.9,449.9,587.3,549.5,576.8,592.8,249.8,594.6,425.5,77.7,580.6,195.2,559.7,516.6,226.6,542.9,107.3,365.1,572.8,503.0,526.2,72.8,92.5,568.9,548.8,621.1,628.0,446.7,291.0,518.2,528.7,386.2,547.6,549.8,356.8,594.2,580.7,315.4,557.9,503.0,760.6,0.0,181.9,465.1,583.0,499.6,610.0,260.3,545.7,578.2,586.0,537.3,625.0,73.2,281.6,104.6,564.1,609.2,95.6,621.5,375.4,704.5,572.1,683.6,659.3,614.6,380.1,710.8,182.4,501.7,532.5,2198.1,459.3,659.4,662.8,565.8,408.2,543.6,15.4,105.3,529.3,763.6,369.7,423.3,646.0,490.2,427.3,531.6,534.9,658.0,570.2,620.8,213.8,538.4,576.6,409.9,557.0,360.5,684.0,334.1,563.9,656.9,708.7,296.1,534.3,629.0,718.0,478.3
MJ,232.7,178.4,708.0,568.1,553.7,614.8,377.8,705.9,581.9,272.3,462.2,599.6,561.8,589.1,605.1,262.1,606.9,437.8,229.7,592.9,13.2,568.4,528.9,238.9,555.2,179.6,377.4,585.1,515.3,538.5,178.9,172.1,581.2,561.1,633.4,640.3,459.0,303.3,530.5,541.0,398.5,562.6,562.1,369.1,606.5,593.0,327.7,570.2,515.3,772.9,151.9,0.0,477.4,595.3,511.1,622.3,272.6,558.0,590.5,598.3,548.8,637.3,145.5,293.9,212.5,576.4,621.5,191.8,633.8,400.1,716.8,584.4,695.9,679.1,626.9,392.4,723.1,194.7,514.6,544.8,2210.4,471.6,671.7,675.1,578.1,420.5,555.9,167.4,66.5,541.6,773.9,382.0,435.6,658.3,502.5,439.6,543.9,547.2,675.6,582.5,633.1,31.8,544.4,588.9,422.2,569.3,372.8,696.3,346.4,576.2,669.2,721.0,308.4,546.6,640.1,730.3,490.6
MS,366.8,446.2,358.1,218.2,203.8,264.9,511.9,356.0,232.0,244.8,15.1,249.7,211.9,239.2,255.2,352.0,257.0,291.8,497.5,243.0,455.3,222.1,179.0,373.0,205.3,447.4,511.5,235.2,605.2,188.6,448.5,432.6,231.3,211.2,283.5,290.4,548.9,393.2,180.6,191.1,252.5,210.0,212.2,459.0,256.6,243.1,417.6,220.3,165.4,423.0,419.7,442.0,0.0,245.4,162.0,272.4,362.5,208.1,240.6,248.4,199.7,287.4,413.3,265.5,480.3,226.5,271.6,471.3,283.9,205.7,366.9,234.5,346.0,321.7,277.0,246.4,373.2,328.8,164.1,194.9,1878.0,121.7,321.8,325.2,228.2,274.5,206.0,435.2,365.4,191.7,426.0,471.9,147.8,308.4,592.4,529.5,633.8,197.3,320.4,232.6,283.2,473.9,200.8,678.8,276.2,219.4,226.8,346.4,200.4,226.3,319.3,371.1,442.5,196.7,291.4,380.4,580.5
MT,497.9,577.3,277.0,319.3,278.5,183.8,643.0,274.9,150.9,375.9,223.4,168.6,340.8,368.1,174.1,483.1,175.9,422.9,628.6,312.6,586.4,141.0,44.2,504.1,124.2,578.5,642.6,154.1,736.3,263.3,579.6,563.7,360.2,312.3,202.4,209.3,680.0,524.3,255.3,110.0,383.6,128.9,131.1,590.1,175.5,162.0,548.7,349.2,84.3,364.6,550.8,573.1,238.6,0.0,61.2,191.3,493.6,127.0,342.5,109.6,118.6,206.3,544.4,396.6,611.4,145.4,190.5,602.4,202.8,336.8,285.8,360.3,264.9,240.6,195.9,377.5,292.1,459.9,126.0,95.8,1796.9,196.4,161.5,271.9,329.3,405.6,334.9,566.3,496.5,96.5,344.9,603.0,278.9,227.3,723.5,660.6,764.9,100.2,249.1,151.5,202.1,605.0,101.7,809.9,407.3,138.3,357.9,265.3,331.5,145.2,238.2,290.0,573.6,325.6,210.3,299.3,711.6
NB,436.6,516.0,215.7,304.4,217.2,121.7,580.9,212.8,89.6,313.7,161.3,106.5,225.3,252.6,112.8,421.8,114.6,361.6,566.5,296.9,519.3,76.1,16.9,442.8,62.1,517.2,581.3,92.0,675.0,202.0,516.5,509.7,244.7,297.4,144.5,148.0,618.7,463.0,193.2,48.7,321.5,69.5,69.8,528.8,114.2,100.7,487.4,233.7,22.2,303.3,489.5,511.0,177.3,83.3,0.0,130.0,432.3,65.7,326.8,107.8,56.5,145.0,483.1,334.5,550.1,87.2,129.2,528.6,140.7,258.3,224.5,247.9,202.8,186.8,134.6,315.4,230.8,398.6,67.0,29.9,1735.6,135.1,159.7,210.6,314.4,344.3,219.4,505.0,435.2,83.5,280.8,541.7,217.6,165.2,662.2,598.5,702.8,89.1,193.1,90.2,140.0,543.7,33.3,748.6,346.0,77.0,296.6,204.0,269.4,83.9,176.9,228.7,512.3,209.3,147.0,237.2,650.3
NE,551.9,631.3,282.0,308.1,360.9,27.1,697.0,279.9,130.6,429.9,277.4,87.7,329.6,356.9,135.2,537.1,137.0,476.9,682.6,301.4,640.4,60.1,217.2,558.1,77.0,632.5,696.6,115.2,790.3,345.7,633.6,617.7,349.0,301.1,181.5,188.4,734.0,578.3,337.7,90.8,437.6,124.6,110.8,644.1,136.6,141.7,602.7,338.0,257.3,317.5,604.8,627.1,292.6,238.1,234.2,0.0,547.6,124.1,331.3,211.4,115.7,125.4,598.4,450.6,665.4,106.5,151.6,656.4,181.9,390.8,246.9,349.1,269.9,245.6,157.0,431.5,297.1,513.9,179.2,167.8,1776.0,250.4,213.5,205.2,318.1,459.6,323.7,620.3,550.5,206.8,349.9,657.0,332.9,206.4,777.5,714.6,818.9,202.0,200.4,131.2,181.2,659.0,173.7,863.9,461.3,99.4,411.9,270.3,385.5,178.2,243.2,295.0,627.6,314.4,171.4,304.3,765.6
NJ,493.9,573.3,896.4,756.5,742.1,803.2,639.0,894.3,770.3,460.7,650.6,788.0,750.2,777.5,793.5,336.7,795.3,626.2,624.6,781.3,576.6,760.4,717.3,500.1,743.6,574.5,638.6,773.5,291.6,726.9,573.8,567.0,769.6,749.5,825.2,828.7,358.3,317.2,718.9,729.4,586.9,751.0,750.5,447.3,794.9,781.4,405.9,758.6,703.7,948.7,546.8,569.1,665.8,783.7,699.5,810.7,0.0,746.4,778.9,786.7,737.2,825.7,540.4,482.3,607.4,764.8,809.9,586.7,822.2,576.1,1024.0,772.8,884.3,867.5,815.3,580.8,911.5,455.9,705.5,728.6,1937.7,660.0,860.1,863.5,766.5,608.9,744.3,562.3,492.5,730.0,962.3,395.9,624.0,846.7,314.8,445.4,271.2,735.6,969.7,770.9,821.5,601.0,732.8,380.3,610.6,757.7,561.2,884.7,534.8,764.6,857.6,909.4,569.6,735.0,828.5,918.7,394.4
NK,449.6,529.0,209.1,244.6,230.2,107.0,594.7,207.0,74.1,326.7,175.1,109.8,238.3,265.6,108.4,434.8,93.4,374.6,580.3,312.0,538.1,82.2,77.6,455.8,65.4,530.2,594.3,73.9,688.0,215.0,529.5,522.7,257.7,237.6,185.0,150.5,631.7,476.0,207.0,33.2,335.3,73.5,54.3,541.8,93.0,85.2,500.4,246.7,82.0,262.6,502.5,524.8,190.3,188.9,60.6,134.1,445.3,0.0,267.0,162.2,9.1,147.5,496.1,348.3,563.1,83.1,108.0,542.4,185.4,288.5,203.3,260.9,197.0,180.2,113.4,329.2,224.2,411.6,76.9,65.5,1738.1,148.1,164.3,150.3,254.6,357.3,232.4,518.0,448.2,157.6,275.0,554.7,230.6,168.5,675.2,612.3,716.6,152.8,132.8,74.7,184.7,556.7,65.1,761.6,359.0,92.8,309.6,197.4,283.2,56.0,170.3,222.1,525.3,223.1,163.4,231.4,663.3
NP,593.5,672.9,388.9,32.1,90.4,303.6,738.6,386.8,270.7,470.6,319.0,288.4,139.1,166.4,293.9,578.7,295.7,518.5,724.2,51.6,682.0,257.2,217.7,599.7,244.0,674.1,738.2,273.9,831.9,40.9,673.4,666.6,158.5,71.4,314.3,321.2,775.6,619.9,48.9,229.8,479.2,251.4,250.9,685.7,295.3,281.8,644.3,147.5,204.1,392.9,646.4,668.7,334.2,284.1,200.7,311.1,589.2,246.8,0.0,287.1,237.6,326.1,640.0,492.2,707.0,265.2,310.3,686.3,314.7,432.4,370.6,17.7,376.8,352.5,315.7,473.1,404.0,555.5,202.8,233.6,1916.7,160.4,360.5,363.9,88.4,501.2,133.2,661.9,592.1,230.4,454.8,698.6,374.5,275.7,819.1,756.2,860.5,236.0,344.0,271.3,314.0,700.6,233.2,905.5,502.9,258.1,453.5,377.2,427.1,265.0,350.1,401.9,669.2,123.9,328.9,411.2,807.2
NS,529.1,608.5,355.0,296.5,349.3,203.4,674.2,352.9,150.9,407.1,254.6,195.9,318.0,345.3,248.0,514.3,249.8,454.1,659.8,289.8,617.6,173.0,112.6,535.3,189.8,609.7,673.8,228.0,767.5,334.1,610.8,594.9,337.4,289.5,280.4,287.3,711.2,555.5,326.1,150.7,414.8,197.3,129.6,621.3,249.4,167.8,579.9,326.4,152.7,397.3,582.0,604.3,269.8,133.5,129.6,230.5,524.8,184.0,319.7,0.0,175.6,184.0,575.6,427.8,642.6,219.3,264.4,633.6,280.8,368.0,359.7,337.5,342.9,318.6,269.8,408.7,370.1,491.1,138.4,164.2,1865.3,227.6,138.7,318.0,306.5,436.8,312.1,597.5,527.7,75.2,422.9,634.2,310.1,241.8,754.7,691.8,796.1,70.4,311.6,151.5,280.1,636.2,170.1,841.1,438.5,212.2,389.1,343.3,362.7,240.1,316.2,368.0,604.8,302.8,284.2,377.3,742.8
NT,441.2,520.6,217.5,236.2,221.8,97.8,585.5,215.4,65.7,318.3,165.9,100.6,229.9,257.2,116.8,426.4,101.8,366.2,571.1,302.8,523.9,70.2,69.2,447.4,56.2,521.8,585.9,83.1,679.6,206.6,521.1,514.3,249.3,229.2,138.6,142.1,623.3,467.6,197.8,24.8,326.1,81.9,45.9,532.6,101.4,76.8,492.0,238.3,72.8,271.0,494.1,515.6,181.9,180.5,51.4,125.7,436.1,9.1,257.8,153.8,0.0,139.1,487.7,339.1,554.7,88.2,116.4,533.2,134.8,262.9,211.7,252.5,205.4,188.6,121.8,320.8,232.6,403.2,71.6,52.5,1729.7,139.7,155.9,158.7,246.2,348.9,224.0,509.6,439.8,149.2,283.4,546.3,222.2,160.1,666.8,603.1,707.4,144.4,141.2,66.3,134.1,548.3,55.9,753.2,350.6,101.2,301.2,205.8,274.8,64.4,178.7,230.5,516.9,213.9,171.8,240.6,654.9
NW,557.5,636.9,287.5,239.4,292.2,163.0,702.6,285.4,133.6,435.5,283.0,88.6,260.9,288.2,140.7,542.7,142.5,482.5,688.2,232.7,646.0,65.7,148.5,563.7,82.5,638.1,702.2,120.7,795.9,277.0,639.2,623.3,280.3,232.4,187.0,193.9,739.6,583.9,269.0,133.4,443.2,130.1,112.3,649.7,142.1,150.5,608.3,269.3,188.6,323.0,610.4,632.7,298.2,169.4,165.5,135.9,553.2,166.7,262.6,142.7,158.3,0.0,604.0,456.2,671.0,112.0,157.1,662.0,187.4,396.4,252.4,280.4,275.4,251.1,162.5,437.1,302.6,519.5,205.9,200.1,1781.5,301.6,144.8,210.7,249.4,465.2,255.0,625.9,556.1,138.1,355.4,662.6,338.5,184.7,783.1,720.2,824.5,133.3,205.9,134.2,186.7,664.6,206.0,869.5,466.9,104.9,417.5,275.8,391.1,183.7,248.7,300.5,633.2,245.7,176.9,309.8,771.2
OB,192.6,32.8,667.9,528.0,513.6,574.7,337.7,665.8,541.8,233.1,422.1,559.5,521.7,549.0,565.0,222.0,566.8,397.7,149.6,552.8,167.4,531.9,488.8,198.8,515.1,34.1,337.3,545.0,475.2,498.4,100.6,19.2,541.1,521.0,593.3,600.2,418.9,263.2,490.4,500.9,358.4,519.8,522.0,329.0,566.4,552.9,287.6,530.1,475.2,732.8,71.8,154.1,437.3,555.2,471.8,582.2,232.5,517.9,550.4,558.2,509.5,597.2,0.0,253.8,87.1,536.3,581.4,94.8,593.7,347.6,676.7,544.3,655.8,631.5,586.8,352.3,683.0,154.6,473.9,504.7,2170.3,431.5,631.6,635.0,538.0,380.4,515.8,87.3,77.5,501.5,735.8,341.9,395.5,618.2,462.4,399.5,503.8,507.1,630.2,542.4,593.0,186.0,510.6,548.8,382.1,529.2,332.7,656.2,306.3,536.1,629.1,680.9,268.3,506.5,601.2,690.2,450.5
OF,208.3,287.7,548.3,408.4,394.0,455.1,353.4,546.2,422.2,49.5,302.5,439.9,402.1,429.4,445.4,193.5,447.2,278.1,339.0,433.2,296.8,408.7,369.2,214.5,395.5,288.9,353.0,425.4,446.7,378.8,288.2,281.4,421.5,401.4,473.7,480.6,390.4,234.7,370.8,381.3,238.8,402.9,402.4,300.5,446.8,433.3,259.1,410.5,355.6,613.2,261.2,283.5,317.7,435.6,352.2,462.6,204.0,398.3,430.8,438.6,389.9,477.6,254.8,0.0,321.8,416.7,461.8,301.1,474.1,240.4,557.1,424.7,536.2,519.4,467.2,232.7,563.4,170.3,354.4,385.1,2141.8,311.9,512.0,515.4,418.4,260.8,396.2,276.7,206.9,381.9,614.2,313.4,275.9,498.6,433.9,371.0,475.3,387.5,515.9,422.8,473.4,315.4,384.7,520.3,262.5,409.6,213.1,536.6,186.7,416.5,509.5,561.3,284.0,386.9,480.4,570.6,422.0
OV,251.9,63.5,727.2,587.3,572.9,634.0,397.0,725.1,601.1,292.4,481.4,618.8,581.0,608.3,624.3,281.3,626.1,457.0,173.3,612.1,226.7,591.2,548.1,258.1,574.4,62.3,396.6,604.3,534.5,557.7,27.5,76.0,600.4,580.3,652.6,659.5,478.2,322.5,549.7,560.2,417.7,579.1,581.3,388.3,625.7,612.2,346.9,589.4,534.5,792.1,95.5,213.4,496.6,614.5,531.1,641.5,291.8,577.2,609.7,617.5,568.8,656.5,93.8,313.1,0.0,595.6,640.7,7.7,653.0,406.9,736.0,603.6,715.1,690.8,646.1,411.6,742.3,213.9,533.2,564.0,2229.6,490.8,690.9,694.3,597.3,439.7,575.1,111.0,136.8,560.8,795.1,401.2,454.8,677.5,521.7,458.8,563.1,566.4,689.5,601.7,652.3,245.3,569.9,608.1,441.4,588.5,392.0,715.5,365.6,595.4,688.4,740.2,327.6,565.8,660.5,749.5,509.8
PJ,474.9,554.3,175.4,302.2,255.5,134.9,620.0,170.2,117.4,352.0,200.4,81.8,263.6,290.9,25.5,460.1,30.4,399.9,608.9,298.8,557.6,50.6,102.9,481.1,40.7,555.5,619.6,5.5,713.3,240.3,554.8,548.0,283.0,295.2,154.7,140.5,657.0,501.3,232.3,76.5,360.6,50.2,97.6,570.4,26.9,128.5,525.7,272.0,107.3,210.9,527.8,553.4,215.6,169.3,85.1,104.5,473.9,65.1,328.7,205.5,55.9,119.5,521.4,376.9,588.4,0.0,45.0,571.0,148.6,296.6,140.3,286.2,160.2,146.5,50.4,354.5,190.5,436.9,105.3,86.2,1728.1,173.4,207.6,98.6,312.2,385.9,257.7,543.3,473.5,155.5,238.2,580.0,255.9,161.8,700.5,640.9,745.2,196.1,99.1,118.0,147.9,582.0,90.4,786.9,384.3,9.6,334.9,163.7,308.5,63.8,136.6,188.4,553.9,248.4,80.2,194.6,688.6
PK,530.5,609.9,151.8,357.8,311.1,187.2,675.6,149.7,193.2,408.5,256.0,137.4,319.2,346.5,80.8,515.7,61.0,455.5,661.2,351.1,619.0,109.8,158.5,536.7,93.0,611.1,675.2,46.3,768.9,295.9,612.2,596.3,338.6,350.8,127.7,207.1,712.6,556.9,287.9,152.3,416.2,103.1,173.4,622.7,24.9,204.3,581.3,327.6,162.9,187.3,583.4,605.7,271.2,224.9,141.5,160.1,526.2,119.0,381.0,261.1,112.3,175.1,577.0,429.2,644.0,55.5,0.0,635.0,128.1,369.4,161.9,341.8,139.7,115.4,5.5,410.1,166.9,492.5,157.8,146.4,1783.7,229.0,263.2,75.0,367.8,438.2,313.3,598.9,529.1,211.1,219.7,635.6,311.5,221.1,756.1,693.2,797.5,251.7,70.2,193.8,127.4,637.6,152.3,842.5,439.9,65.2,390.5,140.1,364.1,87.0,113.0,164.8,606.2,304.0,137.0,174.1,744.2
PN,234.0,84.2,709.3,569.4,555.0,616.1,379.1,707.2,583.2,273.6,463.5,600.9,563.1,590.4,606.4,263.4,608.2,439.1,155.4,594.2,208.8,569.7,530.2,240.2,556.5,83.0,378.7,586.4,516.6,539.8,11.1,96.7,582.5,562.4,634.7,641.6,460.3,304.6,531.8,542.3,399.8,563.9,563.4,370.4,607.8,594.3,329.0,571.5,516.6,774.2,77.6,195.5,478.7,596.6,512.4,623.6,273.9,559.3,591.8,599.6,550.1,638.6,86.8,295.2,20.7,577.7,622.8,0.0,635.1,389.0,718.1,585.7,697.2,672.9,628.2,393.7,724.4,196.0,515.4,546.1,2211.7,472.9,673.0,676.4,579.4,421.8,557.2,93.1,118.9,542.9,775.2,383.3,436.9,659.6,503.8,440.9,545.2,548.5,671.6,583.8,634.4,227.4,545.7,590.2,423.5,570.6,374.1,697.6,347.7,577.5,670.5,722.3,309.7,547.9,641.4,731.6,491.9
PV,543.6,623.0,105.9,292.7,345.5,218.3,688.7,103.8,186.1,420.7,269.1,168.5,314.2,341.5,144.8,528.8,146.6,468.6,674.3,286.0,632.1,137.3,171.6,549.8,124.1,624.2,688.3,124.8,782.0,330.3,625.3,616.7,333.6,285.7,0.4,140.3,725.7,570.0,322.3,145.2,429.3,118.9,166.3,635.8,122.4,197.2,594.4,322.6,176.0,109.9,596.5,618.8,284.3,238.0,153.8,191.2,539.3,133.8,315.9,273.6,124.6,237.8,590.1,442.3,657.1,116.1,138.9,636.4,0.0,369.0,87.6,333.7,93.8,77.0,144.4,423.2,121.0,505.6,170.9,154.9,1739.3,242.1,275.7,141.7,302.7,451.3,308.3,612.0,542.2,269.0,171.8,648.7,324.6,154.3,769.2,706.3,810.6,264.2,57.1,186.7,0.7,650.7,159.1,855.6,453.0,109.0,403.6,94.2,377.2,132.5,67.1,118.9,619.3,299.0,105.6,128.2,757.3
QB,286.1,365.5,473.1,333.2,318.8,390.9,442.2,482.0,347.0,163.2,227.3,352.7,326.9,354.2,370.2,271.3,372.0,178.6,416.8,358.0,368.8,333.5,294.0,292.3,320.3,366.7,430.8,361.2,524.5,303.6,366.0,359.2,346.3,326.2,401.9,405.4,468.2,312.5,312.7,306.1,152.8,327.7,327.2,360.6,388.7,358.1,336.9,335.3,280.4,538.0,339.0,361.3,242.5,360.4,276.2,387.4,264.1,323.1,355.6,363.4,313.9,402.4,332.6,184.8,399.6,344.6,386.6,389.9,416.0,0.0,481.9,349.5,472.0,444.2,392.0,120.8,488.2,248.1,282.2,305.3,1993.0,236.7,436.8,440.2,343.2,116.1,321.0,354.5,284.7,306.7,550.0,391.2,200.7,440.5,511.7,448.8,553.1,312.3,440.7,347.6,409.2,393.2,320.5,598.1,163.0,334.4,113.6,461.4,100.7,341.3,434.3,486.1,344.1,328.8,416.2,512.5,499.8
QC,569.7,649.1,158.3,318.8,371.6,272.5,714.8,156.2,212.2,447.7,295.2,222.7,340.3,367.6,166.1,554.9,146.3,494.7,700.4,312.1,658.2,195.1,197.7,575.9,178.3,650.3,714.4,131.6,808.1,356.4,651.4,635.5,359.7,311.8,87.0,166.4,751.8,596.1,348.4,171.3,455.4,142.3,192.4,661.9,116.9,223.3,620.5,348.7,202.1,162.3,622.6,644.9,310.4,264.1,180.7,245.4,565.4,159.9,342.0,299.7,151.5,260.4,616.2,468.4,683.2,140.8,131.9,674.2,87.4,408.6,0.0,359.8,146.2,121.9,137.3,449.3,173.4,531.7,197.0,185.6,1768.0,268.2,301.8,185.5,328.8,477.4,334.4,638.1,568.3,295.1,226.2,674.8,350.7,180.4,795.3,732.4,836.7,290.3,180.7,212.8,86.7,676.8,191.5,881.7,479.1,135.1,429.7,146.6,403.3,158.6,119.5,171.3,645.4,325.1,130.5,180.6,783.4
QD,587.8,667.2,406.2,49.4,84.7,297.9,732.9,404.1,265.0,465.8,313.3,282.7,133.4,160.7,288.2,573.0,290.0,512.8,718.5,68.9,676.3,255.1,212.0,594.0,238.3,668.4,732.5,268.2,826.2,35.2,669.5,653.6,152.8,88.7,331.6,338.5,769.9,614.2,43.2,224.1,473.5,243.0,245.2,680.0,289.6,276.1,638.6,141.8,198.4,456.0,640.7,663.0,328.5,278.4,195.0,305.4,583.5,241.1,17.2,281.4,232.7,320.4,634.3,486.5,701.3,259.5,304.6,692.3,332.0,426.7,399.9,0.0,394.1,369.8,310.0,467.4,421.3,549.8,197.1,227.9,1911.0,154.7,354.8,358.2,105.7,495.5,127.5,656.2,586.4,224.7,474.1,692.9,368.8,293.0,813.4,750.5,854.8,230.3,353.4,265.6,331.3,694.9,233.8,899.8,497.2,252.4,447.8,394.5,421.4,259.3,367.4,419.2,663.5,118.2,324.4,428.5,801.5
QI,650.5,729.9,37.0,363.1,415.9,307.2,795.6,9.9,283.4,528.5,376.0,257.4,384.6,411.9,200.8,635.7,181.0,575.5,781.2,356.4,739.0,226.2,285.4,656.7,213.0,731.1,795.2,166.3,888.9,400.7,730.4,723.6,404.0,356.1,131.3,210.7,832.6,676.9,392.7,242.5,536.2,204.1,263.6,742.7,144.9,294.5,701.3,393.0,289.8,150.4,703.4,725.7,391.2,351.8,267.6,280.1,646.2,209.2,386.3,371.5,217.6,295.1,697.0,549.2,764.0,172.2,161.4,743.3,131.7,472.2,155.8,404.1,0.0,84.6,166.9,530.1,52.1,612.5,280.9,233.8,1779.8,349.0,373.6,164.2,373.1,558.2,378.7,718.9,649.1,352.0,102.9,755.6,431.5,224.7,876.1,813.2,917.5,357.6,83.5,284.0,131.0,757.6,234.2,962.5,559.9,185.2,510.5,25.3,484.1,186.6,82.2,50.0,726.2,369.4,176.0,59.3,864.2
QM,625.3,704.7,75.8,337.9,390.7,288.4,776.8,73.7,258.2,502.4,357.2,232.2,359.4,386.7,182.0,610.5,155.8,550.3,762.4,337.6,708.0,201.0,260.2,631.5,194.2,705.9,770.0,141.1,863.7,375.5,705.2,698.4,378.8,330.9,109.5,185.5,807.4,651.7,373.9,217.3,517.4,185.3,238.4,723.9,126.1,269.3,676.1,367.8,264.6,125.2,678.2,706.9,366.0,326.6,242.4,254.9,627.4,184.0,361.1,346.3,193.2,269.9,671.8,530.4,738.8,147.0,136.2,724.5,112.9,447.0,130.6,378.9,70.1,0.0,141.7,504.9,90.9,587.3,255.7,213.2,1754.6,323.8,348.4,139.0,347.9,539.4,353.5,693.7,623.9,326.8,141.7,730.4,406.3,205.9,850.9,794.4,898.7,332.4,54.4,258.8,112.2,732.4,209.0,937.3,534.7,160.0,485.3,64.1,465.3,161.4,8.5,88.8,707.4,344.2,150.8,104.5,839.0
QO,535.9,615.3,157.3,363.2,316.5,192.6,681.0,155.2,198.6,413.9,261.4,142.8,324.6,351.9,86.2,521.1,66.4,460.9,666.6,356.5,624.4,115.2,163.9,542.1,98.4,616.5,680.6,51.7,774.3,301.3,617.6,601.7,344.0,356.2,133.2,212.6,718.0,562.3,293.3,157.7,421.6,108.5,178.8,628.1,24.2,209.7,586.7,333.0,168.3,192.8,588.8,611.1,276.6,230.3,146.9,165.5,531.6,124.4,386.4,266.5,117.7,180.5,582.4,434.6,649.4,60.9,5.5,640.4,133.6,374.8,167.3,347.2,145.2,120.9,0.0,415.5,172.4,497.9,163.2,151.8,1789.1,234.4,268.6,80.5,373.2,443.6,318.7,604.3,534.5,216.5,225.2,641.0,316.9,226.6,761.5,698.6,802.9,257.1,75.7,199.2,132.9,643.0,157.7,847.9,445.3,70.6,395.9,145.6,369.5,92.4,118.5,170.3,611.6,309.4,142.4,179.6,749.6
QQ,310.1,389.5,531.9,392.0,377.6,438.7,455.2,529.8,405.8,187.2,286.1,423.5,385.7,413.0,429.0,295.3,430.8,45.4,440.8,416.8,392.8,392.3,352.8,316.3,379.1,390.7,454.8,409.0,548.5,362.4,390.0,383.2,405.1,385.0,457.3,464.2,492.2,336.5,354.4,364.9,69.3,386.5,386.0,402.3,430.4,416.9,360.9,394.1,339.2,596.8,363.0,385.3,301.3,419.2,335.0,446.2,305.8,381.9,414.4,422.2,372.7,461.2,356.6,208.8,423.6,400.3,445.4,402.9,457.7,144.0,540.7,408.3,519.8,503.0,450.8,0.0,547.0,272.1,337.9,368.7,2051.8,295.5,495.6,499.0,402.0,152.7,379.8,378.5,308.7,365.5,597.8,415.2,259.5,482.2,535.7,472.8,577.1,371.1,499.5,406.4,457.0,417.2,368.3,622.1,29.8,393.2,85.0,520.2,78.6,400.1,493.1,544.9,385.8,370.5,464.0,554.2,523.8
QR,670.0,749.4,24.5,382.6,435.4,326.7,815.1,74.4,302.9,548.0,395.5,276.9,404.1,431.4,220.3,655.2,200.5,595.0,800.7,375.9,758.5,249.3,304.9,676.2,232.5,750.6,814.7,185.8,908.4,420.2,751.7,735.8,423.5,375.6,150.8,230.2,852.1,696.4,412.2,262.0,555.7,227.0,283.1,762.2,164.4,314.0,720.8,412.5,309.3,169.9,722.9,745.2,410.7,371.3,287.9,299.6,665.7,228.7,405.8,391.0,237.1,314.6,716.5,568.7,783.5,195.0,180.9,774.5,151.2,508.9,175.3,423.6,64.4,104.1,186.4,549.6,0.0,632.0,297.3,253.3,1799.3,368.5,393.1,183.7,392.6,577.7,398.2,738.4,668.6,371.5,52.3,775.1,451.0,244.2,895.6,832.7,937.0,377.1,103.0,303.5,150.5,777.1,247.4,982.0,579.4,204.7,530.0,36.5,503.6,206.1,101.7,62.2,745.7,388.9,194.3,7.1,883.7
QT,87.6,192.7,608.6,468.7,454.3,515.4,232.7,606.5,482.5,173.8,362.8,500.2,462.4,489.7,505.7,162.7,507.5,338.4,244.0,493.5,201.8,472.6,429.5,93.8,455.8,193.9,232.3,485.7,415.9,439.1,195.0,179.1,481.8,461.7,534.0,540.9,359.6,203.9,431.1,441.6,299.1,460.5,462.7,269.7,507.1,493.6,228.3,470.8,415.9,673.5,166.2,188.5,378.0,495.9,412.5,522.9,173.2,458.6,491.1,498.9,450.2,537.9,159.8,194.5,226.8,477.0,522.1,217.8,534.4,288.3,617.4,485.0,596.5,572.2,527.5,293.0,623.7,0.0,414.6,445.4,2111.0,372.2,572.3,575.7,478.7,321.1,456.5,181.7,111.9,442.2,676.5,282.6,336.2,558.9,403.1,340.2,444.5,447.8,570.9,483.1,533.7,220.4,451.3,489.5,322.8,469.9,273.4,596.9,247.0,476.8,569.8,621.6,163.3,447.2,541.9,630.9,391.2
QW,406.4,485.8,287.4,201.4,187.0,160.4,552.6,282.2,127.3,284.6,136.8,145.2,195.1,222.4,242.1,391.6,225.4,331.4,537.3,226.4,489.1,113.8,115.2,412.6,100.6,487.0,551.1,207.6,644.8,171.8,486.3,479.5,214.5,194.4,182.2,185.7,588.5,432.8,168.7,86.4,297.0,108.0,107.5,503.5,189.3,138.4,457.2,203.5,65.6,258.8,459.3,481.8,147.1,147.3,56.5,167.7,407.0,187.2,224.0,125.7,94.2,182.7,452.9,305.3,519.9,124.9,205.8,499.4,184.1,228.1,287.8,217.7,275.3,258.5,211.3,290.9,302.5,368.4,0.0,152.3,1773.3,104.9,204.6,228.6,211.4,314.3,189.2,474.8,405.0,69.0,352.7,511.5,187.4,208.6,632.0,569.3,673.6,74.6,211.1,127.9,178.5,513.5,147.5,718.4,315.8,114.7,266.4,275.7,240.2,198.6,248.5,300.4,487.0,184.8,185.5,309.1,620.1
RB,441.5,520.9,234.8,236.5,222.1,150.8,586.6,232.7,122.5,318.6,162.4,140.2,230.2,257.5,192.6,426.7,172.8,366.5,572.2,256.7,524.2,109.0,51.5,447.7,91.2,522.1,586.2,162.7,679.9,206.9,521.4,514.6,249.6,229.5,214.1,180.9,623.6,467.9,194.3,81.6,322.6,168.1,102.7,529.1,136.7,133.6,492.3,238.6,51.3,268.7,494.4,512.1,182.2,117.9,33.7,162.9,432.6,137.7,258.9,142.4,146.9,177.9,488.0,340.2,555.0,164.0,153.2,529.7,169.8,263.2,235.2,252.8,227.3,205.9,158.7,321.1,249.9,403.5,71.9,0.0,1768.5,140.0,194.3,176.0,246.5,344.6,224.3,509.9,440.1,118.1,300.7,546.6,222.5,194.3,667.1,604.2,708.5,123.7,158.5,123.1,169.1,548.6,0.4,753.5,350.9,177.0,301.5,223.1,275.1,146.0,200.6,247.8,512.6,210.4,252.2,257.1,655.2
RJ,2169.5,2248.9,1819.4,1936.6,1950.1,1844.2,2314.6,1817.3,1812.0,2047.5,1895.0,1794.4,1958.1,1985.4,1770.7,2154.7,1772.5,2094.5,2300.2,1929.9,2258.0,1766.8,1797.5,2175.7,1750.0,2250.1,2314.2,1750.7,2073.2,1934.9,2251.2,2235.3,1977.5,1929.6,1744.8,1751.7,2139.9,2195.9,1926.9,1771.1,2055.2,1742.1,1792.2,2261.7,1772.1,1823.1,2220.3,1966.5,1801.9,1774.9,2222.4,2244.7,1910.2,1863.9,1780.5,1817.1,2165.2,1759.7,1959.8,1888.4,1751.3,1832.1,2216.0,2068.2,2283.0,1742.0,1787.1,2274.0,1745.2,2008.4,1801.1,1977.6,1807.3,1783.0,1792.5,2049.1,1834.5,2131.5,1796.8,1785.4,0.0,1868.0,1902.2,1840.7,1946.6,2077.2,1952.2,2237.9,2168.1,1850.1,1887.3,2274.6,1950.5,1798.2,2096.4,2227.0,2052.8,1855.7,1774.5,1812.6,1744.5,2276.6,1791.3,2161.9,2078.9,1734.9,2029.5,1807.7,2003.1,1758.4,1780.6,1832.4,2245.2,1942.9,1730.3,1841.7,2176.0
RV,433.0,512.4,236.3,325.0,213.6,143.1,578.1,234.2,110.2,311.0,158.5,127.9,346.5,373.8,133.4,418.2,135.2,358.0,563.7,318.3,521.5,100.3,57.2,439.2,83.5,513.6,577.7,113.4,671.4,198.4,514.7,498.8,365.9,318.0,161.7,168.6,615.1,459.4,190.4,69.3,318.7,88.2,90.4,525.2,134.8,121.3,483.8,354.9,43.6,301.2,485.9,508.2,173.7,123.6,40.2,150.6,428.7,86.3,348.2,126.6,77.9,165.6,479.5,331.7,546.5,104.7,149.8,537.5,162.1,271.9,245.1,366.0,224.2,199.9,155.2,312.6,251.4,395.0,42.3,73.1,1756.2,0.0,200.0,203.4,335.0,340.7,340.6,501.4,431.6,69.9,304.2,538.1,214.0,186.6,658.6,595.7,700.0,75.5,198.6,110.8,161.4,540.1,79.0,745.0,342.4,97.6,293.0,224.6,266.6,104.5,197.5,249.3,508.7,331.3,169.6,258.6,646.7
RY,557.0,636.4,341.5,283.0,335.8,189.9,702.1,339.4,137.4,435.0,282.5,182.4,304.5,331.8,234.5,542.2,236.3,482.0,687.7,276.3,645.5,159.5,108.9,563.2,176.3,637.6,701.7,214.5,795.4,320.6,638.7,622.8,323.9,276.0,266.9,273.8,739.1,583.4,312.6,137.2,442.7,190.4,116.1,649.2,235.9,154.3,607.8,312.9,149.0,416.8,609.9,632.2,297.7,129.8,125.9,217.0,552.7,170.5,306.2,103.1,162.1,170.5,603.5,455.7,670.5,205.8,250.9,661.5,267.3,395.9,346.2,324.0,329.4,305.1,256.3,436.6,356.6,519.0,166.3,160.5,1858.4,345.2,0.0,304.5,293.0,464.7,298.6,625.4,555.6,98.5,409.4,662.1,338.0,228.3,782.6,719.7,824.0,93.7,298.1,138.0,266.6,664.1,166.4,869.0,466.4,198.7,417.0,329.8,390.6,226.6,302.7,354.5,632.7,289.3,270.7,363.8,770.7
SB,553.5,632.9,164.0,371.7,334.1,210.2,698.6,161.9,204.4,431.5,279.0,160.4,342.2,369.5,103.8,538.7,84.0,478.5,684.2,365.0,642.0,132.8,206.4,559.7,116.0,634.1,698.2,69.3,791.9,318.9,635.2,619.3,361.6,364.7,139.9,219.3,735.6,579.9,310.9,163.5,439.2,126.1,184.6,645.7,47.9,215.5,604.3,350.6,210.8,181.5,606.4,628.7,294.2,272.8,189.4,183.1,549.2,130.2,394.9,284.1,135.3,198.1,600.0,452.2,667.0,78.5,64.4,658.0,140.3,392.4,164.4,364.8,151.9,127.6,69.9,433.1,179.1,515.5,180.8,154.8,1790.1,252.0,286.2,0.0,381.7,461.2,336.3,621.9,552.1,273.0,231.9,658.6,334.5,233.3,779.1,716.2,820.5,274.7,82.4,205.0,139.6,660.6,148.9,865.5,462.9,88.2,413.5,152.3,387.1,107.6,125.2,177.0,629.2,327.0,160.0,186.3,767.2
SC,594.8,674.2,349.4,58.9,146.3,304.9,739.9,347.3,272.0,472.8,320.3,289.7,121.0,148.3,295.2,580.0,297.0,519.8,725.5,54.8,683.3,262.1,219.0,601.0,245.3,675.4,739.5,275.2,833.2,96.8,676.5,660.6,140.4,19.4,274.8,281.7,776.9,621.2,104.8,231.1,480.5,250.0,252.2,687.0,296.6,283.1,645.6,129.4,205.4,353.4,647.7,670.0,335.5,285.4,202.0,312.4,590.5,248.1,82.1,288.4,239.7,262.6,641.3,493.5,708.3,266.5,311.6,699.3,275.2,433.7,331.1,99.9,337.3,313.0,317.0,474.4,364.5,556.8,204.1,234.9,1887.3,161.7,300.5,365.2,0.0,502.5,115.1,663.2,593.4,231.7,417.3,699.9,375.8,236.2,820.4,757.5,861.8,237.3,304.5,272.6,274.5,701.9,240.8,906.8,504.2,259.4,454.8,337.7,428.4,266.3,310.6,362.4,670.5,105.8,278.3,371.7,808.5
SM,342.3,421.7,564.1,424.2,409.8,470.9,487.4,562.0,438.0,219.4,318.3,455.7,417.9,445.2,461.2,327.5,463.0,182.2,473.0,449.0,425.0,424.5,385.0,348.5,411.3,422.9,487.0,441.2,580.7,394.6,424.0,408.1,437.3,417.2,489.5,496.4,524.4,368.7,386.6,397.1,142.9,418.7,418.2,434.5,462.6,449.1,393.1,426.3,371.4,629.0,395.2,417.5,333.5,451.4,368.0,478.4,338.0,414.1,446.6,454.4,404.9,493.4,388.8,241.0,455.8,432.5,477.6,435.1,489.9,176.2,572.9,440.5,552.0,535.2,483.0,136.8,579.2,304.3,370.2,400.9,2084.0,327.7,527.8,531.2,434.2,0.0,412.0,410.7,340.9,397.7,630.0,447.4,291.7,514.4,567.9,505.0,609.3,403.3,531.7,438.6,489.2,449.4,400.5,654.3,166.6,425.4,99.2,552.4,67.7,432.3,525.3,577.1,418.0,402.7,496.2,586.4,556.0
TE,565.9,645.3,388.3,118.4,123.4,276.0,711.0,386.2,243.1,443.9,291.4,260.8,37.2,54.0,266.3,551.1,268.1,490.9,696.6,143.2,654.4,233.2,190.1,572.1,216.4,646.5,710.6,246.3,804.3,108.2,647.6,631.7,56.6,111.4,313.7,320.6,748.0,592.3,100.2,202.2,451.6,221.1,223.3,658.1,267.7,254.2,616.7,14.2,176.5,434.1,618.8,641.1,306.6,256.5,173.1,283.5,561.6,219.2,141.6,259.5,210.8,298.5,612.4,464.6,679.4,237.6,282.7,670.4,314.1,404.8,378.0,154.1,376.2,351.9,288.1,445.5,403.4,527.9,175.2,206.0,1889.1,132.8,332.9,336.3,128.4,473.6,0.0,634.3,564.5,202.8,456.2,671.0,346.9,275.1,791.5,728.6,832.9,208.4,331.5,243.7,313.4,673.0,211.9,877.9,475.3,230.5,425.9,376.6,399.5,237.4,349.5,401.3,641.6,7.4,302.5,410.6,779.6
TF,235.9,121.6,711.2,571.3,556.9,618.0,381.0,709.1,585.1,276.4,465.4,602.8,565.0,592.3,608.3,265.3,610.1,441.0,62.2,596.1,210.7,575.2,532.1,242.1,558.4,122.8,380.6,588.3,518.5,541.7,88.3,108.0,584.4,564.3,636.6,643.5,462.2,306.5,533.7,544.2,401.7,563.1,565.3,372.3,609.7,596.2,330.9,573.4,518.5,776.1,15.4,197.4,480.6,598.5,515.1,625.5,275.8,561.2,593.7,601.5,552.8,640.5,88.7,297.1,120.1,579.6,624.7,111.1,637.0,390.9,720.0,587.6,699.1,674.8,630.1,395.6,726.3,197.9,517.2,548.0,2213.6,474.8,674.9,678.3,581.3,423.7,559.1,0.0,120.8,544.8,779.1,385.2,438.8,661.5,505.7,442.8,547.1,550.4,673.5,585.7,636.3,229.3,553.9,592.1,425.4,572.5,376.0,699.5,349.6,579.4,672.4,724.2,311.6,549.8,644.5,733.5,493.8
TI,166.1,111.8,641.4,501.5,487.1,548.2,311.2,639.3,515.3,206.6,395.6,533.0,495.2,522.5,538.5,195.5,540.3,371.2,163.1,526.3,89.8,505.4,462.3,172.3,488.6,113.0,310.8,518.5,448.7,471.9,114.1,98.2,514.6,494.5,566.8,573.7,392.4,236.7,463.9,474.4,331.9,493.3,495.5,302.5,539.9,526.4,261.1,503.6,448.7,706.3,85.3,76.5,410.8,528.7,445.3,555.7,206.0,491.4,523.9,531.7,483.0,570.7,78.9,227.3,145.9,509.8,554.9,136.9,567.2,321.1,650.2,517.8,629.3,605.0,560.3,325.8,656.5,128.1,447.4,478.2,2143.8,405.0,605.1,608.5,511.5,353.9,489.3,100.8,0.0,475.0,709.3,315.4,369.0,591.7,435.9,373.0,477.3,480.6,603.7,515.9,566.5,108.4,484.1,522.3,355.6,502.7,306.2,629.7,279.8,509.6,602.6,654.4,241.8,480.0,574.7,663.7,424.0
TR,458.4,537.8,279.7,293.3,239.0,186.5,603.5,277.6,147.7,336.4,183.9,171.3,314.8,342.1,176.8,443.6,178.6,383.4,589.1,286.6,546.9,143.7,64.4,464.6,126.9,539.0,603.1,156.8,696.8,223.8,540.1,524.2,334.2,286.3,205.1,212.0,640.5,484.8,215.8,112.7,344.1,131.6,126.4,550.6,178.2,164.6,509.2,323.2,87.0,326.6,511.3,533.6,199.1,96.5,81.4,194.0,454.1,129.7,316.5,56.6,121.3,180.8,504.9,357.1,571.9,148.1,193.2,562.9,205.5,297.3,288.5,334.3,267.6,243.3,198.6,338.0,294.8,420.4,67.7,116.0,1799.6,156.9,135.5,246.8,303.3,366.1,308.9,526.8,457.0,0.0,347.6,563.5,239.4,230.0,684.0,621.1,725.4,5.5,269.3,148.3,204.8,565.5,121.9,770.4,367.8,141.0,318.4,268.0,292.0,147.9,240.9,292.7,534.1,299.6,213.0,302.0,672.1
TT,687.8,767.2,42.3,400.4,453.2,344.5,832.9,92.2,320.7,564.9,413.3,294.7,421.9,449.2,238.1,673.0,218.3,612.8,818.5,393.7,770.5,263.5,322.7,694.0,250.3,768.4,832.5,203.6,926.2,438.0,769.5,753.6,441.3,393.4,168.6,248.0,869.9,714.2,430.0,279.8,573.5,241.4,300.9,780.0,182.2,331.8,738.6,430.3,327.1,187.7,740.7,763.0,428.5,389.1,304.9,317.4,683.5,246.5,423.6,408.8,254.9,332.4,734.3,586.5,801.3,209.5,198.7,780.6,169.0,513.2,193.1,441.4,82.2,129.4,204.2,567.4,37.3,649.8,315.1,271.1,1817.1,386.3,410.9,201.5,410.4,595.5,416.0,756.2,686.4,389.3,0.0,792.9,468.8,262.0,913.4,850.5,954.8,394.9,116.9,321.3,168.3,794.9,271.5,999.8,597.2,222.5,547.8,54.3,521.4,223.9,119.5,80.0,763.5,406.7,213.3,44.5,901.5
UA,350.8,430.2,753.3,613.4,599.0,660.1,495.9,751.2,627.2,318.5,507.5,644.9,607.1,634.4,650.4,193.6,652.2,483.1,481.5,638.2,439.3,617.3,574.2,357.0,600.5,431.4,495.5,630.4,450.4,583.8,432.5,416.6,626.5,606.4,678.7,685.6,394.1,78.6,575.8,586.3,443.8,605.2,607.4,304.2,651.8,638.3,262.8,615.5,560.6,818.2,403.7,426.0,522.7,640.6,557.2,667.6,119.4,603.3,635.8,643.6,594.9,682.6,397.3,339.2,464.3,621.7,666.8,455.3,679.1,433.0,762.1,629.7,741.2,716.9,672.2,437.7,768.4,312.8,559.3,590.1,2057.2,516.9,717.0,720.4,623.4,465.8,601.2,419.2,349.4,586.9,821.2,0.0,480.9,703.6,437.6,374.7,390.7,592.5,715.6,627.8,678.4,457.9,596.0,524.0,467.5,614.6,418.1,741.6,391.7,621.5,714.5,766.3,426.5,591.9,686.6,775.6,425.7
UQ,272.9,352.3,405.8,265.9,251.5,312.6,418.0,403.7,279.7,150.9,160.0,297.4,259.6,286.9,302.9,258.1,304.7,197.9,403.6,290.7,361.4,269.8,226.7,279.1,253.0,353.5,417.6,282.9,511.3,236.3,354.6,338.7,279.0,258.9,331.2,338.1,455.0,299.3,228.3,238.8,158.6,257.7,259.9,365.1,304.3,290.8,323.7,268.0,213.1,470.7,325.8,348.1,175.2,293.1,209.7,320.1,268.6,255.8,288.3,296.1,247.4,335.1,319.4,171.6,386.4,274.2,319.3,377.4,331.6,111.8,414.6,282.2,393.7,369.4,324.7,152.5,420.9,234.9,211.8,242.6,1925.7,169.4,369.5,372.9,275.9,180.6,253.7,341.3,271.5,239.4,473.7,378.0,0.0,356.1,498.5,435.6,539.9,245.0,368.1,280.3,330.9,380.0,248.5,584.9,182.3,267.1,132.9,394.1,106.5,274.0,367.0,418.8,348.6,244.4,339.1,428.1,486.6
UZ,579.1,658.5,211.0,216.2,269.0,240.5,724.2,208.9,188.0,456.2,304.6,173.2,237.7,265.0,225.3,564.3,227.1,504.1,709.8,209.5,667.6,153.9,202.9,585.3,167.1,659.7,723.8,205.3,817.5,253.8,659.0,652.2,257.1,209.2,136.4,143.3,761.2,605.5,245.8,187.8,464.8,154.4,166.7,671.3,226.7,204.9,629.9,246.1,243.0,215.0,632.0,654.3,319.8,223.8,219.9,220.5,574.8,221.1,239.4,197.1,211.9,161.3,625.6,477.8,692.6,196.6,241.7,671.9,136.8,400.8,192.7,257.2,198.9,182.1,247.1,458.7,226.1,541.1,260.9,249.9,1748.9,278.4,199.2,295.3,226.2,486.8,231.8,647.5,577.7,192.5,276.9,684.2,360.1,0.0,804.7,741.8,846.1,187.7,162.2,188.6,136.1,686.2,254.1,891.1,488.5,189.5,439.1,199.3,412.7,168.0,172.2,224.0,654.8,222.5,141.1,233.3,792.8
VB,290.7,370.1,693.2,553.3,538.9,600.0,435.8,691.1,567.1,258.4,447.4,584.8,547.0,574.3,590.3,133.5,592.1,423.0,421.4,578.1,379.2,557.2,514.1,296.9,540.4,371.3,435.4,570.3,12.7,523.7,372.4,356.5,566.4,546.3,618.6,625.5,43.5,114.0,515.7,526.2,383.7,545.1,547.3,201.0,591.7,578.2,242.4,555.4,500.5,758.1,343.6,365.9,462.6,580.5,497.1,607.5,83.3,543.2,575.7,583.5,534.8,622.5,337.2,279.1,404.2,561.6,606.7,395.2,619.0,372.9,702.0,569.6,681.1,656.8,612.1,377.6,708.3,252.7,499.2,530.0,2021.1,456.8,656.9,660.3,563.3,405.7,541.1,359.1,289.3,526.8,761.1,192.7,420.8,643.5,0.0,130.5,31.2,532.4,655.5,567.7,618.3,397.8,535.9,86.3,407.4,554.5,358.0,681.5,331.6,561.4,654.4,706.2,366.4,531.8,626.5,715.5,79.5
VC,403.0,482.4,805.5,665.6,651.2,712.3,548.1,803.4,679.4,369.8,559.7,697.1,659.3,686.6,702.6,264.1,704.4,535.3,533.7,690.4,491.5,665.9,626.4,409.2,652.7,483.6,547.7,682.6,143.3,636.0,482.9,476.1,678.7,658.6,730.9,737.8,87.0,244.6,628.0,638.5,496.0,660.1,659.6,70.5,704.0,690.5,111.9,667.7,612.8,870.4,455.9,478.2,574.9,692.8,608.6,719.8,213.9,655.5,688.0,695.8,646.3,734.8,449.5,391.4,516.5,673.9,719.0,495.8,731.3,497.6,814.3,681.9,793.4,776.6,724.4,489.9,820.6,365.0,611.5,642.3,2151.7,569.1,769.2,772.6,675.6,518.0,653.4,471.4,401.6,639.1,871.4,323.3,533.1,755.8,130.5,0.0,161.8,644.7,773.1,680.0,730.6,510.1,641.9,216.9,519.7,666.8,470.3,793.8,443.9,673.7,766.7,818.5,478.7,644.1,737.6,827.8,50.9
VF,259.4,338.8,661.9,522.0,507.6,568.7,404.5,659.8,535.8,226.2,416.1,553.5,515.7,543.0,559.0,102.2,560.8,391.7,390.1,546.8,347.9,522.3,482.8,265.6,509.1,340.0,404.1,539.0,20.3,492.4,339.3,332.5,535.1,515.0,587.3,594.2,87.0,82.7,484.4,494.9,352.4,516.5,516.0,212.8,560.4,546.9,171.4,524.1,469.2,726.8,312.3,334.6,431.3,549.2,465.8,576.2,52.0,511.9,544.4,552.2,502.7,591.2,305.9,247.8,372.9,530.3,575.4,352.2,587.7,328.1,670.7,538.3,649.8,625.5,580.8,346.3,677.0,221.4,468.5,498.7,1989.8,425.5,625.6,629.0,532.0,374.4,509.8,327.8,258.0,495.5,727.8,161.4,389.5,612.2,43.5,174.1,0.0,501.1,624.2,536.4,587.0,366.5,498.3,109.0,376.1,523.2,326.7,650.2,300.3,530.1,623.1,674.9,335.1,500.5,594.0,684.2,123.1
VI,463.2,542.6,284.5,287.7,243.8,191.3,608.3,282.4,142.1,341.2,188.7,176.1,309.2,336.5,181.6,448.4,183.4,388.2,593.9,281.0,551.7,148.5,69.2,469.4,131.7,543.8,607.9,161.6,701.6,228.6,544.9,529.0,328.6,280.7,209.9,216.8,645.3,489.6,220.6,117.5,348.9,136.4,120.8,555.4,183.0,159.0,514.0,317.6,91.8,331.4,516.1,538.4,203.9,101.3,86.2,198.8,458.9,175.2,310.9,51.0,166.8,175.2,509.7,361.9,576.7,152.9,198.0,567.7,210.3,302.1,293.3,328.7,272.4,248.1,203.4,342.8,299.6,425.2,72.5,120.8,1804.4,161.7,129.9,251.6,297.7,370.9,303.3,531.6,461.8,4.8,352.4,568.3,244.2,234.8,688.8,625.9,730.2,0.0,274.1,142.7,209.6,570.3,126.7,775.2,372.6,145.8,323.2,272.8,296.8,152.7,245.7,297.5,538.9,294.0,217.8,306.8,676.9
VL,540.1,619.5,81.5,289.2,342.0,227.5,685.2,74.1,199.8,417.2,265.6,177.7,310.7,338.0,121.1,525.3,97.4,465.1,665.5,282.5,622.8,142.6,201.8,546.3,129.4,620.7,684.8,82.7,778.5,326.8,620.0,613.2,330.1,282.2,60.8,136.8,722.2,566.5,313.5,158.9,425.8,115.4,180.0,632.3,65.2,210.9,590.9,319.1,210.1,192.9,593.0,610.0,280.8,268.2,184.0,196.5,530.5,125.0,312.4,270.1,121.1,211.5,586.6,433.5,653.6,88.6,77.8,632.9,57.8,361.8,81.9,330.2,64.1,52.6,83.3,419.7,96.6,502.1,170.5,151.4,1732.9,238.6,272.2,80.6,299.2,442.5,304.8,608.5,538.7,265.5,142.1,645.2,321.1,145.5,765.7,697.5,801.8,260.7,0.0,200.4,57.1,647.2,150.3,852.1,449.5,101.6,400.1,69.8,368.4,103.0,42.7,94.5,610.5,290.2,96.8,98.5,753.8
VR,492.5,571.9,273.9,296.2,349.0,84.1,637.6,271.8,0.5,370.5,218.0,124.3,317.7,345.0,173.2,477.7,158.2,417.5,623.2,289.5,581.0,96.7,145.5,498.7,79.9,573.1,637.2,138.7,730.9,333.8,574.2,558.3,337.1,289.2,158.1,165.0,674.6,518.9,325.8,31.4,378.2,84.6,31.8,584.7,157.8,62.7,543.3,326.1,185.6,327.4,545.4,567.7,233.2,166.4,162.5,111.2,488.2,64.7,319.4,139.7,56.3,162.0,539.0,391.2,606.0,101.1,172.8,597.0,158.5,331.4,268.1,337.2,261.8,237.5,178.2,372.1,289.0,454.5,119.8,108.4,1752.6,191.0,141.8,215.1,306.2,400.2,311.8,560.9,491.1,135.1,341.8,597.6,273.5,183.0,718.1,655.2,759.5,130.3,192.3,0.0,157.8,599.6,114.3,804.5,401.9,94.0,352.5,262.2,326.1,120.8,235.1,286.9,568.2,302.5,166.0,296.2,706.2
WA,542.9,622.3,105.2,292.0,344.8,217.6,688.0,103.1,185.4,420.0,268.4,167.8,313.5,340.8,144.1,528.1,145.9,467.9,673.6,285.3,625.6,136.6,170.9,549.1,123.4,623.5,687.6,124.1,781.3,329.6,624.6,608.7,332.9,285.0,0.2,139.6,725.0,569.3,321.6,144.5,428.6,118.2,165.6,635.1,121.7,196.5,593.7,321.9,175.3,109.2,595.8,618.1,283.6,237.3,153.9,190.5,538.6,133.1,315.2,272.9,123.9,237.1,589.4,441.6,656.4,115.4,138.2,635.7,0.7,368.3,86.9,333.0,93.1,68.8,143.7,422.5,120.3,504.9,170.2,154.2,1738.6,241.4,275.0,141.0,302.0,450.6,307.6,611.3,541.5,268.3,171.1,648.0,323.9,153.6,768.5,705.6,809.9,263.5,56.4,186.0,0.0,650.0,158.4,854.9,452.3,108.3,402.9,93.5,376.5,131.8,66.4,118.2,618.6,298.3,104.9,127.5,756.6
WC,264.6,210.3,739.9,600.0,585.6,646.7,409.7,737.8,613.8,305.1,494.1,631.5,593.7,621.0,637.0,294.0,638.8,469.7,261.6,624.8,18.5,603.9,560.8,270.8,587.1,211.5,409.3,617.0,547.2,570.4,212.6,196.7,613.1,593.0,665.3,672.2,490.9,335.2,562.4,572.9,430.4,591.8,594.0,401.0,638.4,624.9,359.6,602.1,547.2,804.8,183.8,31.8,509.3,627.2,543.8,654.2,304.5,589.9,622.4,630.2,581.5,669.2,177.4,325.8,244.4,608.3,653.4,235.4,665.7,419.6,748.7,616.3,727.8,703.5,658.8,424.3,755.0,226.6,545.9,576.7,2242.3,503.5,703.6,707.0,610.0,452.4,587.8,199.3,98.4,573.5,807.8,413.9,467.5,690.2,534.4,471.5,575.8,579.1,702.2,614.4,665.0,0.0,582.6,620.8,454.1,601.2,404.7,728.2,378.3,608.1,701.1,752.9,340.3,578.5,673.2,762.2,522.5
WI,441.1,520.5,235.2,236.1,221.7,155.0,586.2,233.1,122.1,319.1,166.6,139.8,229.8,257.1,193.0,426.3,173.2,366.1,571.8,260.9,523.8,108.6,51.1,447.3,95.4,521.7,585.8,158.5,679.5,206.5,521.0,514.2,249.2,229.1,211.1,180.5,623.2,467.5,198.5,81.2,326.8,163.9,102.3,533.3,137.1,133.2,491.9,238.2,55.5,269.1,494.0,516.3,181.8,117.5,33.3,162.5,436.8,138.1,258.5,142.0,146.5,177.5,487.6,339.8,554.6,164.4,153.6,533.9,211.5,292.0,235.6,252.4,223.1,198.8,159.1,320.7,250.3,403.1,69.0,0.4,1768.1,139.6,193.9,176.4,246.1,348.8,223.9,509.5,439.7,117.7,301.1,546.2,222.1,198.5,666.7,603.8,708.1,123.3,153.6,122.7,210.8,548.2,0.0,753.1,350.5,177.4,301.1,223.5,274.7,146.4,196.4,248.2,516.8,214.6,248.0,257.5,654.8
WM,354.2,433.6,756.7,616.8,602.4,663.5,499.3,754.6,630.6,321.9,510.9,648.3,610.5,637.8,653.8,197.0,655.6,486.5,484.9,641.6,442.7,620.7,577.6,360.4,603.9,434.8,498.9,633.8,76.2,587.2,435.9,420.0,629.9,609.8,682.1,689.0,107.8,177.5,579.2,589.7,447.2,608.6,610.8,265.4,655.2,641.7,306.8,618.9,564.0,821.6,407.1,429.4,526.1,644.0,560.6,671.0,146.8,606.7,639.2,647.0,598.3,686.0,400.7,342.6,467.7,625.1,670.2,458.7,682.5,436.4,765.5,633.1,744.6,720.3,675.6,441.1,771.8,316.2,562.7,593.5,2084.6,520.3,720.4,723.8,626.8,469.2,604.6,422.6,352.8,590.3,824.6,256.2,484.3,707.0,64.3,194.9,94.7,595.9,719.0,631.2,681.8,461.3,599.4,0.0,470.9,618.0,421.5,745.0,395.1,624.9,717.9,769.7,429.9,595.3,690.0,779.0,143.9
WR,338.5,417.9,560.3,420.4,406.0,467.1,483.6,558.2,434.2,216.5,314.5,451.9,414.1,441.4,457.4,323.7,459.2,15.6,469.2,445.2,427.0,424.3,381.2,344.7,407.5,419.1,483.2,437.4,576.9,390.8,420.2,404.3,433.5,413.4,485.7,492.6,520.6,364.9,382.8,393.3,97.7,412.2,414.4,430.7,458.8,445.3,389.3,422.5,367.6,625.2,391.4,413.7,329.7,447.6,364.2,474.6,334.2,410.3,442.8,450.6,401.9,489.6,385.0,237.2,452.0,428.7,473.8,443.0,486.1,160.4,569.1,436.7,548.2,523.9,479.2,28.3,575.4,300.5,366.3,397.1,2080.2,323.9,524.0,527.4,430.4,181.1,408.2,406.9,337.1,393.9,628.2,443.6,287.9,510.6,564.1,501.2,605.5,399.5,522.6,434.8,485.4,445.6,403.0,650.5,0.0,421.6,113.4,548.6,107.0,428.5,521.5,573.3,414.2,398.9,493.6,582.6,552.2
XC,465.2,544.6,182.5,292.5,245.8,121.9,610.3,180.4,107.7,343.2,190.7,72.1,253.9,281.2,35.7,450.4,37.5,390.2,595.9,285.8,553.7,44.5,93.2,471.4,27.7,545.8,609.9,15.7,703.6,230.6,546.9,531.0,273.3,285.5,158.4,130.8,647.3,491.6,222.6,66.8,350.9,37.8,87.9,557.4,37.1,118.8,516.0,262.3,97.6,218.0,518.1,540.4,205.9,159.6,76.2,94.8,460.9,55.4,315.7,195.8,47.0,109.8,511.7,363.9,578.7,7.0,52.1,569.7,158.8,304.1,147.4,276.5,170.4,146.1,57.5,344.8,197.6,427.2,92.5,81.1,1718.4,163.7,197.9,105.7,302.5,372.9,248.0,533.6,463.8,145.8,250.4,570.3,246.2,148.8,690.8,627.9,732.2,186.4,100.9,108.3,158.1,572.3,87.0,777.2,374.6,0.0,325.2,170.8,298.8,54.1,143.7,195.5,540.9,238.7,71.9,204.8,678.9
XO,284.1,363.5,505.9,366.0,351.6,412.7,429.2,503.8,379.8,162.1,260.1,397.5,359.7,387.0,403.0,269.3,404.8,144.0,414.8,390.8,372.6,369.9,326.8,290.3,353.1,364.7,428.8,383.0,522.5,336.4,365.8,349.9,379.1,359.0,431.3,438.2,466.2,310.5,328.4,338.9,104.7,357.8,360.0,376.3,404.4,390.9,334.9,368.1,313.2,570.8,337.0,359.3,275.3,393.2,309.8,420.2,279.8,355.9,388.4,396.2,347.5,435.2,330.6,182.8,397.6,374.3,419.4,388.6,431.7,106.0,514.7,382.3,493.8,469.5,424.8,98.6,521.0,246.1,311.9,342.7,2025.8,269.5,469.6,473.0,376.0,108.7,353.8,352.5,282.7,339.5,573.8,389.2,233.5,456.2,509.7,446.8,551.1,345.1,468.2,380.4,431.0,391.2,348.6,596.1,128.4,367.2,0.0,494.2,34.6,374.1,467.1,518.9,359.8,344.5,439.2,528.2,497.8
YF,633.4,712.8,11.6,346.0,398.8,290.1,778.5,37.8,266.3,511.4,358.9,240.3,367.5,394.8,183.7,618.6,163.9,558.4,764.1,339.3,721.9,212.7,268.3,639.6,195.9,714.0,778.1,149.2,871.8,383.6,715.1,699.2,386.9,339.0,114.2,193.6,815.5,659.8,375.6,225.4,519.1,190.4,246.5,725.6,127.8,277.4,684.2,375.9,272.7,133.3,686.3,708.6,374.1,334.7,251.3,263.0,629.1,192.1,369.2,354.4,200.5,278.0,679.9,532.1,746.9,158.4,144.3,737.9,114.6,472.3,138.7,387.0,27.8,67.5,149.8,513.0,26.7,595.4,260.7,216.7,1762.7,331.9,356.5,147.1,356.0,541.1,361.6,701.8,632.0,334.9,79.5,738.5,414.4,207.6,859.0,796.1,900.4,340.5,66.4,266.9,113.9,740.5,210.8,945.4,542.8,168.1,493.4,0.0,467.0,169.5,65.1,24.6,709.1,352.3,157.7,33.9,847.1
YM,274.5,353.9,496.3,356.4,342.0,403.1,419.6,494.2,370.2,152.5,250.5,387.9,350.1,377.4,393.4,259.7,395.2,114.4,405.2,381.2,363.0,360.3,317.2,280.7,343.5,355.1,419.2,373.4,512.9,326.8,354.4,347.6,369.5,349.4,425.1,428.6,456.6,300.9,318.8,329.3,75.1,350.9,350.4,366.7,394.8,381.3,325.3,358.5,303.6,561.2,327.4,349.7,265.7,383.6,299.4,410.6,270.2,346.3,378.8,386.6,337.1,425.6,321.0,173.2,388.0,364.7,409.8,367.3,422.1,96.4,505.1,372.7,484.2,459.9,415.2,69.0,511.4,236.5,302.3,328.5,2016.2,259.9,460.0,463.4,366.4,74.0,344.2,342.9,273.1,329.9,562.2,379.6,223.9,446.6,500.1,437.2,541.5,335.5,458.6,370.8,421.4,381.6,332.7,586.5,98.8,357.6,31.4,484.6,0.0,364.5,457.5,509.3,350.2,334.9,428.4,518.6,488.2
YV,473.9,553.3,181.9,268.9,254.5,181.2,619.0,179.8,148.6,351.9,199.4,131.4,262.6,289.9,74.8,459.1,59.8,398.9,604.6,293.7,562.4,103.8,101.9,480.1,87.0,554.5,618.6,40.3,712.3,239.3,555.6,539.7,282.0,261.9,157.8,156.8,656.0,500.3,231.3,107.7,359.6,20.9,128.8,566.1,59.4,159.7,524.7,271.0,106.3,235.4,526.8,549.1,214.6,168.3,84.9,154.1,469.6,64.1,291.3,236.7,55.7,169.1,520.4,372.6,587.4,49.5,74.4,578.4,158.2,312.8,169.7,285.2,169.8,145.5,79.8,353.5,197.0,435.9,101.2,89.8,1744.4,172.4,238.8,123.1,278.9,381.6,256.7,542.3,472.5,154.5,249.8,579.0,254.9,174.8,699.5,636.6,740.9,160.1,100.3,149.2,157.5,581.0,95.7,785.9,383.3,59.2,333.9,170.2,307.5,0.0,143.1,194.9,549.6,247.4,131.0,204.2,687.6
ZA,623.2,702.6,73.7,335.8,388.6,279.9,768.3,71.6,256.1,500.3,348.7,230.1,357.3,384.6,173.5,608.4,153.7,548.2,753.9,329.1,705.9,202.5,258.1,629.4,185.7,703.8,767.9,139.0,861.6,373.4,704.9,696.3,376.7,328.8,104.0,183.4,805.3,649.6,365.4,215.2,508.9,176.8,236.3,715.4,117.6,267.2,674.0,365.7,262.5,123.1,676.1,698.4,363.9,324.5,240.3,252.8,618.9,181.9,359.0,344.2,190.3,267.8,669.7,521.9,736.7,144.9,134.1,716.0,104.4,448.6,128.5,376.8,61.6,9.9,139.6,502.8,88.8,585.2,250.6,211.1,1752.5,321.7,346.3,136.9,345.8,530.9,351.4,691.6,621.8,324.7,139.6,728.3,404.2,197.4,848.8,785.9,890.2,330.3,56.2,256.7,103.7,730.3,206.9,935.2,532.6,157.9,483.2,62.0,456.8,159.3,0.0,86.7,698.9,342.1,148.7,96.0,836.9
ZK,667.5,746.9,26.7,380.1,432.9,324.2,812.6,71.9,300.4,545.5,393.0,274.4,401.6,428.9,217.8,652.7,198.0,592.5,798.2,373.4,756.0,246.8,302.4,673.7,230.0,748.1,812.2,183.3,905.9,417.7,749.2,733.3,421.0,373.1,148.3,227.7,849.6,693.9,409.7,259.5,553.2,224.5,280.6,759.7,161.9,311.5,718.3,410.0,306.8,167.4,720.4,742.7,408.2,368.8,285.4,297.1,663.2,226.2,403.3,388.5,234.6,312.1,714.0,566.2,781.0,192.5,178.4,772.0,148.7,506.4,172.8,421.1,61.9,101.6,183.9,547.1,41.8,629.5,294.8,250.8,1796.8,366.0,390.6,181.2,390.1,575.2,395.7,735.9,666.1,369.0,94.6,772.6,448.5,241.7,893.1,830.2,934.5,374.6,100.5,301.0,148.0,774.6,244.9,979.5,576.9,202.2,527.5,34.0,501.1,203.6,99.2,0.0,743.2,386.4,191.8,49.0,881.2
ZN,96.6,300.5,716.4,576.5,562.1,623.2,69.3,714.3,590.3,280.7,470.6,608.0,570.2,597.5,613.5,270.5,615.3,446.2,351.8,601.3,309.6,576.8,537.3,49.2,563.6,301.7,68.9,593.5,523.7,546.9,301.0,294.2,589.6,569.5,641.8,648.7,467.4,311.7,538.9,549.4,406.9,571.0,570.5,377.5,614.9,601.4,336.1,578.6,523.7,781.3,274.0,296.3,485.8,603.7,520.3,630.7,281.0,566.4,598.9,606.7,557.2,645.7,267.6,302.3,334.6,584.8,629.9,313.9,642.2,408.5,725.2,592.8,704.3,680.0,635.3,400.8,731.5,137.4,523.0,553.2,2218.8,480.0,680.1,683.5,586.5,428.9,564.3,289.5,219.7,550.0,782.3,390.4,444.0,666.7,510.9,448.0,552.3,555.6,684.0,590.9,641.5,328.2,552.8,597.3,430.6,577.7,381.2,704.7,354.8,584.6,677.6,729.4,0.0,555.0,648.5,738.7,499.0
ZP,558.5,637.9,380.9,111.0,116.0,268.6,703.6,378.8,235.7,435.6,284.0,253.4,29.8,63.3,258.9,543.7,260.7,483.5,689.2,135.8,641.2,225.8,182.7,564.7,209.0,639.1,703.2,238.9,796.9,100.8,640.2,624.3,49.2,104.0,306.3,313.2,740.6,584.9,92.8,194.8,444.2,216.4,215.9,650.7,260.3,246.8,609.3,23.5,169.1,426.7,611.4,633.7,299.2,249.1,164.9,276.1,554.2,211.8,134.2,252.1,202.6,291.1,605.0,457.2,672.0,233.3,275.3,651.3,306.7,409.4,370.6,146.7,368.8,344.5,280.7,438.1,396.0,520.5,168.4,194.0,1881.7,125.4,325.5,328.9,121.0,466.2,9.2,626.9,557.1,195.4,446.8,663.6,339.5,267.7,784.1,721.2,825.5,201.0,329.4,236.3,306.0,665.6,198.2,870.5,467.9,223.1,418.5,369.2,392.1,230.0,342.1,393.9,634.2,0.0,293.9,403.2,772.2
ZR,462.2,541.6,210.2,257.2,242.8,136.9,607.3,208.1,104.7,340.2,187.7,87.1,250.9,278.2,63.4,447.4,65.2,387.2,592.9,282.0,544.9,59.5,90.2,468.4,42.7,542.8,606.9,43.4,700.6,227.6,542.1,528.0,270.3,250.2,186.1,145.8,644.3,488.6,219.6,63.8,347.9,37.5,84.9,554.4,64.8,115.8,513.0,259.3,94.6,245.7,515.1,537.4,202.9,156.6,73.2,109.8,457.9,52.4,279.6,181.1,43.2,124.8,508.7,360.9,575.7,34.7,79.8,555.0,186.5,301.1,175.1,273.5,198.1,173.8,85.2,341.8,225.3,424.2,89.5,73.5,1733.4,160.7,194.9,133.4,267.2,369.9,245.0,530.6,460.8,142.8,276.1,567.3,243.2,163.8,687.8,624.9,729.2,148.4,128.6,105.3,185.8,569.3,77.7,774.2,371.6,27.6,322.2,198.5,295.8,51.1,171.4,223.2,537.9,235.7,0.0,232.5,675.9
ZS,676.3,755.7,30.8,388.9,441.7,333.0,821.4,80.7,309.2,553.4,401.8,283.2,410.4,437.7,226.6,661.5,206.8,601.3,807.0,382.2,764.8,252.0,311.2,682.5,238.8,756.9,821.0,192.1,914.7,426.5,756.2,749.4,429.8,381.9,160.5,236.5,858.4,702.7,418.5,268.3,562.0,229.9,289.4,768.5,170.7,320.3,727.1,418.8,315.6,176.2,729.2,751.5,417.0,377.6,293.4,305.9,672.0,235.0,412.1,397.3,243.4,320.9,722.8,575.0,789.8,201.3,187.2,769.1,157.5,498.0,181.6,429.9,70.7,117.9,192.7,555.9,6.2,638.3,304.2,264.2,1805.6,374.8,399.4,190.0,398.9,584.0,404.5,744.7,674.9,377.8,56.6,781.4,457.3,250.5,901.9,839.0,943.3,383.4,105.4,309.8,156.8,783.4,260.0,988.3,585.7,211.0,536.3,42.8,509.9,212.4,108.0,68.5,752.0,395.2,201.8,0.0,890.0
ZU,370.3,449.7,772.8,632.9,618.5,679.6,515.4,770.7,646.7,338.0,527.0,664.4,626.6,653.9,669.9,213.1,671.7,502.6,501.0,657.7,458.8,636.8,593.7,376.5,620.0,450.9,515.0,649.9,92.3,603.3,452.0,436.1,646.0,625.9,698.2,705.1,36.0,193.6,595.3,605.8,463.3,624.7,626.9,121.4,671.3,657.8,162.8,635.0,580.1,837.7,423.2,445.5,542.2,660.1,576.7,687.1,162.9,622.8,655.3,663.1,614.4,702.1,416.8,358.7,483.8,641.2,686.3,474.8,698.6,452.5,781.6,649.2,760.7,736.4,691.7,457.2,787.9,332.3,578.8,609.6,2100.7,536.4,736.5,739.9,642.9,485.3,620.7,438.7,368.9,606.4,840.7,272.3,500.4,723.1,79.5,50.9,110.8,612.0,735.1,647.3,697.9,477.4,615.5,165.9,487.0,634.1,437.6,761.1,411.2,641.0,734.0,785.8,446.0,611.4,706.1,795.1,0.0
