from_stop,AI,AN,AR,AY,AZ,BA,BB,BH,BY,BZ,CF,CH,CP,DM,DO,EE,EW,EX,EY,FD,FH,FQ,FR,FZ,GW,HK,HL,HO,IA,IR,JL,JP,KG,KT,KZ,LD,LE,LF,LG,LT,MB,MC,MJ,MU,MV,NK,NN,NW,OA,OF,OH,OW,OZ,PG,PQ,QA,QB,QJ,QK,QZ,RC,SJ,SR,ST,TA,TF,TM,TN,TO,TV,TY,UC,UD,UP,UW,VM,VR,WB,WE,WL,XA,XC,XK,XL,XQ,XT,XV,YH,YI,YZ,ZB,ZD,ZK,ZO,ZP,ZT,ZV
AI,0.0,291.9,471.6,437.9,483.5,320.2,1963.6,419.1,398.5,332.1,278.8,356.0,470.5,84.3,417.8,292.7,371.4,476.7,364.8,301.7,396.5,41.0,345.9,281.7,325.7,292.3,336.9,333.0,375.0,294.4,295.5,421.9,360.9,303.6,424.2,330.2,387.5,304.0,305.5,396.4,456.5,413.2,449.8,429.0,346.2,299.3,311.3,441.9,307.8,413.4,368.9,394.9,276.1,340.1,287.9,379.4,297.8,453.7,423.0,345.9,339.9,402.5,346.5,414.5,369.0,446.7,441.7,322.6,451.4,261.5,336.9,273.7,320.5,303.4,455.9,453.6,455.4,262.7,473.7,397.2,335.3,292.7,449.0,301.7,329.9,335.6,497.8,355.8,400.1,378.4,453.5,292.9,376.0,364.5,479.5,357.6,460.3
AN,327.9,0.0,338.2,304.5,346.5,303.1,1815.9,246.3,232.8,244.2,247.1,190.3,337.1,351.1,266.5,4.3,198.6,339.7,192.0,93.1,127.2,307.8,303.4,108.9,112.2,249.8,259.0,63.7,209.3,183.6,32.7,155.3,317.4,40.8,321.7,314.4,218.2,64.9,239.3,227.1,187.2,247.5,302.1,263.3,227.5,7.9,22.9,285.8,38.5,244.1,196.1,225.6,205.8,324.3,70.5,210.1,282.0,320.3,153.7,76.0,51.5,229.7,173.7,245.5,203.3,313.3,176.3,156.9,282.1,216.5,47.6,60.5,144.4,66.1,322.5,173.6,186.1,232.9,340.3,227.9,75.0,299.7,312.0,136.0,253.0,319.8,360.8,183.1,234.4,209.5,320.1,120.1,210.3,198.8,346.1,88.3,326.9
AR,555.1,313.2,0.0,118.6,70.1,494.1,1739.9,491.8,147.9,511.0,451.5,238.7,151.2,566.2,178.1,308.4,453.6,157.4,458.8,385.3,332.2,542.7,572.6,372.7,404.0,519.0,514.6,291.9,257.7,455.7,346.0,317.8,534.8,350.3,150.4,556.9,165.3,371.9,480.6,173.1,348.0,188.2,200.0,199.7,446.3,301.2,288.5,192.1,351.8,188.4,464.4,172.7,467.9,566.8,383.8,232.1,524.5,79.5,314.5,311.4,315.6,475.2,440.5,163.9,281.2,33.3,333.2,234.8,226.4,488.2,331.8,373.8,414.4,379.4,63.5,389.3,391.1,442.9,81.3,172.2,388.3,488.6,74.6,213.9,516.8,562.3,123.4,449.8,175.1,468.4,133.3,384.1,258.7,247.2,87.1,401.6,141.0
AY,566.0,324.1,139.2,0.0,151.1,467.3,1702.7,465.0,158.8,484.2,424.7,249.6,32.5,577.1,140.9,319.3,426.8,42.8,432.0,396.2,343.1,553.6,543.4,383.6,414.9,489.8,487.8,302.8,268.6,428.9,356.9,328.7,508.0,361.2,113.2,567.8,176.2,382.8,453.8,184.0,358.9,199.1,162.8,210.6,419.5,312.1,299.4,154.9,362.7,199.3,437.6,183.6,441.1,577.7,394.7,243.0,535.4,121.5,325.4,317.0,326.5,448.4,413.7,174.8,292.1,114.3,344.1,245.7,237.3,456.5,342.7,384.7,425.3,390.3,123.5,400.2,402.0,416.1,141.3,183.1,399.2,499.5,116.6,224.8,490.0,573.2,165.4,423.0,186.0,441.6,14.6,395.0,269.6,258.1,147.1,412.5,26.4
AZ,557.2,327.4,56.3,136.7,0.0,512.2,1758.0,509.9,166.0,529.1,469.6,256.8,169.3,584.3,186.1,326.5,483.5,175.5,486.0,403.4,350.3,560.8,590.7,390.8,439.7,537.1,532.7,310.0,275.8,468.5,364.1,335.9,552.9,368.4,167.9,575.0,183.4,390.0,498.7,192.3,366.1,206.3,218.1,224.9,464.4,322.6,306.6,201.8,369.9,206.5,481.0,190.8,486.8,584.9,401.9,217.6,542.6,97.4,332.6,329.5,333.7,493.3,458.6,178.7,299.3,31.7,351.3,252.9,244.5,506.3,349.9,391.9,426.3,397.5,81.6,407.4,409.2,455.4,99.4,190.3,406.4,560.3,92.7,232.0,534.9,580.4,141.5,467.9,193.2,490.5,151.4,402.0,276.8,265.3,105.2,419.7,159.1
BA,258.5,268.9,493.7,460.0,552.0,0.0,2003.7,234.6,433.7,130.7,53.9,391.2,492.6,285.6,486.3,269.7,184.6,545.2,229.6,256.6,320.4,242.3,144.9,236.6,349.1,91.3,71.3,280.1,410.2,93.0,272.5,329.9,40.6,264.6,482.3,198.8,469.1,281.0,37.3,478.0,361.8,448.4,471.9,464.2,142.7,273.3,288.3,455.6,284.8,448.6,224.6,476.5,74.7,162.3,264.9,414.6,166.4,522.2,328.3,275.6,304.2,171.6,159.7,446.4,404.2,468.8,393.4,357.8,533.0,60.5,304.5,250.7,272.1,280.4,478.0,423.9,425.7,81.1,495.8,432.4,312.3,137.7,517.5,336.9,125.9,157.8,566.3,169.1,435.3,238.0,475.6,294.2,411.2,399.7,548.0,381.0,482.4
BB,2153.3,1946.0,1912.4,1878.7,1924.3,2126.9,0.0,2124.6,1932.0,2157.0,2084.3,1950.1,1911.3,2164.4,1868.7,1941.2,2086.4,1917.5,2091.6,2018.1,1965.0,2140.9,2170.8,2005.5,2036.8,2117.2,2161.8,1924.7,1969.1,2088.5,1978.8,1950.6,2167.6,1983.1,1865.6,2155.1,1949.4,2004.7,2113.4,1957.2,1980.8,1972.3,1890.6,1983.8,2079.1,1934.0,1921.3,1882.7,1984.6,1972.5,2097.2,1956.8,2101.8,2165.0,2016.6,1943.5,2122.7,1894.7,1947.3,1944.2,1948.4,2108.0,2073.3,1948.0,1963.1,1887.5,1966.0,1916.7,2010.5,2086.4,1964.6,2006.6,2047.2,2012.2,1896.7,2022.1,2023.9,2075.7,1914.5,1956.3,2021.1,2086.8,1889.8,1895.8,2154.8,2160.5,1938.6,2082.6,1959.2,2101.2,1893.4,2016.9,1970.1,1958.6,1920.3,2034.4,1901.1
BH,363.8,266.7,484.5,450.8,496.4,227.7,1994.5,0.0,424.5,218.9,158.7,382.0,483.4,390.9,430.7,271.1,174.5,489.6,213.3,258.0,311.2,367.4,278.1,238.0,304.1,224.5,233.7,270.9,401.0,163.6,273.9,320.7,242.0,266.0,426.7,305.0,413.5,282.4,187.8,422.4,352.6,439.2,462.7,455.0,59.0,274.7,295.1,454.8,293.9,439.4,217.4,420.9,176.6,314.9,266.3,405.4,264.6,466.6,319.1,220.0,295.0,18.3,161.4,437.2,395.0,459.6,337.8,348.6,477.4,191.2,295.3,252.1,273.3,281.8,468.8,368.3,370.1,144.5,486.6,423.2,313.7,267.5,461.9,327.7,224.7,310.4,510.7,170.8,426.1,193.3,465.5,249.2,402.0,390.5,492.4,343.7,473.2
BY,450.8,225.5,191.2,157.5,203.1,406.4,1778.8,404.1,0.0,423.3,363.8,151.0,190.1,461.9,217.0,220.7,365.9,196.3,371.1,297.6,244.5,438.4,482.5,285.0,316.3,428.9,426.9,204.2,170.0,368.0,258.3,230.1,447.1,262.6,189.3,452.6,77.6,284.2,392.9,85.4,260.3,82.5,238.9,112.0,358.6,213.5,200.8,231.0,264.1,82.7,376.7,85.0,380.2,462.5,296.1,144.4,420.2,173.5,226.8,223.7,227.9,387.5,352.8,11.0,193.5,166.3,245.5,147.1,120.7,395.6,244.1,286.1,326.7,291.7,175.5,301.6,303.4,355.2,193.3,66.5,300.6,384.3,168.6,126.2,429.1,458.0,217.4,362.1,69.4,380.7,172.2,296.4,171.0,159.5,199.1,313.9,179.9
BZ,316.4,222.8,507.0,473.3,518.9,140.7,2015.0,201.5,431.9,0.0,123.8,389.4,505.9,327.5,463.3,227.2,130.3,512.1,178.0,214.1,308.9,304.0,117.7,194.1,242.6,70.3,123.0,245.4,408.4,45.2,230.0,338.7,181.4,222.1,460.2,182.0,420.9,238.5,103.3,428.7,368.9,446.6,485.2,455.3,156.0,233.8,245.8,477.3,242.3,446.8,183.6,428.3,65.1,177.9,222.4,382.8,104.2,489.3,335.4,227.4,257.5,184.9,117.2,447.9,402.4,482.1,354.1,356.0,484.8,80.5,268.5,208.2,235.8,237.9,491.3,366.0,367.8,158.4,509.1,430.6,269.8,126.0,484.4,335.1,46.2,187.4,533.2,126.5,433.5,145.1,488.0,205.5,409.4,397.9,514.9,292.1,495.7
CF,262.4,211.5,439.7,406.0,451.6,42.5,1949.7,134.2,379.7,122.4,0.0,337.2,438.6,273.5,396.0,215.9,119.0,444.8,166.7,202.8,266.4,250.0,151.6,182.8,231.3,98.0,63.0,226.1,356.2,73.0,218.7,277.6,83.2,210.8,392.9,162.9,368.7,227.2,29.0,376.5,307.8,394.4,417.9,403.1,88.7,222.5,234.5,410.0,231.0,394.6,172.3,376.1,67.2,172.8,211.1,330.6,130.5,422.0,274.3,175.2,250.2,117.6,105.9,395.7,350.2,414.8,293.0,303.8,432.6,64.7,250.5,196.9,224.5,226.6,424.0,323.5,325.3,32.7,441.8,378.4,258.5,94.6,417.1,282.9,128.2,168.3,465.9,115.2,381.3,133.8,420.7,194.2,357.2,345.7,447.6,280.8,428.4
CH,417.2,191.9,239.9,206.2,251.8,372.8,1791.3,370.5,134.5,389.7,330.2,0.0,238.8,428.3,255.6,187.1,332.3,245.0,337.5,264.0,210.9,404.8,448.9,251.4,282.7,395.3,393.3,170.6,91.0,334.4,224.7,196.5,413.5,229.0,238.0,419.0,123.5,250.6,359.3,131.3,226.7,149.2,277.5,157.9,325.0,179.9,167.2,269.6,230.5,149.4,343.1,130.9,346.6,428.9,262.5,47.4,386.6,222.2,193.2,190.1,194.3,353.9,319.2,150.5,159.9,215.0,211.9,113.5,187.4,362.0,210.5,252.5,293.1,258.1,224.2,268.0,269.8,321.6,242.0,133.2,267.0,350.7,217.3,92.6,395.5,424.4,266.1,328.5,136.1,347.1,220.9,262.8,19.9,80.5,247.8,280.3,228.6
CP,597.9,356.0,171.1,31.8,183.0,499.2,1734.6,496.9,190.7,516.1,456.6,281.5,0.0,609.0,172.8,351.2,458.7,21.7,463.9,428.1,375.0,585.5,575.3,415.5,446.8,521.7,519.7,334.7,300.5,460.8,388.8,360.6,539.9,393.1,145.1,599.7,208.1,414.7,485.7,215.9,390.8,231.0,194.7,242.5,451.4,344.0,331.3,186.8,394.6,231.2,469.5,215.5,473.0,609.6,426.6,274.9,567.3,153.4,357.3,348.9,358.4,480.3,445.6,206.7,324.0,146.2,376.0,277.6,269.2,488.4,374.6,416.6,457.2,422.2,155.4,432.1,433.9,448.0,173.2,215.0,431.1,531.4,148.5,256.7,521.9,605.1,197.3,454.9,217.9,473.5,17.1,426.9,301.5,290.0,179.0,444.4,37.0
DM,111.0,346.1,529.4,495.7,541.3,378.0,2021.4,476.9,456.3,389.9,336.6,413.8,528.3,0.0,485.7,350.5,417.4,534.5,422.6,359.5,454.3,58.2,403.7,339.5,365.9,350.1,394.7,390.8,432.8,346.9,353.3,484.1,418.7,361.4,482.6,388.0,445.3,361.8,363.3,453.1,514.3,471.0,507.6,479.7,404.0,357.1,369.1,499.7,365.6,471.2,428.2,452.7,334.7,397.9,345.7,407.2,355.6,511.7,480.8,403.7,397.7,460.3,404.3,472.3,426.8,504.5,499.5,380.4,509.2,319.3,394.7,331.5,381.2,361.2,513.7,511.4,513.2,314.9,531.5,455.0,393.1,319.7,506.8,359.5,387.7,393.4,555.6,413.6,457.9,432.2,510.4,350.9,433.8,422.3,537.3,415.4,518.1
DO,587.1,357.3,176.3,142.6,188.2,483.6,1719.0,481.3,195.9,500.5,441.0,286.7,175.2,614.2,0.0,356.4,454.9,181.4,448.3,433.3,380.2,590.7,559.7,420.7,469.6,506.1,504.1,339.9,305.7,439.9,394.0,361.4,524.3,398.3,100.5,604.9,213.3,419.9,470.1,222.2,396.0,236.2,101.3,247.7,435.8,352.5,336.5,93.4,399.8,236.4,452.4,220.7,458.2,614.8,431.8,247.5,572.5,158.4,362.5,333.3,363.6,464.7,430.0,208.6,329.2,151.4,381.2,282.8,274.4,472.8,379.8,421.8,456.0,427.4,160.6,437.3,439.1,426.8,178.4,220.2,436.3,590.2,153.7,261.9,506.3,610.3,202.5,439.3,223.1,461.9,157.3,431.9,306.7,295.2,184.2,449.6,165.0
EE,344.8,4.7,333.8,300.1,345.7,281.5,1811.5,251.1,228.4,249.0,251.9,185.9,332.7,355.9,275.8,0.0,191.6,338.9,196.8,97.9,115.7,332.4,308.2,113.7,95.5,254.6,263.8,68.5,204.9,193.7,37.5,161.8,322.2,45.6,331.9,319.2,217.4,69.7,244.1,225.2,192.0,243.1,297.7,251.8,232.3,6.6,18.5,289.8,43.3,243.3,202.4,224.8,205.9,329.1,75.3,179.3,286.8,316.1,158.5,80.8,47.1,234.5,178.5,244.4,198.9,308.9,177.2,152.5,281.3,221.3,52.4,65.3,155.4,70.9,318.1,172.8,174.6,243.3,335.9,227.1,79.8,250.9,311.2,131.6,254.8,324.6,360.0,187.8,230.0,206.4,314.8,125.1,205.9,194.4,341.7,93.1,322.5
EW,365.5,178.2,458.7,455.4,470.6,218.4,1966.8,193.4,383.7,159.5,149.1,341.2,488.0,384.2,404.9,179.0,0.0,494.2,129.8,165.9,260.7,340.9,218.7,145.9,220.4,165.1,174.3,197.2,360.2,98.9,181.8,288.8,232.7,173.9,419.7,245.6,372.7,198.7,154.6,381.6,320.7,398.4,436.9,414.2,155.9,182.6,197.6,429.0,194.1,398.6,133.9,388.5,125.6,255.5,174.2,364.6,205.2,449.2,287.2,179.2,209.3,168.4,45.5,396.4,354.2,433.8,305.9,307.8,436.6,131.8,220.3,160.0,181.4,189.7,443.0,326.2,328.0,134.9,460.8,390.8,221.6,213.7,444.5,286.9,168.3,251.0,484.9,34.9,385.3,28.2,471.0,165.5,361.2,349.7,466.6,243.9,477.8
EX,578.8,352.9,168.0,52.8,179.9,496.1,1731.5,493.8,187.6,513.0,453.5,278.4,21.5,605.9,159.6,348.1,467.4,0.0,460.8,425.0,371.9,562.6,572.2,412.4,461.3,518.6,516.6,331.6,297.4,457.7,385.7,361.9,536.8,390.0,131.0,596.6,205.0,411.6,482.6,213.9,387.7,227.9,191.6,246.5,448.3,344.2,328.2,175.3,391.5,228.1,464.9,212.4,470.7,606.5,423.5,239.2,564.2,150.1,354.2,345.8,355.3,477.2,442.5,200.3,320.9,143.1,372.9,274.5,266.1,485.3,371.5,413.5,451.2,419.1,152.3,429.0,430.8,439.3,170.1,211.9,428.0,528.3,145.4,253.6,521.8,602.0,194.2,451.8,214.8,474.4,37.8,423.6,298.4,286.9,175.9,441.3,15.2
EY,355.6,173.1,464.1,460.8,469.1,259.4,1972.2,202.6,389.1,200.5,197.0,346.6,493.4,389.6,403.4,184.4,161.8,499.6,0.0,171.3,266.1,359.2,266.6,144.4,210.5,213.0,222.2,202.6,365.6,139.9,187.2,289.0,280.6,179.3,416.7,293.5,371.2,195.7,202.5,387.0,326.1,403.8,442.3,419.6,190.7,188.0,203.0,419.1,192.6,404.0,64.2,385.5,165.1,296.5,179.6,363.1,246.2,446.2,292.6,184.6,214.7,192.9,136.9,394.9,352.7,432.3,304.4,313.2,442.0,179.7,225.7,165.4,184.0,195.1,448.4,323.2,325.0,175.9,466.2,387.8,227.0,256.0,434.6,292.3,206.3,298.9,490.3,139.3,390.7,161.9,468.6,162.5,366.6,355.1,465.1,242.4,483.2
FD,336.9,92.0,414.7,381.0,426.6,273.6,1892.4,243.2,309.3,241.1,244.0,266.8,413.6,348.0,356.7,96.4,183.7,419.8,188.9,0.0,159.4,324.5,300.3,72.0,111.8,246.7,255.9,95.9,285.8,185.8,79.5,189.2,314.3,72.6,412.8,311.3,298.3,57.3,236.2,306.1,219.4,324.0,378.6,332.7,224.4,103.0,115.0,370.7,111.5,324.2,194.5,305.7,198.0,321.2,91.6,260.2,278.9,397.0,185.9,126.2,108.0,226.6,170.6,325.3,279.8,389.8,204.6,233.4,362.2,213.4,119.0,22.5,113.7,107.1,399.0,216.5,218.3,235.4,416.8,308.0,139.0,243.0,392.1,212.5,246.9,316.7,440.9,179.9,310.9,198.5,395.7,83.4,286.8,275.3,422.6,161.3,403.4
FH,434.0,113.5,370.5,336.8,382.4,339.3,1848.2,318.5,265.1,316.4,296.7,222.6,369.4,445.1,312.5,108.7,259.0,375.6,264.2,148.3,0.0,421.6,375.6,135.7,204.3,322.0,331.2,54.9,241.6,261.1,121.4,145.0,380.0,113.3,368.6,408.4,254.1,134.9,311.5,261.9,175.2,279.8,334.4,288.5,299.7,101.5,88.8,326.5,152.1,280.0,269.8,261.5,273.3,418.3,184.1,216.0,376.0,352.8,141.7,120.4,91.4,301.9,245.9,281.1,235.6,345.6,160.4,189.2,318.0,288.7,102.4,145.8,177.4,179.7,354.8,82.1,83.9,288.1,372.6,263.8,188.6,340.1,347.9,168.3,322.2,413.8,396.7,255.2,266.7,273.8,351.5,147.1,242.6,231.1,378.4,201.9,359.2
FQ,50.8,305.5,485.2,451.5,487.3,360.2,1977.2,422.9,412.1,345.7,292.4,369.6,484.1,57.5,421.6,306.3,385.0,480.5,387.5,315.3,410.1,0.0,359.5,295.3,329.5,305.9,350.5,346.6,388.6,308.0,309.1,438.2,374.5,317.2,417.6,334.0,401.1,307.8,319.1,410.0,470.1,426.8,463.4,442.6,359.8,309.9,324.9,447.1,321.4,417.2,382.5,408.5,289.7,353.7,301.5,383.2,301.6,457.5,436.6,349.7,353.5,416.1,360.1,424.8,382.6,460.3,445.5,336.2,465.0,275.1,350.5,287.3,330.8,317.0,469.5,457.4,459.2,266.5,487.3,401.0,348.9,329.1,452.8,315.3,340.5,349.2,501.6,369.5,413.7,392.0,467.1,296.7,389.6,378.1,483.3,361.4,473.9
FR,323.3,313.2,549.5,515.8,561.4,171.2,2059.5,299.9,522.3,128.1,173.1,479.8,548.4,334.4,505.8,317.6,220.7,554.6,268.4,304.5,399.3,310.9,0.0,284.5,333.0,68.5,183.4,335.8,498.8,135.6,320.4,429.1,211.9,312.5,502.7,127.2,511.3,328.9,156.5,519.1,459.3,537.0,527.7,545.7,254.4,324.2,336.2,519.8,332.7,537.2,274.0,518.7,123.4,137.1,312.8,473.2,46.2,531.8,425.8,317.8,347.9,283.3,207.6,538.3,492.8,524.6,444.5,446.4,575.2,112.5,358.9,298.6,326.2,328.3,533.8,456.4,458.2,165.3,551.6,521.0,360.2,77.0,526.9,425.5,92.6,132.6,575.7,216.9,523.9,235.5,530.5,295.9,499.8,488.3,557.4,382.5,538.2
FZ,321.7,121.2,413.5,379.8,425.4,236.6,1891.2,206.2,308.1,204.1,207.0,265.6,412.4,332.8,368.8,125.6,146.7,418.6,151.9,63.4,158.2,309.3,263.3,0.0,150.2,209.7,218.9,94.7,284.6,148.8,79.5,188.0,277.3,71.4,365.7,296.1,297.1,93.0,199.2,304.9,218.2,322.8,390.7,331.5,187.4,132.2,144.2,382.8,123.7,323.0,157.5,304.5,161.0,306.0,130.0,259.0,263.7,395.8,184.7,125.0,106.8,189.6,133.6,324.1,278.6,388.6,203.4,232.2,361.0,176.4,117.8,60.9,41.6,145.5,397.8,215.3,217.1,198.4,415.6,306.8,160.2,227.8,390.9,211.3,209.9,301.5,439.7,142.9,309.7,161.5,394.5,11.3,285.6,274.1,421.4,173.5,402.2
GW,372.6,99.5,437.8,404.1,449.7,325.3,1915.5,294.9,332.4,292.8,295.7,289.9,436.7,399.7,369.7,103.9,235.4,442.9,240.6,141.7,227.7,376.2,352.0,157.5,0.0,298.4,307.6,164.2,308.9,232.2,106.7,257.5,366.0,114.8,424.9,363.0,321.4,138.9,287.9,330.3,287.7,347.1,401.7,355.8,276.1,107.5,122.5,393.8,95.1,347.3,244.7,328.8,250.5,372.9,41.5,313.3,330.6,419.9,254.2,176.5,151.1,278.3,222.3,345.1,302.9,412.9,272.9,256.5,385.3,265.1,148.1,109.1,192.8,57.0,422.1,284.8,286.6,281.5,439.9,331.1,96.1,325.5,415.2,235.6,298.6,368.4,464.0,231.7,334.0,254.2,418.8,168.7,309.9,298.4,445.7,144.3,426.5
HK,276.6,228.4,502.8,469.1,514.7,101.3,2012.8,207.1,437.5,59.5,99.4,395.0,501.7,287.7,459.1,232.8,135.9,507.9,183.6,219.7,314.5,264.2,47.3,199.7,248.2,0.0,98.6,251.0,414.0,50.8,235.6,344.3,142.0,227.7,456.0,111.6,426.5,244.1,78.9,434.3,374.5,452.2,481.0,460.9,161.6,239.4,251.4,473.1,247.9,452.4,189.2,433.9,38.6,107.5,228.0,388.4,33.8,485.1,341.0,233.0,263.1,190.5,122.8,453.5,408.0,477.9,359.7,361.6,490.4,40.7,274.1,213.8,241.4,243.5,487.1,371.6,373.4,118.6,504.9,436.2,275.4,61.4,480.2,340.7,24.0,117.0,529.0,132.1,439.1,150.7,483.8,211.1,415.0,403.5,510.7,297.7,491.5
HL,307.5,262.3,490.5,456.8,502.4,67.6,2000.5,185.0,430.5,129.3,50.7,388.0,489.4,318.6,446.8,266.7,169.8,495.6,217.5,253.6,317.2,295.1,158.5,233.6,282.1,104.9,0.0,276.9,407.0,86.3,269.5,328.4,108.3,261.6,443.7,185.4,419.5,278.0,30.2,427.3,358.6,445.2,468.7,453.9,139.5,273.3,285.3,460.8,281.8,445.4,223.1,426.9,74.1,195.3,261.9,381.4,145.0,472.8,325.1,226.0,301.0,168.4,156.7,446.5,401.0,465.6,343.8,354.6,483.4,71.6,301.3,247.7,275.3,277.4,474.8,374.3,376.1,83.5,492.6,429.2,309.3,117.1,467.9,333.7,135.1,190.8,516.7,166.0,432.1,184.6,471.5,245.0,408.0,396.5,498.4,331.6,479.2
HO,379.0,79.7,318.7,285.0,330.6,287.5,1796.4,263.5,213.3,261.4,244.9,170.8,317.6,390.1,260.7,74.9,204.0,323.8,209.2,93.3,63.4,366.6,320.6,80.7,153.3,267.0,276.2,0.0,189.8,206.1,66.4,93.2,328.2,58.3,316.8,353.4,202.3,79.9,256.5,210.1,123.4,228.0,282.6,236.7,244.7,67.7,55.0,274.7,84.1,228.2,214.8,209.7,218.3,363.3,133.1,164.2,321.0,301.0,89.9,65.4,36.4,246.9,190.9,229.3,183.8,293.8,108.6,137.4,266.2,233.7,47.4,90.8,122.4,111.7,303.0,120.5,122.3,236.3,320.8,212.0,120.6,285.1,296.1,116.5,267.2,358.8,344.9,200.2,214.9,218.8,299.7,92.1,190.8,179.3,326.6,133.9,307.4
IA,432.2,206.9,254.9,221.2,266.8,387.8,1806.3,385.5,149.5,404.7,345.2,67.0,253.8,443.3,270.6,202.1,347.3,260.0,352.5,279.0,225.9,419.8,463.9,266.4,297.7,410.3,408.3,185.6,0.0,349.4,239.7,211.5,428.5,244.0,253.0,434.0,138.5,265.6,374.3,146.3,241.7,164.2,292.5,172.9,340.0,194.9,182.2,284.6,245.5,164.4,358.1,145.9,361.6,443.9,277.5,80.4,401.6,237.2,208.2,205.1,209.3,368.9,334.2,165.5,174.9,230.0,226.9,128.5,202.4,377.0,225.5,267.5,308.1,273.1,239.2,283.0,284.8,336.6,257.0,148.2,282.0,365.7,232.3,107.6,410.5,439.4,281.1,343.5,151.1,362.1,235.9,277.8,87.0,6.5,262.8,295.3,243.6
IR,247.4,181.1,461.7,428.0,473.6,114.1,1969.7,150.9,386.6,55.2,70.8,344.1,460.6,274.5,402.6,181.9,96.8,466.8,132.7,168.8,263.6,231.2,114.4,148.8,209.6,60.8,70.0,200.1,363.1,0.0,184.7,291.7,128.4,176.8,409.0,141.3,370.3,193.2,50.3,384.5,323.6,401.3,439.9,417.1,110.7,185.5,200.5,423.6,197.0,401.5,136.8,377.7,18.2,151.2,177.1,362.2,100.9,438.5,290.1,176.8,212.2,139.6,71.9,399.3,357.1,436.8,308.8,310.7,434.2,27.5,223.2,162.9,184.3,192.6,446.0,320.7,322.5,84.4,463.8,385.3,224.5,109.4,433.8,289.8,64.0,146.7,482.6,81.3,388.2,98.5,443.6,160.0,364.1,352.6,464.3,241.5,450.4
JL,336.1,41.6,377.8,344.1,389.7,272.8,1855.5,242.4,272.4,240.3,243.2,229.9,376.7,347.2,319.8,46.0,182.9,382.9,188.1,89.2,122.5,323.7,299.5,78.1,86.8,245.9,255.1,59.0,248.9,185.0,0.0,152.3,313.5,8.0,375.9,310.5,261.4,32.1,235.4,269.2,182.5,287.1,341.7,295.8,223.6,52.6,64.6,333.8,61.1,287.3,193.7,268.8,197.2,320.4,66.6,223.3,278.1,360.1,149.0,89.3,71.1,225.8,169.8,288.4,242.9,352.9,167.7,196.5,325.3,212.6,82.1,56.6,119.8,82.1,362.1,179.6,181.4,234.6,379.9,271.1,97.6,242.2,355.2,175.6,246.1,315.9,404.0,179.1,274.0,197.7,358.8,89.5,249.9,238.4,385.7,110.9,366.5
JP,466.9,175.2,379.5,345.8,387.0,349.1,1857.2,320.4,274.1,339.6,280.1,231.6,378.4,498.4,307.0,174.3,294.0,384.6,291.8,195.9,142.8,455.1,398.8,183.3,269.1,345.2,343.2,102.5,250.6,279.0,169.0,0.0,363.4,160.9,375.3,421.3,258.7,178.1,309.2,267.6,30.1,288.8,343.4,304.6,274.9,170.4,154.4,327.1,186.7,289.0,291.5,274.9,292.9,435.6,235.7,259.4,385.3,359.9,53.9,168.0,137.3,303.8,269.1,286.8,244.6,354.6,68.2,198.2,322.6,311.9,150.0,193.4,218.8,214.3,363.8,195.5,200.0,261.5,381.6,272.8,223.2,393.8,352.5,177.3,348.4,431.1,401.3,278.5,275.7,296.6,361.4,192.8,251.6,240.1,385.7,232.1,368.2
KG,335.2,326.0,554.4,520.7,566.3,60.6,2064.4,248.9,494.4,191.4,114.6,451.9,553.3,346.3,510.7,330.4,233.5,559.5,281.2,317.3,381.1,322.8,205.6,297.3,345.8,152.0,132.0,340.8,470.9,148.4,333.2,392.3,0.0,325.3,507.6,213.1,483.4,341.7,98.0,491.2,422.5,509.1,532.6,517.8,203.4,337.0,349.0,524.7,345.5,509.3,286.8,490.8,136.2,223.0,325.6,445.3,180.7,536.7,389.0,289.9,364.9,232.3,220.4,510.4,464.9,529.5,407.7,418.5,547.3,121.2,365.2,311.4,339.0,341.1,538.7,438.2,440.0,147.4,556.5,493.1,373.0,144.8,531.8,397.6,189.6,218.5,580.6,229.7,496.0,248.3,535.4,308.7,471.9,460.4,562.3,395.3,543.1
KT,344.2,49.7,369.7,336.0,381.6,280.9,1847.4,250.5,264.3,248.4,251.3,221.8,368.6,355.3,311.7,54.1,191.0,374.8,196.2,78.9,114.4,331.8,307.6,70.0,94.9,254.0,263.2,50.9,240.8,193.1,8.0,144.2,321.6,0.0,367.8,318.6,253.3,21.5,243.5,261.1,174.4,279.0,333.6,287.7,231.7,60.7,72.7,325.7,69.2,279.2,201.8,260.7,205.3,328.5,74.7,215.2,286.2,352.0,140.9,81.2,63.0,233.9,177.9,280.3,234.8,344.8,159.6,188.4,317.2,220.7,74.0,61.8,111.7,90.2,354.0,171.5,173.3,242.7,371.8,263.0,105.7,250.3,347.1,167.5,254.2,324.0,395.9,187.2,265.9,205.8,350.7,81.4,241.8,230.3,377.6,119.0,358.4
KZ,582.7,332.4,161.0,117.7,163.3,460.5,1669.5,431.8,171.0,451.0,391.5,261.8,150.3,609.8,79.6,331.5,393.6,166.1,417.5,384.9,355.3,576.1,519.8,371.5,454.3,456.6,454.6,324.6,290.4,390.4,358.0,336.5,484.4,359.5,0.0,537.1,198.0,371.5,420.6,197.3,371.1,211.3,111.6,229.9,386.3,324.3,321.2,103.7,357.7,211.5,402.9,195.8,418.3,547.0,416.5,222.6,496.7,133.5,337.6,293.4,338.7,424.8,390.1,193.3,304.3,136.1,356.3,257.9,259.1,423.3,354.9,392.0,407.0,385.3,135.7,422.0,423.8,386.9,163.1,195.3,394.2,514.8,128.8,237.0,456.8,552.1,177.6,389.8,198.2,422.0,132.4,382.7,291.4,270.3,159.3,417.1,140.1
LD,294.1,304.5,536.3,502.6,548.2,184.4,2046.3,286.7,513.6,146.8,159.9,471.1,535.2,321.2,482.5,308.9,212.0,541.4,259.7,295.8,390.6,277.9,114.9,275.8,341.9,87.2,174.7,327.1,490.1,132.2,311.7,416.0,198.7,303.8,478.5,0.0,502.6,320.2,143.3,511.5,450.6,528.3,514.5,544.1,241.2,315.5,327.5,506.6,324.0,528.5,263.8,510.0,113.9,9.8,304.1,494.5,51.6,518.4,417.1,309.1,339.2,270.1,198.9,526.3,484.1,511.4,435.8,437.7,566.5,99.3,350.2,289.9,311.1,319.6,520.6,447.7,449.5,157.7,538.4,512.3,351.5,69.3,513.7,416.8,108.3,32.0,562.5,208.2,515.2,230.8,517.3,287.0,491.1,479.6,544.2,373.8,525.0
LE,404.2,194.9,191.5,157.8,203.4,402.2,1779.1,373.5,86.1,392.7,333.2,120.4,190.4,431.3,207.2,190.1,347.1,196.6,340.5,267.0,213.9,388.0,451.9,254.4,303.3,398.3,396.3,173.6,139.4,337.4,227.7,195.1,416.5,232.0,178.6,422.0,0.0,253.6,362.3,8.8,229.7,100.8,239.2,72.2,328.0,186.2,170.2,222.9,233.5,101.0,344.6,38.1,350.4,431.9,265.5,81.2,389.6,173.6,196.2,193.1,197.3,356.9,322.2,98.8,162.9,166.6,214.9,116.5,139.0,365.0,213.5,255.5,289.7,261.1,175.8,271.0,272.8,319.0,193.6,84.8,270.0,384.5,168.9,95.6,401.5,427.4,217.7,331.6,87.7,354.1,172.5,265.6,140.4,128.9,199.4,283.3,180.2
LF,338.6,67.4,401.3,367.6,413.2,291.3,1879.0,260.9,295.9,258.8,261.7,253.4,400.2,365.7,333.2,68.2,201.4,406.4,206.6,57.3,146.0,322.4,318.0,84.3,126.6,264.4,273.6,82.5,272.4,203.5,22.1,171.4,332.0,31.5,388.4,329.0,284.9,0.0,253.9,293.8,206.0,310.6,365.2,326.4,242.1,74.8,86.8,348.9,83.3,310.8,210.7,292.3,216.5,338.9,88.8,276.8,296.6,383.4,172.5,112.8,94.6,244.3,188.3,308.6,266.4,376.4,191.2,220.0,348.8,231.1,105.6,40.2,123.9,104.3,385.6,203.1,204.9,247.5,403.4,294.6,119.8,314.3,378.7,199.1,264.6,334.4,427.5,197.7,297.5,220.2,382.3,95.5,273.4,261.9,409.2,133.1,390.0
LG,271.5,227.9,460.2,426.5,472.1,37.3,1970.2,154.7,400.2,93.3,20.4,357.7,459.1,282.6,416.5,232.3,135.4,465.3,183.1,219.2,286.9,259.1,122.5,199.2,247.7,68.9,33.9,246.6,376.7,50.3,235.1,298.1,78.0,227.2,413.4,149.4,389.2,243.6,0.0,397.0,328.3,414.9,438.4,423.6,109.2,238.9,250.9,430.5,247.4,415.1,188.7,396.6,38.1,159.3,227.5,351.1,109.0,442.5,294.8,195.7,270.7,138.1,122.3,416.2,370.7,435.3,313.5,324.3,453.1,35.6,271.0,213.3,240.9,243.0,444.5,344.0,345.8,53.2,462.3,398.9,274.9,81.1,437.6,303.4,99.1,154.8,486.4,131.6,401.8,150.2,441.2,210.6,377.7,366.2,468.1,297.2,448.9
LT,419.0,209.7,206.3,172.6,218.2,417.0,1793.9,388.3,100.9,407.5,348.0,135.2,205.2,446.1,222.0,204.9,361.9,211.4,355.3,281.8,228.7,402.8,466.7,269.2,318.1,413.1,411.1,188.4,154.2,352.2,242.5,209.9,431.3,246.8,193.4,436.8,7.9,268.4,377.1,0.0,244.5,115.6,254.0,73.1,342.8,201.0,185.0,237.7,248.3,115.8,360.9,46.1,365.2,446.7,280.3,96.0,404.4,188.4,211.0,207.9,212.1,371.7,337.0,113.6,177.7,181.4,229.7,131.3,153.8,379.8,228.3,270.3,304.5,275.9,190.6,285.8,287.6,333.8,208.4,99.6,284.8,422.1,183.7,110.4,416.3,442.2,232.5,346.3,102.5,368.9,188.2,280.4,155.2,143.7,214.2,298.1,195.0
MB,518.6,210.4,410.8,377.1,422.7,354.0,1888.5,351.7,305.4,370.9,311.4,262.9,409.7,529.7,352.8,205.6,313.5,415.9,318.7,227.2,174.1,506.2,430.1,214.6,287.2,376.5,374.5,133.8,281.9,315.6,200.3,31.2,394.7,192.2,408.9,457.0,294.4,213.8,340.5,302.2,0.0,320.1,374.7,328.8,306.2,198.4,185.7,366.8,218.0,320.3,324.3,301.8,327.8,466.9,267.0,256.3,416.6,393.1,85.2,199.3,170.3,335.1,300.4,321.4,275.9,385.9,103.9,229.5,358.3,343.2,181.3,224.7,256.3,245.6,395.1,231.2,233.0,302.8,412.9,304.1,254.5,388.7,388.2,208.6,376.7,462.4,437.0,309.7,307.0,328.3,391.8,226.0,282.9,271.4,418.7,267.8,399.5
MC,542.0,268.8,208.9,175.2,220.8,449.7,1796.5,447.4,85.5,466.6,407.1,194.3,207.8,553.1,234.7,264.0,409.2,214.0,414.4,340.9,287.8,529.6,525.8,328.3,359.6,472.2,470.2,247.5,213.3,411.3,301.6,273.4,490.4,305.9,207.0,543.8,120.9,327.5,436.2,128.7,303.6,0.0,256.6,155.3,401.9,256.8,244.1,248.7,307.4,23.4,420.0,128.3,423.5,553.7,339.4,187.7,511.4,191.2,270.1,267.0,271.2,430.8,396.1,101.5,236.8,184.0,288.8,190.4,61.4,438.9,287.4,329.4,370.0,335.0,193.2,344.9,346.7,398.5,211.0,25.9,343.9,475.5,186.3,169.5,472.4,549.2,235.1,405.4,67.1,424.0,189.9,339.7,214.3,202.8,216.8,357.2,197.6
MJ,599.9,358.0,173.1,139.4,185.0,480.4,1715.8,478.1,192.7,497.3,437.8,283.5,172.0,611.0,96.2,353.2,439.9,178.2,445.1,430.1,377.0,587.5,556.5,417.5,448.8,502.9,500.9,336.7,302.5,442.0,390.8,362.6,521.1,395.1,108.3,601.7,210.1,416.7,466.9,217.9,392.8,233.0,0.0,244.5,432.6,346.0,333.3,29.1,396.6,233.2,450.7,217.5,454.2,611.6,428.6,276.9,569.3,155.4,359.3,330.1,360.4,461.5,426.8,208.7,326.0,148.2,378.0,279.6,271.2,469.6,376.6,418.6,459.2,424.2,157.4,434.1,435.9,429.2,175.2,217.0,433.1,533.4,150.5,258.7,503.1,607.1,199.3,436.1,219.9,454.7,154.1,428.9,303.5,292.0,181.0,446.4,161.8
MU,446.1,232.9,233.4,199.7,250.6,444.1,1821.0,420.7,128.0,434.6,375.1,162.3,232.3,473.2,249.1,232.0,389.0,243.8,387.7,308.9,255.8,429.9,493.8,296.3,345.2,440.2,438.2,215.5,181.3,379.3,269.6,239.7,458.4,273.9,225.8,463.9,41.8,300.8,404.2,60.0,271.6,142.7,281.1,0.0,369.9,228.1,212.1,264.8,275.4,148.2,386.5,25.5,392.3,473.8,307.4,128.4,431.5,215.5,238.1,240.3,244.5,398.8,364.1,140.7,204.8,208.5,256.8,158.4,186.2,406.9,255.4,297.4,331.8,303.0,217.7,312.9,320.0,360.9,235.5,132.0,311.9,449.2,216.1,137.5,443.4,469.3,264.9,373.5,129.6,401.3,215.3,312.8,182.3,170.8,241.3,330.5,222.1
MV,320.7,207.6,425.4,391.7,437.3,142.2,1935.4,45.4,365.4,166.0,99.6,322.9,424.3,331.8,381.7,212.0,162.1,430.5,200.9,198.9,252.1,308.3,225.2,178.9,227.4,171.6,162.7,211.8,341.9,110.7,214.8,263.3,182.9,206.9,378.6,252.1,354.4,223.3,128.7,362.2,293.5,380.1,403.6,388.8,0.0,218.6,236.0,395.7,234.8,380.3,206.5,361.8,122.9,262.0,207.2,316.3,211.7,407.7,260.0,160.9,235.9,28.8,149.0,381.4,335.9,400.5,278.7,289.5,418.3,138.3,236.2,193.0,220.6,222.7,409.7,309.2,311.0,91.0,427.5,364.1,254.6,183.8,402.8,268.6,171.8,257.5,451.6,158.3,367.0,176.9,406.4,190.3,342.9,331.4,433.3,284.6,414.1
NK,336.0,8.1,327.2,293.5,339.1,315.1,1804.9,258.3,221.8,256.2,259.1,179.3,326.1,363.1,259.1,7.2,210.6,332.3,200.7,105.1,109.1,319.8,315.4,120.9,120.3,261.8,271.0,68.0,198.3,195.6,44.7,155.2,329.4,52.8,324.7,323.1,210.8,73.6,251.3,219.7,187.1,236.5,291.1,252.3,239.5,0.0,11.9,274.8,50.5,236.7,208.1,218.2,213.9,336.3,82.5,202.7,290.7,312.3,153.6,88.0,40.5,241.7,185.7,234.5,192.3,302.3,172.3,145.9,274.7,228.5,56.7,72.5,156.4,78.1,311.5,166.2,168.0,241.6,329.3,220.5,87.0,311.7,304.6,125.0,265.0,331.8,353.4,195.1,223.4,217.6,309.1,128.8,199.3,187.8,338.1,97.0,315.9
NN,364.7,24.6,315.2,281.5,327.1,301.4,1792.9,271.0,209.8,268.9,270.3,167.3,314.1,375.8,257.2,19.8,211.5,320.3,216.7,117.8,97.1,352.3,328.1,130.9,115.4,274.5,283.7,54.5,186.3,213.6,57.4,144.9,342.1,65.5,313.3,339.1,198.8,89.6,264.0,206.6,175.1,224.5,279.1,233.2,252.2,12.6,0.0,271.2,63.2,224.7,222.3,206.2,225.8,349.0,95.2,160.7,306.7,297.5,141.6,100.7,27.0,254.4,198.4,225.8,180.3,290.3,160.3,133.9,262.7,241.2,43.2,85.2,172.6,90.8,299.5,154.2,156.0,261.7,317.3,208.5,99.7,270.8,292.6,113.0,274.7,344.5,341.4,207.7,211.4,226.3,296.2,142.3,187.3,175.8,323.1,113.0,303.9
NW,589.9,369.2,188.2,154.5,200.1,521.9,1730.9,484.1,207.8,512.4,452.9,298.6,187.1,626.1,101.2,368.3,466.8,184.2,460.2,445.2,392.1,582.8,571.6,432.6,472.4,518.0,516.0,351.8,317.6,451.8,405.9,376.0,536.2,410.2,103.3,616.8,216.1,422.7,482.0,234.1,407.9,248.1,32.1,266.7,447.7,364.4,348.4,0.0,411.7,248.3,464.3,232.6,461.0,626.7,443.7,259.4,584.4,161.2,374.4,336.1,366.4,476.6,441.9,220.5,341.1,163.3,384.0,294.7,277.2,484.7,391.7,433.7,468.1,439.3,172.5,449.2,441.9,429.6,190.3,232.1,448.2,602.1,156.5,273.8,521.2,622.2,205.3,451.3,235.0,464.7,170.1,434.7,318.6,307.1,196.1,452.4,176.9
OA,369.4,28.4,366.7,333.0,378.6,306.1,1844.4,275.7,261.3,273.6,271.7,218.8,365.6,380.5,308.7,32.8,216.2,371.8,221.4,122.5,138.6,357.0,332.8,120.7,84.7,279.2,288.4,75.1,237.8,218.3,62.1,168.4,346.8,70.2,364.8,343.8,250.3,94.3,268.7,258.1,198.6,276.0,330.6,284.7,256.9,39.4,51.4,322.7,0.0,276.2,227.0,257.7,230.5,353.7,43.0,212.2,311.4,349.0,165.1,87.4,80.0,259.1,203.1,277.3,231.8,341.8,183.8,185.4,314.2,245.9,59.0,89.9,162.4,27.5,351.0,195.7,197.5,263.1,368.8,260.0,55.8,275.5,344.1,164.5,279.4,349.2,392.9,212.4,262.9,231.0,347.7,132.1,238.8,227.3,374.6,49.1,355.4
OF,513.8,256.6,196.7,163.0,208.6,437.5,1784.3,435.2,73.3,454.4,394.9,182.1,195.6,540.9,212.4,251.8,408.8,201.8,402.2,328.7,275.6,497.6,513.6,316.1,365.0,460.0,458.0,235.3,201.1,393.8,289.4,256.8,478.2,293.7,194.2,531.6,108.7,315.3,424.0,117.6,291.4,31.0,244.4,150.2,389.7,244.6,231.9,236.5,295.2,0.0,406.3,116.1,412.1,541.5,327.2,142.9,499.2,178.8,257.9,254.8,259.0,418.6,383.9,89.3,224.6,171.8,276.6,178.2,37.9,426.7,275.2,317.2,354.9,322.8,181.0,332.7,334.5,380.7,198.8,13.7,331.7,516.9,174.1,157.3,460.2,537.0,222.9,393.2,54.9,415.8,177.7,327.3,202.1,190.6,204.6,345.0,185.4
OH,354.7,175.8,456.3,453.0,467.0,258.5,1964.4,200.5,381.3,199.6,189.2,338.8,485.6,381.8,401.3,176.6,154.0,490.6,69.6,163.5,258.3,338.5,258.8,143.5,209.6,205.2,214.4,194.8,357.8,139.0,179.4,286.4,272.8,171.5,397.3,284.5,369.1,186.7,194.7,379.2,318.3,396.0,434.5,411.8,182.9,180.2,195.2,418.2,191.7,395.0,0.0,376.5,156.1,295.6,171.8,361.0,244.1,438.4,284.8,176.8,205.7,185.1,129.1,394.0,351.8,431.4,302.3,305.4,433.0,171.9,217.9,157.6,179.0,187.3,440.6,314.2,316.0,173.8,458.4,378.8,219.2,253.8,432.5,284.5,208.4,291.1,481.3,138.5,382.9,161.0,468.6,153.5,358.8,347.3,464.2,240.3,475.4
OW,425.9,216.6,213.2,179.5,225.1,397.5,1800.8,395.2,107.8,414.4,354.9,142.1,212.1,453.0,228.9,211.8,368.8,218.3,362.2,288.7,235.6,409.7,473.6,276.1,325.0,420.0,418.0,195.3,161.1,353.8,249.4,216.8,438.2,253.7,200.3,443.7,21.6,275.3,384.0,34.5,251.4,122.5,260.9,34.0,349.7,204.6,191.9,244.6,255.2,122.7,366.3,0.0,372.1,453.6,287.2,102.9,411.3,195.3,217.9,214.8,219.0,378.6,343.9,120.5,184.6,188.3,236.6,138.2,160.7,386.7,235.2,277.2,311.4,282.8,197.5,292.7,294.5,340.7,215.3,106.5,291.7,429.0,190.6,117.3,420.2,449.1,239.4,353.2,109.4,375.8,194.2,287.3,162.1,150.6,221.1,305.0,201.9
OZ,234.4,194.1,476.6,442.9,488.5,101.1,1986.6,169.2,399.6,55.9,57.8,357.1,475.5,261.5,422.8,194.9,98.0,481.7,154.8,181.8,276.6,218.2,101.4,161.8,227.9,47.8,57.0,213.1,376.1,18.2,197.7,302.0,115.4,189.8,418.8,128.3,388.6,206.2,37.3,397.5,336.6,414.3,454.8,430.1,123.7,201.5,213.5,438.5,210.0,414.5,149.8,396.0,0.0,138.2,190.1,380.5,87.9,458.7,303.1,195.1,225.2,152.6,84.9,412.3,370.1,451.7,321.8,323.7,452.5,14.5,236.2,175.9,200.6,205.6,460.9,333.7,335.5,98.0,478.7,398.3,237.5,96.4,454.0,302.8,64.7,133.7,502.8,94.3,401.2,116.8,457.6,173.0,377.1,365.6,484.5,259.8,465.3
PG,320.0,314.4,546.2,512.5,558.1,167.9,2056.2,296.6,523.5,156.7,169.8,481.0,545.1,331.1,502.5,318.8,221.9,551.3,269.6,305.7,400.5,307.6,124.8,285.7,334.2,97.1,184.6,337.0,500.0,136.8,321.6,430.3,208.6,313.7,499.4,9.8,512.5,330.1,153.2,520.3,460.5,538.2,524.4,546.9,251.1,325.4,337.4,516.5,333.9,538.4,275.2,519.9,124.6,0.0,314.0,474.4,61.5,528.5,427.0,319.0,349.1,280.0,208.8,539.5,494.0,521.3,445.7,447.6,576.4,109.2,360.1,299.8,327.4,329.5,530.5,457.6,459.4,162.0,548.3,522.2,361.4,73.7,523.6,426.7,121.2,41.9,572.4,218.1,525.1,236.7,527.2,297.1,501.0,489.5,554.1,383.7,534.9
PQ,348.5,59.4,397.7,364.0,409.6,285.2,1875.4,254.8,292.3,252.7,255.6,249.8,396.6,359.6,339.7,63.8,195.3,402.8,200.5,101.6,187.6,336.1,311.9,117.4,41.6,258.3,267.5,124.1,268.8,197.4,66.6,217.4,325.9,74.7,395.8,322.9,281.3,98.8,247.8,289.1,247.6,307.0,361.6,315.7,236.0,70.4,82.4,353.7,53.5,307.2,206.1,288.7,209.6,332.8,0.0,243.2,290.5,380.0,214.1,136.4,111.0,238.2,182.2,308.3,262.8,372.8,232.8,216.4,345.2,225.0,108.0,69.0,159.1,15.5,382.0,244.7,246.5,247.0,399.8,291.0,56.0,254.6,375.1,195.5,258.5,328.3,423.9,191.5,293.9,210.1,378.7,128.8,269.8,258.3,405.6,102.7,386.4
QA,386.7,173.5,284.8,235.1,296.7,384.7,1776.8,356.0,163.4,375.2,315.7,102.9,267.7,413.8,231.0,172.6,317.8,273.9,323.0,249.5,196.4,390.3,434.4,236.9,285.8,380.8,378.8,156.1,121.9,314.6,210.2,177.6,399.0,214.5,227.0,404.5,152.4,236.1,344.8,161.3,212.2,178.1,263.0,186.8,310.5,165.4,152.7,255.1,216.0,178.3,327.1,159.8,332.9,414.4,248.0,0.0,372.1,266.9,178.7,175.6,179.8,339.4,304.7,176.1,145.4,259.9,197.4,99.0,216.3,347.5,196.0,238.0,272.2,243.6,269.1,253.5,255.3,301.5,286.9,162.1,252.5,389.8,262.2,78.1,384.0,409.9,311.0,314.0,165.0,336.6,232.3,248.1,122.9,111.4,292.7,265.8,257.5
QB,256.1,266.5,498.3,464.6,510.2,146.4,2008.3,248.7,475.6,93.4,121.9,433.1,497.2,283.2,444.5,270.9,174.0,503.4,230.8,257.8,352.6,259.7,48.3,237.8,303.9,33.8,136.7,289.1,452.1,88.9,273.7,386.8,160.7,265.8,450.9,76.0,464.6,282.2,105.3,473.5,412.6,490.3,476.5,499.0,203.2,274.5,289.5,460.2,286.0,490.5,225.8,472.0,75.9,85.9,266.1,456.5,0.0,480.4,379.1,271.1,301.2,232.1,160.9,488.3,446.1,473.4,397.8,399.7,528.5,61.3,312.2,251.9,273.1,281.6,482.6,409.7,411.5,119.7,500.4,474.3,313.5,2.7,475.7,378.8,54.9,81.4,524.5,170.3,477.2,192.8,480.2,249.0,453.1,441.6,506.2,335.8,487.0
QJ,551.7,321.9,89.8,131.2,101.7,506.7,1752.5,504.4,160.5,523.6,464.1,251.3,163.8,578.8,180.6,321.0,466.2,170.0,480.5,397.9,344.8,555.3,585.2,385.3,434.2,531.6,527.2,304.5,270.3,463.0,358.6,326.0,547.4,362.9,152.0,569.5,177.9,384.5,493.2,186.8,360.6,200.8,212.6,219.4,458.9,313.8,301.1,196.3,364.4,201.0,475.5,185.3,481.3,579.4,396.4,212.1,537.1,0.0,327.1,324.0,328.2,487.8,453.1,173.2,293.8,64.9,345.8,247.4,239.0,500.8,344.4,386.4,420.8,392.0,94.1,401.9,403.7,449.9,111.9,184.8,400.9,554.8,42.8,226.5,529.4,574.9,91.6,462.4,187.7,485.0,145.9,396.5,271.3,259.8,117.7,414.2,153.6
QK,469.3,161.1,361.5,327.8,373.4,304.7,1839.2,302.4,256.1,321.6,262.1,213.6,360.4,480.4,303.5,156.3,264.2,366.6,269.4,177.9,124.8,456.9,380.8,165.3,237.9,327.2,325.2,84.5,232.6,266.3,151.0,59.2,345.4,142.9,359.6,407.7,245.1,164.5,291.2,252.9,89.4,270.8,325.4,279.5,256.9,149.1,136.4,317.5,168.7,271.0,275.0,252.5,278.5,417.6,217.7,207.0,367.3,343.8,0.0,150.0,121.0,285.8,251.1,272.1,226.6,336.6,29.0,180.2,309.0,293.9,132.0,175.4,207.0,196.3,345.8,181.9,183.7,253.5,363.6,254.8,205.2,339.4,338.9,159.3,327.4,413.1,387.7,260.4,257.7,279.0,342.5,176.7,233.6,222.1,369.4,218.5,350.2
QZ,367.1,99.7,309.8,276.1,321.7,296.6,1787.5,314.4,204.4,312.3,254.0,161.9,308.7,394.2,241.7,94.9,266.7,314.9,260.1,144.2,91.1,370.7,400.6,131.6,208.1,347.0,327.1,50.8,180.9,257.0,117.3,97.9,337.3,109.2,296.9,384.9,193.4,130.8,283.1,202.3,132.5,219.1,273.7,234.9,248.8,91.0,75.0,265.8,138.3,219.3,264.2,200.8,270.0,394.8,170.3,185.3,352.5,291.9,99.0,0.0,87.3,297.8,241.8,217.1,174.9,284.9,117.7,128.5,257.3,284.6,98.3,141.7,166.9,165.9,294.1,148.2,150.0,239.8,311.9,203.1,174.8,370.2,287.2,107.6,321.1,390.3,336.0,251.1,206.0,273.7,290.8,142.8,181.9,170.4,317.7,188.1,298.5
RC,368.7,40.7,346.2,312.5,358.1,315.0,1823.9,286.6,240.8,284.5,272.4,198.3,345.1,395.8,278.1,39.8,227.1,351.3,232.3,116.4,90.9,352.5,343.7,103.8,153.0,290.1,299.3,27.4,217.3,229.2,77.4,120.7,355.7,81.4,333.3,359.1,229.8,103.0,279.6,238.7,150.9,255.5,310.1,264.2,267.8,32.6,38.4,293.8,83.2,255.7,236.4,237.2,242.2,369.0,115.2,221.7,326.7,328.3,117.4,88.5,0.0,270.0,214.0,256.8,211.3,321.3,136.1,164.9,293.7,256.8,10.9,105.2,139.1,110.8,330.5,148.0,149.8,258.2,348.3,239.5,119.7,344.4,323.6,144.0,290.3,364.5,372.4,223.4,242.4,245.9,328.1,115.0,218.3,206.8,354.1,133.0,334.9
SJ,361.4,248.3,466.1,432.4,478.0,182.9,1976.1,16.5,406.1,200.5,140.3,363.6,465.0,372.5,422.4,252.7,156.1,471.2,194.9,239.6,292.8,349.0,259.7,219.6,268.1,206.1,215.3,252.5,382.6,145.2,255.5,304.0,223.6,247.6,419.3,286.6,395.1,264.0,169.4,402.9,334.2,420.8,444.3,429.5,40.6,259.3,276.7,436.4,275.5,421.0,200.5,402.5,157.4,296.5,247.9,357.0,246.2,448.4,300.7,201.6,276.6,0.0,143.0,422.1,376.6,441.2,319.4,330.2,459.0,172.8,276.9,233.7,261.3,263.4,450.4,349.9,351.7,131.7,468.2,404.8,295.3,218.3,443.5,309.3,206.3,292.0,492.3,152.3,407.7,170.9,447.1,231.0,383.6,372.1,474.0,325.3,454.8
SR,373.2,174.7,458.8,455.5,470.7,192.1,1966.9,185.1,383.8,159.6,149.2,341.3,488.1,384.3,415.1,179.1,38.7,494.3,129.9,166.0,260.8,360.8,218.8,146.0,194.5,165.2,174.4,197.3,360.3,104.3,181.9,290.6,232.8,174.0,412.0,245.7,372.8,190.4,154.7,380.6,320.8,398.5,437.0,407.2,156.0,185.7,197.7,429.1,194.2,398.7,135.5,380.2,116.5,255.6,174.3,334.7,205.3,441.1,287.3,179.3,209.4,168.5,0.0,399.8,354.3,433.9,306.0,307.9,436.7,131.9,220.4,160.1,187.7,189.8,443.1,317.9,319.7,140.6,460.9,382.5,221.7,177.4,436.2,287.0,165.4,251.1,485.0,16.9,385.4,53.5,470.2,157.4,361.3,349.8,466.7,244.0,477.9
ST,455.2,244.3,213.9,180.2,225.8,455.5,1801.5,424.5,7.7,446.0,386.5,173.7,212.8,484.6,227.3,243.4,400.4,216.7,391.5,320.3,267.2,441.3,505.2,307.7,354.3,451.6,449.6,226.9,192.7,385.4,281.0,251.1,469.8,285.3,198.7,473.0,98.0,304.6,415.6,106.9,283.0,105.2,261.6,141.8,381.3,239.5,223.5,245.3,286.8,105.4,397.9,105.4,401.4,485.2,318.8,132.2,440.6,193.7,249.5,244.1,248.3,410.2,375.5,0.0,216.2,189.0,265.9,169.8,141.1,418.3,266.8,308.8,343.2,314.4,198.2,322.0,323.8,370.0,216.0,89.2,323.3,460.6,189.0,148.9,454.8,480.7,240.1,384.9,92.1,405.1,195.8,316.6,193.7,182.2,219.5,336.6,202.6
TA,449.5,224.2,301.3,267.6,313.2,405.1,1823.6,402.8,195.9,422.0,362.5,153.4,300.2,460.6,287.9,219.4,364.6,306.4,369.8,296.3,243.2,437.1,481.2,283.7,315.0,427.6,425.6,202.9,172.4,366.7,257.0,228.8,445.8,261.3,299.4,451.3,184.9,282.9,391.6,192.7,259.0,210.6,309.8,219.3,357.3,212.2,199.5,301.9,262.8,210.8,375.4,192.3,378.9,461.2,294.8,146.8,418.9,283.6,225.5,222.4,226.6,386.2,351.5,211.9,0.0,276.4,244.2,79.4,248.8,394.3,242.8,284.8,325.4,290.4,285.6,300.3,302.1,353.9,303.4,194.6,299.3,383.0,278.7,67.2,427.8,456.7,327.5,360.8,197.5,379.4,282.3,295.1,173.4,161.9,309.2,312.6,290.0
TF,541.4,299.5,24.5,104.9,36.7,480.4,1726.2,478.1,134.2,497.3,437.8,225.0,137.5,552.5,164.4,294.7,439.9,143.7,445.1,371.6,318.5,529.0,558.9,359.0,390.3,505.3,500.9,278.2,244.0,442.0,332.3,304.1,521.1,336.6,136.7,543.2,151.6,358.2,466.9,159.4,334.3,174.5,186.3,186.0,432.6,287.5,274.8,178.4,338.1,174.7,450.7,159.0,454.2,553.1,370.1,218.4,510.8,65.8,300.8,297.7,301.9,461.5,426.8,150.2,267.5,0.0,319.5,221.1,212.7,474.5,318.1,360.1,400.7,365.7,49.8,375.6,377.4,429.2,67.6,158.5,374.6,474.9,60.9,200.2,503.1,548.6,109.7,436.1,161.4,454.7,119.6,370.4,245.0,233.5,73.4,387.9,127.3
TM,464.5,168.4,372.7,339.0,384.6,315.9,1850.4,313.6,267.3,332.8,273.3,224.8,371.6,491.6,304.6,167.5,275.4,377.8,289.7,189.1,136.0,448.3,392.0,176.5,266.7,338.4,336.4,95.7,243.8,272.2,162.2,66.0,356.6,154.1,359.8,418.9,256.3,175.7,302.4,265.2,100.6,282.0,336.6,297.8,268.1,160.3,147.6,328.7,179.9,282.2,284.7,263.7,290.5,428.8,228.9,248.2,378.5,354.8,41.5,161.2,132.2,297.0,262.3,280.0,237.8,347.8,0.0,191.4,320.2,305.1,143.2,186.6,211.8,207.5,357.0,193.1,194.9,259.1,374.8,266.0,216.4,350.6,350.1,170.5,338.6,424.3,398.9,271.7,268.9,294.2,353.7,187.7,244.8,233.3,380.6,229.7,361.4
TN,417.1,191.8,268.9,235.2,280.8,372.7,1791.2,370.4,163.5,389.6,330.1,121.0,267.8,428.2,255.5,187.0,332.2,274.0,337.4,263.9,210.8,404.7,448.8,251.3,282.6,395.2,393.2,170.5,140.0,334.3,224.6,196.4,413.4,228.9,267.0,418.9,152.5,250.5,359.2,160.3,226.6,178.2,277.4,186.9,324.9,179.8,167.1,269.5,230.4,178.4,343.0,159.9,346.5,428.8,262.4,114.4,386.5,251.2,193.1,190.0,194.2,353.8,319.1,179.5,73.4,244.0,211.8,0.0,216.4,361.9,210.4,252.4,293.0,258.0,253.2,267.9,269.7,321.5,271.0,162.2,266.9,350.6,246.3,34.8,395.4,424.3,295.1,328.4,165.1,347.0,249.9,262.7,141.0,129.5,276.8,280.2,257.6
TO,543.8,282.7,226.7,193.0,238.6,467.5,1814.3,465.2,103.3,484.4,424.9,212.1,225.6,570.9,242.4,281.8,427.0,231.8,432.2,358.7,305.6,547.4,543.6,346.1,395.0,490.0,488.0,265.3,231.1,429.1,319.4,289.5,508.2,323.7,224.2,561.6,138.7,345.3,454.0,147.6,321.4,61.0,274.4,180.2,419.7,274.6,261.9,266.5,325.2,29.9,436.3,146.1,442.1,571.5,357.2,172.9,529.2,208.8,287.9,284.8,289.0,448.6,413.9,116.0,254.6,201.8,306.6,208.2,0.0,456.7,305.2,347.2,384.9,352.8,211.0,362.7,364.5,410.7,228.8,43.7,361.7,546.9,204.1,187.3,490.2,567.0,252.9,423.3,84.9,445.8,208.6,357.3,232.1,220.6,234.6,375.0,215.4
TV,235.8,205.1,462.0,428.3,473.9,60.5,1972.0,196.7,414.2,70.5,62.4,371.7,460.9,246.9,418.3,209.5,112.6,467.1,160.3,196.4,291.2,223.4,84.3,176.4,224.9,30.7,75.3,227.7,390.7,27.5,212.3,321.0,101.2,204.4,415.2,113.7,403.2,220.8,45.8,411.0,351.2,428.9,440.2,437.6,151.2,216.1,228.1,432.3,224.6,429.1,165.9,410.6,15.3,123.6,204.7,365.1,70.8,444.3,317.7,209.7,239.8,180.1,99.5,430.2,384.7,437.1,336.4,338.3,467.1,0.0,250.8,190.5,218.1,220.2,446.3,348.3,350.1,77.8,464.1,412.9,252.1,45.4,439.4,317.4,68.3,119.1,488.2,108.8,415.8,127.4,443.0,187.8,391.7,380.2,469.9,274.4,450.7
TY,387.7,50.9,360.0,326.3,371.9,304.9,1837.7,294.0,254.6,291.9,262.3,212.1,358.9,398.8,302.0,46.1,234.5,365.1,239.7,123.9,112.0,375.3,351.1,111.3,138.4,297.5,306.7,48.5,231.1,236.6,80.4,141.8,345.6,88.5,358.1,362.1,243.6,110.5,287.0,251.4,172.0,269.3,323.9,278.0,257.1,38.9,44.7,316.0,68.2,269.5,245.3,251.0,248.8,372.0,118.2,205.5,329.7,342.3,138.5,78.0,21.0,277.4,221.4,270.6,225.1,335.1,157.2,178.7,307.5,264.2,0.0,108.2,153.0,95.8,344.3,169.1,170.9,253.7,362.1,253.3,104.7,293.8,337.4,157.8,297.7,367.5,386.2,230.7,256.2,249.3,341.0,122.7,232.1,220.6,367.9,118.0,348.7
UC,314.3,69.4,402.2,368.5,414.1,251.0,1879.9,220.6,296.8,218.5,221.4,254.3,401.1,325.4,344.2,73.8,161.1,407.3,166.3,32.5,146.9,301.9,277.7,59.5,89.2,224.1,233.3,83.4,273.3,163.2,52.4,176.7,291.7,60.1,400.3,288.7,285.8,30.2,213.6,293.6,206.9,311.5,366.1,320.2,201.8,80.4,92.4,358.2,88.9,311.7,171.9,293.2,175.4,298.6,69.0,247.7,256.3,384.5,173.4,113.7,95.5,204.0,148.0,312.8,267.3,377.3,192.1,220.9,349.7,190.8,106.5,0.0,101.2,84.5,386.5,204.0,205.8,212.8,404.3,295.5,116.4,220.4,379.6,200.0,224.3,294.1,428.4,157.3,298.4,175.9,383.2,70.9,274.3,262.8,410.1,138.7,390.9
UD,338.6,158.7,450.1,416.4,458.3,274.1,1927.8,243.7,344.7,240.7,243.6,302.2,449.0,369.4,391.6,162.2,184.2,451.5,194.2,100.0,194.8,346.8,299.9,36.5,200.7,246.3,255.5,131.3,321.2,186.3,116.1,225.5,313.9,108.0,387.6,329.3,330.0,129.6,235.8,338.9,254.8,359.4,427.3,369.0,224.0,169.7,180.8,420.3,160.3,355.9,195.0,337.4,194.7,342.6,166.6,328.8,296.6,428.8,221.3,161.6,139.7,226.2,170.2,361.6,315.2,425.2,236.3,268.8,393.9,213.0,154.4,97.5,0.0,182.1,434.4,248.5,256.9,225.7,452.2,339.7,196.8,291.5,423.8,247.9,247.4,338.1,472.9,180.4,346.3,198.4,432.0,26.9,322.2,310.7,454.3,206.4,438.8
UP,364.0,66.5,404.8,371.1,416.7,300.7,1882.5,270.3,299.4,268.2,271.1,256.9,403.7,375.1,346.8,70.9,210.8,409.9,216.0,117.1,176.7,351.6,327.4,132.9,57.1,273.8,283.0,113.2,275.9,212.9,82.1,206.5,341.4,90.2,402.9,338.4,288.4,114.3,263.3,296.2,236.7,314.1,368.7,322.8,251.5,77.5,89.5,360.8,38.0,314.3,221.6,295.8,225.1,348.3,15.5,250.3,306.0,387.1,203.2,125.5,118.1,253.7,197.7,315.4,269.9,379.9,221.9,223.5,352.3,240.5,97.1,84.5,174.6,0.0,389.1,233.8,235.6,262.5,406.9,298.1,71.5,270.1,382.2,202.6,274.0,343.8,431.0,207.0,301.0,225.6,385.8,144.3,276.9,265.4,412.7,87.2,393.5
UW,572.8,330.9,76.9,136.3,88.8,511.8,1757.6,509.5,165.6,528.7,469.2,256.4,168.9,583.9,195.8,326.1,471.3,175.1,476.5,403.0,349.9,560.4,590.3,390.4,421.7,536.7,532.3,309.6,275.4,473.4,363.7,335.5,552.5,368.0,168.1,574.6,183.0,389.6,498.3,190.8,365.7,205.9,217.7,217.4,464.0,318.9,306.2,209.8,369.5,206.1,482.1,190.4,485.6,584.5,401.5,249.8,542.2,77.2,332.2,329.1,333.3,492.9,458.2,181.6,298.9,52.0,350.9,252.5,244.1,505.9,349.5,391.5,432.1,397.1,0.0,407.0,408.8,460.6,17.7,189.9,406.0,506.3,72.3,231.6,534.5,580.0,121.1,467.5,192.8,486.1,151.0,401.8,276.4,264.9,31.0,419.3,158.7
VM,477.2,168.8,429.7,396.0,441.6,424.9,1907.4,377.7,324.3,375.6,355.9,281.8,428.6,504.3,361.6,167.9,330.0,434.8,323.4,207.5,104.2,480.8,434.8,194.9,281.1,381.2,390.4,114.1,300.8,320.3,180.6,199.8,439.2,172.5,416.8,467.6,313.3,194.1,370.7,322.2,234.4,339.0,393.6,354.8,358.9,160.7,148.0,385.7,211.3,339.2,327.5,320.7,333.3,477.5,243.3,305.2,435.2,411.8,200.9,179.6,150.6,361.1,305.1,337.0,294.8,404.8,219.6,248.4,377.2,347.9,161.6,205.0,230.2,238.9,414.0,0.0,95.1,341.7,431.8,323.0,247.8,429.8,407.1,227.5,384.4,473.0,455.9,314.5,325.9,337.0,410.7,206.1,301.8,290.3,437.6,261.1,418.4
VR,444.7,136.3,397.2,363.5,409.1,392.4,1874.9,345.2,291.8,343.1,323.4,249.3,396.1,471.8,329.1,135.4,297.5,402.3,290.9,175.0,71.7,448.3,402.3,162.4,248.6,348.7,357.9,81.6,268.3,282.5,148.1,176.1,406.7,140.0,384.3,435.1,280.8,161.6,338.2,289.7,201.9,306.5,361.1,322.3,326.4,128.2,115.5,344.8,178.8,306.7,296.5,288.2,300.8,445.0,210.8,272.7,402.7,379.3,168.4,147.1,118.1,328.6,272.6,304.5,262.3,372.3,187.1,215.9,344.7,315.4,129.1,172.5,197.9,206.4,381.5,80.8,0.0,309.2,399.3,290.5,215.3,397.6,374.6,195.0,348.9,440.5,423.4,281.9,293.4,304.5,378.2,173.6,269.3,257.8,405.1,228.6,385.9
WB,219.2,209.8,423.6,389.9,435.5,58.6,1933.6,128.9,374.4,123.0,16.0,331.9,422.5,246.3,369.8,210.6,113.7,428.7,161.4,197.5,261.1,203.0,167.7,177.5,243.6,114.1,79.1,220.8,350.9,67.7,213.4,267.9,99.3,205.5,376.2,179.0,363.4,221.9,45.1,372.3,302.5,389.1,401.8,404.9,83.4,217.2,229.2,393.9,225.7,389.3,165.5,370.8,80.7,188.9,205.8,355.3,146.6,405.7,269.0,169.9,244.9,112.3,100.6,387.1,344.9,398.7,287.7,298.5,427.3,80.8,245.2,191.6,212.8,221.3,407.9,318.2,320.0,0.0,425.7,373.1,253.2,162.7,401.0,277.6,128.8,184.4,449.8,109.9,376.0,132.5,404.6,188.7,351.9,340.4,431.5,275.5,412.3
WE,587.0,345.1,91.1,150.5,103.0,526.0,1771.8,523.7,179.8,542.9,483.4,270.6,183.1,598.1,210.0,340.3,485.5,189.3,490.7,417.2,364.1,574.6,604.5,404.6,435.9,550.9,546.5,323.8,289.6,487.6,377.9,349.7,566.7,382.2,182.3,588.8,197.2,403.8,512.5,205.0,379.9,220.1,231.9,231.6,478.2,333.1,320.4,224.0,383.7,220.3,496.3,204.6,499.8,598.7,415.7,264.0,556.4,91.4,346.4,343.3,347.5,507.1,472.4,195.8,313.1,66.2,365.1,266.7,258.3,520.1,363.7,405.7,446.3,411.3,14.1,421.2,423.0,474.8,0.0,204.1,420.2,520.5,86.5,245.8,548.7,594.2,135.3,481.7,207.0,500.3,165.2,416.0,290.6,279.1,45.2,433.5,172.9
WL,500.0,242.8,182.9,149.2,194.8,450.1,1770.5,421.4,59.5,440.6,381.1,168.3,181.8,527.1,198.6,238.0,395.0,188.0,388.4,314.9,261.8,483.8,499.8,302.3,351.2,446.2,444.2,221.5,187.3,385.3,275.6,251.8,464.4,279.9,170.0,517.8,94.9,301.5,410.2,103.8,277.6,15.9,230.6,136.4,375.9,234.1,218.1,214.3,281.4,16.1,392.5,102.3,398.3,527.7,313.4,129.1,485.4,165.0,244.1,241.0,245.2,404.8,370.1,72.2,210.8,158.0,262.8,164.4,54.1,412.9,261.4,303.4,337.6,309.0,167.2,318.9,320.7,366.9,185.0,0.0,317.9,480.3,160.3,143.5,449.4,523.2,209.1,379.5,41.1,402.0,163.9,313.5,188.3,176.8,190.8,331.2,171.6
XA,385.9,76.0,414.3,380.6,426.2,322.6,1892.0,292.2,308.9,290.1,293.0,266.4,413.2,397.0,356.3,80.4,232.7,419.4,237.9,139.0,186.2,373.5,349.3,154.8,86.2,295.7,304.9,122.7,285.4,234.8,104.0,216.0,363.3,112.1,412.4,360.3,297.9,136.2,285.2,305.7,246.2,323.6,378.2,332.3,273.4,87.0,99.0,370.3,46.9,323.8,243.5,305.3,247.0,370.2,66.0,259.8,327.9,396.6,212.7,135.0,127.6,275.6,219.6,324.9,279.4,389.4,231.4,233.0,361.8,262.4,106.6,106.4,196.5,74.5,398.6,243.3,245.1,284.4,416.4,307.6,0.0,292.0,391.7,212.1,295.9,365.7,440.5,228.9,310.5,247.5,395.3,166.2,286.4,274.9,422.2,78.7,403.0
XC,230.2,261.4,493.2,459.5,484.3,114.9,2003.2,256.1,470.5,106.0,116.8,428.0,492.1,278.1,418.6,265.8,168.9,498.3,225.7,252.7,347.5,254.6,68.3,232.7,298.8,52.0,131.6,284.0,447.0,83.8,268.6,377.3,155.6,260.7,425.0,68.2,459.5,256.3,100.2,480.9,407.5,485.2,471.4,493.9,198.1,272.4,284.4,463.5,280.9,464.6,222.2,466.9,70.8,80.8,261.0,430.6,2.4,454.5,374.0,266.0,296.1,227.0,155.8,486.5,441.0,468.3,392.7,394.6,523.4,56.2,307.1,246.8,271.5,276.5,477.5,417.1,385.6,114.6,495.3,448.4,308.4,0.0,449.8,373.7,64.7,76.3,498.6,165.1,472.1,166.9,474.2,256.4,448.0,436.5,480.3,330.7,481.9
XK,538.3,312.4,76.4,117.8,88.3,493.3,1739.1,491.0,147.1,510.2,450.7,237.9,150.4,565.4,167.2,307.6,464.6,156.6,458.0,384.5,331.4,522.1,571.8,371.9,420.8,518.2,513.8,291.1,256.9,449.6,345.2,321.4,534.0,349.5,138.6,556.1,164.5,371.1,479.8,173.4,347.2,187.4,199.2,206.0,445.5,300.4,287.7,182.9,351.0,187.6,462.1,171.9,467.9,566.0,383.0,198.7,523.7,54.1,313.7,310.6,314.8,474.4,439.7,163.1,280.4,51.5,332.4,234.0,225.6,487.4,331.0,373.0,407.2,378.6,80.7,388.5,390.3,436.5,98.5,171.4,387.5,518.6,0.0,213.1,516.0,561.5,48.7,449.0,174.3,471.6,132.5,383.1,257.9,246.4,104.3,400.8,140.2
XL,382.2,156.9,234.0,200.3,245.9,337.8,1756.3,335.5,128.6,354.7,295.2,86.1,232.9,393.3,220.6,152.1,297.3,239.1,302.5,229.0,175.9,369.8,413.9,216.4,247.7,360.3,358.3,135.6,105.1,299.4,189.7,161.5,378.5,194.0,232.1,384.0,117.6,215.6,324.3,125.4,191.7,143.3,242.5,152.0,290.0,144.9,132.2,234.6,195.5,143.5,308.1,125.0,311.6,393.9,227.5,79.5,351.6,216.3,158.2,155.1,159.3,318.9,284.2,144.6,67.2,209.1,176.9,20.8,181.5,327.0,175.5,217.5,258.1,223.1,218.3,233.0,234.8,286.6,236.1,127.3,232.0,315.7,211.4,0.0,360.5,389.4,260.2,293.5,130.2,312.1,215.0,227.8,106.1,94.6,241.9,245.3,222.7
XQ,288.2,241.4,530.4,496.7,539.3,155.3,2040.4,216.5,446.9,35.4,127.0,404.4,529.3,315.3,473.6,242.2,157.1,532.5,193.0,229.1,323.9,272.0,71.4,209.1,275.2,24.0,126.2,260.4,423.4,65.5,245.0,352.0,169.6,237.1,480.0,132.7,435.9,256.5,106.5,444.8,383.9,461.6,508.6,477.4,171.0,248.8,260.8,492.3,257.3,464.8,197.1,443.3,65.4,131.6,237.4,427.8,54.9,512.5,350.4,242.4,272.5,199.9,132.2,459.6,417.4,505.5,369.1,371.0,499.8,68.3,283.5,223.2,244.6,252.9,514.7,384.0,385.8,148.8,532.5,448.6,284.8,66.4,504.8,350.1,0.0,141.1,553.6,141.6,448.5,164.1,512.3,223.3,424.4,412.9,538.3,307.1,519.1
XT,332.7,327.1,558.9,525.2,570.8,180.6,2068.9,309.3,536.2,169.4,182.5,493.7,557.8,343.8,515.2,331.5,234.6,564.0,282.3,318.4,413.2,320.3,137.5,298.4,346.9,109.8,197.3,349.7,512.7,149.5,334.3,443.0,221.3,326.4,512.1,29.2,525.2,342.8,165.9,533.0,473.2,550.9,537.1,559.6,263.8,338.1,350.1,529.2,346.6,551.1,287.9,532.6,137.3,39.1,326.7,487.1,74.2,541.2,439.7,331.7,361.8,292.7,221.5,552.2,506.7,534.0,458.4,460.3,589.1,121.9,372.8,312.5,340.1,342.2,543.2,470.3,472.1,174.7,561.0,534.9,374.1,86.4,536.3,439.4,133.9,0.0,585.1,230.8,537.8,249.4,539.9,309.8,513.7,502.2,566.8,396.4,547.6
XV,578.2,352.3,116.3,157.7,128.2,533.2,1779.0,530.9,187.0,550.1,490.6,277.8,190.3,605.3,207.1,347.5,504.5,196.5,497.9,424.4,371.3,562.0,611.7,411.8,460.7,558.1,553.7,331.0,296.8,489.5,385.1,352.5,573.9,389.4,178.5,596.0,204.4,411.0,519.7,213.3,387.1,227.3,239.1,245.9,485.4,340.3,327.6,222.8,390.9,227.5,502.0,211.8,507.8,605.9,422.9,238.6,563.6,94.0,353.6,350.5,354.7,514.3,479.6,203.0,320.3,91.4,372.3,273.9,265.5,527.3,370.9,412.9,450.6,418.5,120.6,428.4,430.2,476.4,138.4,211.3,427.4,581.3,39.8,253.0,555.9,601.4,0.0,488.9,214.2,511.5,172.4,423.0,297.8,286.3,144.2,440.7,180.1
YH,348.7,169.7,450.2,446.9,462.2,209.9,1958.3,176.5,375.2,151.0,140.6,332.7,479.5,375.7,396.5,170.5,61.9,485.8,121.4,157.4,252.2,332.4,210.2,137.4,203.5,156.6,165.8,188.7,351.7,90.4,173.3,280.3,224.2,165.4,392.4,237.1,364.3,181.8,146.1,373.2,312.2,389.9,428.4,405.7,147.4,174.1,189.1,412.1,185.6,390.2,125.4,371.7,108.8,247.0,165.7,356.1,196.8,432.3,278.7,170.8,200.8,159.9,19.0,387.9,345.7,425.3,297.4,299.3,428.2,123.3,211.8,151.5,172.9,181.2,434.5,309.4,311.2,126.5,452.3,373.9,213.1,205.2,427.6,278.4,159.8,242.5,476.5,0.0,376.8,68.9,462.5,148.6,352.7,341.2,458.1,235.4,469.3
YI,527.5,254.3,194.4,160.7,206.3,435.2,1782.0,432.9,71.0,452.1,392.6,179.8,193.3,538.6,220.2,249.5,394.7,199.5,399.9,326.4,273.3,515.1,511.3,313.8,345.1,457.7,455.7,233.0,198.8,396.8,287.1,258.9,475.9,291.4,192.5,529.3,106.4,313.0,421.7,114.2,289.1,45.7,242.1,140.8,387.4,242.3,229.6,234.2,292.9,45.9,405.5,113.8,409.0,539.2,324.9,173.2,496.9,176.7,255.6,252.5,256.7,416.3,381.6,87.0,222.3,169.5,274.3,175.9,83.9,424.4,272.9,314.9,355.5,320.5,178.7,330.4,332.2,384.0,196.5,29.7,329.4,461.0,171.8,155.0,457.9,534.7,220.6,390.9,0.0,409.5,175.4,325.2,199.8,188.3,202.3,342.7,183.1
YZ,365.8,183.3,467.4,464.1,479.3,200.7,1975.5,193.7,392.4,168.2,157.8,349.9,496.7,392.9,413.6,187.7,38.1,502.9,138.5,174.6,269.4,369.4,227.4,154.6,220.7,173.8,183.0,205.9,368.9,107.6,190.5,294.8,241.4,182.6,420.0,254.3,381.4,199.0,163.3,390.3,329.4,407.1,445.6,422.9,164.6,191.3,206.3,437.7,202.8,407.3,144.1,388.8,125.9,264.2,182.9,373.3,213.9,449.5,295.9,187.9,218.0,177.1,54.2,408.4,362.9,442.5,314.6,316.5,445.3,140.5,229.0,168.7,194.2,198.4,451.7,326.5,328.3,143.6,469.5,391.1,230.3,216.8,444.8,295.6,177.0,259.7,493.6,43.6,394.0,0.0,478.8,165.8,369.9,358.4,475.3,252.6,486.5
ZB,565.6,334.9,153.9,14.6,165.8,508.4,1717.4,480.6,173.5,498.9,439.4,264.3,17.8,591.8,145.5,334.0,453.3,38.7,455.8,410.9,357.8,548.5,558.1,398.3,448.1,504.5,502.5,317.5,283.3,438.3,371.6,341.7,522.7,375.9,128.2,582.5,190.9,397.5,468.5,200.7,373.6,213.8,177.5,232.4,434.2,330.1,314.1,161.2,377.4,214.9,450.8,198.3,456.6,592.4,409.4,225.1,550.1,136.0,340.1,331.7,341.2,463.1,428.4,186.2,306.8,129.0,358.8,260.4,252.0,471.2,357.4,399.4,433.8,405.0,138.2,414.9,416.7,425.2,156.0,197.8,413.9,567.8,131.3,239.5,507.7,587.9,180.1,437.8,200.7,460.3,0.0,409.5,284.3,272.8,162.7,428.1,41.1
ZD,316.2,135.3,424.0,390.3,435.9,247.1,1901.7,216.7,318.6,214.6,217.5,276.1,422.9,343.3,369.2,136.1,169.0,429.1,162.4,73.9,168.7,300.0,273.8,10.4,178.3,220.2,229.4,105.2,295.1,159.3,90.0,194.1,287.8,81.9,365.2,306.6,307.6,103.5,209.7,316.5,228.7,333.3,401.2,342.0,197.9,142.7,154.7,384.9,134.2,333.5,166.5,315.0,172.3,316.5,140.5,299.5,274.2,406.1,195.2,135.5,117.3,200.1,144.1,334.6,289.1,399.1,213.9,242.7,371.5,186.9,128.3,71.4,24.0,156.0,408.3,225.8,227.6,203.3,426.1,317.3,170.7,268.8,401.4,221.8,223.4,312.0,450.2,153.5,320.2,176.0,405.9,0.0,296.1,284.6,431.9,184.0,412.7
ZK,430.8,205.5,253.5,219.8,265.4,386.4,1804.9,384.1,148.1,403.3,343.8,13.6,252.4,441.9,269.2,200.7,345.9,258.6,351.1,277.6,224.5,418.4,462.5,265.0,296.3,408.9,406.9,184.2,104.6,348.0,238.3,210.1,427.1,242.6,251.6,432.6,137.1,264.2,372.9,144.9,240.3,162.8,291.1,171.5,338.6,193.5,180.8,283.2,244.1,163.0,356.7,144.5,360.2,442.5,276.1,61.0,400.2,235.8,206.8,203.7,207.9,367.5,332.8,164.1,173.5,228.6,225.5,127.1,201.0,375.6,224.1,266.1,306.7,271.7,237.8,281.6,283.4,335.2,255.6,146.8,280.6,364.3,230.9,106.2,409.1,438.0,279.7,342.1,149.7,360.7,234.5,276.4,0.0,94.1,261.4,293.9,242.2
ZO,425.7,200.4,248.4,214.7,260.3,381.3,1799.8,379.0,143.0,398.2,338.7,60.5,247.3,436.8,264.1,195.6,340.8,253.5,346.0,272.5,219.4,413.3,457.4,259.9,291.2,403.8,401.8,179.1,10.4,342.9,233.2,205.0,422.0,237.5,246.5,427.5,132.0,259.1,367.8,139.8,235.2,157.7,286.0,166.4,333.5,188.4,175.7,278.1,239.0,157.9,351.6,139.4,355.1,437.4,271.0,73.9,395.1,230.7,201.7,198.6,202.8,362.4,327.7,159.0,168.4,223.5,220.4,122.0,195.9,370.5,219.0,261.0,301.6,266.6,232.7,276.5,278.3,330.1,250.5,141.7,275.5,359.2,225.8,101.1,404.0,432.9,274.6,337.0,144.6,355.6,229.4,271.3,80.5,0.0,256.3,288.8,237.1
ZP,566.8,337.0,86.9,146.3,98.8,521.8,1767.6,519.5,175.6,538.7,479.2,266.4,178.9,593.9,195.7,336.1,481.3,185.1,486.5,413.0,359.9,570.4,600.3,400.4,449.3,546.7,542.3,319.6,285.4,483.4,373.7,341.1,562.5,378.0,167.1,584.6,193.0,399.6,508.3,201.9,375.7,215.9,227.7,234.5,474.0,328.9,316.2,219.8,379.5,216.1,490.6,200.4,496.4,594.5,411.5,227.2,552.2,87.0,342.2,339.1,343.3,502.9,468.2,188.3,308.9,62.0,360.9,262.5,254.1,515.9,359.5,401.5,435.7,407.1,37.4,417.0,418.8,465.0,55.2,199.9,416.0,547.1,82.3,241.6,544.5,590.0,131.1,477.6,202.8,500.1,161.0,411.6,286.4,274.9,0.0,429.3,168.7
ZT,392.9,67.9,406.2,372.5,418.1,345.6,1883.9,315.2,300.8,313.1,311.2,258.3,405.1,420.0,338.1,72.3,267.5,411.3,260.9,162.0,178.1,376.7,372.3,160.2,161.2,318.7,327.9,114.6,277.3,257.8,101.6,203.5,386.3,109.7,393.3,383.3,289.8,133.8,308.2,298.7,238.1,315.5,370.1,331.3,296.4,75.9,90.9,353.8,58.8,315.7,265.0,297.2,270.8,393.2,101.9,281.7,350.9,388.3,204.6,126.9,119.5,298.6,242.6,313.5,271.3,381.3,223.3,224.9,353.7,285.4,98.5,129.4,195.5,86.4,390.5,235.2,237.0,297.0,408.3,299.5,77.3,368.6,383.6,204.0,321.9,388.7,432.4,251.9,302.4,274.5,387.2,171.4,278.3,266.8,414.1,0.0,394.9
ZV,578.4,336.5,151.6,36.4,163.5,479.7,1715.1,477.4,171.2,496.6,437.1,262.0,36.8,589.5,153.3,331.7,439.2,15.2,444.4,408.6,355.5,566.0,555.8,396.0,427.3,502.2,500.2,315.2,281.0,441.3,369.3,341.1,520.4,373.6,125.6,580.2,188.6,395.2,466.2,196.4,371.3,211.5,175.2,223.0,431.9,324.5,311.8,167.3,375.1,211.7,450.0,196.0,453.5,590.1,407.1,255.4,547.8,133.9,337.8,329.4,338.9,460.8,426.1,187.2,304.5,126.7,356.5,258.1,249.7,468.9,355.1,397.1,437.7,402.7,135.9,412.6,414.4,428.5,153.7,195.5,411.6,511.9,129.0,237.2,502.4,585.6,177.8,435.4,198.4,454.0,51.1,407.4,282.0,270.5,159.5,424.9,0.0
