from_stop,AB,AE,BG,BW,CC,CQ,DA,DB,DH,DI,DP,DW,DZ,EH,EQ,EV,FB,FQ,FZ,GA,GB,GL,GM,GW,HE,HI,HM,HZ,IB,JJ,JW,KD,KI,KK,KL,KM,KN,KV,LI,LO,MA,MP,MX,ND,OA,OD,PA,PD,PG,PP,PQ,PW,PX,QA,QB,QD,QI,QJ,QK,QM,QU,QW,QZ,RG,RU,RX,SC,SF,SJ,SL,SU,SW,TE,TF,TO,TP,TU,UF,US,UT,UV,VI,VN,VT,VU,WC,WD,WF,WI,WU,XE,XR,XU,YA,YF,YO,YY,ZD,ZF,ZN,ZQ,ZS
AB,0.0,275.4,206.7,342.7,246.2,423.3,460.4,428.3,315.9,320.4,266.5,418.9,336.1,189.2,125.4,211.9,392.0,489.6,356.4,291.5,514.5,261.6,274.8,446.3,359.4,330.8,428.0,199.8,419.1,331.0,76.3,375.1,325.5,414.0,363.9,122.7,416.7,418.4,214.4,454.3,278.0,388.2,211.1,230.3,404.3,345.6,210.9,224.4,206.8,241.3,2389.7,217.5,306.4,237.2,52.1,333.3,189.1,298.9,226.0,439.7,303.1,329.4,431.2,89.5,172.6,99.9,376.6,235.4,291.4,232.8,148.6,352.2,285.4,319.9,185.3,404.1,404.1,303.9,393.0,330.3,78.8,406.6,299.9,264.9,265.8,251.1,248.8,226.6,415.9,289.8,266.0,196.1,177.0,406.7,335.5,291.3,230.6,182.3,162.5,183.6,456.6,356.8
AE,221.6,0.0,277.0,73.6,326.1,183.9,221.0,188.9,102.3,75.2,90.1,201.2,406.4,264.0,245.5,108.2,152.6,250.2,117.0,46.3,275.1,331.9,345.1,206.9,166.0,85.6,237.2,164.4,179.7,83.5,271.7,135.7,111.2,182.7,124.5,220.5,177.3,179.0,118.2,214.9,357.9,170.3,138.7,310.2,164.9,70.1,290.8,146.2,123.1,157.6,2315.3,294.5,30.9,317.1,247.5,61.9,259.4,369.2,122.3,198.8,373.4,53.9,207.3,269.0,242.9,243.3,137.2,82.9,361.7,323.2,125.7,112.8,355.7,390.2,150.6,164.7,155.1,43.4,153.6,397.9,274.2,167.2,60.5,71.1,345.7,321.4,210.3,48.9,176.5,14.3,90.5,266.4,251.1,242.1,53.1,361.6,300.9,103.2,232.8,253.9,217.2,139.7
BG,214.8,277.6,0.0,344.9,108.6,388.5,447.5,430.5,318.1,322.6,268.5,352.8,191.5,94.5,106.6,214.1,394.2,484.5,358.6,293.7,469.8,117.0,112.2,448.5,295.8,333.0,361.9,202.0,421.3,333.2,168.6,358.2,327.7,364.1,353.4,108.4,382.3,420.6,230.1,456.5,140.4,322.1,213.3,92.7,374.9,347.8,67.8,232.1,209.0,243.5,2327.9,64.1,308.6,99.6,188.9,335.5,17.8,154.3,228.2,373.6,158.5,331.6,365.1,289.9,73.4,131.2,341.4,237.6,128.8,38.2,152.4,354.4,122.8,175.3,187.5,406.3,338.0,302.1,395.2,183.0,152.2,408.8,302.1,280.4,128.2,106.5,251.0,239.3,418.1,292.0,299.8,10.5,81.6,340.6,330.8,146.7,68.0,185.8,55.4,39.0,458.8,359.0
BW,295.5,95.3,350.9,0.0,400.0,144.7,181.8,149.7,183.4,156.3,106.9,162.0,480.3,337.9,319.4,182.1,113.4,211.0,77.8,127.4,235.9,405.8,419.0,167.7,126.8,166.7,198.0,238.3,140.5,9.8,345.6,96.5,170.7,143.5,85.3,294.4,138.1,139.8,192.1,175.7,431.8,131.1,212.6,384.1,125.7,4.1,364.7,220.1,197.0,231.5,2354.2,368.0,95.9,391.0,321.4,63.0,333.3,443.1,196.2,159.6,447.3,113.4,168.1,342.9,316.8,317.2,98.0,156.8,435.6,397.1,199.6,73.6,429.6,464.1,224.5,125.5,115.9,75.8,114.4,471.8,348.1,128.0,48.7,145.0,419.6,395.3,284.2,122.8,137.3,113.1,164.4,345.5,325.0,159.4,24.3,435.5,374.8,177.1,306.7,327.8,178.0,220.8
CC,201.8,305.4,108.8,372.7,0.0,453.3,490.4,458.3,345.9,350.4,296.3,443.0,119.9,62.0,129.1,241.9,422.0,519.6,386.4,321.5,544.5,91.7,39.2,476.3,386.0,360.8,452.1,229.8,449.1,361.0,155.6,405.1,355.5,454.3,393.9,136.2,446.7,448.4,257.9,484.3,31.7,412.3,241.1,15.9,434.3,375.6,50.7,259.9,236.8,271.3,2419.7,57.3,336.4,9.0,175.9,363.3,91.2,82.7,256.0,463.8,86.9,359.4,455.3,276.9,83.1,153.2,406.6,265.4,78.2,147.1,180.2,382.2,49.8,103.7,215.3,434.1,428.2,329.9,423.0,111.4,139.2,436.6,329.9,308.2,19.5,142.9,278.8,267.1,445.9,319.8,327.6,98.2,74.9,430.8,358.6,100.5,74.3,213.6,100.1,103.7,486.6,386.8
CQ,365.4,165.2,420.8,154.0,469.9,0.0,97.9,129.9,253.3,226.2,176.8,100.0,550.2,407.8,389.3,252.0,118.2,127.1,82.6,197.3,137.2,475.7,488.9,161.1,167.9,236.6,88.8,308.2,75.8,142.3,415.5,81.3,275.6,81.5,95.5,364.3,53.4,163.0,262.0,87.8,501.7,115.9,282.5,454.0,63.7,158.1,434.6,290.0,266.9,301.4,2399.1,437.9,195.3,460.9,391.3,132.9,403.2,513.0,266.1,14.9,517.2,218.3,23.4,412.8,386.7,387.1,108.2,226.7,505.5,380.9,269.5,134.7,499.5,534.0,294.4,60.8,100.7,145.7,94.6,541.7,418.0,116.9,118.6,214.9,489.5,465.2,354.1,192.7,117.2,178.7,234.3,410.2,394.9,113.6,178.4,505.4,444.7,247.0,376.6,397.7,158.8,290.7
DA,418.1,217.9,473.5,206.7,522.6,93.9,0.0,113.1,306.0,278.9,229.5,168.9,602.9,460.5,442.0,304.7,97.8,53.9,136.8,250.0,39.2,528.4,541.6,114.6,229.8,289.3,170.8,360.9,58.2,195.0,468.2,134.0,328.3,150.4,148.2,417.0,110.9,116.5,314.7,30.5,554.4,168.6,335.2,506.7,132.6,210.8,487.3,342.7,319.6,354.1,2455.5,490.6,248.0,513.6,444.0,185.6,455.9,565.7,318.8,108.8,569.9,271.0,117.3,465.5,439.4,439.8,160.9,279.4,558.2,448.6,322.2,136.9,552.2,586.7,347.1,73.9,153.4,198.4,71.8,594.4,470.7,94.1,171.3,267.6,542.2,517.9,406.8,245.4,70.7,231.4,287.0,468.1,447.6,148.3,231.1,558.1,497.4,299.7,429.3,450.4,112.3,343.4
DB,389.4,189.2,444.8,178.0,493.9,122.9,90.5,0.0,277.3,250.2,200.8,140.2,574.2,431.8,413.3,276.0,52.7,119.7,91.7,221.3,129.8,499.7,512.9,65.0,184.7,260.6,155.3,332.2,75.8,166.3,439.5,105.3,299.6,121.7,119.5,388.3,116.3,20.0,286.0,107.5,525.7,139.9,306.5,478.0,103.9,182.1,458.6,314.0,290.9,325.4,2379.6,461.9,219.3,484.9,415.3,156.9,427.2,537.0,290.1,137.8,541.2,242.3,146.3,436.8,410.7,411.1,132.2,250.7,529.5,419.9,293.5,91.8,523.5,558.0,318.4,103.7,124.7,169.7,27.6,565.7,442.0,41.8,142.6,238.9,513.5,489.2,378.1,216.7,42.0,202.7,258.3,434.2,418.9,119.6,202.4,529.4,468.7,271.0,400.6,421.7,44.7,314.7
DH,252.5,126.4,307.9,193.7,357.0,274.3,311.4,279.3,0.0,171.4,154.2,291.6,437.3,294.9,276.4,139.1,243.0,340.6,207.4,142.5,365.5,362.8,376.0,297.3,256.4,181.8,327.6,163.3,270.1,182.0,302.6,226.1,99.4,273.1,214.9,251.4,267.7,269.4,98.3,305.3,388.8,260.7,169.6,341.1,255.3,196.6,321.7,147.0,154.0,138.9,2438.8,325.4,89.0,348.0,278.4,163.4,290.3,400.1,153.2,289.2,404.3,66.0,297.7,299.9,273.8,274.2,227.6,97.3,392.6,354.1,156.6,203.2,386.6,421.1,140.7,255.1,245.5,150.9,244.0,428.8,305.1,257.6,150.9,67.3,376.6,352.3,212.3,117.0,266.9,106.2,51.5,297.3,282.0,326.8,179.6,392.5,331.8,134.1,263.7,284.8,307.6,37.3
DI,297.7,153.5,335.0,183.8,384.1,266.1,303.2,271.1,27.0,0.0,181.0,283.1,464.4,318.2,303.5,166.2,234.8,332.4,199.2,169.6,357.0,389.9,403.1,289.1,241.7,208.9,319.1,190.1,261.9,173.8,329.4,217.9,94.1,256.8,214.8,278.4,259.5,261.2,138.7,297.1,415.9,252.5,196.7,368.2,247.1,180.0,348.8,178.1,181.1,165.7,2465.9,352.1,82.6,375.1,305.5,158.1,317.1,426.9,180.3,281.0,431.4,60.7,289.5,330.7,300.9,301.3,220.0,124.4,419.7,361.1,185.2,195.0,413.7,448.2,167.8,246.9,237.3,181.7,235.8,458.6,331.9,249.4,178.0,107.0,403.7,379.1,239.1,133.8,258.7,100.9,92.6,329.3,305.3,280.8,169.9,419.6,358.9,162.5,290.8,311.9,299.4,64.4
DP,259.9,102.7,267.9,112.9,317.0,220.4,230.6,198.5,174.8,148.0,0.0,184.7,397.3,251.1,236.4,128.6,162.2,259.8,126.6,118.8,284.5,322.8,336.0,216.5,136.1,158.1,193.8,184.8,189.1,101.0,291.9,145.3,193.1,201.0,142.2,211.3,214.2,188.6,151.9,224.5,348.8,154.0,113.5,301.4,174.5,116.8,281.7,161.1,143.5,177.8,2254.7,285.4,134.8,308.0,267.7,114.4,250.3,360.1,142.7,205.5,364.3,156.7,197.0,293.1,233.8,234.2,172.7,103.3,352.6,294.0,147.6,122.4,346.6,381.4,171.0,174.3,169.9,73.9,163.2,391.5,265.3,176.8,70.1,78.2,336.6,312.3,230.7,79.8,186.1,117.1,133.9,257.3,238.2,172.5,129.1,352.5,291.8,124.9,224.0,244.8,226.8,212.2
DW,381.0,162.7,418.3,151.5,467.4,120.1,169.1,127.4,250.8,224.0,174.0,0.0,547.7,401.5,386.8,249.5,115.7,184.3,80.1,194.8,191.4,473.2,486.4,173.4,165.4,234.1,51.5,305.7,96.0,139.8,413.0,78.8,273.1,16.2,101.1,361.8,113.9,147.5,272.8,131.2,499.2,113.4,280.0,451.5,22.0,155.6,432.1,282.0,264.4,298.9,2318.2,435.4,192.8,458.4,388.8,130.4,400.7,510.5,263.6,105.2,514.7,215.8,96.7,410.3,384.2,384.6,105.7,224.2,503.0,347.2,267.0,132.2,497.0,531.5,291.9,81.0,98.2,147.2,92.1,539.2,415.5,114.4,116.1,212.4,487.0,462.7,351.6,200.7,115.0,176.2,254.8,412.9,392.4,111.1,167.7,502.9,442.2,244.5,374.1,395.2,171.1,288.2
DZ,345.4,398.4,202.9,465.7,129.9,528.8,570.5,551.3,438.9,443.4,389.3,493.1,0.0,192.0,227.4,334.9,515.0,607.5,479.4,414.5,592.8,86.0,80.6,569.3,433.6,453.8,502.2,322.8,542.1,454.0,285.6,498.5,448.5,504.4,486.0,229.1,522.6,541.4,350.9,577.3,114.6,462.4,334.1,145.8,515.2,468.6,173.5,352.9,329.8,364.3,2374.8,166.9,429.4,138.9,305.9,456.3,185.3,37.1,349.0,513.9,32.9,452.4,505.4,406.9,194.2,252.0,481.7,358.4,96.3,232.9,273.2,475.2,70.0,16.1,308.3,527.1,478.3,426.9,516.0,5.7,269.2,529.6,422.9,387.9,100.3,110.4,371.8,360.1,538.9,412.8,389.0,192.3,198.6,480.9,458.5,68.0,134.8,305.3,176.2,156.2,579.6,479.8
EH,188.4,243.3,84.8,310.6,62.0,391.2,428.3,396.2,283.8,288.6,234.4,377.1,182.0,0.0,72.3,179.8,359.9,457.5,324.3,259.4,482.4,148.1,101.3,414.2,332.3,298.7,386.2,163.9,387.0,298.9,128.6,343.0,293.4,381.9,339.9,74.0,384.6,386.3,182.3,422.2,93.8,346.4,179.0,49.9,372.2,309.7,26.7,192.3,174.7,205.4,2357.6,33.3,275.4,53.0,148.9,301.2,67.2,144.8,193.9,401.7,149.0,297.3,393.2,253.6,21.1,96.9,345.1,203.3,136.2,110.9,116.5,320.1,115.7,169.6,153.2,372.0,366.1,268.0,360.9,176.2,112.2,374.5,267.8,232.8,81.6,137.6,216.7,194.5,383.8,257.7,230.1,74.2,12.8,368.7,299.6,162.6,75.4,150.2,49.0,70.1,424.5,324.7
EQ,108.1,226.7,107.2,294.0,136.2,374.6,411.7,379.6,267.2,271.7,217.6,370.2,236.6,79.2,0.0,163.2,343.3,440.9,307.7,242.8,465.8,162.1,175.3,397.6,313.2,282.1,379.3,151.1,370.4,282.3,61.9,326.4,276.8,381.5,315.2,57.5,368.0,369.7,179.2,405.6,168.0,339.5,162.4,120.3,355.6,296.9,100.9,181.2,158.1,192.6,2341.0,104.6,257.7,127.2,82.2,284.6,89.6,199.4,177.3,391.0,203.6,280.7,382.5,183.2,73.1,59.5,327.9,186.7,191.9,151.9,101.5,303.5,185.9,220.4,136.6,355.4,355.4,251.2,344.3,228.1,45.5,357.9,251.2,229.5,155.8,151.6,200.1,188.4,367.2,241.1,248.9,96.6,81.3,358.0,279.9,191.8,131.1,134.9,63.0,84.1,407.9,308.1
EV,137.3,107.4,192.7,174.7,241.8,255.3,292.4,260.3,147.9,152.4,133.9,272.6,322.1,179.7,161.2,0.0,224.0,321.6,188.4,123.5,346.5,247.6,260.8,278.3,252.3,162.8,318.4,80.1,251.1,163.0,187.4,207.1,157.5,254.1,195.9,136.2,248.7,250.4,87.4,286.3,273.6,241.7,30.4,225.9,236.3,177.6,206.5,43.9,20.8,55.3,2323.6,209.8,138.4,232.8,163.2,165.3,175.1,284.9,14.1,270.2,289.1,161.4,278.7,184.7,158.6,159.0,208.6,67.4,277.4,238.9,41.4,184.2,271.4,305.9,66.3,236.1,226.5,131.9,225.0,313.6,189.9,238.6,131.9,110.2,261.4,237.1,126.0,69.1,247.9,121.8,129.6,187.3,166.8,297.1,160.6,277.3,216.6,18.9,148.5,169.6,288.6,188.8
FB,365.7,165.5,421.1,154.3,470.2,124.1,98.4,49.9,253.6,226.5,177.1,141.4,550.5,408.1,389.6,252.3,0.0,127.6,38.9,197.6,137.7,476.0,489.2,79.1,150.2,236.9,163.2,308.5,83.7,142.6,415.8,57.9,275.9,122.9,90.1,364.6,117.5,70.0,262.3,115.4,502.0,92.5,282.8,454.3,105.1,158.4,434.9,290.3,267.2,301.7,2358.4,438.6,195.6,461.2,391.6,133.2,403.5,513.3,266.4,139.0,517.5,218.6,147.5,413.1,387.0,387.4,102.8,227.0,505.8,398.7,269.8,57.3,499.8,534.3,294.7,104.9,77.3,146.0,35.5,542.0,418.3,14.5,118.9,215.2,489.8,465.5,354.4,193.0,49.9,179.0,234.6,410.5,395.2,168.8,178.7,505.7,445.0,247.3,376.9,398.0,94.7,291.0
FQ,470.3,270.1,525.7,258.9,574.8,134.4,54.0,153.6,358.2,331.1,281.7,204.9,655.1,512.7,494.2,356.9,138.3,0.0,177.3,302.2,14.7,580.6,593.8,155.1,270.3,341.5,211.3,413.1,98.7,247.2,520.4,186.2,380.5,186.4,200.4,469.2,151.4,157.0,366.9,53.0,606.6,220.8,387.4,558.9,168.6,263.0,539.5,394.9,371.8,406.3,2486.5,542.8,300.2,565.8,496.2,237.8,508.1,617.9,371.0,149.3,622.1,323.2,157.8,517.7,491.6,492.0,213.1,331.6,610.4,489.1,374.4,177.4,604.4,638.9,399.3,114.4,205.6,250.6,112.3,646.6,522.9,134.6,223.5,319.8,594.4,570.1,459.0,297.6,111.2,283.6,339.2,520.3,499.8,188.8,283.3,610.3,549.6,351.9,481.5,502.6,152.8,395.6
FZ,321.0,120.8,376.4,109.6,425.5,85.1,122.2,85.5,208.9,181.8,132.4,102.4,505.8,363.4,344.9,207.6,35.6,151.4,0.0,152.9,176.3,431.3,444.5,114.7,123.5,192.2,139.9,263.8,80.9,97.9,371.1,18.9,231.2,83.9,51.1,319.9,78.5,105.6,217.6,116.1,457.3,53.5,238.1,409.6,66.1,113.7,390.2,245.6,222.5,257.0,2319.4,393.5,150.9,416.5,346.9,88.5,358.8,468.6,221.7,100.0,472.8,173.9,108.5,368.4,342.3,342.7,63.8,182.3,461.1,359.7,225.1,92.9,455.1,489.6,250.0,65.9,38.3,101.3,54.8,497.3,373.6,50.1,74.2,170.5,445.1,420.8,309.7,148.3,77.7,134.3,189.9,371.0,350.5,129.8,134.0,461.0,400.3,202.6,332.2,353.3,130.3,246.3
GA,308.5,104.9,363.9,161.7,413.0,244.0,281.1,249.0,55.9,28.8,210.2,261.3,493.3,350.9,332.4,195.1,212.7,310.3,177.1,0.0,335.2,418.8,432.0,267.0,226.1,39.2,297.3,219.3,239.8,151.7,358.6,195.8,123.0,242.8,184.6,307.4,237.4,239.1,154.3,275.0,444.8,230.4,225.6,397.1,225.0,158.2,377.7,203.0,210.0,194.9,2427.8,381.4,78.9,404.0,334.4,136.0,346.3,456.1,209.2,258.9,460.3,101.9,267.4,355.9,329.8,330.2,197.3,153.3,448.6,410.1,212.6,172.9,442.6,477.1,196.7,224.8,215.2,148.4,213.7,484.8,361.1,227.3,139.7,123.3,432.6,408.3,268.3,173.0,236.6,78.8,107.5,353.3,338.0,258.7,141.2,448.5,387.8,190.1,319.7,340.8,277.3,93.3
GB,485.5,267.2,522.8,256.0,571.9,143.2,49.2,162.4,355.3,328.2,278.8,218.0,652.2,506.0,491.3,354.0,147.1,14.7,186.1,299.3,0.0,577.7,590.9,163.9,272.6,338.6,228.8,410.2,107.5,244.3,517.5,183.3,377.6,199.5,197.5,466.3,160.2,165.8,364.0,67.7,603.7,217.9,384.5,556.0,181.7,260.1,536.6,386.5,368.9,403.4,2471.8,539.9,297.3,562.9,493.3,234.9,505.2,615.0,368.1,158.1,619.2,320.3,166.6,514.8,488.7,489.1,210.2,328.7,607.5,486.6,371.5,186.2,601.5,636.0,396.4,123.2,202.7,251.7,121.1,643.7,520.0,143.4,220.6,303.6,591.5,567.2,456.1,294.7,120.0,280.7,359.3,512.2,493.1,197.6,272.2,607.4,546.7,349.0,478.6,499.7,161.6,392.7
GL,249.5,312.3,116.8,379.6,110.1,462.5,497.3,465.2,352.8,357.3,303.2,426.8,74.4,129.2,141.3,248.8,428.9,526.5,393.3,328.4,542.9,0.0,60.8,483.2,369.8,367.7,435.9,236.7,456.0,367.9,203.3,412.0,362.4,438.1,400.8,143.1,456.3,455.3,264.8,491.2,94.8,396.1,248.0,126.0,448.9,382.5,120.5,266.8,243.7,278.2,2401.0,113.9,343.3,119.1,223.6,370.2,99.2,37.2,262.9,447.6,41.4,366.3,439.1,324.6,108.1,165.9,415.4,272.3,76.5,155.1,187.1,389.1,50.2,58.2,222.2,441.0,412.0,336.8,429.9,65.9,186.9,443.5,336.8,315.1,80.5,85.3,285.7,274.0,452.8,326.7,334.5,106.2,116.3,414.6,365.5,55.0,115.0,220.5,90.1,70.1,493.5,393.7
GM,251.1,345.9,132.4,413.2,49.2,493.8,530.9,498.8,386.4,390.9,336.8,479.3,80.6,111.3,174.9,282.4,462.5,560.1,426.9,362.0,585.0,52.4,0.0,516.8,422.3,401.3,488.4,270.3,489.6,401.5,204.9,445.6,396.0,490.6,434.4,176.7,487.2,488.9,298.4,524.8,33.9,448.6,281.6,65.1,474.8,416.1,92.8,300.4,277.3,311.8,2455.5,89.1,376.9,58.2,225.2,403.8,114.8,43.4,296.5,500.1,47.6,399.9,491.6,326.2,132.4,199.5,447.1,305.9,38.9,170.7,220.7,422.7,10.6,64.4,255.8,474.6,464.5,370.4,463.5,72.1,188.5,477.1,370.4,348.7,19.6,103.6,319.3,307.6,486.4,360.3,368.1,121.8,124.2,467.1,399.1,61.2,54.1,254.1,123.7,122.6,527.1,427.3
GW,408.1,207.9,463.5,196.7,512.6,173.6,115.5,72.1,296.0,268.9,219.5,190.9,592.9,450.5,432.0,294.7,81.0,144.7,120.0,240.0,154.8,518.4,531.6,0.0,192.6,279.3,206.0,350.9,100.8,185.0,458.2,139.0,318.3,172.4,170.2,407.0,153.5,73.6,304.7,132.5,544.4,173.6,325.2,496.7,154.6,200.8,477.3,332.7,309.6,344.1,2430.3,480.6,238.0,503.6,434.0,175.6,445.9,555.7,308.8,188.5,559.9,261.0,197.0,455.5,429.4,429.8,182.9,269.4,548.2,470.6,312.2,99.7,542.2,576.7,337.1,116.5,158.4,188.4,78.3,584.4,460.7,56.0,161.3,257.6,532.2,507.9,396.8,235.4,92.7,221.4,277.0,458.1,437.6,170.3,221.1,548.1,487.4,289.7,419.3,440.4,51.3,333.4
HE,366.4,156.5,300.3,145.3,461.2,156.4,245.6,193.3,244.6,220.0,170.6,120.7,459.2,401.6,380.6,243.3,165.8,262.5,130.2,188.6,267.9,386.7,480.2,202.1,0.0,227.9,136.3,291.1,200.6,133.6,398.4,126.1,266.9,130.0,119.3,358.1,150.2,174.2,255.8,228.1,493.0,96.5,273.8,436.9,142.8,141.0,425.9,283.8,258.2,292.7,2245.9,420.8,189.1,452.2,385.1,124.2,386.1,424.0,257.4,141.5,428.2,209.6,133.0,406.6,378.0,378.4,107.3,218.0,496.8,284.2,263.3,108.0,490.8,516.9,285.7,185.6,105.9,132.6,165.9,450.7,400.9,156.6,109.9,208.7,480.8,456.5,337.0,186.5,186.8,170.0,240.2,303.7,388.7,108.5,161.5,496.7,436.0,240.8,359.5,389.0,212.4,282.0
HI,287.3,65.6,342.7,122.4,391.8,204.7,241.8,209.7,157.0,140.9,155.8,222.0,472.1,329.7,311.2,173.9,173.4,271.0,137.8,112.0,295.9,397.6,410.8,227.7,186.8,0.0,258.0,254.5,200.5,112.4,337.4,156.5,119.9,203.5,145.3,286.2,198.1,199.8,189.5,235.7,423.6,191.1,204.4,375.9,185.7,118.9,356.5,238.2,188.8,230.1,2388.5,360.2,39.6,382.8,313.2,96.7,325.1,434.9,188.0,219.6,439.1,62.6,228.1,334.7,308.6,309.0,158.0,188.5,427.4,388.9,191.4,133.6,421.4,455.9,231.9,185.5,175.9,109.1,174.4,463.6,339.9,188.0,100.4,158.5,411.4,387.1,303.5,114.6,197.3,39.5,142.7,337.3,316.8,219.4,101.9,427.3,366.6,168.9,298.5,319.6,238.0,197.9
HM,429.9,211.6,359.1,200.4,516.3,78.8,173.8,169.5,299.7,272.6,222.9,48.9,520.0,450.4,435.7,298.4,160.2,203.0,129.0,243.7,216.7,445.5,471.4,195.5,140.0,283.0,0.0,354.6,104.2,188.7,461.9,127.7,322.0,65.2,141.9,410.7,51.8,197.4,321.7,157.4,548.1,96.7,328.9,500.4,71.0,204.5,481.0,336.4,313.3,347.8,2304.7,420.4,241.7,507.3,437.7,179.3,377.0,482.8,312.5,63.9,487.0,264.7,55.4,459.2,433.1,433.5,154.6,273.1,488.0,345.0,315.9,181.1,482.0,503.8,340.8,89.2,112.6,196.1,134.2,514.2,464.4,156.5,165.0,248.0,535.9,447.8,400.5,249.6,151.6,225.1,303.7,369.7,441.3,76.8,216.6,488.0,427.2,293.4,423.0,444.1,193.2,337.1
HZ,132.7,151.0,212.1,218.3,261.2,298.9,336.0,303.9,152.8,196.3,178.5,316.2,341.5,195.3,180.6,87.5,267.6,365.2,232.0,167.1,390.1,267.0,280.2,321.9,281.0,206.4,352.2,0.0,294.7,206.6,164.7,250.7,162.4,297.7,247.6,155.6,292.3,294.0,41.6,329.9,293.0,285.3,118.0,245.3,279.9,221.2,225.9,82.1,82.4,74.0,2343.0,229.6,182.0,252.2,140.5,208.9,194.5,304.3,101.6,313.8,308.5,172.0,322.3,162.0,178.0,178.4,252.2,93.3,296.8,258.3,60.8,227.8,290.8,325.3,24.4,279.7,270.1,179.5,268.6,333.0,167.2,282.2,175.5,153.8,280.8,256.5,45.8,112.7,291.5,165.4,108.6,201.5,186.2,351.4,211.1,296.7,236.0,57.9,167.9,189.0,332.2,193.7
IB,400.7,182.4,438.0,171.2,487.1,77.2,69.5,89.7,270.5,243.4,193.7,117.2,567.4,421.2,406.5,269.2,74.4,98.7,113.4,214.5,108.8,492.9,506.1,91.2,187.1,253.8,112.5,325.4,0.0,159.5,432.7,98.5,292.8,98.7,112.7,381.4,52.6,93.1,292.5,108.2,518.9,133.1,299.7,471.2,80.9,175.3,451.8,301.7,284.1,318.6,2462.2,455.1,212.5,478.1,408.5,150.1,420.4,530.2,283.3,92.1,534.4,235.5,100.6,430.0,403.9,404.3,125.4,243.9,522.7,425.0,288.2,113.5,516.7,551.2,311.6,15.6,117.9,166.9,48.4,558.9,435.2,70.7,135.8,232.1,506.7,482.4,371.3,209.9,47.3,195.9,274.5,427.4,408.3,124.9,187.4,522.6,461.9,264.2,393.8,414.9,88.9,307.9
JJ,303.7,85.4,341.0,11.7,390.1,134.8,171.9,139.8,173.5,146.4,97.0,152.1,470.4,328.0,309.5,172.2,103.5,201.1,67.9,117.5,226.0,395.9,409.1,157.8,110.4,156.8,188.1,228.4,130.6,0.0,335.7,86.6,182.4,125.5,83.5,284.5,128.2,129.9,195.5,165.8,421.9,121.2,202.7,374.2,115.8,15.8,354.8,210.2,187.1,221.6,2344.3,358.5,106.5,381.1,311.5,53.1,323.4,433.2,186.3,149.7,437.4,125.1,158.2,336.7,306.9,307.3,88.1,146.9,425.7,387.2,189.7,63.7,419.7,454.2,214.6,115.6,106.0,69.9,104.5,461.9,338.2,118.1,38.8,121.8,409.7,385.4,274.3,112.9,127.4,124.8,177.5,330.4,315.1,149.5,27.8,425.6,364.9,168.5,296.8,317.9,168.1,210.9
JW,53.9,262.0,169.3,329.3,184.0,409.9,447.0,414.9,302.5,307.3,252.9,405.5,298.7,130.8,63.2,198.5,378.6,476.2,343.0,278.1,501.1,224.2,223.3,432.9,356.9,317.4,414.6,186.4,405.7,317.6,0.0,361.7,312.1,416.8,358.6,60.5,403.3,405.0,201.0,440.9,215.8,374.8,197.7,168.1,390.9,332.2,148.7,216.5,193.4,227.9,2376.3,152.4,293.0,175.0,14.4,319.9,151.7,261.5,212.6,426.3,265.7,316.0,417.8,115.4,135.2,37.7,363.8,222.0,254.0,195.4,136.8,338.8,233.9,282.5,171.9,390.7,390.7,290.5,379.6,290.2,16.6,393.2,286.5,264.8,203.6,213.7,235.4,213.2,402.5,276.4,252.6,163.9,139.9,393.3,322.1,253.9,193.2,168.9,125.1,146.2,443.2,343.4
KD,319.9,119.7,375.3,108.5,424.4,104.0,153.2,104.7,207.8,180.7,131.3,123.0,504.7,362.3,343.8,206.5,54.7,182.4,19.1,151.8,192.5,430.2,443.4,133.9,122.4,191.1,120.9,262.7,99.8,96.8,370.0,0.0,230.1,102.8,50.0,318.8,97.4,124.8,216.5,135.0,456.2,34.6,237.0,408.5,85.0,112.6,389.1,244.5,221.4,255.9,2300.4,392.4,149.8,415.4,345.8,87.4,357.7,467.5,220.6,143.8,471.7,172.8,135.3,367.3,341.2,341.6,62.7,181.2,460.0,340.7,224.0,112.1,454.0,488.5,248.9,84.8,19.4,100.2,73.7,496.2,372.5,69.3,73.1,169.4,444.0,419.7,308.6,147.2,104.7,133.2,188.8,369.9,349.4,110.8,132.9,459.9,399.2,201.5,331.1,352.2,149.5,245.2
KI,318.6,127.7,374.0,184.5,423.1,266.8,303.9,271.8,131.9,237.5,220.3,284.1,503.4,361.0,342.5,205.2,235.5,333.1,199.9,208.6,358.0,428.9,442.1,289.8,248.9,247.9,320.1,229.4,262.6,174.5,368.7,218.6,0.0,265.6,207.4,317.5,260.2,261.9,164.4,297.8,454.9,253.2,235.7,407.2,247.8,181.0,387.8,213.1,220.1,205.0,2450.6,391.5,84.4,414.1,344.5,158.8,356.4,466.2,219.3,281.7,470.4,61.4,290.2,366.0,339.9,340.3,220.1,163.4,458.7,420.2,222.7,195.7,452.7,487.2,206.8,247.6,238.0,171.2,236.5,494.9,371.2,250.1,162.5,133.4,442.7,418.4,278.4,183.1,259.4,101.6,117.6,368.6,348.1,281.5,164.0,458.6,397.9,200.2,329.8,350.9,300.1,172.8
KK,369.7,151.4,407.0,140.2,456.1,88.9,157.8,116.1,239.5,212.7,162.7,18.5,531.4,390.2,375.5,238.2,104.4,173.0,68.8,183.5,175.1,461.9,475.1,162.1,147.6,222.8,78.1,289.4,79.7,128.5,401.7,67.5,261.8,0.0,89.8,350.4,82.3,136.2,261.5,119.9,487.9,97.1,268.7,440.2,10.8,139.3,420.8,270.7,253.1,282.6,2336.7,424.1,182.6,447.1,377.5,119.1,384.4,499.2,252.3,123.7,503.4,204.5,115.2,402.7,372.9,373.3,95.0,212.9,491.7,365.7,257.2,120.9,480.7,520.2,280.6,69.7,86.9,130.9,80.8,530.6,404.2,103.1,104.8,187.8,475.7,451.4,340.3,189.4,103.7,164.9,238.5,401.6,377.3,99.8,151.4,491.6,430.9,234.5,362.8,383.9,159.8,276.9
KL,323.1,97.1,352.7,85.9,401.8,116.8,153.9,121.8,185.2,158.4,108.4,157.5,482.1,335.9,321.2,183.9,85.5,183.1,49.9,129.2,208.0,407.6,420.8,160.7,93.3,168.5,158.5,240.1,112.6,81.9,355.1,68.6,207.5,107.5,0.0,296.1,110.2,132.8,207.2,147.8,433.6,118.7,214.4,385.9,97.8,97.7,366.5,216.4,198.8,233.3,2307.4,369.8,128.3,392.8,330.9,64.8,342.8,452.6,198.0,131.7,449.1,150.2,169.8,348.4,318.6,319.0,13.3,158.6,437.4,378.8,202.9,66.6,439.1,465.9,226.3,97.6,88.0,89.3,86.5,476.3,357.6,100.1,50.5,133.5,421.4,404.8,293.7,135.1,109.4,110.6,196.9,355.0,323.0,145.3,102.1,437.3,376.6,180.2,308.5,329.6,165.5,222.6
KM,130.0,201.4,108.7,268.7,157.8,349.3,386.4,354.3,241.9,246.7,192.5,344.9,238.0,91.9,63.3,137.9,318.0,415.6,282.4,217.5,440.4,163.6,176.8,372.3,296.3,256.8,353.9,125.7,345.0,257.0,70.3,301.1,251.5,340.0,298.0,0.0,342.7,344.4,140.4,380.3,189.6,314.2,137.1,141.9,330.3,271.5,122.5,150.4,132.8,167.2,2315.7,125.7,233.5,148.8,90.5,259.3,91.0,200.9,152.0,365.7,205.1,255.4,357.2,195.2,74.6,22.8,303.2,161.4,193.4,134.8,74.6,278.2,187.4,221.8,111.3,330.1,330.1,229.9,319.0,232.3,53.9,332.6,225.9,190.9,177.4,153.1,174.7,152.6,341.9,215.8,192.0,98.1,79.0,332.7,261.4,193.3,132.6,108.3,64.5,85.6,382.6,282.8
KN,359.9,159.7,415.3,148.5,464.4,74.5,121.9,124.4,247.8,220.7,171.3,94.5,544.7,402.3,383.8,246.5,112.7,151.1,77.1,191.8,161.2,470.2,483.4,143.6,162.4,231.1,59.8,302.7,52.3,136.8,410.0,75.8,270.1,76.0,90.0,358.8,0.0,145.5,256.5,105.5,496.2,110.4,277.0,448.5,58.2,152.6,429.1,284.5,261.4,295.9,2409.5,432.4,189.8,455.4,385.8,127.4,397.7,507.5,260.6,102.1,511.7,212.8,93.6,407.3,381.2,381.6,102.7,221.2,500.0,372.3,264.0,129.2,494.0,528.5,288.9,37.3,95.2,140.2,89.1,536.2,412.5,111.4,113.1,209.4,484.0,459.7,348.6,187.2,99.7,173.2,228.8,409.9,389.4,108.1,172.9,499.9,439.2,241.5,371.1,392.2,141.3,285.2
KV,405.8,205.6,461.2,194.4,510.3,139.3,106.9,30.0,293.7,266.6,217.2,156.6,590.6,448.2,429.7,292.4,46.7,136.1,85.7,237.7,146.2,516.1,529.3,58.4,214.8,277.0,171.7,348.6,92.2,182.7,455.9,104.7,316.0,138.1,135.9,404.7,132.7,0.0,302.4,123.9,542.1,139.3,322.9,494.4,120.3,198.5,475.0,330.4,307.3,341.8,2396.0,478.7,235.7,501.3,431.7,173.3,443.6,553.4,306.5,154.2,557.6,258.7,162.7,453.2,427.1,427.5,148.6,267.1,545.9,436.3,309.9,121.9,539.9,574.4,334.8,120.1,124.1,186.1,44.0,582.1,458.4,21.7,159.0,255.3,529.9,505.6,394.5,233.1,58.4,219.1,274.7,450.6,435.3,136.0,218.8,545.8,485.1,287.4,417.0,438.1,38.1,331.1
LI,184.4,100.4,230.0,167.7,279.1,248.3,285.4,253.3,97.6,145.7,127.9,265.6,359.4,213.2,198.5,81.9,217.0,314.6,181.4,116.5,353.0,284.9,298.1,271.3,223.9,155.8,315.1,64.9,257.6,169.5,216.4,200.1,107.2,239.0,197.0,173.4,241.7,243.4,0.0,279.3,310.9,248.2,112.4,249.9,229.3,170.6,243.8,52.6,65.1,40.5,2360.9,233.8,132.5,270.1,192.2,158.3,212.4,322.2,96.0,263.2,326.4,116.8,271.7,230.7,195.9,196.3,202.2,38.1,314.7,256.1,80.2,177.2,308.7,329.9,42.3,229.1,219.5,128.9,218.0,353.6,227.4,231.6,124.9,89.9,298.7,274.4,113.9,51.6,240.9,114.8,66.9,224.6,200.3,300.8,160.5,314.6,253.9,80.6,185.8,206.9,281.6,138.5
LO,417.2,217.0,472.6,205.8,521.7,102.2,41.8,121.4,305.1,278.0,228.6,151.8,602.0,459.6,441.1,303.8,106.1,53.0,145.1,249.1,67.7,527.5,540.7,122.9,219.7,288.4,179.1,360.0,66.5,194.1,467.3,133.1,327.4,133.3,147.3,416.1,119.2,124.8,313.8,0.0,553.5,167.7,334.3,505.8,115.5,209.9,486.4,341.8,318.7,353.2,2460.7,489.7,247.1,512.7,443.1,184.7,455.0,564.8,317.9,117.1,569.0,270.1,125.6,464.6,438.5,438.9,160.0,278.5,557.3,456.9,321.3,145.2,551.3,585.8,346.2,82.2,152.5,197.5,80.1,593.5,469.8,102.4,170.4,266.7,541.3,517.0,405.9,244.5,79.0,230.5,286.1,467.2,446.7,156.6,230.2,557.2,496.5,298.8,428.4,449.5,120.6,342.5
MA,223.6,327.2,130.6,394.5,21.7,475.1,512.2,480.1,367.7,372.2,318.1,464.8,114.6,83.8,150.9,263.7,443.8,541.4,408.2,343.3,566.3,86.4,33.9,498.1,407.8,382.6,473.9,251.6,470.9,382.8,177.4,426.9,377.3,476.1,415.7,158.0,468.5,470.2,279.7,506.1,0.0,434.1,262.9,37.6,456.1,397.4,72.5,281.7,258.6,293.1,2441.5,76.2,358.2,30.7,197.7,385.1,113.0,77.4,277.8,485.6,81.6,381.2,477.1,298.7,104.9,175.0,428.4,287.2,72.9,168.9,202.0,404.0,44.5,98.4,237.1,455.9,450.0,351.7,444.8,106.1,161.0,458.4,351.7,330.0,14.2,137.6,300.6,288.9,467.7,341.6,349.4,120.0,96.7,452.6,380.4,95.2,69.0,235.4,121.9,125.5,508.4,408.6
MP,374.1,155.8,320.2,144.6,460.5,124.1,189.3,140.8,243.9,216.8,167.1,88.4,540.8,394.6,379.9,242.6,90.8,218.5,55.2,187.9,237.6,466.3,479.5,170.0,160.5,227.2,86.3,298.8,135.9,132.9,406.1,36.1,266.2,104.7,94.2,354.9,117.9,160.9,265.9,171.1,492.3,0.0,273.1,444.6,110.5,148.7,425.2,280.6,257.5,292.0,2265.8,428.9,185.9,451.5,381.9,123.5,393.8,503.6,256.7,109.2,507.8,208.9,100.7,403.4,377.3,377.7,98.8,217.3,496.1,306.1,260.1,148.2,490.1,524.6,285.0,120.9,15.8,140.3,109.8,532.3,408.6,105.4,109.2,192.2,480.1,455.8,344.7,193.8,140.8,169.3,247.9,330.8,385.5,76.2,160.8,496.0,435.3,237.6,367.2,388.3,185.6,281.3
MX,169.3,139.4,224.7,206.7,273.8,287.3,324.4,292.3,179.9,184.4,103.4,278.8,354.1,211.7,193.2,31.9,256.0,353.6,220.4,155.5,378.5,279.6,292.8,310.3,221.8,194.8,287.9,112.1,283.1,195.0,219.4,239.1,189.5,290.1,227.9,168.2,280.7,282.4,119.4,318.3,305.6,248.1,0.0,257.9,268.3,209.6,238.5,75.9,52.8,87.3,2293.5,241.8,170.4,264.8,195.2,197.3,207.1,316.9,16.5,299.6,321.1,193.4,291.1,216.7,190.6,191.0,240.6,99.4,309.4,270.9,73.4,216.2,303.4,337.9,98.3,268.1,264.0,163.9,257.0,345.6,221.9,270.6,163.9,142.2,293.4,269.1,158.0,101.1,279.9,153.8,161.6,219.3,198.8,266.6,192.6,309.3,248.6,50.9,180.5,201.6,320.6,220.8
ND,199.5,289.5,92.9,356.8,15.9,437.4,474.5,442.4,330.0,334.8,280.4,427.1,135.8,49.9,113.2,226.0,406.1,503.7,370.5,305.6,528.6,107.6,55.1,460.4,370.1,344.9,436.2,213.9,433.2,345.1,139.7,389.2,339.6,428.1,378.0,120.3,430.8,432.5,242.0,468.4,47.6,396.4,225.2,0.0,418.4,359.7,34.8,244.0,220.9,255.4,2403.8,41.4,320.5,6.8,160.0,347.4,75.3,98.6,240.1,447.9,102.8,343.5,439.4,264.7,67.2,137.3,390.7,249.5,94.1,131.2,162.7,366.3,65.7,119.6,199.4,418.2,412.3,318.0,407.1,130.0,123.3,420.7,314.0,292.3,35.4,155.3,262.9,240.7,430.0,303.9,280.1,82.3,59.0,414.9,349.6,116.4,83.5,196.4,84.2,87.8,470.7,370.9
OA,340.8,140.6,396.2,129.4,445.3,78.1,147.0,105.3,228.7,201.6,152.2,36.3,525.6,383.2,364.7,227.4,93.6,162.2,58.0,172.7,169.3,451.1,464.3,151.3,143.3,212.0,87.8,283.6,73.9,117.7,390.9,56.7,251.0,17.7,70.9,339.7,71.5,125.4,237.4,109.1,477.1,91.3,257.9,429.4,0.0,133.5,410.0,265.4,242.3,276.8,2349.0,413.3,170.7,436.3,366.7,108.3,378.6,488.4,241.5,93.0,492.6,193.7,101.5,388.2,362.1,362.5,83.6,202.1,480.9,389.3,244.9,110.1,474.9,509.4,269.8,58.9,76.1,121.1,70.0,517.1,393.4,92.3,94.0,190.3,464.9,440.6,329.5,168.1,92.9,154.1,209.7,385.6,370.3,89.0,153.8,480.8,420.1,222.4,352.0,373.1,149.0,266.1
OD,317.1,98.8,354.4,3.4,403.5,148.2,185.3,153.2,186.9,160.1,110.1,165.5,483.8,337.6,322.9,185.6,116.9,214.5,81.3,130.9,239.4,409.3,422.5,171.2,130.3,170.2,201.5,241.8,144.0,13.3,349.1,100.0,166.6,138.9,96.9,297.9,141.6,143.3,195.6,179.2,435.3,134.6,216.1,387.6,129.2,0.0,368.2,223.6,200.5,235.0,2357.7,371.5,90.7,394.5,324.9,66.5,336.8,446.6,199.7,163.1,450.8,109.3,171.6,346.4,320.3,320.7,101.5,160.3,439.1,400.6,203.1,77.1,433.1,467.6,228.0,129.0,119.4,83.3,117.9,478.0,351.6,131.5,52.2,135.2,423.1,398.8,287.7,136.8,140.8,109.0,203.7,343.8,324.7,162.9,12.0,439.0,378.3,180.6,310.2,331.3,181.5,224.3
PA,186.5,271.5,58.0,338.8,40.7,419.4,456.5,424.4,312.0,316.5,262.4,410.9,160.7,46.7,100.5,208.0,388.1,485.7,352.5,287.6,510.6,130.9,80.0,442.4,353.9,326.9,420.0,195.9,415.2,327.1,140.3,371.2,321.6,422.2,360.0,102.3,412.8,414.5,224.0,450.4,72.5,380.2,207.2,24.8,400.4,341.7,0.0,226.0,202.9,237.4,2385.8,3.6,302.5,31.7,160.6,329.4,40.4,123.5,222.1,431.7,127.7,325.5,423.2,261.6,67.3,125.1,372.7,231.5,109.4,96.3,146.3,348.3,90.6,144.5,181.4,400.2,396.1,296.0,389.1,152.2,123.9,402.7,296.0,274.3,60.3,120.4,244.9,233.2,412.0,285.9,293.7,52.6,59.6,398.7,324.7,141.3,48.6,179.7,49.3,52.9,452.7,352.9
PD,178.7,114.7,220.0,182.0,269.1,262.6,299.7,267.6,155.2,160.0,142.2,275.9,345.4,203.2,188.5,33.2,231.3,328.9,195.7,130.8,353.8,274.9,288.1,285.6,238.2,170.1,315.9,73.3,258.4,170.3,210.7,214.4,164.8,253.3,211.3,163.4,256.0,257.7,60.9,293.6,300.9,249.0,63.7,249.2,243.6,180.9,233.8,0.0,16.5,11.3,2350.9,237.5,146.8,260.1,186.5,172.6,202.4,312.2,47.3,277.5,316.4,168.7,286.0,215.7,185.9,186.3,216.5,74.7,304.7,246.1,70.2,191.5,298.7,329.2,50.7,243.4,233.8,139.2,232.3,343.6,217.2,245.9,139.2,104.2,288.7,264.4,122.3,65.9,255.2,129.1,101.3,209.4,190.3,315.1,170.8,304.6,243.9,47.5,171.8,196.9,295.9,196.1
PG,148.1,98.2,203.5,165.5,252.6,246.1,283.2,251.1,138.7,143.2,126.0,263.4,332.9,190.5,172.0,16.7,214.8,312.4,179.2,114.3,337.3,258.4,271.6,269.1,228.2,153.6,299.4,90.9,241.9,153.8,198.2,197.9,148.3,244.9,186.7,147.0,239.5,241.2,78.2,277.1,284.4,232.5,47.2,236.7,227.1,168.4,217.3,23.1,0.0,34.4,2334.4,220.6,129.2,243.6,174.0,156.1,185.9,295.7,30.8,261.0,299.9,152.2,269.5,195.5,169.4,169.8,199.4,58.2,288.2,249.7,52.2,175.0,282.2,316.7,73.8,226.9,217.3,122.7,215.8,324.4,200.7,229.4,122.7,101.0,272.2,247.9,136.8,59.9,238.7,112.6,120.4,192.9,177.6,298.6,151.4,288.1,227.4,29.7,159.3,180.4,279.4,179.6
PP,190.8,122.8,227.0,190.1,276.1,270.7,307.8,275.7,160.7,167.8,150.3,288.0,356.4,210.2,195.5,41.3,239.4,337.0,203.8,138.9,361.9,281.9,295.1,293.7,246.3,178.2,324.0,61.9,266.5,178.4,222.8,222.5,170.3,261.4,211.3,170.4,264.1,265.8,49.5,301.7,307.9,257.1,71.8,260.2,251.7,193.0,240.8,8.1,24.6,0.0,2357.9,244.1,153.8,267.1,198.6,180.7,209.4,319.2,55.4,285.6,323.4,176.8,294.1,220.1,192.9,193.3,224.0,82.8,311.7,273.2,75.7,199.6,305.7,340.2,39.3,251.5,241.9,151.3,240.4,347.9,224.4,254.0,147.3,112.3,295.7,271.4,110.9,74.0,263.3,137.2,113.4,216.4,197.3,323.2,182.9,311.6,250.9,54.3,182.8,203.9,304.0,201.6
PQ,2425.7,2426.8,2328.6,2434.4,2435.6,2317.2,2319.1,2410.3,2467.3,2471.8,2366.1,2290.4,2386.7,2373.5,2358.7,2342.9,2398.6,2356.1,2363.0,2442.9,2341.4,2401.5,2440.9,2433.8,2342.0,2482.2,2299.6,2351.2,2356.2,2422.7,2404.0,2361.7,2476.9,2301.7,2375.9,2333.7,2333.8,2435.7,2379.3,2349.7,2467.4,2316.1,2310.9,2419.7,2344.1,2438.5,2396.5,2381.3,2358.2,2392.7,0.0,2392.8,2457.8,2426.6,2424.3,2413.3,2346.5,2423.9,2327.5,2275.3,2419.7,2480.8,2266.8,2473.1,2352.4,2356.5,2388.6,2386.8,2457.5,2292.0,2301.6,2415.1,2451.5,2402.9,2336.7,2341.2,2332.0,2451.3,2375.0,2395.2,2387.6,2397.3,2399.0,2429.6,2455.2,2409.0,2400.2,2388.5,2389.9,2441.2,2449.0,2339.2,2360.6,2303.2,2480.0,2428.2,2396.7,2335.0,2346.0,2367.1,2431.5,2508.2
PW,203.8,264.9,51.4,332.2,44.4,412.8,449.9,417.8,305.4,312.8,256.0,404.3,164.4,57.1,96.8,201.4,384.4,482.0,345.9,281.0,504.0,124.3,83.7,435.8,355.7,320.3,416.3,192.2,408.6,323.4,144.0,364.6,315.0,418.5,364.4,98.6,409.1,410.8,217.4,443.8,76.2,376.5,200.6,28.5,393.8,335.1,3.6,216.8,196.3,230.8,2379.2,0.0,297.0,35.4,164.3,322.8,33.8,129.7,218.4,425.1,131.4,321.8,416.6,265.3,60.7,121.4,369.0,224.9,105.7,80.4,138.1,344.6,96.8,148.2,177.7,393.6,392.4,296.3,385.4,158.6,130.5,396.1,289.4,257.3,64.0,113.8,241.2,216.1,408.3,282.2,258.4,40.8,65.1,392.1,325.0,145.0,42.0,176.0,42.7,49.2,449.0,346.3
PX,283.0,43.2,320.3,100.0,369.4,182.3,219.4,187.3,117.3,118.8,133.1,200.7,449.7,303.5,288.8,151.5,151.0,248.6,115.4,89.6,273.5,375.2,388.4,205.3,157.9,128.9,235.6,213.7,178.1,90.0,315.0,134.1,80.2,173.0,131.0,263.7,175.7,177.4,163.1,213.3,401.2,168.7,182.0,353.5,163.3,96.5,334.1,184.0,166.4,189.3,2366.1,337.8,0.0,360.4,290.8,74.3,302.7,412.5,165.6,197.2,416.7,22.9,205.7,316.0,286.2,286.6,136.2,148.8,405.0,346.4,170.5,111.2,400.1,433.5,192.2,163.1,153.5,82.7,152.0,443.9,317.5,165.6,78.0,101.1,389.0,364.7,262.7,102.7,174.9,17.1,116.2,314.9,290.6,197.0,87.5,404.9,344.2,147.8,276.1,297.2,215.6,158.2
QA,192.8,296.4,99.8,363.7,9.0,444.3,481.4,449.3,336.9,341.4,287.3,434.0,128.9,53.0,120.1,232.9,413.0,510.6,377.4,312.5,535.5,100.7,48.2,467.3,377.0,351.8,443.1,220.8,440.1,352.0,146.6,396.1,346.5,445.3,384.9,127.2,437.7,439.4,248.9,475.3,40.7,403.3,232.1,6.8,425.3,366.6,41.7,250.9,227.8,262.3,2410.7,48.3,327.4,0.0,166.9,354.3,82.2,91.7,247.0,454.8,95.9,350.4,446.3,267.9,74.1,144.2,397.6,256.4,87.2,138.1,171.2,373.2,58.8,112.7,206.3,425.1,419.2,320.9,414.0,120.4,130.2,427.6,320.9,299.2,28.5,151.9,269.8,258.1,436.9,310.8,318.6,89.2,65.9,421.8,349.6,109.5,83.3,204.6,91.1,94.7,477.6,377.8
QB,39.4,272.0,179.3,339.3,194.0,419.9,457.0,424.9,312.5,317.3,262.9,415.5,308.7,137.0,73.2,208.5,388.6,486.2,353.0,288.1,511.1,234.2,233.3,442.9,366.9,327.4,424.6,196.4,415.7,327.6,24.1,371.7,322.1,426.8,360.5,70.6,413.3,415.0,224.5,450.9,225.8,384.8,207.7,178.1,400.9,342.2,158.7,226.5,203.4,237.9,2386.3,162.4,304.1,185.0,0.0,329.9,161.7,271.5,222.6,436.3,275.7,326.0,427.8,104.6,145.2,47.7,373.8,232.0,264.0,225.2,145.2,348.8,243.9,292.5,181.9,400.7,400.7,300.5,389.6,300.2,26.6,403.2,296.5,274.8,213.6,223.7,245.4,233.7,412.5,286.4,262.6,168.7,149.9,403.3,332.1,263.9,203.2,178.9,135.1,156.2,453.2,353.4
QD,270.8,52.6,326.2,67.7,375.3,148.3,185.4,153.3,160.5,133.4,82.2,165.6,455.6,313.2,294.7,157.4,117.0,214.6,81.4,104.5,239.5,381.1,394.3,171.3,148.1,143.8,214.2,213.6,144.1,56.0,320.9,100.1,163.0,147.1,88.9,269.7,141.7,143.4,167.4,179.3,407.1,134.7,187.9,359.4,129.3,71.8,340.0,195.4,172.3,206.8,2291.7,343.7,82.7,366.3,296.7,0.0,308.6,418.4,171.5,163.2,422.6,105.7,171.7,318.2,292.1,292.5,101.6,132.1,410.9,332.0,174.9,77.2,404.9,439.4,199.8,129.1,119.5,52.9,118.0,447.1,323.4,131.6,24.0,120.3,394.9,370.6,259.5,98.1,140.9,66.1,139.7,320.8,300.3,192.9,92.1,410.8,350.1,152.4,282.0,303.1,181.6,197.9
QI,210.5,259.7,17.5,327.0,90.7,406.1,444.7,412.6,300.2,304.7,250.6,370.4,173.6,72.8,88.7,196.2,376.3,473.9,340.7,275.8,487.4,99.1,94.3,430.6,321.8,315.1,379.5,184.1,403.4,315.3,150.7,359.4,309.8,386.7,363.3,90.5,399.9,402.7,212.2,438.6,122.5,339.7,195.4,74.8,392.5,329.9,49.9,208.7,191.1,225.6,2345.5,43.3,290.7,81.7,171.0,317.6,0.0,136.4,210.3,391.2,140.6,313.7,382.7,272.0,55.5,113.3,358.4,219.7,110.9,43.6,132.9,336.5,104.9,157.4,169.6,388.4,355.6,288.2,377.3,165.1,134.3,390.9,284.2,249.2,110.3,88.6,233.1,210.9,400.2,274.1,250.3,12.1,59.9,358.2,319.8,128.8,50.1,166.6,37.5,21.1,440.9,341.1
QJ,308.2,361.2,165.7,428.5,92.7,511.4,546.2,514.1,401.7,406.5,352.1,475.7,37.1,154.8,190.2,297.7,477.8,575.4,442.2,377.3,591.8,48.8,43.4,532.1,416.2,416.6,484.8,285.6,504.9,416.8,248.4,460.9,411.3,492.0,449.7,192.0,505.2,504.2,313.7,540.1,77.4,445.0,296.9,108.6,497.8,431.4,136.3,315.7,292.6,327.1,2412.0,129.7,392.2,101.7,268.7,419.1,148.1,0.0,311.8,496.5,4.1,415.2,488.0,369.7,157.0,214.8,464.3,321.2,59.1,204.0,234.4,438.0,32.8,20.9,271.1,489.9,460.9,389.7,478.8,28.6,232.0,492.4,385.7,364.0,63.1,73.2,334.6,312.4,501.7,375.6,351.8,160.3,161.4,463.5,421.3,30.8,97.6,268.1,139.0,119.0,542.4,442.6
QK,152.7,122.8,208.1,190.1,257.2,270.7,307.8,275.7,163.3,167.8,119.8,295.2,337.5,195.1,176.6,15.4,239.4,337.0,203.8,138.9,361.9,263.0,276.2,293.7,238.2,178.2,304.3,95.5,266.5,178.4,202.8,222.5,172.9,269.5,211.3,151.6,264.1,265.8,102.8,301.7,289.0,264.5,16.3,241.3,251.7,193.0,221.9,59.3,36.2,70.7,2309.9,225.2,153.8,248.2,178.6,180.7,190.5,300.3,0.0,285.6,304.5,176.8,307.5,200.1,174.0,174.4,224.0,82.8,292.8,254.3,56.8,199.6,286.8,321.3,81.7,251.5,241.9,147.3,240.4,329.0,205.3,254.0,147.3,125.6,276.8,252.5,141.4,84.5,263.3,137.2,145.0,202.7,182.2,283.0,176.0,292.7,232.0,34.3,163.9,185.0,304.0,204.2
QM,380.3,180.1,435.7,168.9,484.8,14.9,112.8,144.8,268.2,241.1,191.7,114.9,565.1,422.7,404.2,266.9,133.1,142.0,97.5,212.2,152.1,490.6,503.8,176.0,182.8,251.5,73.9,323.1,90.7,157.2,430.4,96.2,290.5,96.4,110.4,379.2,68.3,177.9,276.9,102.7,516.6,130.8,297.4,468.9,78.6,173.0,449.5,304.9,281.8,316.3,2384.2,452.8,210.2,475.8,406.2,147.8,418.1,527.9,281.0,0.0,532.1,233.2,8.4,427.7,401.6,402.0,123.1,241.6,520.4,366.0,284.4,149.6,514.4,548.9,309.3,75.7,115.6,160.6,109.5,556.6,432.9,131.8,133.5,229.8,504.4,480.1,369.0,207.6,132.1,193.6,249.2,425.1,409.8,128.5,193.3,520.3,459.6,261.9,391.5,412.6,173.7,305.6
QU,298.8,365.4,169.9,432.7,96.9,515.6,550.4,518.3,405.9,410.4,356.3,479.9,32.9,159.0,194.4,301.9,482.0,579.6,446.4,381.5,596.0,53.0,47.6,536.3,422.9,420.8,489.0,289.8,509.1,421.0,252.6,465.1,415.5,491.2,453.9,196.2,509.4,508.4,317.9,544.3,81.6,449.2,301.1,112.8,502.0,435.6,140.5,319.9,296.8,331.3,2407.8,136.8,396.4,105.9,272.9,423.3,152.3,4.1,316.0,500.7,0.0,419.4,492.2,373.9,161.2,219.0,468.5,325.4,63.3,208.2,240.2,442.2,37.0,16.7,275.3,494.1,465.1,389.9,483.0,24.4,236.2,496.6,389.9,368.2,67.3,77.4,338.8,327.1,505.9,379.8,387.6,164.5,169.4,467.7,418.6,35.0,101.8,273.6,143.2,123.2,546.6,446.8
QW,281.0,66.2,336.4,123.0,385.5,205.3,242.4,210.3,94.3,141.5,156.4,222.6,465.8,323.4,304.9,167.6,174.0,271.6,138.4,112.6,296.5,391.3,404.5,228.3,187.4,151.9,258.6,191.8,201.1,113.0,331.1,157.1,57.2,204.1,145.9,279.9,198.7,200.4,126.8,236.3,417.3,191.7,198.1,369.6,186.3,119.5,350.2,175.5,182.5,167.4,2389.1,353.5,22.9,376.5,306.9,97.3,318.8,428.6,181.7,220.2,432.8,0.0,228.7,328.4,302.3,302.7,158.6,125.8,421.1,382.6,185.1,134.2,415.1,449.6,169.2,186.1,176.5,109.7,175.0,457.3,333.6,188.6,101.0,95.8,405.1,380.8,240.8,115.2,197.9,40.1,80.0,331.0,310.5,220.0,102.5,421.0,360.3,162.6,292.2,313.3,238.6,135.2
QZ,388.8,188.6,371.6,177.4,493.3,23.4,121.3,153.3,276.7,249.6,200.2,123.4,573.6,431.2,412.7,275.4,141.6,150.5,106.0,220.7,160.6,499.1,512.3,184.5,191.3,260.0,65.4,331.6,99.2,165.7,438.9,104.7,299.0,104.9,118.9,387.7,76.8,186.4,285.4,111.2,525.1,139.3,305.9,477.4,87.1,181.5,458.0,313.4,290.3,324.8,2375.7,461.7,218.7,484.3,414.7,156.3,426.6,536.4,289.5,8.4,540.6,241.7,0.0,436.2,410.1,410.5,131.6,250.1,528.9,357.5,292.9,158.1,522.9,557.4,317.8,84.2,124.1,169.1,118.0,565.1,441.4,140.3,142.0,238.3,512.9,488.6,377.5,216.1,140.6,202.1,257.7,377.0,418.3,137.0,201.8,528.8,468.1,270.4,400.0,421.1,182.2,314.1
RG,194.4,189.5,120.8,256.8,169.9,337.4,374.5,342.4,230.0,234.8,180.6,329.3,246.5,104.0,89.3,126.0,306.1,403.7,270.5,205.6,424.9,175.7,188.9,360.4,284.4,244.9,338.4,113.9,329.5,241.4,134.6,289.2,239.6,328.1,286.1,64.2,330.8,332.5,128.5,368.4,201.7,298.6,125.2,154.0,318.4,256.0,134.6,138.5,120.9,151.7,2303.8,137.9,221.6,160.9,154.9,247.4,99.5,209.3,140.1,353.8,217.2,243.5,345.3,0.0,86.7,87.1,291.3,149.5,205.5,146.9,62.7,266.3,195.8,234.0,99.4,318.2,318.2,218.0,307.1,244.4,118.2,320.7,214.0,179.0,189.5,161.5,162.9,140.7,330.0,203.9,176.4,106.5,91.1,320.8,245.9,205.4,144.7,96.4,72.9,97.7,370.7,270.9
RU,159.4,222.2,72.1,289.5,83.1,370.1,407.2,375.1,262.7,267.2,213.1,359.8,201.5,21.1,51.2,158.7,338.8,436.4,303.2,238.3,461.3,127.0,122.4,393.1,302.8,277.6,368.9,146.6,365.9,277.8,113.2,321.9,272.3,371.1,310.7,53.0,363.5,365.2,174.7,401.1,114.9,329.1,157.9,67.2,351.1,292.4,47.8,176.7,153.6,188.1,2336.5,51.5,253.2,74.1,133.5,280.1,54.5,164.3,172.8,380.6,168.5,276.2,372.1,234.5,0.0,75.8,323.4,182.2,156.8,100.3,97.0,299.0,133.0,185.3,132.1,350.9,345.0,246.7,339.8,193.0,96.8,353.4,246.7,225.0,102.7,116.5,195.6,183.9,362.7,236.6,244.4,66.7,8.2,347.6,275.4,156.7,96.0,130.4,27.9,49.0,403.4,303.6
RX,93.6,224.2,131.5,291.5,161.3,372.1,409.2,377.1,264.7,269.2,215.1,367.7,260.9,104.3,40.5,160.7,340.8,438.4,305.2,240.3,463.3,186.4,199.6,395.1,310.7,279.6,376.8,148.6,367.9,279.8,47.4,323.9,274.3,379.0,312.7,22.8,365.5,367.2,176.7,403.1,193.1,337.0,159.9,145.4,353.1,294.4,126.0,178.7,155.6,190.1,2338.5,129.7,255.2,152.3,67.7,282.1,113.9,223.7,174.8,388.5,227.9,278.2,380.0,168.7,97.4,0.0,325.4,184.2,216.2,177.7,99.0,301.0,210.2,244.7,134.1,352.9,352.9,248.7,341.8,252.4,31.0,355.4,248.7,227.0,180.9,175.9,197.6,185.9,364.7,238.6,246.4,120.9,105.6,355.5,277.4,216.1,155.4,132.4,87.3,108.4,405.4,305.6
SC,328.0,109.1,364.7,97.9,413.8,128.8,165.9,133.8,197.2,170.4,120.4,144.8,494.7,347.9,333.2,195.9,97.5,195.1,61.9,141.2,220.0,419.6,432.8,172.7,105.3,180.5,153.9,252.1,124.6,86.8,360.0,80.6,219.5,119.5,4.3,308.1,122.2,144.8,219.2,159.8,445.6,113.5,226.4,397.9,109.8,102.6,378.5,228.4,210.8,245.3,2294.7,382.4,140.3,404.8,335.8,76.8,347.7,456.9,210.0,165.6,461.1,162.2,157.1,360.4,330.6,331.0,0.0,170.6,449.4,390.8,214.9,78.6,443.4,477.9,238.3,109.6,100.0,93.6,98.5,488.3,361.9,112.1,62.5,145.5,433.4,409.1,298.0,147.1,121.4,122.6,201.2,354.1,335.0,132.6,114.7,449.3,388.6,192.2,320.5,341.6,177.5,234.6
SF,180.9,62.2,236.3,129.5,285.4,210.1,247.2,215.1,134.3,107.2,90.0,227.4,365.7,223.3,204.8,67.5,178.8,276.4,143.2,78.3,301.3,291.2,304.4,233.1,192.2,117.6,263.4,100.2,205.9,117.8,231.0,161.9,123.3,208.9,150.7,179.8,203.5,205.2,35.2,241.1,317.2,196.5,98.0,269.5,191.1,132.4,250.1,83.9,82.4,75.8,2367.2,253.8,93.2,276.4,206.8,120.1,218.7,328.5,81.6,225.0,332.7,116.2,233.5,228.3,202.2,202.6,163.4,0.0,321.0,282.5,85.0,139.0,315.0,349.5,77.6,190.9,181.3,86.7,179.8,357.2,233.5,193.4,86.7,65.0,305.0,280.7,149.2,23.9,202.7,76.6,84.4,225.7,210.4,262.6,115.4,320.9,260.2,62.5,192.1,213.2,243.4,171.7
SJ,291.8,358.3,144.8,425.6,95.5,518.0,543.3,511.2,398.8,403.3,349.2,482.3,83.6,152.0,187.3,294.8,474.9,572.5,439.3,374.4,597.4,55.4,46.2,529.2,425.3,413.7,491.4,282.7,502.0,413.9,245.6,458.0,408.4,493.6,446.8,189.1,511.8,501.3,310.8,537.2,80.2,451.6,294.0,111.4,487.2,428.5,105.2,312.8,289.7,324.2,2458.5,98.6,389.3,104.5,265.9,416.2,127.2,46.4,308.9,503.1,50.6,412.3,494.6,366.9,154.1,211.9,470.9,318.3,0.0,183.1,233.1,435.1,35.6,67.4,268.2,487.0,467.5,382.8,475.9,75.1,229.2,489.5,382.8,361.1,65.9,106.6,331.7,320.0,498.8,372.7,380.5,139.4,162.3,470.1,411.5,64.2,64.8,266.5,136.1,125.6,539.5,439.7
SL,264.0,303.4,47.9,377.0,156.6,355.8,414.8,400.6,353.7,348.7,255.5,320.1,239.5,108.3,142.2,249.7,380.3,451.8,344.7,319.5,437.1,165.0,160.2,446.6,271.5,358.8,329.2,227.4,402.0,365.3,194.0,325.5,363.3,336.4,313.0,143.9,349.6,420.7,252.2,445.4,188.4,296.0,218.4,140.7,342.2,373.6,115.8,262.2,244.6,268.9,2295.2,112.1,335.5,147.6,224.5,332.8,65.8,202.3,235.0,340.9,206.5,357.4,332.4,329.2,91.0,166.8,308.1,273.2,176.8,0.0,186.4,371.2,170.8,200.7,223.1,387.0,305.3,331.5,365.3,233.7,177.6,387.6,334.2,296.9,176.2,154.5,276.4,264.4,388.2,317.8,293.6,58.5,95.4,307.9,363.5,194.7,116.0,220.1,80.8,87.0,444.3,394.6
SU,142.1,125.1,151.2,192.4,200.3,273.0,310.1,278.0,165.6,170.4,152.6,290.3,280.6,134.4,119.7,61.6,241.7,339.3,206.1,141.2,364.2,206.1,219.3,296.0,248.6,180.5,336.9,49.5,268.8,180.7,163.5,224.8,175.2,263.7,221.7,94.6,266.4,268.1,64.1,304.0,232.1,259.4,92.1,184.4,254.0,195.3,165.0,74.1,56.5,91.0,2282.1,168.3,157.2,191.3,149.9,183.0,132.1,241.9,75.7,287.9,247.6,179.1,296.4,175.1,117.1,117.5,226.9,85.1,235.9,177.3,0.0,201.9,228.4,264.4,35.0,253.8,244.2,153.6,242.7,274.8,147.1,256.3,149.6,114.6,219.9,194.1,98.5,76.3,265.6,139.5,115.7,144.3,121.5,317.1,185.2,235.8,175.1,32.0,105.5,128.1,306.3,206.5
SW,308.3,108.1,363.7,96.9,412.8,128.7,133.7,85.2,196.2,169.1,119.7,146.0,493.1,350.7,332.2,194.9,97.4,162.9,61.8,140.2,173.0,418.6,431.8,94.0,92.8,179.5,182.0,251.1,124.5,85.2,358.4,80.5,218.5,127.5,69.3,307.2,122.1,66.1,204.9,159.7,444.6,115.1,225.4,396.9,109.7,101.0,377.5,232.9,209.8,244.3,2338.8,380.8,138.2,403.8,334.2,75.8,346.1,455.9,209.0,143.6,460.1,161.2,152.1,355.7,329.6,330.0,82.0,169.6,448.4,379.1,212.4,0.0,442.4,476.9,237.3,109.5,99.9,88.6,70.8,484.6,360.9,48.5,61.5,157.8,432.4,408.1,297.0,135.6,85.2,121.6,177.2,353.1,337.8,143.4,121.3,448.3,387.6,189.9,319.5,340.6,104.3,233.6
TE,275.3,354.2,143.0,421.5,59.8,504.4,539.2,507.1,394.7,399.5,345.3,468.7,70.0,121.9,183.2,290.7,470.8,568.4,435.2,370.3,584.8,41.8,10.6,525.1,409.2,409.6,477.8,278.6,497.9,409.8,215.5,453.9,404.3,480.0,442.7,184.9,498.2,497.2,306.7,533.1,44.5,438.0,289.9,75.7,490.8,424.4,103.4,308.7,285.6,320.1,2444.9,96.8,385.2,68.8,235.8,412.1,125.4,32.8,304.8,489.5,37.0,408.2,481.0,336.8,143.0,207.8,456.7,314.2,28.3,169.1,227.4,431.0,0.0,53.8,264.1,482.9,453.9,382.7,471.8,64.2,199.1,485.4,378.7,357.0,30.2,93.0,327.6,305.4,494.7,368.6,344.8,137.6,138.6,456.5,414.3,50.6,64.7,261.1,132.0,112.0,535.4,435.6
TF,329.2,382.2,186.7,449.5,113.7,532.4,567.2,535.1,422.7,427.2,373.3,496.7,16.1,179.6,211.2,318.7,498.8,596.4,463.2,398.3,609.0,69.8,64.4,553.1,448.1,437.6,505.8,306.6,525.9,437.8,269.4,481.9,432.3,513.0,489.6,212.9,526.2,525.2,321.2,561.1,98.4,466.0,317.9,129.6,518.8,452.4,157.3,336.7,313.6,348.1,2391.0,153.6,413.2,122.7,289.7,440.1,169.1,20.9,332.8,517.5,16.7,436.2,509.0,394.4,178.0,235.8,484.7,342.2,80.1,225.0,257.0,459.0,53.8,0.0,292.1,510.9,481.9,410.7,499.8,10.4,253.0,513.4,406.7,385.0,84.1,94.2,355.6,333.4,522.7,396.6,372.8,176.1,186.2,484.5,442.3,51.8,118.6,289.1,160.0,140.0,563.4,463.6
TO,129.1,131.3,187.6,198.6,236.7,279.2,316.3,284.2,140.2,176.3,159.1,296.5,317.0,174.6,156.1,67.8,247.9,345.5,212.3,147.4,370.4,242.5,255.7,302.2,261.3,186.7,332.5,14.4,275.0,186.9,179.2,231.0,149.8,278.0,219.8,131.1,272.6,274.3,42.5,310.2,268.5,265.6,98.3,220.8,260.2,201.5,201.4,69.5,62.7,61.4,2318.5,204.7,162.3,227.7,155.0,189.2,170.0,279.8,81.9,294.1,284.0,159.4,302.6,176.5,153.5,153.9,232.5,80.7,272.3,233.8,36.3,208.1,266.3,300.8,0.0,260.0,250.4,155.8,248.9,308.5,181.7,262.5,155.8,134.1,256.3,232.0,63.4,93.0,271.8,145.7,110.9,177.0,161.7,331.7,184.5,272.2,211.5,39.5,143.4,164.5,312.5,181.1
TP,366.9,166.7,422.3,155.5,471.4,61.5,84.5,104.7,254.8,227.7,178.3,101.5,551.7,409.3,390.8,253.5,89.4,113.7,84.1,198.8,123.8,477.2,490.4,106.2,169.4,238.1,96.8,309.7,15.0,143.8,417.0,82.8,277.1,83.0,97.0,365.8,36.9,108.1,263.5,92.5,503.2,117.4,284.0,455.5,65.2,159.6,436.1,291.5,268.4,302.9,2446.5,439.8,196.8,462.4,392.8,134.4,404.7,514.5,267.6,76.4,518.7,219.8,84.9,414.3,388.2,388.6,109.7,228.2,507.0,409.3,271.0,128.5,501.0,535.5,295.9,0.0,102.2,147.2,63.4,543.2,419.5,85.7,120.1,216.4,491.0,466.7,355.6,194.2,62.3,180.2,235.8,416.9,396.4,115.1,179.9,506.9,446.2,248.5,378.1,399.2,103.9,292.2
TU,340.1,139.9,335.4,128.7,444.6,139.3,173.4,124.9,228.0,200.9,151.5,103.6,524.9,382.5,364.0,226.7,74.9,202.6,39.3,172.0,212.7,450.4,463.6,154.1,142.6,211.3,101.5,282.9,120.0,117.0,390.2,20.2,250.3,114.9,70.2,339.0,133.1,145.0,236.7,155.2,476.4,15.2,257.2,428.7,125.7,132.8,409.3,264.7,241.6,276.1,2281.0,412.6,170.0,435.6,366.0,107.6,377.9,487.7,240.8,124.4,491.9,193.0,115.9,387.5,361.4,361.8,82.9,201.4,480.2,321.3,244.2,132.3,474.2,508.7,269.1,105.0,0.0,120.4,93.9,516.4,392.7,89.5,93.3,189.6,464.2,439.9,328.8,167.4,124.9,153.4,209.0,384.9,369.6,91.4,153.1,480.1,419.4,221.7,351.3,372.4,169.7,265.4
UF,258.9,49.4,296.2,63.8,345.3,144.4,181.5,149.4,103.5,76.4,72.1,161.7,425.6,283.2,264.7,127.4,113.1,210.7,77.5,47.5,235.6,351.1,364.3,167.4,128.5,86.8,197.7,183.6,140.2,52.1,290.9,96.2,170.6,135.1,93.1,239.7,137.8,139.5,137.4,175.4,377.1,130.8,157.9,329.4,125.4,67.9,310.0,165.4,142.3,176.8,2301.4,313.3,80.4,336.3,266.7,44.1,278.6,388.4,141.5,159.3,392.6,103.4,167.8,288.2,262.1,262.5,97.7,102.1,380.9,342.4,144.9,73.3,374.9,409.4,169.8,125.2,115.6,0.0,114.1,417.1,293.4,127.7,21.0,90.3,364.9,340.6,229.5,68.1,137.0,63.8,132.7,290.8,266.5,202.6,80.0,380.8,320.1,122.4,252.0,273.1,177.7,140.9
US,373.4,173.2,428.8,162.0,477.9,95.2,62.8,35.2,261.3,234.2,184.8,112.5,558.2,415.8,397.3,260.0,25.9,92.0,64.9,205.3,102.1,483.7,496.9,76.7,157.9,244.6,127.6,316.2,48.1,150.3,423.5,83.9,283.6,94.0,91.8,372.3,88.6,55.3,270.0,79.8,509.7,118.5,290.5,462.0,76.2,166.1,442.6,298.0,274.9,309.4,2351.9,445.9,203.3,468.9,399.3,140.9,411.2,521.0,274.1,110.1,525.2,226.3,118.6,420.8,394.7,395.1,104.5,234.7,513.5,392.2,277.5,65.0,507.5,542.0,302.4,76.0,103.3,153.7,0.0,549.7,426.0,22.2,126.6,222.9,497.5,473.2,362.1,200.7,14.3,186.7,242.3,418.2,402.9,91.9,186.4,513.4,452.7,255.0,384.6,405.7,74.4,298.7
UT,336.9,389.9,194.4,457.2,121.4,537.3,579.0,542.8,430.4,435.2,381.0,498.9,5.7,187.3,218.9,326.4,506.5,616.0,470.9,406.0,601.3,77.5,72.1,560.8,453.0,445.3,508.0,314.3,533.6,445.5,277.1,489.6,440.0,517.9,494.5,220.6,531.1,532.9,328.9,568.8,106.1,468.2,325.6,137.3,523.7,460.1,165.0,338.9,321.3,355.8,2383.3,161.3,422.0,130.4,297.4,447.8,176.8,28.6,340.5,522.4,24.4,443.9,513.9,402.1,185.7,243.5,489.6,349.9,87.8,220.5,263.1,466.7,64.2,10.4,299.8,518.6,486.8,418.4,507.5,0.0,260.7,521.1,414.4,379.4,91.8,104.6,363.3,341.1,530.4,404.3,383.2,191.7,190.1,489.4,450.0,59.5,126.3,296.8,170.4,147.7,571.1,471.3
UV,76.1,245.3,152.6,312.6,167.3,393.2,430.3,398.2,285.8,290.3,236.2,388.8,282.0,114.1,46.5,181.8,361.9,459.5,326.3,261.4,484.4,207.5,206.6,416.2,329.3,300.7,397.9,169.7,389.0,300.9,16.3,345.0,295.4,400.1,341.9,43.9,386.6,388.3,184.3,424.2,199.1,358.1,181.0,151.4,374.2,315.5,132.0,194.3,176.7,211.2,2359.6,138.6,276.3,158.3,36.6,303.2,135.0,244.8,195.9,409.6,249.0,299.3,401.1,137.6,118.5,21.0,346.5,205.3,237.3,178.7,120.1,322.1,217.2,265.8,155.2,374.0,374.0,273.8,362.9,273.5,0.0,376.5,269.8,248.1,186.9,197.0,218.7,196.5,385.8,259.7,235.9,147.2,122.9,376.6,305.4,237.2,176.5,152.2,108.4,129.5,426.5,326.7
VI,351.1,150.9,406.5,139.7,455.6,117.5,85.1,36.6,239.0,211.9,162.5,134.8,535.9,393.5,375.0,237.7,24.9,114.3,63.9,183.0,124.4,461.4,474.6,64.5,135.6,222.3,149.9,293.9,70.4,128.0,401.2,82.9,261.3,116.3,112.1,350.0,110.9,56.7,247.7,102.1,487.4,117.5,268.2,439.7,98.5,143.8,420.3,275.7,252.6,287.1,2374.2,424.0,181.0,446.6,377.0,118.6,388.9,498.7,251.8,132.4,502.9,204.0,140.9,398.5,372.4,372.8,124.8,212.4,491.2,414.5,255.2,42.7,485.2,519.7,280.1,98.3,102.3,131.4,22.2,527.4,403.7,0.0,104.3,200.6,475.2,450.9,339.8,178.4,36.6,164.4,220.0,401.1,380.6,114.2,164.1,491.1,430.4,232.7,362.3,383.4,81.4,276.4
VN,246.7,45.6,302.1,42.7,351.2,123.3,160.4,128.3,134.6,107.5,58.1,140.6,431.5,289.1,270.6,133.3,92.0,189.6,56.4,78.6,214.5,357.0,370.2,146.3,105.4,117.9,176.6,189.5,119.1,31.0,296.8,75.1,156.0,122.1,63.9,245.6,116.7,118.4,143.3,154.3,383.0,109.7,163.8,335.3,104.3,46.8,315.9,171.3,148.2,182.7,2305.4,319.6,75.7,342.2,272.6,48.1,284.5,394.3,147.4,138.2,398.5,98.7,146.7,294.1,268.0,268.4,76.6,108.0,386.8,348.3,150.8,52.2,380.8,415.3,175.7,104.1,94.5,27.0,93.0,423.0,299.3,106.6,0.0,96.2,370.8,346.5,235.4,74.0,115.9,59.1,115.6,296.7,276.2,138.0,67.1,386.7,326.0,128.3,257.9,279.0,156.6,172.0
VT,240.4,59.0,277.7,126.3,326.8,206.9,244.0,211.9,91.9,104.3,86.5,224.2,407.1,260.9,246.2,108.9,175.6,273.2,140.0,75.1,298.1,332.6,345.8,229.9,182.5,114.4,260.2,152.5,202.7,114.6,272.4,158.7,101.5,197.6,155.6,221.1,200.3,202.0,102.7,237.9,358.6,193.3,139.4,298.3,187.9,129.2,291.5,141.4,123.8,130.0,2341.6,282.2,91.1,317.8,248.2,116.9,260.1,369.9,123.0,221.8,374.1,113.0,230.3,273.4,243.6,244.0,160.8,83.6,362.4,303.8,127.9,135.8,356.4,378.3,131.8,187.7,178.1,74.9,176.6,401.3,274.9,190.2,83.5,0.0,346.4,322.1,211.0,60.1,199.5,73.4,70.2,272.3,248.0,259.4,106.5,362.3,301.6,105.2,233.5,254.6,240.2,132.8
VU,231.4,335.0,133.0,402.3,29.5,482.9,520.0,487.9,375.5,380.0,325.9,472.6,100.3,91.6,158.7,271.5,451.6,549.2,416.0,351.1,574.1,72.1,19.6,505.9,415.6,390.4,481.7,259.4,478.7,390.6,185.2,434.7,385.1,483.9,423.5,165.8,476.3,478.0,287.5,513.9,14.2,441.9,270.7,45.4,463.9,405.2,80.3,289.5,266.4,300.9,2449.3,84.0,366.0,38.5,205.5,392.9,115.4,63.1,285.6,493.4,67.3,389.0,484.9,306.5,112.7,182.8,436.2,295.0,58.6,171.3,209.8,411.8,30.2,84.1,244.9,463.7,457.8,359.5,452.6,91.8,168.8,466.2,359.5,337.8,0.0,123.3,308.4,296.7,475.5,349.4,357.2,122.4,104.5,460.4,388.2,80.9,54.7,243.2,124.3,127.9,516.2,416.4
WC,250.1,299.3,103.8,366.6,148.3,447.2,484.3,452.2,339.8,344.3,290.2,429.7,98.1,112.4,128.3,235.8,415.9,513.5,380.3,315.4,538.4,62.8,111.3,470.2,370.2,354.7,438.8,223.7,443.0,354.9,190.3,399.0,349.4,441.0,387.8,130.1,440.6,442.3,251.8,478.2,145.3,399.0,235.0,132.4,428.2,369.5,107.5,248.3,230.7,265.2,2413.6,100.9,330.3,139.3,210.6,357.2,86.2,60.9,249.9,450.5,65.1,353.3,442.0,315.3,95.1,152.9,400.5,259.3,127.0,129.9,172.5,376.1,100.7,81.9,209.2,428.0,414.9,327.8,416.9,89.6,173.9,430.5,323.8,288.8,131.0,0.0,272.7,250.5,439.8,313.7,289.9,98.4,99.5,417.5,359.4,40.1,107.7,206.2,77.1,57.1,480.5,380.7
WD,180.5,186.5,243.0,253.8,292.1,334.4,371.5,339.4,183.7,231.8,214.0,351.7,372.4,226.2,211.5,123.2,303.1,400.7,267.5,202.6,425.6,297.9,311.1,357.4,310.0,241.9,387.7,47.7,330.2,242.1,212.5,286.2,193.3,325.1,283.1,186.4,327.8,329.5,72.5,365.4,323.9,320.8,153.7,276.2,315.4,256.7,256.8,113.0,118.1,104.9,2373.9,260.1,217.5,283.1,188.3,244.4,225.4,335.2,137.3,349.3,339.4,202.9,357.8,209.8,208.9,209.3,288.3,124.2,327.7,289.2,91.7,263.3,321.7,356.2,55.3,315.2,305.6,215.0,304.1,363.9,215.0,317.7,211.0,176.0,311.7,287.4,0.0,137.7,327.0,200.9,139.5,232.4,217.1,386.9,246.6,327.6,266.9,93.6,198.8,219.9,367.7,224.6
WF,180.2,38.2,228.0,105.5,277.1,186.1,223.2,191.1,110.3,83.5,65.7,203.4,357.4,211.2,196.5,59.2,154.8,252.4,119.2,54.3,277.3,282.9,296.1,209.1,161.7,93.6,249.9,104.9,192.4,104.3,212.2,137.9,149.5,176.8,134.8,171.4,179.5,181.2,82.5,217.1,308.9,172.5,89.7,250.7,167.1,108.4,241.8,91.7,74.1,98.1,2358.9,245.5,70.3,268.1,188.0,96.1,210.4,320.2,73.3,201.0,324.4,92.2,209.5,223.7,193.9,194.3,140.0,33.9,312.7,254.1,78.2,115.0,296.2,330.7,101.6,166.9,157.3,66.7,155.8,351.6,225.2,169.4,62.7,27.7,296.7,272.4,161.3,0.0,178.7,52.6,64.5,217.4,198.3,238.6,98.3,312.6,251.9,55.5,173.3,204.9,219.4,147.7
WI,347.3,147.1,402.7,135.9,451.8,80.8,149.7,111.8,235.2,208.1,158.7,98.1,532.1,389.7,371.2,233.9,100.1,164.9,64.5,179.2,172.0,457.6,470.8,167.9,149.8,218.5,113.2,290.1,76.6,124.2,397.4,63.2,257.5,79.6,77.4,346.2,74.2,131.9,243.9,111.8,483.6,97.8,264.4,435.9,61.8,140.0,416.5,271.9,248.8,283.3,2337.5,419.8,177.2,442.8,373.2,114.8,385.1,494.9,248.0,95.7,499.1,200.2,104.2,394.7,368.6,369.0,90.1,208.6,487.4,377.8,251.4,116.6,481.4,515.9,276.3,61.6,82.6,127.6,76.5,523.6,399.9,98.8,100.5,196.8,471.4,447.1,336.0,174.6,0.0,160.6,216.2,392.1,376.8,77.5,160.3,487.3,426.6,228.9,358.5,379.6,165.6,272.6
WU,247.7,26.0,303.1,82.8,352.2,165.1,202.2,170.1,133.9,101.3,116.2,182.4,432.5,290.1,271.6,134.3,133.8,231.4,98.2,72.4,256.3,358.0,371.2,188.1,147.2,111.7,218.4,190.5,160.9,72.8,297.8,116.9,96.8,163.9,105.7,246.6,158.5,160.2,144.3,196.1,384.0,151.5,164.8,336.3,146.1,79.3,316.9,172.3,149.2,183.7,2348.9,320.2,16.5,343.2,273.6,57.1,285.5,395.3,148.4,180.0,399.5,39.5,188.5,295.1,269.0,269.4,118.4,109.0,387.8,349.3,151.8,94.0,381.8,416.3,176.7,145.9,136.3,69.5,134.8,424.0,300.3,148.4,60.8,97.2,371.8,347.5,236.4,75.0,157.7,0.0,119.6,297.7,277.2,179.8,62.3,387.7,327.0,129.3,258.9,280.0,198.4,174.8
XE,226.4,89.6,263.7,156.9,312.8,237.5,274.6,242.5,86.9,134.6,117.4,254.8,393.1,246.9,232.2,94.9,206.2,303.8,170.6,105.7,328.7,318.6,331.8,260.5,213.1,145.0,290.8,120.2,233.3,145.2,258.4,189.3,96.5,228.2,178.1,207.2,230.9,232.6,68.5,268.5,344.6,223.9,125.4,296.9,218.5,159.8,277.5,103.9,109.8,95.8,2394.6,280.8,120.6,303.8,234.2,147.5,246.1,355.9,109.0,252.4,360.1,106.1,260.9,259.4,229.6,230.0,190.8,54.2,348.4,289.8,112.4,166.4,342.4,376.9,97.6,218.3,208.7,118.1,207.2,384.6,260.9,220.8,114.1,79.1,332.4,308.1,169.2,40.8,230.1,104.0,0.0,258.3,234.0,290.0,149.7,348.3,287.6,89.9,219.5,240.6,270.8,127.8
XR,217.8,272.2,10.5,339.5,98.0,393.9,458.1,425.1,312.7,312.0,257.9,363.4,186.1,80.1,96.0,208.7,388.8,489.9,353.2,288.3,480.4,106.4,106.8,443.1,298.7,322.4,372.5,196.6,410.7,322.6,163.2,368.8,322.3,369.5,356.3,97.8,392.9,410.0,224.7,451.1,129.8,332.7,202.7,82.1,385.5,337.2,57.2,221.5,203.6,232.9,2338.5,58.7,304.3,89.0,178.3,330.1,12.4,148.9,217.6,384.2,153.1,321.0,370.5,288.2,68.0,120.6,352.0,232.2,123.4,48.8,145.4,349.0,112.2,169.9,176.9,400.9,348.6,300.7,384.6,177.6,146.8,403.4,296.7,256.5,122.8,101.1,240.4,233.9,412.7,281.4,257.6,0.0,72.4,346.0,327.1,136.1,57.4,179.1,50.0,33.6,448.2,353.6
XU,177.4,230.4,80.3,297.7,74.9,378.3,415.4,383.3,270.9,275.7,221.5,368.0,194.9,12.8,59.4,166.9,347.0,444.6,311.4,246.5,465.7,135.2,114.2,401.3,319.4,285.8,377.1,154.8,370.3,282.2,121.4,330.1,280.5,369.0,327.0,61.1,371.7,373.4,169.4,409.3,106.7,337.3,166.1,59.0,359.3,296.8,39.6,179.4,161.8,192.5,2344.7,50.0,262.5,65.9,137.9,288.3,58.9,161.5,181.0,388.8,161.9,284.4,380.3,246.4,8.2,84.0,332.2,190.4,149.1,106.4,103.6,307.2,128.6,178.7,140.3,359.1,353.2,258.9,348.0,189.1,105.0,361.6,254.9,219.9,94.5,120.9,200.0,181.6,370.9,244.8,217.2,65.9,0.0,355.8,290.5,164.9,88.3,137.3,32.3,57.2,411.6,311.8
YA,346.1,145.9,401.5,134.7,450.6,105.6,124.7,92.6,234.0,206.9,157.5,122.9,530.9,388.5,370.0,232.7,83.3,153.9,63.3,178.0,164.0,456.4,469.6,138.6,148.6,217.3,158.9,288.9,101.4,123.0,396.2,62.0,256.3,104.4,76.2,345.0,99.0,112.7,242.7,136.6,482.4,96.6,263.2,434.7,86.6,138.8,415.3,270.7,247.6,282.1,2362.5,418.6,176.0,441.6,372.0,113.6,383.9,493.7,246.8,120.5,497.9,199.0,129.0,393.5,367.4,367.8,88.9,207.4,486.2,402.8,250.2,122.4,480.2,514.7,275.1,86.4,81.4,126.4,57.3,522.4,398.7,79.6,99.3,195.6,470.2,445.9,334.8,173.4,80.2,159.4,215.0,396.1,375.6,0.0,159.1,486.1,425.4,227.7,357.3,378.4,136.3,271.4
YF,327.2,123.0,364.5,13.6,413.6,158.3,195.4,163.3,191.6,169.9,120.5,175.6,493.9,347.7,333.0,195.7,127.0,224.6,91.4,141.0,249.5,419.4,432.6,181.3,133.9,180.3,211.6,251.9,154.1,23.4,359.2,110.1,154.5,149.0,98.9,307.9,151.7,153.4,205.7,189.3,445.4,144.7,226.2,397.7,139.3,10.1,378.3,228.2,210.6,245.1,2367.8,381.6,78.6,404.6,335.0,76.6,346.9,456.7,209.8,173.2,460.9,97.2,181.7,356.5,330.4,330.8,111.6,170.4,449.2,390.6,213.2,87.2,443.2,477.7,238.1,139.1,129.5,93.4,128.0,485.4,361.7,141.6,62.3,145.3,433.2,408.9,297.8,136.4,150.9,96.9,191.6,353.9,334.8,173.0,0.0,449.1,388.4,192.0,320.3,341.4,191.6,232.5
YO,278.9,341.7,146.2,409.0,120.4,489.6,526.7,494.6,382.2,386.7,332.6,472.1,57.9,158.6,170.7,278.2,458.3,555.9,422.7,357.8,580.8,76.5,71.1,512.6,415.1,397.1,481.2,266.1,485.4,397.3,232.7,441.4,391.8,483.4,430.2,172.5,483.0,484.7,294.2,520.6,105.1,441.4,277.4,136.3,470.6,411.9,149.9,296.2,273.1,307.6,2406.2,146.2,372.7,129.4,253.0,399.6,128.6,20.7,292.3,492.9,24.9,395.7,484.4,354.0,137.5,195.3,442.9,301.7,86.8,184.5,216.5,418.5,60.5,41.7,251.6,470.4,457.3,366.2,459.3,49.4,216.3,472.9,366.2,344.5,90.8,42.3,315.1,303.4,482.2,356.1,363.9,140.8,145.7,459.9,394.9,0.0,125.3,249.9,119.5,99.5,522.9,423.1
YY,225.2,291.7,78.2,359.0,79.4,439.6,476.7,444.6,332.2,336.7,282.6,431.1,124.8,85.4,120.7,228.2,408.3,505.9,372.7,307.8,530.8,96.6,44.1,462.6,374.1,347.1,440.2,216.1,435.4,347.3,179.0,391.4,341.8,442.4,380.2,122.5,433.0,434.7,244.2,470.6,79.0,400.4,227.4,63.5,420.6,361.9,38.6,246.2,223.1,257.6,2406.0,32.0,322.7,70.4,199.3,349.6,60.6,87.6,242.3,451.9,91.8,345.7,443.4,300.3,87.5,145.3,392.9,251.7,79.0,116.5,166.5,368.5,54.7,108.6,201.6,420.4,416.3,316.2,409.3,116.3,162.6,422.9,316.2,294.5,64.7,140.6,265.1,253.4,432.2,306.1,313.9,72.8,95.7,418.9,344.9,105.4,0.0,199.9,69.5,73.1,472.9,373.1
ZD,136.4,91.7,173.7,159.0,222.8,239.6,276.7,244.6,132.2,137.0,119.2,256.9,301.7,156.9,142.2,28.2,208.3,305.9,172.7,107.8,330.8,228.6,241.8,262.6,215.2,147.1,292.9,59.8,235.4,147.3,168.4,191.4,141.8,230.3,188.3,117.1,233.0,234.7,76.4,270.6,254.6,226.0,58.7,205.6,220.6,161.9,187.5,40.7,23.1,57.6,2304.6,189.9,123.8,213.8,144.2,149.6,154.8,264.6,42.3,254.5,270.1,145.7,263.0,169.4,139.6,140.0,193.5,51.7,258.4,199.8,23.9,168.5,251.1,285.6,47.3,220.4,210.8,120.2,209.3,297.3,169.6,222.9,116.2,81.2,242.4,216.8,107.0,42.9,232.2,106.1,82.3,168.3,144.0,292.1,151.8,258.3,197.6,0.0,128.2,150.6,272.9,173.1
ZF,172.9,222.1,44.1,289.4,101.1,370.0,407.1,375.0,262.6,267.4,213.2,365.6,173.5,35.2,51.1,158.6,338.7,436.3,303.1,238.2,461.2,99.0,112.2,393.0,306.1,277.5,374.7,146.5,365.8,277.7,113.1,321.8,272.2,376.9,318.7,52.9,363.4,365.1,161.1,401.0,132.9,334.9,157.8,85.2,351.0,292.3,65.8,176.6,153.5,188.0,2336.4,64.1,253.1,92.1,133.4,280.0,26.5,136.3,172.7,386.4,140.5,276.1,377.9,234.4,17.9,75.7,323.9,182.1,128.8,82.4,96.9,298.9,122.8,157.3,132.0,350.8,350.8,250.6,339.7,165.0,96.7,353.3,246.6,224.9,120.7,88.5,195.5,173.3,362.6,236.5,212.7,33.5,26.1,353.4,282.2,128.7,68.0,129.0,0.0,21.0,403.3,303.5
ZN,179.3,242.1,46.6,309.4,91.1,390.0,427.1,395.0,282.6,287.1,233.0,381.3,152.4,59.0,71.1,178.6,358.7,456.3,323.1,258.2,481.2,77.9,94.7,413.0,324.3,297.5,390.4,166.5,385.8,297.7,133.1,341.8,292.2,392.6,330.6,72.9,383.4,385.1,194.6,421.0,122.9,350.6,177.8,75.2,371.0,312.3,50.3,196.6,173.5,208.0,2356.4,43.7,273.1,82.1,153.4,300.0,29.0,115.2,192.7,402.1,119.4,296.1,393.6,254.4,37.9,95.7,343.3,202.1,111.3,84.9,116.9,318.9,105.3,136.2,152.0,370.8,366.5,266.6,359.7,143.9,116.7,373.3,266.6,244.9,110.7,67.4,215.5,203.8,382.6,256.5,264.3,41.2,46.1,369.1,295.3,107.6,50.5,150.3,19.9,0.0,423.3,323.5
ZQ,422.2,222.0,477.6,210.8,526.7,155.7,94.1,32.7,310.1,283.0,233.6,173.0,607.0,464.6,446.1,308.8,82.9,123.3,121.9,254.1,133.4,532.5,545.7,52.2,217.5,293.4,188.1,365.0,79.4,199.1,472.3,138.1,332.4,154.5,152.3,421.1,132.1,36.1,318.8,111.1,558.5,172.7,339.3,510.8,136.7,214.9,491.4,346.8,323.7,358.2,2412.4,494.7,252.1,517.7,448.1,189.7,460.0,569.8,322.9,170.6,574.0,275.1,179.1,469.6,443.5,443.9,165.0,283.5,562.3,452.7,326.3,124.6,556.3,590.8,351.2,95.1,157.5,202.5,60.4,598.5,474.8,57.9,175.4,271.7,546.3,522.0,410.9,249.5,74.8,235.5,291.1,472.2,451.7,152.4,235.2,562.2,501.5,303.8,433.4,454.5,0.0,347.5
ZS,235.7,105.6,291.1,172.9,340.2,253.5,290.6,258.5,84.0,150.6,133.4,270.8,420.5,278.1,259.6,122.3,222.2,319.8,186.6,121.7,344.7,346.0,359.2,276.5,235.6,161.0,306.8,146.5,249.3,161.2,285.8,205.3,93.6,252.3,194.1,234.6,246.9,248.6,81.5,284.5,372.0,239.9,152.8,324.3,234.5,175.8,304.9,130.2,137.2,122.1,2388.2,308.2,136.6,331.2,261.6,163.5,273.5,383.3,136.4,268.4,387.5,103.2,276.9,283.1,257.0,257.4,206.8,80.5,375.8,337.3,139.8,182.4,369.8,404.3,123.9,234.3,224.7,130.1,223.2,412.0,288.3,236.8,130.1,46.5,359.8,335.5,195.5,96.2,246.1,120.0,30.7,280.5,265.2,306.0,158.8,375.7,315.0,117.3,246.9,268.0,286.8,0.0
