from_stop,AH,AJ,BA,BD,BG,BI,BQ,BR,CA,CC,CG,CJ,CL,CN,CX,DB,DF,DU,EC,EJ,EN,EP,EX,FM,FN,FP,FQ,FX,FY,GM,GP,GR,GS,GY,HD,HG,HK,HO,HU,HZ,IA,IC,IE,IL,IT,IV,IY,JR,JT,JW,JZ,KA,KD,KE,KJ,KL,KO,KP,KW,LL,LN,LY,MC,MI,MU,MV,NC,NE,NI,NJ,NK,NL,NR,NV,OA,OL,OP,PK,PM,PN,PQ,PT,QD,QE,QH,QM,QP,QQ,QT,QX,QY,RI,RL,RX,RZ,SK,SW,TI,UB,UG,UI,UN,VF,VK,VM,VS,VX,WH,WM,WX,XG,XJ,XM,XY,YF,YM,YQ,YV,YY,ZB,ZC,ZE,ZG,ZR,ZS
AH,0.0,664.1,652.7,149.9,277.0,180.8,588.8,613.3,275.5,317.0,292.8,243.0,140.1,274.0,186.2,201.4,246.7,233.0,363.0,169.9,597.6,265.9,105.6,376.9,525.8,315.0,239.9,672.9,645.4,224.0,300.7,203.4,208.4,162.1,282.3,157.2,214.0,652.9,656.1,177.2,206.1,1194.1,298.2,651.3,175.1,689.3,152.4,694.2,532.8,254.5,596.7,284.9,195.5,600.8,277.2,601.3,619.0,249.2,155.6,491.8,271.5,197.6,131.9,283.8,627.1,266.3,633.4,644.6,635.2,209.9,240.1,592.3,682.6,144.7,236.2,267.2,658.9,157.3,161.1,307.9,418.6,281.2,174.4,580.8,224.6,224.1,665.3,656.1,153.8,612.7,618.5,286.0,350.9,293.0,182.5,249.0,300.6,208.3,706.1,220.7,634.8,269.6,138.2,276.0,313.8,182.9,186.6,655.9,573.1,271.1,49.1,285.2,664.2,684.3,196.7,276.1,281.2,210.6,203.7,226.9,261.6,650.4,593.3,247.0,123.5
AJ,732.2,0.0,29.8,538.6,790.8,597.6,195.1,226.7,734.7,828.5,806.6,691.6,604.8,764.6,648.1,677.7,737.3,760.6,883.5,646.2,203.9,756.5,726.7,897.4,227.6,777.7,753.7,41.9,69.4,640.8,761.7,475.4,517.0,626.8,772.9,609.6,704.6,62.5,212.7,653.5,696.7,1100.7,762.9,167.0,616.0,71.2,591.6,191.6,221.8,546.5,183.4,776.3,664.9,163.2,767.8,170.6,106.3,763.0,631.9,258.7,792.5,688.2,608.2,592.4,235.1,780.1,149.1,191.1,241.5,647.5,656.9,130.7,165.2,620.2,729.0,794.8,230.7,633.6,631.3,821.8,447.0,771.8,613.6,185.1,708.4,668.7,181.0,225.6,618.5,172.5,38.8,776.6,811.9,783.6,666.7,708.2,815.3,496.9,203.5,734.5,150.5,760.2,547.7,805.7,804.4,653.1,610.4,163.5,136.7,784.9,688.4,676.7,164.3,171.4,661.4,735.3,589.8,682.2,694.3,608.9,752.2,16.7,201.6,754.9,599.8
BA,724.1,40.0,0.0,530.5,760.9,589.5,372.7,190.7,726.6,820.4,776.7,683.5,596.7,756.5,640.0,647.8,729.2,752.5,875.4,638.1,195.8,748.4,718.6,889.3,197.7,769.6,745.6,82.0,113.7,632.7,753.6,467.3,508.9,618.7,764.8,591.3,696.5,93.1,204.6,645.4,705.6,1092.6,754.8,126.6,607.9,63.1,583.5,161.7,213.7,538.4,175.3,768.2,656.8,155.1,737.9,162.5,98.2,754.9,623.8,250.6,784.4,680.1,600.1,584.3,227.0,772.0,157.3,183.0,233.4,639.4,648.8,122.6,157.1,612.1,720.9,786.7,222.6,625.5,623.2,813.7,438.9,763.7,605.5,177.0,700.3,660.6,172.9,161.8,610.4,164.4,69.4,768.5,803.8,775.5,658.6,700.1,785.4,488.8,195.4,726.4,142.4,752.1,539.6,797.6,796.3,645.0,592.0,155.4,128.6,776.8,680.3,668.6,156.2,163.3,645.3,727.2,581.7,674.1,664.4,600.8,744.1,56.8,193.5,746.8,591.7
BD,260.8,561.4,550.0,0.0,296.2,161.8,486.1,510.6,263.3,336.2,312.0,220.2,133.4,293.2,176.7,194.7,265.9,252.2,382.2,174.8,494.9,285.1,255.3,396.1,423.1,334.2,259.1,570.2,542.7,205.0,319.9,100.7,105.7,155.4,301.5,150.5,233.2,550.2,553.4,182.1,225.3,1091.4,291.5,548.6,144.6,586.6,155.8,591.5,430.1,151.8,494.0,304.1,200.4,498.1,296.4,498.6,516.3,268.4,160.5,389.1,290.7,216.8,136.8,181.1,524.4,285.5,530.7,541.9,532.5,176.1,221.1,489.6,579.9,149.6,255.4,286.4,556.2,162.2,158.6,327.1,315.9,300.4,177.8,478.1,217.9,229.0,562.6,553.4,147.1,448.4,515.8,305.2,370.1,312.2,195.3,236.8,319.8,105.6,603.4,239.9,532.1,288.8,76.3,295.2,333.0,187.8,141.4,553.2,470.4,290.3,201.8,240.9,561.5,581.6,190.0,263.9,178.5,215.5,222.9,173.1,280.8,547.7,490.6,266.2,128.4
BG,215.5,784.3,753.7,290.2,0.0,321.1,722.8,731.1,415.8,276.9,121.2,278.0,280.4,153.8,313.8,353.3,173.7,128.0,331.9,310.2,718.8,284.9,271.3,345.8,666.1,177.9,88.3,794.1,764.0,364.3,161.9,343.7,348.7,302.4,301.3,275.0,233.0,767.5,796.4,317.5,225.1,1334.4,438.5,772.5,210.1,829.6,292.7,815.4,673.1,394.8,709.7,176.5,328.9,746.9,296.2,722.5,759.3,37.7,295.9,610.5,166.5,216.6,272.2,424.1,732.6,114.7,754.6,765.8,756.4,350.2,380.4,713.5,803.8,284.2,113.3,162.2,799.2,297.6,194.8,136.4,537.3,300.2,314.7,700.0,384.0,364.4,786.5,740.5,294.1,704.5,758.8,203.3,212.1,285.6,217.5,389.3,195.6,348.6,827.3,56.2,756.0,149.4,278.5,254.1,189.5,323.2,313.3,777.1,694.3,99.5,217.8,425.5,785.4,805.5,329.0,416.4,421.5,350.9,222.7,367.2,280.6,790.7,733.6,147.6,263.8
BI,281.7,629.4,619.0,151.8,317.1,0.0,555.1,576.2,321.3,357.1,332.9,241.1,185.9,314.1,229.2,258.8,286.8,273.1,403.1,127.2,563.9,306.0,276.2,417.0,492.1,355.1,280.0,639.2,609.1,43.1,340.8,169.7,174.7,207.9,322.4,203.0,254.1,593.5,622.4,166.4,263.2,1160.4,344.0,585.3,165.5,655.6,64.6,660.5,499.1,220.8,554.8,325.0,162.7,567.1,317.3,567.6,585.3,289.3,144.8,458.1,305.0,237.7,121.1,250.1,577.7,306.4,586.1,610.9,601.5,255.7,59.2,558.6,648.9,102.9,276.3,307.3,625.2,119.8,179.5,348.0,384.9,321.3,86.6,545.1,289.5,141.7,631.6,585.6,199.6,579.0,584.8,326.1,391.0,333.1,216.2,294.8,340.7,174.6,672.4,260.8,601.1,309.7,160.9,316.1,353.9,126.1,226.0,622.2,539.4,311.2,237.9,104.3,646.2,650.6,234.5,321.9,247.5,155.2,243.8,96.7,301.7,616.7,559.6,304.4,112.7
BQ,724.0,234.2,223.8,530.4,1066.8,589.4,0.0,54.9,726.5,820.3,1082.6,683.4,596.6,756.4,642.7,646.3,729.1,752.4,875.3,638.0,88.4,748.3,718.5,889.2,480.2,769.5,745.5,244.0,388.6,632.6,753.5,787.2,508.8,618.6,764.7,613.7,696.4,268.7,488.7,645.3,688.5,1092.5,754.7,208.3,607.8,190.5,583.4,189.6,195.6,538.3,104.2,768.1,663.6,224.8,736.4,418.9,173.7,754.8,623.7,250.5,790.9,680.0,600.0,584.2,90.3,1056.1,190.4,131.7,119.9,639.3,648.7,149.3,202.1,612.0,718.6,786.6,241.0,625.4,621.8,1097.8,438.8,763.6,605.4,88.3,700.2,660.5,222.3,54.4,610.3,194.8,260.0,768.4,803.7,775.4,658.5,700.0,1091.3,488.7,240.4,726.3,168.6,752.0,539.5,797.5,796.2,964.9,602.2,145.3,144.2,776.7,665.0,988.5,223.7,241.3,653.2,727.1,581.6,674.0,686.1,600.7,744.0,291.9,175.4,729.4,591.6
BR,714.7,224.9,194.3,521.1,773.3,580.1,42.1,0.0,717.2,811.0,789.1,674.1,573.9,747.1,617.2,646.8,719.8,743.1,866.0,628.7,54.7,739.0,709.2,866.5,192.1,760.2,736.2,234.7,204.6,623.3,744.2,457.9,499.5,609.3,755.4,581.9,673.7,259.4,217.5,636.0,696.2,1083.2,745.4,142.3,598.5,181.2,574.1,176.9,186.3,529.0,75.1,758.8,647.4,196.9,736.9,87.9,140.0,745.5,614.4,241.2,775.0,670.7,590.7,574.9,79.8,762.6,75.5,98.0,86.2,630.0,639.4,97.7,168.4,602.7,711.5,777.3,231.7,616.1,613.8,804.3,429.5,754.3,596.1,83.5,690.9,651.2,188.6,48.1,601.0,137.0,236.1,759.1,794.4,766.1,649.2,690.7,784.4,479.4,206.7,717.0,140.2,742.7,530.2,788.2,786.9,635.6,582.6,111.6,121.5,767.4,670.9,659.2,203.2,207.6,635.9,717.8,572.3,664.7,663.4,591.4,734.7,282.6,166.1,737.4,582.3
CA,384.0,737.5,726.1,223.3,419.4,308.9,662.2,686.7,0.0,459.4,435.2,343.4,163.1,416.4,160.7,83.9,389.1,375.4,505.4,298.0,671.0,408.3,378.5,519.3,599.2,457.4,382.3,746.3,718.8,352.1,443.1,276.8,281.8,116.0,424.7,171.1,356.4,726.3,729.5,305.3,348.5,1267.5,44.8,724.7,267.8,762.7,280.5,767.6,606.2,327.9,670.1,427.3,323.6,674.2,419.6,674.7,692.4,391.6,283.7,565.2,413.9,340.0,260.0,357.2,700.5,408.7,706.8,718.0,708.6,138.0,368.2,665.7,756.0,272.8,378.6,409.6,732.3,285.4,281.8,450.3,492.0,423.6,302.5,654.2,98.0,352.2,738.7,729.5,165.1,624.5,691.9,428.4,493.3,435.4,318.5,16.7,443.0,281.7,779.5,363.1,708.2,412.0,166.9,418.4,456.2,311.0,128.3,729.3,646.5,413.5,325.0,413.3,737.6,757.7,122.9,46.7,354.6,338.7,346.1,349.2,404.0,723.8,666.7,389.4,251.6
CC,255.1,801.5,790.1,329.8,281.7,360.7,726.2,750.7,455.4,0.0,276.2,317.6,320.0,312.6,353.4,381.3,285.3,271.6,90.6,349.8,735.0,78.0,310.9,104.5,705.7,268.6,244.6,810.3,782.8,403.9,252.6,383.3,388.3,342.0,120.9,337.1,104.7,832.8,836.0,357.1,141.8,1374.0,478.1,788.7,249.7,756.8,332.3,831.6,712.7,434.4,734.1,267.2,375.4,780.7,148.2,738.7,725.7,253.9,335.5,626.7,310.1,133.3,311.8,463.7,764.5,271.0,770.8,782.0,772.6,389.8,420.0,729.7,820.0,324.6,274.8,305.8,838.8,337.2,235.7,254.8,553.5,93.3,354.3,718.2,404.5,404.0,802.7,793.5,333.7,792.6,798.4,235.4,302.8,44.3,257.1,428.9,306.2,388.2,843.5,225.4,772.2,308.2,318.1,36.0,260.7,362.8,366.5,793.3,710.5,254.5,257.4,465.1,801.6,821.7,376.6,456.0,461.1,390.5,98.3,406.8,75.7,830.3,773.2,285.6,303.4
CG,222.3,791.1,760.5,297.0,92.2,327.9,729.6,737.9,422.6,283.7,0.0,284.8,287.2,160.6,320.6,360.1,180.5,134.8,338.7,317.0,725.6,291.7,278.1,352.6,672.9,184.7,95.1,800.9,770.8,371.1,168.7,350.5,355.5,309.2,308.1,304.3,239.8,774.3,803.2,324.3,248.9,1341.2,445.3,779.3,216.9,836.4,299.5,822.2,679.9,401.6,716.5,183.3,342.6,753.7,303.0,729.3,766.1,64.4,302.7,617.3,173.3,223.4,279.0,430.9,755.1,121.5,761.4,772.6,763.2,357.0,387.2,720.3,795.8,291.0,120.1,169.0,806.0,304.4,201.6,113.6,544.1,307.0,321.5,706.8,394.5,371.2,793.3,747.3,300.9,698.2,765.6,180.5,218.9,292.4,224.3,396.1,202.4,355.4,834.1,63.0,762.8,156.2,285.3,260.9,166.7,330.0,320.1,783.9,701.1,22.6,224.6,432.3,792.2,812.3,335.8,423.2,428.3,357.7,229.5,374.0,287.4,797.5,740.4,154.4,270.6
CJ,192.3,781.2,769.8,267.0,268.8,297.9,705.9,730.4,392.6,308.8,284.6,0.0,257.2,265.8,290.6,318.5,238.5,224.8,354.8,287.0,714.7,257.7,233.9,368.7,642.9,306.8,231.7,790.0,762.5,341.1,292.5,320.5,325.5,279.2,274.1,274.3,205.8,770.0,773.2,294.3,197.9,1311.2,415.3,768.4,76.9,806.4,269.5,811.3,649.9,371.6,713.8,276.7,312.6,717.9,269.0,718.4,736.1,241.0,272.7,608.9,263.3,189.4,249.0,400.9,744.2,258.1,750.5,761.7,752.3,327.0,357.2,709.4,799.7,261.8,228.0,259.0,776.0,274.4,72.6,299.7,535.7,273.0,291.5,697.9,341.7,341.2,782.4,773.2,270.9,729.8,735.6,277.8,342.7,284.8,83.4,366.1,292.4,325.4,823.2,212.5,751.9,261.4,255.3,267.8,305.6,300.0,303.7,773.0,690.2,262.9,180.4,402.3,781.3,801.4,313.8,393.2,398.3,327.7,195.5,344.0,253.4,767.5,710.4,238.8,240.6
CL,261.0,636.6,626.2,123.4,296.4,185.9,562.3,583.4,173.6,336.4,312.2,220.4,0.0,293.4,97.0,136.7,266.1,252.4,382.4,175.0,571.1,285.3,255.5,396.3,499.3,334.4,259.3,646.4,616.3,229.1,320.1,176.9,181.9,85.8,301.7,68.6,233.4,600.7,629.6,182.3,225.5,1167.6,158.0,624.8,144.8,662.8,157.5,667.7,506.3,228.0,562.0,304.3,193.7,580.1,296.6,574.8,592.5,268.6,160.7,465.3,290.9,217.0,137.0,257.3,584.9,285.7,593.3,618.1,608.7,133.6,245.2,565.8,641.3,149.0,257.8,286.6,632.4,162.4,160.1,327.3,392.1,300.6,179.5,552.3,102.7,229.2,638.8,592.8,77.5,586.2,592.0,305.4,370.3,312.4,195.5,164.6,320.0,181.8,679.6,240.1,608.3,289.0,111.7,295.4,333.2,188.0,131.6,629.4,546.6,290.5,202.0,290.3,640.2,657.8,80.0,191.7,254.7,215.7,223.1,232.0,281.0,623.9,566.8,266.4,128.6
CN,212.6,801.5,790.1,287.3,143.9,318.2,726.2,750.7,412.9,315.4,159.7,275.1,277.5,0.0,320.8,338.8,117.8,137.1,370.4,307.3,735.0,282.0,268.4,384.3,663.2,216.4,65.5,810.3,782.8,361.4,200.4,340.8,345.8,299.5,298.4,294.6,230.1,790.3,793.5,314.6,222.2,1331.5,435.6,788.7,207.2,826.7,289.8,831.6,670.2,391.9,734.1,189.0,332.9,738.2,293.3,738.7,756.4,116.1,293.0,629.2,175.6,213.7,269.3,421.2,764.5,93.4,770.8,782.0,772.6,347.3,377.5,729.7,820.0,282.1,47.8,171.3,796.3,294.7,193.2,174.9,556.0,297.3,311.8,718.2,362.0,361.5,802.7,793.5,291.2,688.5,755.9,157.1,250.6,309.1,214.6,386.4,204.7,345.7,843.5,87.6,772.2,21.9,275.6,292.1,228.0,320.3,324.0,793.3,710.5,138.0,214.9,422.6,801.6,821.7,334.1,413.5,418.6,348.0,219.8,364.3,277.7,787.8,730.7,79.9,260.9
CX,290.4,674.8,644.2,152.8,337.2,224.1,897.7,612.8,176.2,377.2,353.0,249.8,67.8,322.8,0.0,110.7,304.3,281.8,411.8,204.4,600.5,314.7,296.3,425.7,528.7,363.8,288.7,675.8,657.1,258.5,360.9,217.7,211.3,59.8,339.9,88.8,274.2,641.5,659.0,211.7,263.7,1208.4,160.6,621.9,185.6,692.2,186.9,697.1,544.5,257.4,608.4,345.1,230.0,609.5,337.4,613.0,633.3,298.0,201.5,506.1,320.3,257.8,177.8,298.1,640.5,323.9,645.1,656.3,649.5,89.6,274.6,595.2,679.5,178.4,293.8,316.0,673.2,200.6,197.0,368.1,432.9,330.0,208.9,581.7,102.5,258.6,668.2,577.9,17.7,578.5,621.4,346.2,408.5,353.2,224.9,146.7,358.2,211.2,717.8,280.9,646.5,329.8,152.5,336.2,362.6,217.4,132.6,658.8,576.0,328.7,258.0,328.5,675.9,696.0,79.8,185.2,284.1,256.5,261.3,272.8,321.8,664.7,596.2,321.9,169.4
DB,334.3,709.9,679.3,196.7,369.7,259.2,930.2,656.7,86.4,409.7,385.5,293.7,114.4,366.7,123.4,0.0,339.4,325.7,455.7,248.3,644.4,358.6,328.8,469.6,572.6,407.7,332.6,719.7,689.6,302.4,393.4,250.2,255.2,79.9,375.0,132.6,306.7,674.0,702.9,255.6,298.8,1240.9,103.8,665.8,218.1,736.1,230.8,741.0,579.6,301.3,643.5,377.6,267.0,647.6,369.9,648.1,665.8,341.9,234.0,538.6,357.6,290.3,210.3,330.6,673.9,359.0,680.2,691.4,682.0,114.1,318.5,639.1,714.6,222.3,328.9,359.9,705.7,235.7,232.1,400.6,465.4,373.9,252.8,625.6,70.7,302.5,712.1,610.4,115.4,611.0,665.3,378.7,443.6,385.7,268.8,59.9,393.3,255.1,752.9,313.4,681.6,362.3,143.0,368.7,406.5,261.3,104.4,702.7,619.9,363.8,290.5,363.6,711.0,731.1,78.8,87.0,328.0,289.0,296.4,305.3,354.3,697.2,640.1,357.0,201.9
DF,194.8,783.7,772.3,269.5,163.3,300.4,708.4,732.9,395.1,262.8,179.1,257.3,259.7,107.3,305.8,321.0,0.0,119.3,317.8,289.5,717.2,271.5,250.6,331.7,645.4,201.3,106.7,792.5,765.0,343.6,187.0,323.0,328.0,281.7,287.9,276.8,219.6,772.5,775.7,296.8,211.7,1313.7,417.8,770.9,189.4,808.9,272.0,813.8,652.4,374.1,716.3,171.2,315.1,720.4,282.8,720.9,738.6,135.5,275.2,611.4,157.8,203.2,251.5,403.4,746.7,134.6,753.0,764.2,754.8,329.5,359.7,711.9,802.2,264.3,69.5,153.5,778.5,276.9,175.4,181.9,538.2,286.8,294.0,700.4,344.2,343.7,784.9,775.7,273.4,683.8,738.1,97.7,237.2,271.5,196.8,368.6,186.9,327.9,825.7,107.0,754.4,102.9,257.8,240.0,187.8,302.5,306.2,775.5,692.7,157.4,197.1,404.8,783.8,803.9,316.3,395.7,400.8,330.2,209.3,346.5,267.2,770.0,712.9,80.3,243.1
DU,151.5,740.4,729.0,226.2,128.0,257.1,665.1,689.6,351.8,266.7,143.8,214.0,216.4,137.0,249.8,277.7,109.7,0.0,318.0,246.2,673.9,220.9,207.3,331.9,602.1,81.9,90.9,749.2,721.7,300.3,139.7,279.7,284.7,238.4,237.3,233.5,169.0,729.2,732.4,253.5,161.1,1270.4,374.5,727.6,146.1,765.6,228.7,770.5,609.1,330.8,673.0,51.8,271.8,677.1,232.2,677.6,695.3,100.2,231.9,568.1,38.4,152.6,208.2,360.1,703.4,117.3,709.7,720.9,711.5,286.2,316.4,668.6,758.9,221.0,99.2,34.1,735.2,233.6,132.1,159.0,494.9,236.2,250.7,657.1,300.9,300.4,741.6,732.4,230.1,640.5,694.8,149.0,134.5,248.0,153.5,325.3,67.5,284.6,782.4,71.7,711.1,132.6,214.5,231.0,212.1,259.2,262.9,732.2,649.4,122.1,153.8,361.5,740.5,760.6,273.0,352.4,357.5,286.9,158.7,303.2,216.6,726.7,669.6,110.0,199.8
EC,309.5,882.4,872.0,384.2,370.0,415.1,808.1,832.6,509.8,97.5,385.8,372.0,374.4,367.0,417.7,447.3,339.7,326.0,0.0,404.2,816.9,159.9,365.3,37.4,760.1,350.5,332.9,892.2,862.1,458.3,334.5,437.7,442.7,396.4,172.4,393.7,142.4,861.5,890.4,411.5,196.2,1428.4,532.5,838.3,304.1,923.6,386.7,913.5,767.1,488.8,816.0,377.9,429.8,840.9,167.3,820.6,853.3,342.2,389.9,708.6,364.5,187.7,366.2,518.1,830.7,359.3,852.7,863.9,854.5,444.2,474.4,811.6,901.9,378.2,329.2,360.2,893.2,391.6,288.8,364.8,635.4,175.2,408.7,800.1,481.7,458.4,884.6,838.6,388.1,785.4,852.8,345.4,384.7,63.4,311.5,483.3,393.6,442.6,925.4,313.7,854.1,362.6,372.5,117.9,370.7,417.2,417.6,875.2,792.4,364.1,327.0,519.5,883.5,903.6,423.0,510.4,515.5,444.9,152.7,461.2,94.8,884.7,827.6,340.0,357.8
EJ,251.9,680.1,668.7,165.9,287.3,128.3,604.8,629.3,291.5,327.3,303.1,211.3,156.1,284.3,202.2,217.4,257.0,243.3,373.3,0.0,613.6,276.2,246.4,387.2,541.8,325.3,250.2,688.9,661.4,171.5,311.0,219.4,224.4,178.1,292.6,173.2,224.3,668.9,672.1,136.6,216.4,1210.1,314.2,667.3,135.7,705.3,63.6,710.2,548.8,270.5,612.7,295.2,139.4,616.8,287.5,617.3,635.0,259.5,115.0,507.8,281.8,207.9,91.3,299.8,643.1,276.6,649.4,660.6,651.2,225.9,187.6,608.3,698.6,26.2,246.5,277.5,674.9,96.5,149.7,318.2,434.6,291.5,63.3,596.8,240.6,118.4,681.3,672.1,169.8,628.7,634.5,296.3,361.2,303.3,186.4,265.0,310.9,224.3,722.1,231.0,650.8,279.9,154.2,286.3,324.1,132.1,202.6,671.9,589.1,281.4,192.9,232.7,680.2,700.3,212.7,292.1,297.2,131.9,214.0,174.4,271.9,666.4,609.3,257.3,82.9
EN,701.9,213.1,201.7,508.3,760.5,567.3,55.5,55.6,704.4,798.2,776.3,661.3,574.5,734.3,617.8,635.8,707.0,730.3,853.2,615.9,0.0,726.2,696.4,867.1,179.3,747.4,723.4,221.9,194.4,610.5,731.4,445.1,486.7,596.5,742.6,591.6,674.3,272.3,218.1,623.2,666.4,1070.4,732.6,167.7,585.7,168.4,561.3,217.4,173.5,516.2,28.5,746.0,641.5,184.2,737.5,33.1,133.1,732.7,601.6,228.4,768.8,657.9,577.9,562.1,57.6,749.8,149.8,43.2,37.5,617.2,626.6,108.7,205.8,590.7,696.5,764.5,218.9,603.3,599.7,791.5,416.7,741.5,583.3,26.7,659.0,638.4,181.7,122.8,588.2,124.2,237.9,746.3,781.6,753.3,636.4,677.9,785.0,466.6,229.3,704.2,151.2,729.9,517.4,775.4,774.1,622.8,582.5,134.2,122.1,754.6,642.9,646.4,180.6,200.7,631.1,705.0,559.5,651.9,664.0,578.6,721.9,269.8,153.3,707.3,569.5
EP,219.3,808.2,796.8,294.0,279.8,324.9,732.9,757.4,419.6,78.4,295.6,281.8,284.2,276.8,330.3,345.5,249.5,235.8,133.4,314.0,741.7,0.0,275.1,147.3,669.9,317.8,242.7,817.0,789.5,368.1,303.5,347.5,352.5,306.2,42.8,301.3,66.0,797.0,800.2,321.3,106.0,1338.2,442.3,795.4,213.9,833.4,296.5,838.3,676.9,398.6,740.8,287.7,339.6,744.9,70.5,745.4,763.1,252.0,299.7,635.9,274.3,97.5,276.0,427.9,771.2,269.1,777.5,788.7,779.3,354.0,384.2,736.4,826.7,288.8,239.0,270.0,803.0,301.4,199.9,274.6,562.7,15.2,318.5,724.9,368.7,368.2,809.4,800.2,297.9,708.3,762.6,255.2,353.7,87.1,221.3,393.1,303.4,352.4,850.2,223.5,778.9,272.4,282.3,32.3,280.5,327.0,330.7,800.0,717.2,273.9,221.6,429.3,808.3,828.4,340.8,420.2,425.3,354.7,62.5,371.0,95.3,794.5,737.4,249.8,267.6
EX,89.2,753.4,742.0,239.2,295.1,270.1,678.1,702.6,364.8,335.1,310.9,261.1,229.4,292.1,272.7,290.7,264.8,251.1,381.1,259.2,686.9,284.0,0.0,395.0,615.1,333.1,258.0,762.2,734.7,313.3,318.8,292.7,297.7,251.4,300.4,246.5,232.1,742.2,745.4,266.5,224.2,1283.4,387.5,740.6,193.2,778.6,241.7,783.5,622.1,343.8,686.0,303.0,284.8,690.1,295.3,690.6,708.3,267.3,244.9,581.1,289.6,215.7,221.2,373.1,716.4,284.4,722.7,733.9,724.5,299.2,329.4,681.6,771.9,234.0,254.3,285.3,748.2,246.6,179.2,326.0,507.9,299.3,263.7,670.1,313.9,313.4,754.6,745.4,243.1,640.4,707.8,304.1,369.0,311.1,200.6,338.3,318.7,297.6,795.4,238.8,724.1,287.7,227.5,294.1,331.9,272.2,275.9,745.2,662.4,289.2,63.7,374.5,753.5,773.6,286.0,365.4,370.5,299.9,221.8,316.2,279.7,739.7,682.6,265.1,212.8
FM,300.1,873.0,842.4,374.8,360.6,405.7,811.5,819.8,500.4,88.1,376.4,362.6,365.0,357.6,408.3,437.9,330.3,316.6,34.1,394.8,807.5,150.5,355.9,0.0,750.7,341.1,323.5,882.8,852.7,448.9,325.1,428.3,433.3,387.0,163.0,384.3,133.0,852.1,881.0,402.1,186.8,1419.0,523.1,828.9,294.7,914.2,377.3,904.1,757.7,479.4,806.6,368.5,420.4,825.7,157.9,811.2,843.9,332.8,380.5,699.2,355.1,178.3,356.8,508.7,821.3,349.9,843.3,854.5,845.1,434.8,465.0,802.2,877.7,368.8,322.0,350.8,883.8,382.2,280.7,355.4,626.0,165.8,399.3,788.7,472.3,449.0,875.2,866.0,378.7,776.0,843.4,336.0,375.3,54.0,302.1,473.9,384.2,433.2,916.0,304.3,844.7,353.2,363.1,108.5,361.3,407.8,408.2,865.8,783.0,354.7,317.6,510.1,889.8,894.2,421.6,501.0,506.1,435.5,143.3,451.8,85.4,875.3,818.2,330.6,348.4
FN,633.1,274.5,264.1,439.5,703.4,498.5,454.6,193.9,635.6,741.1,719.2,592.5,505.7,665.5,549.0,578.6,638.2,624.5,796.1,547.1,178.2,657.4,627.6,810.0,0.0,690.3,666.3,284.3,254.2,541.7,674.3,376.3,417.9,527.7,673.8,522.8,605.5,150.7,179.6,554.4,614.6,1028.7,663.8,220.5,516.9,212.8,492.5,265.4,5.7,447.4,169.1,688.9,565.8,130.1,668.7,181.9,142.5,675.6,532.8,186.7,656.4,589.1,509.1,493.3,192.0,692.7,234.9,225.2,215.8,548.4,557.8,193.8,239.0,521.1,627.7,658.7,182.4,534.5,530.9,734.4,349.8,672.7,514.5,159.4,609.3,569.6,266.8,199.9,519.4,69.4,142.0,677.5,724.5,684.5,567.6,609.1,727.9,397.8,277.3,647.1,236.3,661.1,448.6,667.5,705.3,554.0,513.7,237.3,171.7,697.5,589.3,577.6,261.9,269.0,554.3,636.2,490.7,583.1,595.2,509.8,653.1,173.9,116.8,655.8,500.7
FP,224.2,792.9,781.5,298.9,178.6,329.8,717.6,742.1,424.5,284.5,194.4,286.7,289.1,207.0,322.5,350.4,182.4,72.6,339.5,318.9,726.4,293.6,280.0,353.4,674.8,0.0,141.5,801.7,774.2,373.0,99.9,352.4,357.4,311.1,310.0,306.2,241.7,801.9,805.1,326.2,233.8,1343.1,447.2,780.1,218.8,838.3,301.4,823.0,681.8,403.5,725.5,20.7,344.5,749.8,304.9,730.1,768.0,150.8,304.6,618.1,67.4,225.3,280.9,432.8,755.9,167.9,762.2,773.4,764.0,358.9,389.1,721.1,811.4,293.7,168.7,86.9,807.9,306.3,204.8,209.6,544.9,308.9,323.4,709.6,373.6,373.1,794.1,784.9,302.8,761.7,767.5,221.7,94.7,293.2,226.2,398.0,59.7,357.3,834.9,122.3,763.6,202.6,287.2,261.7,262.7,331.9,335.6,784.7,701.9,172.7,226.5,434.2,793.0,813.1,345.7,425.1,430.2,359.6,231.4,375.9,289.3,799.4,742.3,182.7,272.5
FQ,188.4,758.2,746.8,263.1,78.3,294.0,682.9,707.4,388.7,249.8,94.1,250.9,253.3,65.4,296.6,314.6,97.1,100.9,304.8,283.1,691.7,257.8,244.2,318.7,639.0,150.8,0.0,767.0,739.5,337.2,134.8,316.6,321.6,275.3,274.2,270.4,205.9,766.1,769.3,290.4,198.0,1307.3,411.4,745.4,183.0,802.5,265.6,788.3,646.0,367.7,690.8,149.4,308.7,714.0,269.1,695.4,732.2,50.5,268.8,583.4,139.4,189.5,245.1,397.0,721.2,26.3,727.5,738.7,729.3,323.1,353.3,686.4,776.7,257.9,27.1,135.1,772.1,270.5,169.0,109.3,510.2,273.1,287.6,674.9,337.8,337.3,759.4,750.2,267.0,664.3,731.7,136.4,185.0,258.5,190.4,362.2,168.5,321.5,800.2,22.0,728.9,61.0,251.4,227.0,162.4,296.1,299.8,750.0,667.2,72.4,190.7,398.4,758.3,778.4,309.9,389.3,394.4,323.8,195.6,340.1,253.5,763.6,706.5,59.2,236.7
FX,761.2,50.9,80.5,567.6,819.8,626.6,224.1,255.7,763.7,857.5,835.6,720.6,633.8,793.6,667.2,695.1,766.3,789.6,912.5,675.2,232.9,785.5,755.7,926.4,256.6,806.7,782.7,0.0,55.0,669.8,790.7,504.4,546.0,655.8,801.9,650.9,733.6,124.1,241.7,682.5,725.7,1129.7,791.9,196.0,645.0,100.2,620.6,220.6,250.8,575.5,204.2,805.3,700.8,186.4,796.8,199.6,135.3,792.0,660.9,287.7,828.1,717.2,637.2,621.4,210.6,809.1,178.1,220.1,270.5,676.5,685.9,159.7,209.0,650.0,755.8,823.8,259.7,662.6,659.0,850.8,476.0,800.8,642.6,216.1,718.3,697.7,210.0,291.4,647.5,201.5,74.7,805.6,840.9,812.6,695.7,737.2,844.3,525.9,232.5,763.5,179.5,789.2,576.7,834.7,833.4,682.1,641.8,192.5,165.7,813.9,702.2,705.7,184.1,200.4,690.4,764.3,618.8,711.2,723.3,637.9,781.2,52.6,230.6,766.6,628.8
FY,737.4,80.7,50.1,543.8,796.0,602.8,386.0,204.0,739.9,833.7,811.8,696.8,610.0,769.8,643.4,682.9,742.5,765.8,888.7,651.4,209.1,761.7,731.9,902.6,232.8,782.9,758.9,44.5,0.0,646.0,766.9,480.6,522.2,632.0,778.1,614.8,709.8,143.0,217.9,658.7,701.9,1105.9,768.1,139.9,621.2,76.4,596.8,196.8,227.0,551.7,188.6,781.5,677.0,162.6,773.0,175.8,111.5,768.2,637.1,263.9,804.3,693.4,613.4,597.6,240.3,785.3,170.6,196.3,246.7,652.7,662.1,135.9,170.4,625.4,732.0,800.0,235.9,638.8,635.2,827.0,452.2,777.0,618.8,192.3,713.6,673.9,186.2,230.8,623.7,162.9,119.3,781.8,817.1,788.8,671.9,713.4,820.5,502.1,208.7,739.7,155.7,765.4,552.9,810.9,809.6,658.3,615.6,168.7,141.9,790.1,678.4,681.9,160.3,176.6,666.6,740.5,595.0,687.4,699.5,614.1,757.4,97.2,206.8,760.1,605.0
GM,324.9,673.6,662.2,195.0,360.3,43.1,598.3,622.8,364.5,400.3,376.1,284.3,229.1,357.3,272.4,290.4,330.0,316.3,446.3,170.4,607.1,349.2,319.4,460.2,535.3,398.3,323.2,682.4,654.9,0.0,384.0,212.9,217.9,251.1,365.6,246.2,297.3,662.4,665.6,209.6,289.4,1203.6,387.2,660.8,208.7,698.8,107.8,703.7,542.3,264.0,606.2,368.2,205.9,610.3,360.5,610.8,628.5,332.5,188.0,501.3,354.8,280.9,164.3,293.3,636.6,349.6,642.9,654.1,644.7,298.9,16.0,601.8,692.1,146.9,319.5,350.5,668.4,163.0,222.7,391.2,428.1,364.5,129.8,590.3,313.6,184.9,674.8,665.6,242.8,560.6,628.0,369.3,434.2,376.3,259.4,338.0,383.9,217.8,715.6,304.0,644.3,352.9,204.1,359.3,397.1,169.3,269.2,665.4,582.6,354.4,265.9,61.1,673.7,693.8,285.7,365.1,290.7,198.4,287.0,109.8,344.9,659.9,602.8,330.3,155.9
GP,239.2,796.2,784.8,313.9,181.9,344.8,720.9,745.4,439.5,287.8,197.7,301.7,304.1,210.3,337.5,365.4,197.4,149.7,342.8,333.9,729.7,307.0,295.0,356.7,689.8,99.2,144.8,805.0,777.5,388.0,0.0,367.4,372.4,326.1,325.0,321.2,256.7,816.9,820.1,341.2,248.8,1358.1,462.2,783.4,233.8,853.3,316.4,826.3,696.8,418.5,728.8,97.8,359.5,764.8,319.9,733.4,720.4,154.1,319.6,621.4,144.5,240.3,295.9,447.8,759.2,171.2,765.5,776.7,767.3,373.9,404.1,724.4,814.7,308.7,172.0,164.0,822.9,321.3,219.8,212.9,548.2,322.3,338.4,712.9,388.6,388.1,797.4,788.2,317.8,776.7,782.5,236.7,133.4,296.5,241.2,413.0,136.8,372.3,838.2,125.6,766.9,205.9,302.2,265.0,266.0,346.9,350.6,788.0,705.2,176.0,241.5,449.2,796.3,816.4,360.7,440.1,445.2,374.6,246.4,390.9,304.3,814.4,757.3,197.7,287.5
GR,299.9,522.8,512.4,106.3,335.3,165.3,448.5,473.0,302.4,375.3,351.1,259.3,172.5,332.3,218.6,245.4,305.0,291.3,421.3,213.9,457.3,324.2,294.4,435.2,385.5,373.3,298.2,532.6,502.5,208.5,359.0,0.0,84.7,194.5,340.6,177.3,272.3,486.9,515.8,221.2,264.4,1053.8,330.6,478.7,183.7,549.0,159.3,553.9,392.5,96.2,456.4,343.2,232.6,466.3,335.5,461.0,478.7,307.5,199.6,351.5,329.8,255.9,175.9,160.1,488.5,324.6,493.1,504.3,494.9,215.2,224.6,452.0,527.5,187.9,296.7,325.5,518.6,201.3,197.7,366.2,278.3,339.5,181.3,440.5,257.0,236.4,525.0,515.8,186.2,472.4,478.2,344.3,409.2,351.3,234.4,275.9,358.9,33.5,565.8,279.0,494.5,327.9,115.4,334.3,372.1,220.8,178.1,515.6,432.8,329.4,240.9,244.4,539.6,544.0,221.1,303.0,157.5,249.9,262.0,176.6,319.9,510.1,453.0,305.3,167.5
GS,323.4,543.9,532.5,129.8,358.8,188.8,468.6,493.1,325.9,398.8,374.6,282.8,196.0,355.8,242.1,257.3,328.5,314.8,444.8,237.4,477.4,347.7,317.9,458.7,405.6,396.8,321.7,552.7,525.2,232.0,382.5,83.2,0.0,218.0,364.1,213.1,295.8,532.7,535.9,244.7,287.9,1073.9,354.1,531.1,207.2,569.1,182.8,574.0,412.6,97.4,476.5,366.7,263.0,480.6,359.0,481.1,498.8,331.0,223.1,371.6,353.3,279.4,199.4,75.3,506.9,348.1,513.2,524.4,515.0,238.7,248.1,472.1,562.4,212.2,318.0,349.0,538.7,224.8,221.2,389.7,298.4,363.0,204.8,460.6,280.5,259.9,545.1,535.9,209.7,444.0,498.3,367.8,432.7,374.8,257.9,299.4,382.4,70.1,585.9,302.5,514.6,351.4,138.9,357.8,395.6,244.3,204.0,535.7,452.9,352.9,264.4,267.9,544.0,564.1,252.6,326.5,72.7,273.4,285.5,200.1,343.4,530.2,473.1,328.8,191.0
GY,282.2,658.8,647.4,144.6,317.6,207.1,583.5,608.0,126.3,357.6,333.4,241.6,93.8,314.6,91.4,64.7,287.3,273.6,403.6,196.2,592.3,306.5,276.7,417.5,520.5,355.6,280.5,667.6,640.1,250.3,341.3,198.1,203.1,0.0,322.9,95.7,254.6,647.6,650.8,203.5,246.7,1188.8,161.0,646.0,166.0,684.0,178.7,688.9,527.5,249.2,591.4,325.5,221.8,595.5,317.8,596.0,613.7,289.8,181.9,486.5,312.1,238.2,158.2,278.5,621.8,306.9,628.1,639.3,629.9,90.6,266.4,587.0,677.3,171.0,276.8,307.8,653.6,183.6,180.0,348.5,413.3,321.8,200.7,575.5,62.4,250.4,660.0,650.8,63.3,545.8,613.2,326.6,391.5,333.6,216.7,99.8,341.2,203.0,700.8,261.3,629.5,310.2,119.5,316.6,354.4,209.2,80.9,650.6,567.8,311.7,223.2,311.5,658.9,679.0,34.5,126.9,275.9,236.9,244.3,253.2,302.2,645.1,588.0,287.6,149.8
HD,235.3,824.2,812.8,310.0,295.8,340.9,748.9,773.4,435.6,122.4,311.6,297.8,300.2,292.8,346.3,361.5,265.5,251.8,177.4,330.0,757.7,43.9,291.1,191.3,685.9,333.8,258.7,833.0,805.5,384.1,319.5,363.5,368.5,322.2,0.0,317.3,68.2,813.0,816.2,337.3,122.0,1354.2,458.3,811.4,229.9,849.4,312.5,854.3,692.9,414.6,756.8,303.7,355.6,760.9,72.7,761.4,779.1,268.0,315.7,651.9,290.3,113.5,292.0,443.9,787.2,285.1,793.5,804.7,795.3,370.0,400.2,752.4,842.7,304.8,255.0,286.0,819.0,317.4,215.9,290.6,578.7,27.9,334.5,740.9,384.7,384.2,825.4,816.2,313.9,724.3,778.6,271.2,369.7,128.9,237.3,409.1,319.4,368.4,866.2,239.5,794.9,288.4,298.3,76.3,296.5,343.0,346.7,816.0,733.2,289.9,237.6,445.3,824.3,844.4,356.8,436.2,441.3,370.7,78.5,387.0,97.5,810.5,753.4,265.8,283.6
HG,272.1,647.7,617.1,134.5,288.8,197.0,868.0,594.5,183.9,347.5,304.6,231.5,70.7,304.5,71.7,102.7,277.2,263.5,393.5,186.1,582.2,296.4,266.6,409.3,512.3,345.5,270.4,657.5,608.7,240.2,331.2,177.8,193.0,70.5,312.8,0.0,225.8,611.8,640.7,193.4,253.6,1178.7,170.4,603.6,155.9,673.9,168.6,680.7,517.4,239.1,573.1,315.4,204.8,591.2,297.5,585.9,603.6,279.7,171.8,457.7,295.4,228.1,148.1,268.4,613.4,296.8,604.4,629.2,619.8,118.3,256.3,576.9,652.4,160.1,268.9,297.7,643.5,173.5,171.2,328.2,403.2,311.7,192.5,563.4,120.7,240.3,649.9,548.2,62.2,578.6,584.4,316.5,381.4,323.5,206.6,138.7,320.9,192.9,690.7,251.2,609.2,300.1,122.8,306.5,344.3,201.0,88.1,640.5,539.0,301.6,228.3,282.7,664.5,668.9,97.1,184.5,247.1,226.8,224.0,243.1,292.1,624.8,559.2,294.8,139.7
HK,167.0,754.9,744.5,241.7,227.5,272.6,680.6,705.1,367.3,104.7,243.3,229.5,231.9,224.5,265.3,304.8,197.2,183.5,148.9,261.7,689.4,48.5,222.8,162.8,617.6,265.5,190.4,764.7,734.6,315.8,251.2,295.2,300.2,253.9,68.2,249.0,0.0,719.0,747.9,269.0,53.7,1285.9,390.0,710.8,161.6,781.1,244.2,786.0,624.6,346.3,688.5,235.4,280.4,698.4,63.1,693.1,710.8,199.7,247.4,583.6,222.0,45.2,223.7,375.6,720.6,216.8,725.2,736.4,727.0,301.7,331.9,684.1,759.6,235.7,186.7,217.7,750.7,249.1,146.3,222.3,510.4,63.8,266.2,672.6,339.2,315.9,757.1,711.1,245.6,704.5,710.3,202.9,301.4,78.9,169.0,340.8,251.1,300.1,797.9,171.2,726.6,220.1,230.0,58.6,228.2,274.7,264.8,747.7,664.9,221.6,184.5,377.0,771.7,776.1,288.5,367.9,373.0,302.4,10.2,318.7,47.5,742.2,685.1,197.5,215.3
HO,725.6,81.8,110.4,532.0,795.9,591.0,260.1,273.3,728.1,833.6,811.7,685.0,598.2,758.0,641.5,671.1,730.7,717.0,888.6,639.6,256.1,749.9,720.1,902.5,161.8,782.8,758.8,127.7,151.3,634.2,766.8,468.8,510.4,620.2,766.3,615.3,698.0,0.0,170.3,646.9,690.1,1121.2,756.3,243.5,609.4,138.5,585.0,191.1,168.8,539.9,221.8,781.4,665.2,115.0,761.2,217.2,133.2,768.1,625.3,279.2,748.9,681.6,601.6,585.8,228.2,785.2,225.6,237.7,293.7,640.9,650.3,184.5,179.5,613.6,720.2,751.2,188.3,627.0,623.4,826.9,442.3,765.2,607.0,237.3,705.5,662.1,223.8,289.4,611.9,160.4,33.8,770.0,817.0,777.0,660.1,701.6,820.4,490.3,203.0,739.6,208.1,753.6,541.1,760.0,797.8,646.5,593.5,163.0,183.3,790.0,681.8,670.1,176.3,194.7,646.8,728.7,583.2,675.6,687.7,602.3,745.6,65.7,189.5,748.3,593.2
HU,756.1,313.7,283.1,562.5,826.4,621.5,231.2,242.9,758.6,864.1,842.2,715.5,628.7,788.5,672.0,701.6,761.2,747.5,919.1,670.1,227.2,780.4,750.6,933.0,172.2,813.3,789.3,323.5,293.4,664.7,797.3,499.3,540.9,650.7,796.8,645.8,728.5,189.9,0.0,677.4,720.6,1142.0,786.8,194.5,639.9,252.0,615.5,304.6,166.4,570.4,218.1,811.9,688.8,75.4,791.7,200.5,116.5,798.6,655.8,300.0,786.0,712.1,632.1,616.3,258.4,815.7,208.9,221.0,264.8,671.4,680.8,167.8,293.8,644.1,752.9,781.7,44.4,657.5,653.9,857.4,472.8,795.7,637.5,208.4,736.0,692.6,240.8,193.2,642.4,81.0,181.2,800.5,847.5,807.5,690.6,732.1,850.9,520.8,316.5,770.1,210.3,784.1,571.6,790.5,828.3,677.0,624.0,231.4,166.6,820.5,712.3,700.6,239.7,259.8,685.3,759.2,613.7,706.1,718.2,632.8,776.1,213.1,74.9,761.5,623.7
HZ,258.9,687.1,675.7,172.9,294.3,127.2,611.8,636.3,298.5,334.3,310.1,218.3,163.1,291.3,209.2,224.4,264.0,250.3,380.3,116.3,620.6,283.2,253.4,394.2,548.8,332.3,257.2,695.9,668.4,170.4,318.0,226.4,231.4,185.1,299.6,180.2,231.3,675.9,679.1,0.0,223.4,1217.1,321.2,674.3,142.7,712.3,98.8,717.2,555.8,277.5,619.7,302.2,156.7,623.8,294.5,624.3,642.0,266.5,80.8,514.8,288.8,214.9,57.1,306.8,650.1,283.6,656.4,667.6,658.2,232.9,186.5,615.3,705.6,91.1,253.5,284.5,681.9,118.5,156.7,325.2,441.6,298.5,120.8,603.8,247.6,175.9,688.3,679.1,176.8,587.2,641.5,303.3,368.2,310.3,193.4,272.0,317.9,231.3,729.1,238.0,657.8,286.9,161.2,293.3,331.1,89.5,209.6,678.9,596.1,288.4,199.9,231.6,687.2,707.3,219.7,299.1,304.2,171.8,221.0,173.3,278.9,673.4,616.3,264.3,48.7
IA,169.1,757.0,726.4,243.8,229.6,274.7,977.3,703.8,369.4,151.8,245.4,231.6,234.0,226.6,290.1,306.9,199.3,185.6,192.7,263.8,691.5,95.6,224.9,216.6,619.7,267.6,192.5,766.8,736.7,317.9,253.3,297.3,302.3,256.0,112.0,228.6,43.7,721.1,760.0,271.1,0.0,1288.0,392.1,712.9,163.7,783.2,246.3,788.1,626.7,348.4,682.4,237.5,282.5,700.5,106.9,705.2,712.9,201.8,249.5,585.7,217.5,8.5,225.8,377.7,722.7,218.9,713.7,738.5,729.1,303.8,334.0,696.2,761.7,237.8,191.0,219.8,752.8,261.2,148.4,224.4,512.5,110.9,268.3,672.7,337.6,318.0,759.2,657.5,247.7,706.6,712.4,205.0,303.5,122.7,171.1,352.9,253.2,302.2,800.0,173.3,738.7,222.2,232.1,105.7,230.3,276.8,266.9,749.8,667.0,223.7,186.6,379.1,773.8,778.2,282.6,370.0,385.1,304.5,33.4,320.8,91.3,744.3,687.2,216.9,217.4
IC,1333.8,1062.1,1050.7,1140.2,1389.0,1199.2,986.8,1011.3,1336.3,1426.7,1404.8,1293.2,1206.4,1366.2,1249.7,1267.7,1338.9,1358.8,1481.7,1247.8,995.6,1358.1,1328.3,1495.6,966.3,1375.9,1351.9,1070.9,1043.4,1242.4,1359.9,1077.0,1118.6,1228.4,1374.5,1223.5,1306.2,1093.4,1096.6,1255.1,1298.3,0.0,1364.5,1049.3,1217.6,1017.4,1193.2,1092.2,973.3,1148.1,994.7,1374.5,1273.4,1041.3,1369.4,999.3,986.3,1361.2,1233.5,917.5,1397.3,1289.8,1209.8,1194.0,1025.1,1378.3,1031.4,1042.6,1033.2,1249.1,1258.5,990.3,1080.6,1222.6,1328.4,1393.0,1099.4,1235.2,1231.6,1420.0,1045.2,1373.4,1215.2,978.8,1290.9,1270.3,1063.3,1054.1,1220.1,1004.7,1059.0,1378.2,1410.1,1385.2,1268.3,1309.8,1413.5,1098.5,1104.1,1332.7,1032.8,1361.8,1149.3,1403.9,1406.0,1254.7,1214.4,1053.9,971.1,1383.1,1274.8,1278.3,1062.2,1082.3,1263.0,1336.9,1191.4,1283.8,1295.9,1210.5,1353.8,1090.9,1033.8,1339.2,1201.4
IE,398.3,774.9,763.5,260.7,433.7,323.2,699.6,724.1,57.3,473.7,449.5,357.7,137.2,430.7,137.4,98.5,403.4,389.7,519.7,312.3,708.4,422.6,392.8,533.6,636.6,471.7,396.6,783.7,756.2,366.4,457.4,314.2,319.2,141.0,439.0,145.2,370.7,763.7,766.9,319.6,362.8,1304.9,0.0,762.1,282.1,800.1,294.8,805.0,643.6,365.3,707.5,441.6,337.9,711.6,433.9,712.1,729.8,405.9,298.0,602.6,428.2,354.3,274.3,394.6,737.9,423.0,744.2,755.4,746.0,189.7,382.5,703.1,793.4,287.1,392.9,423.9,769.7,299.7,296.1,464.6,529.4,437.9,316.8,691.6,104.5,366.5,776.1,766.9,164.0,723.5,729.3,442.7,507.6,449.7,332.8,74.1,457.3,319.1,816.9,377.4,745.6,426.3,218.6,432.7,470.5,325.3,180.0,766.7,683.9,427.8,339.3,427.6,775.0,795.1,106.4,104.1,392.0,353.0,360.4,369.3,418.3,761.2,704.1,403.7,265.9
IL,754.6,145.0,145.2,561.0,813.2,620.0,373.1,167.2,757.1,850.9,829.0,714.0,627.2,787.0,673.3,700.1,759.7,783.0,905.9,668.6,178.5,778.9,749.1,889.0,273.8,800.1,776.1,185.6,155.5,663.2,784.1,497.8,539.4,649.2,795.3,621.8,696.2,233.4,217.1,675.9,736.1,1123.1,785.3,0.0,638.4,132.1,614.0,178.8,280.8,568.9,151.8,798.7,687.3,167.6,790.2,139.0,110.7,785.4,654.3,281.1,814.9,710.6,630.6,614.8,209.7,771.7,133.8,159.5,216.1,669.9,679.3,68.4,157.5,611.8,751.4,817.2,235.1,656.0,653.7,844.2,469.4,794.2,605.2,161.5,730.8,691.1,36.3,202.0,640.9,194.9,214.7,799.0,834.3,806.0,689.1,730.6,837.7,519.3,195.8,756.9,51.8,782.6,570.1,828.1,826.8,675.5,622.5,155.8,113.5,807.3,710.8,699.1,62.2,89.3,675.8,757.7,612.2,704.6,716.7,631.3,774.6,192.6,250.8,777.3,622.2
IT,133.6,722.5,711.1,208.3,197.8,239.2,647.2,671.7,333.9,237.8,213.6,75.5,198.5,194.8,241.8,259.8,167.5,153.8,283.8,228.3,656.0,186.7,156.9,297.7,584.2,235.8,160.7,731.3,703.8,282.4,221.5,261.8,266.8,220.5,203.1,215.6,134.8,711.3,714.5,235.6,126.9,1252.5,356.6,709.7,0.0,747.7,210.8,752.6,591.2,312.9,655.1,205.7,253.9,659.2,198.0,659.7,677.4,170.0,214.0,550.2,192.3,118.4,190.3,342.2,685.5,187.1,691.8,703.0,693.6,268.3,298.5,650.7,741.0,203.1,157.0,188.0,717.3,215.7,13.9,228.7,477.0,202.0,232.8,639.2,283.0,282.5,723.7,714.5,212.2,609.5,676.9,206.8,271.7,213.8,50.6,307.4,221.4,266.7,764.5,141.5,693.2,190.4,196.6,196.8,234.6,241.3,245.0,714.3,631.5,191.9,103.4,343.6,722.6,742.7,255.1,334.5,339.6,269.0,124.5,285.3,182.4,708.8,651.7,167.8,181.9
IV,660.9,282.5,271.1,467.3,719.5,526.3,123.8,155.4,663.4,757.2,735.3,620.3,533.5,693.3,576.8,594.8,666.0,689.3,812.2,574.9,132.6,685.2,655.4,826.1,156.3,706.4,682.4,291.3,263.8,569.5,690.4,404.1,445.7,555.5,701.6,550.6,633.3,183.4,141.4,582.2,625.4,1029.4,691.6,125.6,544.7,0.0,520.3,213.4,150.5,475.2,103.9,705.0,600.5,86.1,696.5,99.3,35.0,691.7,560.6,187.4,727.8,616.9,536.9,521.1,110.3,708.8,107.7,119.8,170.2,576.2,585.6,66.6,201.8,549.7,655.5,723.5,159.4,562.3,558.7,750.5,375.7,700.5,542.3,115.8,618.0,597.4,139.6,191.1,547.2,145.0,149.0,705.3,740.6,712.3,595.4,636.9,744.0,425.6,225.3,663.2,109.1,688.9,476.4,734.4,733.1,581.8,541.5,130.2,65.4,713.6,601.9,605.4,138.5,158.6,590.1,664.0,518.5,610.9,623.0,537.6,680.9,180.9,130.3,666.3,528.5
IY,233.3,644.4,633.0,147.3,268.7,64.6,569.1,593.6,272.9,308.7,284.5,192.7,137.5,265.7,170.9,198.8,238.4,224.7,354.7,62.5,577.9,257.6,227.8,368.6,506.1,306.7,231.6,653.2,625.7,107.8,292.4,183.7,188.7,159.5,274.0,154.6,205.7,633.2,636.4,118.0,197.8,1174.4,295.6,631.6,117.1,669.6,0.0,674.5,513.1,234.8,577.0,276.6,98.0,581.1,268.9,581.6,599.3,240.9,96.4,472.1,263.2,189.3,72.7,264.1,607.4,258.0,613.7,624.9,615.5,207.3,123.9,572.6,662.9,55.3,227.9,258.9,639.2,55.1,131.1,299.6,398.9,272.9,21.9,561.1,222.0,77.0,645.6,636.4,151.2,544.5,598.8,277.7,342.6,284.7,167.8,246.4,292.3,188.6,686.4,212.4,615.1,261.3,135.6,267.7,305.5,77.7,184.0,636.2,553.4,262.8,174.3,169.0,644.5,664.6,194.1,273.5,261.5,90.5,195.4,110.7,253.3,630.7,573.6,238.7,64.3
JR,854.3,219.2,208.8,660.7,877.1,719.7,226.8,168.2,856.8,914.8,892.9,813.7,726.9,886.7,760.3,799.8,859.4,845.7,969.8,768.3,228.6,878.6,848.8,983.7,290.5,864.0,840.0,229.0,198.9,762.9,848.0,597.5,639.1,748.9,895.0,744.0,826.7,218.5,299.0,775.6,818.8,1187.0,885.0,201.4,738.1,157.5,713.7,0.0,297.5,668.6,233.8,862.6,793.9,249.5,889.9,229.2,210.1,849.3,754.0,345.0,884.2,810.3,730.3,714.5,253.7,866.4,211.9,249.7,260.1,769.6,779.0,185.7,12.1,742.3,848.9,879.9,317.0,755.7,752.1,908.1,571.0,893.9,735.7,249.7,834.2,790.8,206.4,258.1,740.6,289.1,216.4,898.7,898.2,905.7,788.8,830.3,901.6,619.0,80.0,820.8,190.7,882.3,669.8,888.7,926.5,775.2,722.2,105.2,212.9,871.2,810.5,798.8,161.0,177.3,775.5,857.4,711.9,804.3,816.4,731.0,874.3,248.3,318.2,859.7,721.9
JT,640.1,282.5,271.1,446.5,710.4,505.5,163.6,188.1,642.6,748.1,726.2,599.5,512.7,672.5,546.1,574.0,645.2,631.5,803.1,554.1,172.4,664.4,634.6,817.0,5.7,697.3,673.3,291.3,263.8,548.7,681.3,383.3,424.9,534.7,680.8,529.8,612.5,183.4,176.2,561.4,604.6,1035.7,670.8,259.8,523.9,219.8,499.5,272.4,0.0,454.4,171.5,695.9,579.7,131.3,675.7,176.1,149.5,682.6,539.8,193.7,670.0,596.1,516.1,500.3,201.9,699.7,241.9,219.4,210.0,555.4,564.8,200.8,260.8,528.9,634.7,665.7,177.0,541.5,537.9,741.4,356.8,679.7,521.5,155.6,597.2,576.6,273.8,230.9,526.4,130.8,149.0,684.5,731.5,691.5,574.6,616.1,734.9,404.8,284.3,654.1,243.3,668.1,455.6,674.5,712.3,561.0,520.7,244.3,165.9,704.5,581.1,584.6,259.7,276.0,569.3,643.2,497.7,590.1,602.2,516.8,660.1,180.9,111.4,645.5,507.7
JW,368.8,572.7,561.3,175.2,404.2,234.2,497.4,521.9,371.3,444.2,420.0,328.2,241.4,401.2,274.8,302.7,373.9,360.2,490.2,282.8,506.2,393.1,363.3,504.1,434.4,442.2,367.1,581.5,554.0,277.4,427.9,94.0,87.1,263.4,409.5,258.5,341.2,561.5,564.7,290.1,333.3,1102.7,399.5,559.9,252.6,597.9,228.2,602.8,441.4,0.0,505.3,412.1,308.4,509.4,404.4,509.9,527.6,376.4,268.5,400.4,398.7,324.8,244.8,67.6,535.7,393.5,542.0,553.2,543.8,284.1,293.5,500.9,591.2,257.6,363.4,394.4,567.5,270.2,266.6,435.1,327.2,408.4,250.2,489.4,325.9,305.3,573.9,564.7,255.1,472.8,527.1,413.2,478.1,420.2,303.3,344.8,427.8,127.6,614.7,347.9,543.4,396.8,184.3,403.2,441.0,289.7,249.4,564.5,481.7,398.3,309.8,313.3,572.8,592.9,298.0,371.9,77.6,318.8,330.9,245.5,388.8,559.0,501.9,374.2,236.4
JZ,691.0,201.2,170.6,497.4,741.4,548.2,410.9,79.0,693.5,787.3,757.2,650.4,555.4,723.4,609.7,628.3,696.1,719.4,842.3,605.0,38.5,715.3,685.5,856.2,160.2,736.5,712.5,211.0,172.7,599.6,720.5,426.0,475.8,585.6,731.7,558.2,655.2,227.5,199.0,612.3,672.5,1059.5,721.7,110.8,574.8,157.5,550.4,224.1,162.6,505.3,0.0,735.1,623.7,165.4,718.4,12.7,108.5,721.8,590.7,217.5,751.3,647.0,567.0,551.2,69.7,730.7,102.4,58.7,76.1,606.3,615.7,84.1,195.3,579.0,687.8,753.6,208.0,584.2,590.1,780.6,405.8,730.6,572.4,17.8,667.2,627.5,157.1,58.1,577.3,161.8,218.8,735.4,770.7,742.4,625.5,658.8,765.9,455.7,233.6,693.3,134.8,719.0,506.5,764.5,763.2,603.7,558.9,138.5,103.0,743.7,647.2,627.3,171.7,176.1,612.2,694.1,548.6,641.0,644.9,567.7,711.0,250.7,134.2,713.7,558.6
KA,203.4,792.3,780.9,278.1,166.5,309.0,717.0,741.5,403.7,272.4,182.3,265.9,268.3,188.9,314.4,329.6,161.6,51.8,327.4,298.1,725.8,272.8,259.2,341.3,654.0,30.0,129.4,801.1,773.6,352.2,87.8,331.6,336.6,290.3,289.2,285.4,220.9,781.1,784.3,305.4,213.0,1322.3,426.4,779.5,198.0,817.5,280.6,822.4,661.0,382.7,724.9,0.0,323.7,729.0,284.1,729.5,747.2,138.7,283.8,620.0,46.6,204.5,260.1,412.0,755.3,155.8,761.6,772.8,763.4,338.1,368.3,720.5,810.8,272.9,151.1,66.1,787.1,285.5,184.0,197.5,546.8,288.1,302.6,709.0,352.8,352.3,793.5,784.3,282.0,692.4,746.7,200.9,82.6,281.1,205.4,377.2,38.9,336.5,834.3,110.2,763.0,184.5,266.4,249.6,250.6,311.1,314.8,784.1,701.3,160.6,205.7,413.4,792.4,812.5,324.9,404.3,409.4,338.8,210.6,355.1,268.5,778.6,721.5,161.9,251.7
KD,266.4,686.7,663.0,180.4,301.8,162.6,913.9,640.4,306.0,341.8,317.6,225.8,163.7,298.8,197.1,236.6,271.5,257.8,387.8,128.3,628.1,290.7,260.9,401.7,549.4,339.8,264.7,703.4,673.3,212.7,325.5,233.9,238.9,192.6,307.1,165.2,238.8,657.7,686.6,165.9,247.9,1224.6,328.7,649.5,150.2,719.8,108.0,724.7,563.3,285.0,619.0,309.7,0.0,637.1,302.0,624.9,649.5,274.0,144.3,522.3,289.7,222.4,120.6,314.3,659.3,291.1,650.3,675.1,665.7,240.4,228.8,622.8,698.3,125.7,263.2,292.0,689.4,45.9,165.5,332.7,449.1,306.0,86.0,609.3,274.2,28.5,695.8,594.1,184.3,643.2,642.1,310.8,375.7,317.8,200.9,272.6,325.4,238.8,736.6,245.5,658.4,294.4,168.7,300.8,338.6,171.6,203.5,686.4,603.6,295.9,222.6,273.9,710.4,714.8,219.2,306.6,304.8,15.0,228.5,215.6,286.4,680.9,616.9,289.1,112.2
KE,704.6,244.0,207.6,511.0,769.0,570.0,418.3,153.2,707.1,800.9,784.8,664.0,577.2,737.0,610.6,650.1,709.7,733.0,861.7,618.6,164.5,728.9,699.1,875.6,160.6,750.1,726.1,248.0,217.9,613.2,734.1,453.6,489.4,599.2,745.3,571.8,682.8,120.2,49.4,625.9,686.1,1073.1,735.3,119.0,588.4,176.5,564.0,234.9,161.8,518.9,137.8,748.7,637.3,0.0,746.0,130.8,41.0,735.4,604.3,236.9,764.9,660.6,580.6,564.8,195.7,752.5,119.8,145.5,202.1,619.9,629.3,98.1,202.7,592.6,701.4,767.2,73.2,611.8,603.7,800.0,419.4,744.2,586.0,147.5,680.8,641.1,165.3,142.3,590.9,130.1,105.7,749.0,784.3,756.0,639.1,680.6,793.5,469.3,241.0,706.9,134.8,732.6,520.1,778.1,776.8,625.5,572.5,155.9,96.9,757.3,660.8,649.1,179.9,184.3,625.8,707.7,568.0,654.6,672.5,581.3,724.6,137.6,83.1,727.3,572.2
KJ,230.2,818.1,787.5,304.9,290.7,335.8,756.6,768.3,430.5,150.1,306.5,292.7,295.1,287.7,328.5,368.0,260.4,246.7,193.8,324.9,752.6,71.6,286.0,207.7,680.8,328.7,253.6,827.9,797.8,379.0,314.4,358.4,363.4,317.1,52.7,312.2,63.1,782.2,811.1,332.2,116.9,1349.1,453.2,806.3,224.8,844.3,307.4,849.2,687.8,409.5,743.5,298.6,350.5,761.6,0.0,756.3,774.0,262.9,310.6,646.8,285.2,108.4,286.9,438.8,783.8,280.0,788.4,799.6,790.2,364.9,395.1,747.3,822.8,298.9,249.9,280.9,813.9,312.3,209.5,285.5,573.6,55.6,329.4,733.8,402.4,379.1,820.3,774.3,308.8,706.1,773.5,266.1,364.6,123.8,232.2,404.0,314.3,363.3,861.1,234.4,789.8,283.3,293.2,104.0,291.4,337.9,328.0,810.9,728.1,284.8,232.5,440.2,834.9,839.3,343.7,431.1,436.2,365.6,73.4,381.9,92.4,805.4,748.3,260.7,278.5
KL,695.6,196.7,166.1,502.0,754.2,561.0,100.7,98.8,698.1,791.9,770.0,655.0,568.2,728.0,611.5,641.1,700.7,724.0,846.9,609.6,43.1,719.9,690.1,860.8,173.0,741.1,717.1,206.5,176.4,604.2,725.1,438.8,480.4,590.2,736.3,585.3,668.0,226.6,210.3,616.9,677.1,1064.1,726.3,106.2,579.4,153.0,555.0,217.1,167.2,509.9,12.7,739.7,628.3,160.8,731.2,0.0,103.9,726.4,595.3,222.1,755.9,651.6,571.6,555.8,100.8,743.5,97.8,54.1,80.7,610.9,620.3,79.5,205.5,583.6,690.2,758.2,212.6,597.0,593.4,785.2,410.4,735.2,577.0,20.4,675.5,632.1,152.5,130.0,581.9,166.4,217.9,740.0,775.3,747.0,630.1,671.6,778.7,460.3,229.0,697.9,122.0,723.6,511.1,769.1,767.8,616.5,576.2,133.9,106.7,748.3,651.8,640.1,167.1,171.5,616.8,698.7,553.2,645.6,657.7,572.3,715.6,249.8,147.0,718.3,563.2
KO,663.5,141.0,129.6,469.9,722.1,528.9,139.9,140.0,666.0,759.8,737.9,622.9,536.1,695.9,569.5,597.4,668.6,691.9,814.8,577.5,123.4,687.8,658.0,828.7,158.9,709.0,685.0,149.8,122.3,572.1,693.0,406.7,448.3,558.1,704.2,553.2,635.9,148.3,106.3,584.8,628.0,1032.0,694.2,110.2,547.3,184.7,522.9,198.0,153.1,477.8,88.5,707.6,603.1,51.0,699.1,83.9,0.0,694.3,563.2,190.0,730.4,619.5,539.5,523.7,94.9,711.4,92.3,104.4,161.0,578.8,588.2,51.2,186.4,552.3,658.1,726.1,124.3,564.9,561.3,753.1,378.3,703.1,544.9,104.4,620.6,600.0,124.2,207.2,549.8,89.0,113.9,707.9,743.2,714.9,598.0,639.5,746.6,428.2,209.9,665.8,93.7,691.5,479.0,737.0,735.7,584.4,544.1,114.8,50.0,716.2,604.5,608.0,123.1,143.2,592.7,666.6,521.1,613.5,625.6,540.2,683.5,145.8,132.9,668.9,531.1
KP,177.7,747.5,736.1,252.4,27.7,283.3,672.2,696.7,378.0,239.1,83.4,240.2,242.6,116.0,288.7,303.9,135.9,90.2,294.1,272.4,681.0,247.1,233.5,308.0,628.3,140.1,50.5,756.3,728.8,326.5,124.1,305.9,310.9,264.6,263.5,259.7,195.2,755.4,758.6,279.7,187.3,1296.6,400.7,734.7,172.3,791.8,254.9,777.6,635.3,357.0,680.1,138.7,298.0,703.3,258.4,684.7,721.5,0.0,258.1,572.7,128.7,178.8,234.4,386.3,710.5,76.9,716.8,728.0,718.6,312.4,342.6,675.7,766.0,247.2,77.7,124.4,761.4,259.8,158.3,98.6,499.5,262.4,276.9,664.2,327.1,326.6,748.7,739.5,256.3,666.7,721.0,165.5,174.3,247.8,179.7,351.5,157.8,310.8,789.5,18.4,718.2,111.6,240.7,216.3,151.7,285.4,289.1,739.3,656.5,61.7,180.0,387.7,747.6,767.7,299.2,378.6,383.7,313.1,184.9,329.4,242.8,752.9,695.8,109.8,226.0
KW,249.7,677.9,666.5,163.7,285.1,118.0,602.6,627.1,289.3,325.1,300.9,209.1,153.9,282.1,200.0,215.2,254.8,241.1,371.1,107.1,611.4,274.0,244.2,385.0,539.6,323.1,248.0,686.7,659.2,161.2,308.8,217.2,222.2,175.9,290.4,171.0,222.1,666.7,669.9,73.2,214.2,1207.9,312.0,665.1,133.5,703.1,89.6,708.0,546.6,268.3,610.5,293.0,147.5,614.6,285.3,615.1,632.8,257.3,0.0,505.6,279.6,205.7,18.9,297.6,640.9,274.4,647.2,658.4,649.0,223.7,177.3,606.1,696.4,81.9,244.3,275.3,672.7,109.3,147.5,316.0,432.4,289.3,111.6,594.6,238.4,166.7,679.1,669.9,167.6,626.5,632.3,294.1,359.0,301.1,184.2,262.8,308.7,222.1,719.9,228.8,648.6,277.7,152.0,284.1,321.9,80.6,200.4,669.7,586.9,279.2,190.7,222.4,678.0,698.1,210.5,289.9,295.0,162.6,211.8,164.1,269.7,664.2,607.1,255.1,25.6
LL,591.2,241.4,210.8,397.6,587.3,456.6,179.9,188.2,593.7,625.0,603.1,550.6,463.8,615.7,497.2,536.7,596.3,557.1,680.0,505.2,175.9,615.5,585.7,693.9,146.6,574.2,550.2,251.2,221.1,499.8,558.2,334.4,376.0,485.8,631.9,480.9,563.6,248.0,276.9,512.5,555.7,909.6,621.9,197.3,475.0,197.7,450.6,272.5,153.6,405.5,166.8,572.8,530.8,227.4,626.8,179.6,166.6,559.5,490.9,0.0,595.6,547.2,467.2,451.4,207.1,576.6,211.7,222.9,213.5,506.5,515.9,170.6,260.9,479.2,577.4,591.3,279.7,492.6,489.0,618.3,243.5,630.8,472.6,157.1,571.1,527.7,243.6,197.6,477.5,233.5,239.3,635.6,608.4,633.7,525.7,567.2,611.8,355.9,284.4,531.0,213.1,611.3,406.7,602.2,663.4,512.1,459.1,234.2,151.4,581.4,547.4,535.7,242.5,262.6,520.4,594.3,448.8,541.2,553.3,467.9,611.2,271.2,214.1,596.6,458.8
LN,180.0,761.3,737.3,254.7,156.5,279.0,988.2,714.7,380.3,295.2,172.3,242.5,238.3,165.5,288.2,311.2,138.2,28.4,346.5,274.7,702.4,249.4,235.8,360.4,624.0,86.7,119.4,777.7,747.6,328.8,144.5,308.2,313.2,266.9,265.8,239.5,197.5,725.4,760.9,282.0,206.6,1298.9,403.0,723.8,174.6,794.1,257.2,792.4,637.6,359.3,693.3,56.6,293.4,711.4,260.7,706.1,723.8,128.7,260.4,596.6,0.0,181.1,236.7,388.6,733.6,145.8,724.6,749.4,740.0,314.7,344.9,697.1,772.6,248.7,129.9,71.1,763.7,262.1,159.3,187.5,523.4,264.7,272.6,683.6,348.5,328.9,770.1,668.4,258.6,710.9,716.7,177.5,139.3,276.5,182.0,353.8,72.3,313.1,810.9,100.2,739.6,161.1,243.0,259.5,240.6,281.1,277.8,760.7,677.9,150.6,197.5,390.0,784.7,789.1,293.5,380.9,386.0,315.4,187.2,331.7,245.1,755.2,691.5,155.8,228.3
LY,160.6,749.5,738.1,235.3,221.1,266.2,674.2,698.7,360.9,143.3,236.9,223.1,225.5,218.1,258.9,286.8,190.8,177.1,184.2,255.3,683.0,87.1,216.4,198.1,611.2,259.1,184.0,758.3,730.8,309.4,244.8,288.8,293.8,247.5,103.5,242.6,35.2,738.3,741.5,262.6,8.5,1279.5,383.6,736.7,155.2,774.7,237.8,779.6,618.2,339.9,682.1,229.0,280.9,686.2,98.4,686.7,704.4,193.3,241.0,577.2,215.6,0.0,217.3,369.2,712.5,210.4,718.8,730.0,720.6,295.3,325.5,677.7,768.0,230.1,180.3,211.3,744.3,242.7,141.2,215.9,504.0,102.4,259.8,666.2,310.0,309.5,750.7,741.5,239.2,649.6,703.9,196.5,295.0,114.2,162.6,334.4,244.7,293.7,791.5,164.8,720.2,213.7,223.6,97.2,221.8,268.3,272.0,741.3,658.5,215.2,162.9,370.6,749.6,769.7,282.1,361.5,366.6,296.0,24.9,312.3,82.8,735.8,678.7,191.1,208.9
MC,230.8,659.0,647.6,144.8,266.2,99.1,583.7,608.2,270.4,306.2,282.0,190.2,135.0,263.2,168.4,196.3,235.9,222.2,352.2,88.2,592.5,255.1,225.3,366.1,520.7,304.2,229.1,667.8,640.3,142.3,289.9,198.3,203.3,157.0,271.5,152.1,203.2,647.8,651.0,54.3,195.3,1189.0,293.1,646.2,114.6,684.2,70.7,689.1,527.7,249.4,591.6,274.1,128.6,595.7,266.4,596.2,613.9,238.4,23.6,486.7,260.7,186.8,0.0,278.7,622.0,255.5,628.3,639.5,630.1,204.8,158.4,587.2,677.5,63.0,225.4,256.4,653.8,90.4,128.6,297.1,413.5,270.4,92.7,575.7,219.5,147.8,660.2,651.0,148.7,546.0,613.4,275.2,340.1,282.2,165.3,243.9,289.8,203.2,701.0,209.9,629.7,258.8,133.1,265.2,303.0,101.2,181.5,650.8,568.0,260.3,171.8,203.5,659.1,679.2,191.6,271.0,276.1,143.7,192.9,145.2,250.8,645.3,588.2,236.2,6.7
MI,388.8,609.3,597.9,195.2,424.2,254.2,534.0,558.5,391.3,464.2,440.0,348.2,261.4,421.2,304.7,322.7,393.9,380.2,510.2,302.8,542.8,413.1,383.3,524.1,471.0,462.2,387.1,618.1,590.6,297.4,447.9,148.6,65.3,283.4,429.5,278.5,361.2,598.1,601.3,310.1,353.3,1139.3,419.5,596.5,272.6,634.5,248.2,639.4,478.0,87.9,541.9,432.1,328.4,546.0,424.4,546.5,564.2,396.4,288.5,437.0,418.7,344.8,264.8,0.0,572.3,413.5,578.6,589.8,580.4,304.1,313.5,537.5,627.8,277.6,383.4,414.4,604.1,290.2,286.6,455.1,363.8,428.4,270.2,526.0,345.9,325.3,610.5,601.3,275.1,496.3,563.7,433.2,498.1,440.2,323.3,364.8,447.8,135.5,651.3,367.9,580.0,416.8,204.3,423.2,461.0,309.7,269.4,601.1,518.3,418.3,329.8,333.3,609.4,629.5,318.0,391.9,63.2,338.8,350.9,265.5,408.8,595.6,538.5,394.2,256.4
MU,718.5,225.5,215.1,524.9,777.1,580.7,82.2,41.8,721.0,814.8,792.9,677.9,587.9,750.9,673.4,660.8,723.6,746.9,866.6,632.5,46.7,742.8,713.0,880.5,192.7,764.0,740.0,235.3,205.2,627.1,748.0,497.9,503.3,613.1,759.2,605.0,690.9,227.6,231.5,639.8,679.8,1087.0,749.2,181.4,602.3,181.8,577.9,203.6,190.1,532.8,42.2,762.6,654.9,197.9,754.1,46.8,146.8,749.3,618.2,241.8,782.2,674.5,594.5,578.7,0.0,802.6,163.5,90.0,45.1,633.8,643.2,80.5,192.0,642.7,709.9,781.1,235.5,616.7,613.1,808.1,433.3,758.1,596.7,40.4,695.2,655.0,195.4,109.0,604.8,225.5,290.7,762.9,798.2,769.9,653.0,730.7,801.6,483.2,215.5,720.8,164.9,746.5,534.0,792.0,790.7,675.6,596.7,120.4,107.7,771.2,656.3,659.8,196.8,214.4,644.5,721.6,576.1,668.5,677.4,595.2,738.5,250.8,169.9,720.7,586.1
MV,209.8,797.7,787.3,284.5,114.7,315.4,736.2,744.5,410.1,286.2,130.5,272.3,274.7,83.3,320.8,347.6,115.0,134.3,341.2,304.5,732.2,279.2,265.6,355.1,660.4,187.2,36.3,807.5,777.4,358.6,171.2,338.0,343.0,296.7,295.6,291.8,227.3,761.8,790.7,311.8,219.4,1328.7,432.8,785.9,204.4,823.9,287.0,828.8,667.4,389.1,731.3,185.8,330.1,741.2,290.5,735.9,753.6,86.9,290.2,626.4,172.8,210.9,266.5,418.4,746.0,0.0,768.0,779.2,769.8,344.5,374.7,726.9,802.4,278.5,42.8,168.5,793.5,291.9,189.1,145.7,553.2,294.5,309.0,713.4,359.2,358.7,799.9,672.9,288.4,747.3,753.1,154.3,221.4,294.9,211.8,383.6,201.9,342.9,840.7,58.4,769.4,78.9,272.8,263.4,198.8,317.5,321.2,790.5,707.7,108.8,227.3,419.8,801.3,818.9,323.3,410.7,415.8,345.2,217.0,361.5,274.9,785.0,727.9,77.1,258.1
NC,748.2,169.4,138.8,554.6,771.2,578.0,378.5,160.8,750.7,844.5,787.0,707.6,585.2,780.6,618.6,658.1,753.3,776.6,899.5,662.2,172.1,772.5,742.7,913.4,231.8,793.7,769.7,179.2,149.1,656.8,777.7,491.4,533.0,642.8,788.9,615.4,720.6,227.0,175.1,669.5,729.7,1116.7,778.9,9.4,632.0,125.7,607.6,189.3,274.4,562.5,145.4,792.3,680.9,161.2,748.2,132.6,104.3,779.0,647.9,274.7,808.5,704.2,624.2,608.4,203.3,760.5,0.0,153.1,209.7,663.5,672.9,44.3,162.9,600.6,745.0,810.8,228.7,614.0,647.3,802.2,463.0,787.8,594.0,155.1,724.4,684.7,41.7,195.6,634.5,166.5,208.3,792.6,827.9,799.6,682.7,688.6,795.7,512.9,201.2,750.5,45.4,776.2,563.7,821.7,820.4,633.5,616.1,161.2,107.1,800.9,704.4,657.1,67.6,94.7,669.4,751.3,570.2,698.2,674.7,624.9,768.2,186.2,208.8,770.9,615.8
NE,748.1,207.1,195.7,554.5,806.7,613.5,118.0,118.1,750.6,844.4,822.5,707.5,620.7,780.5,664.0,682.0,753.2,776.5,899.4,662.1,62.4,772.4,742.6,913.3,225.5,793.6,769.6,215.9,188.4,656.7,777.6,491.3,532.9,642.7,788.8,637.8,720.5,261.7,219.7,669.4,712.6,1116.6,778.8,147.9,631.9,162.4,607.5,226.5,219.7,562.4,67.6,792.2,687.7,164.4,783.7,63.0,113.3,778.9,647.8,274.6,815.0,704.1,624.1,608.3,120.1,796.0,130.0,0.0,100.0,663.4,672.8,88.9,214.9,636.9,742.7,810.7,237.7,649.5,645.9,837.7,462.9,787.7,629.5,72.9,705.2,684.6,161.9,185.3,634.4,170.4,227.3,792.5,827.8,799.5,682.6,724.1,831.2,512.8,238.4,750.4,131.4,776.1,563.6,821.6,820.3,669.0,628.7,143.3,116.1,800.8,689.1,692.6,160.8,180.9,677.3,751.2,605.7,698.1,710.2,624.8,768.1,259.2,199.5,753.5,615.7
NI,761.9,273.1,261.7,568.3,820.5,627.3,89.4,89.5,764.4,858.2,836.3,721.3,634.5,794.3,680.6,695.8,767.0,790.3,913.2,675.9,59.9,786.2,756.4,927.1,239.3,807.4,783.4,281.9,254.4,670.5,791.4,505.1,546.7,656.5,802.6,651.6,734.3,332.3,278.1,683.2,726.4,1130.4,792.6,227.7,645.7,228.4,621.3,251.3,233.5,576.2,88.5,806.0,701.5,244.2,797.5,93.1,193.1,792.7,661.6,288.4,828.8,717.9,637.9,622.1,91.5,809.8,209.8,103.2,0.0,677.2,686.6,168.7,239.7,650.7,756.5,824.5,278.9,663.3,659.7,851.5,476.7,801.5,643.3,86.7,719.0,698.4,241.7,156.7,648.2,232.7,297.9,806.3,841.6,813.3,696.4,737.9,845.0,526.6,263.2,764.2,211.2,789.9,577.4,835.4,834.1,682.8,642.5,168.1,182.1,814.6,702.9,706.4,240.6,260.7,691.1,765.0,619.5,711.9,724.0,638.6,781.9,329.8,213.3,767.3,629.5
NJ,310.0,681.9,670.5,167.7,345.4,234.9,606.6,631.1,149.6,385.4,361.2,269.4,132.8,342.4,105.5,101.3,315.1,301.4,431.4,224.0,615.4,334.3,304.5,445.3,543.6,383.4,308.3,690.7,663.2,278.1,369.1,221.2,226.2,90.6,350.7,123.5,282.4,670.7,673.9,231.3,274.5,1211.9,194.5,669.1,193.8,707.1,206.5,712.0,550.6,272.3,614.5,353.3,249.6,618.6,345.6,619.1,636.8,317.6,209.7,509.6,339.9,266.0,186.0,301.6,644.9,334.7,651.2,662.4,653.0,0.0,294.2,610.1,700.4,198.8,304.6,335.6,676.7,211.4,207.8,376.3,436.4,349.6,228.5,598.6,133.4,278.2,683.1,673.9,73.1,568.9,636.3,354.4,419.3,361.4,244.5,123.1,369.0,226.1,723.9,289.1,652.6,338.0,111.3,344.4,382.2,237.0,72.7,673.7,590.9,339.5,251.0,339.3,682.0,702.1,125.2,150.2,299.0,264.7,272.1,281.0,330.0,668.2,611.1,315.4,177.6
NK,341.0,689.7,678.3,211.1,376.4,59.2,614.4,638.9,380.6,416.4,392.2,300.4,245.2,373.4,288.5,306.5,346.1,332.4,462.4,186.5,623.2,365.3,335.5,476.3,551.4,414.4,339.3,698.5,671.0,16.0,400.1,229.0,234.0,267.2,381.7,262.3,313.4,678.5,681.7,225.7,305.5,1219.7,403.3,676.9,224.8,714.9,123.9,719.8,558.4,280.1,622.3,384.3,222.0,626.4,376.6,626.9,644.6,348.6,204.1,517.4,370.9,297.0,180.4,309.4,652.7,365.7,659.0,670.2,660.8,315.0,0.0,617.9,708.2,163.0,335.6,366.6,684.5,179.1,238.8,407.3,444.2,380.6,145.9,606.4,329.7,201.0,690.9,681.7,258.9,576.7,644.1,385.4,450.3,392.4,275.5,354.1,400.0,233.9,731.7,320.1,660.4,369.0,220.2,375.4,413.2,185.4,285.3,681.5,598.7,370.5,282.0,45.0,689.8,709.9,301.8,381.2,306.8,214.5,303.1,93.7,361.0,676.0,618.9,346.4,172.0
NL,686.1,150.0,139.6,492.5,744.7,551.5,355.3,98.7,688.6,782.4,760.5,645.5,558.7,718.5,592.1,631.6,691.2,714.5,837.4,600.1,110.0,710.4,680.6,851.3,205.3,731.6,707.6,159.8,129.7,594.7,715.6,429.3,470.9,580.7,726.8,553.3,658.5,164.9,148.6,607.4,650.6,1054.6,716.8,58.9,569.9,106.3,545.5,166.1,212.3,500.4,83.3,730.2,625.7,99.1,721.7,70.5,42.2,716.9,585.8,212.6,753.0,642.1,562.1,546.3,81.5,734.0,65.3,91.0,147.6,601.4,610.8,0.0,154.5,574.1,680.7,748.7,166.6,587.5,585.2,775.7,400.9,725.7,567.5,91.0,666.0,622.6,72.9,193.8,572.4,152.2,156.2,730.5,765.8,737.5,620.6,662.1,769.2,450.8,178.0,688.4,42.4,714.1,501.6,759.6,758.3,607.0,554.0,101.4,45.0,738.8,642.3,630.6,74.3,91.9,607.3,689.2,543.7,636.1,648.2,562.8,706.1,166.8,182.3,691.5,553.7
NR,841.2,207.1,196.7,647.6,864.0,706.6,214.7,179.0,843.7,901.7,880.8,800.6,713.8,873.6,747.2,786.7,846.3,832.6,931.3,755.2,215.5,865.5,835.7,945.2,277.4,850.9,826.9,215.9,160.4,749.8,834.9,584.4,626.0,735.8,881.9,731.9,788.2,205.4,260.5,762.5,806.7,1173.9,871.9,205.9,725.0,144.4,700.6,26.3,284.4,655.5,221.7,849.5,781.8,231.6,851.4,216.1,197.0,836.2,740.9,306.5,872.1,797.2,717.2,701.4,201.8,853.3,199.8,236.6,247.0,756.5,765.9,147.2,0.0,729.2,836.8,866.8,303.9,742.6,740.0,896.0,557.9,880.8,722.6,237.6,799.3,777.7,193.3,269.2,727.5,289.5,203.3,885.6,885.1,892.6,775.7,817.2,888.5,605.9,66.9,807.7,177.6,869.2,656.7,875.6,913.4,736.7,710.1,92.1,200.8,858.1,783.2,760.3,146.8,164.2,771.4,844.3,673.4,791.2,803.3,717.9,861.2,209.8,305.1,847.6,708.8
NV,224.8,652.0,641.6,138.8,260.2,102.9,577.7,602.2,264.4,300.2,276.0,184.2,129.0,257.2,162.4,201.9,229.9,216.2,346.2,25.9,586.5,249.1,219.3,360.1,514.7,298.2,223.1,661.8,631.7,146.1,283.9,192.3,197.3,151.0,265.5,133.8,197.2,616.1,645.0,109.5,206.3,1183.0,287.1,640.2,108.6,678.2,57.8,683.1,521.7,243.4,577.4,268.1,115.7,595.5,260.4,590.2,607.9,232.4,87.9,480.7,248.1,180.8,64.2,272.7,616.0,249.5,608.7,633.5,624.1,198.8,162.2,581.2,672.3,0.0,219.4,250.4,647.8,84.4,123.9,291.1,407.5,264.4,57.5,569.7,232.6,112.6,654.2,608.2,142.7,553.1,607.4,269.2,334.1,276.2,159.3,237.9,283.8,197.2,695.0,203.9,623.7,252.8,127.1,259.2,297.0,105.0,161.9,644.8,562.0,254.3,181.0,207.3,653.1,673.2,185.6,265.0,270.1,126.1,186.9,149.0,244.8,639.3,582.2,247.5,55.8
OA,164.7,752.6,722.0,239.4,113.3,270.3,972.9,699.4,365.0,271.9,129.1,227.2,229.6,37.7,263.0,302.5,69.9,89.2,329.1,259.4,687.1,234.1,220.5,340.8,615.3,171.2,37.1,762.4,732.3,313.5,156.9,292.9,297.9,251.6,250.5,248.9,184.4,716.7,745.6,266.7,191.3,1283.6,387.7,708.5,159.3,778.8,241.9,785.9,622.3,344.0,678.0,141.1,278.1,696.1,245.4,690.8,708.5,87.7,245.1,581.3,121.1,165.8,221.4,373.3,718.3,65.0,709.3,734.1,724.7,299.4,329.6,681.8,757.3,233.4,0.0,123.4,748.4,246.8,144.0,144.3,508.1,249.4,266.1,668.3,333.2,313.6,754.8,653.1,243.3,640.6,708.0,109.2,207.1,261.2,166.7,338.5,159.0,297.8,795.6,59.2,724.3,33.3,227.7,244.2,199.3,272.4,262.5,745.4,664.8,109.6,182.2,376.9,769.4,773.8,278.2,365.6,370.7,300.1,171.9,316.4,229.8,739.9,682.8,49.3,213.0
OL,195.7,784.6,773.2,270.4,172.2,301.3,709.3,733.8,396.0,310.9,188.0,258.2,260.6,181.2,306.7,321.9,153.9,44.1,362.2,290.4,718.1,265.1,251.5,376.1,646.3,86.2,135.1,793.4,765.9,344.5,144.0,323.9,328.9,282.6,281.5,277.7,213.2,773.4,776.6,297.7,205.3,1314.6,418.7,771.8,190.3,809.8,272.9,814.7,653.3,375.0,717.2,56.1,316.0,721.3,276.4,721.8,739.5,144.4,276.1,612.3,71.1,196.8,252.4,404.3,747.6,161.5,753.9,765.1,755.7,330.4,360.6,712.8,803.1,265.2,143.4,0.0,779.4,277.8,176.3,203.2,539.1,280.4,294.9,701.3,345.1,344.6,785.8,776.6,274.3,684.7,739.0,193.2,138.8,292.2,197.7,369.5,71.8,328.8,826.6,115.9,755.3,176.8,258.7,275.2,256.3,303.4,307.1,776.4,693.6,166.3,198.0,405.7,784.7,804.8,317.2,396.6,401.7,331.1,202.9,347.4,260.8,770.9,713.8,154.2,244.0
OP,746.7,322.5,311.1,553.1,817.0,612.1,209.0,233.5,749.2,854.7,832.8,706.1,619.3,779.1,665.4,680.6,751.8,738.1,909.7,660.7,217.8,771.0,741.2,923.6,162.8,803.9,779.9,331.3,303.8,655.3,787.9,489.9,531.5,641.3,787.4,636.4,719.1,223.4,54.2,668.0,711.2,1132.6,777.4,234.6,630.5,259.8,606.1,312.4,157.0,561.0,216.9,802.5,686.3,83.2,782.3,208.3,124.3,789.2,646.4,290.6,776.6,702.7,622.7,606.9,219.3,806.3,216.7,228.8,255.4,662.0,671.4,175.6,300.8,635.5,741.3,772.3,0.0,648.1,644.5,848.0,463.4,786.3,628.1,201.0,703.8,683.2,248.6,276.3,633.0,88.8,189.0,791.1,838.1,798.1,681.2,722.7,841.5,511.4,324.3,760.7,218.1,774.7,562.2,781.1,818.9,667.6,627.3,239.2,174.4,811.1,687.7,691.2,247.5,267.6,675.9,749.8,604.3,696.7,708.8,623.4,766.7,220.9,65.5,752.1,614.3
PK,238.2,665.4,655.0,152.2,273.6,119.8,591.1,612.2,277.8,313.6,289.4,197.6,142.4,270.6,175.8,215.3,243.3,229.6,359.6,75.4,599.9,262.5,232.7,373.5,528.1,311.6,236.5,675.2,645.1,163.0,297.3,205.7,210.7,164.4,278.9,161.7,210.6,629.5,658.4,137.7,202.7,1196.4,300.5,653.6,122.0,691.6,55.1,696.5,535.1,256.8,590.8,281.5,35.9,608.9,273.8,603.6,621.3,245.8,116.1,494.1,261.5,194.2,92.4,286.1,613.7,262.9,622.1,646.9,637.5,212.2,179.1,594.6,684.9,90.7,232.8,263.8,661.2,0.0,136.0,304.5,420.9,277.8,33.1,583.1,226.9,68.5,667.6,658.4,156.1,615.0,620.8,282.6,347.5,289.6,172.7,251.3,297.2,210.6,708.4,217.3,637.1,266.2,140.5,272.6,310.4,132.9,175.3,658.2,575.4,267.7,194.4,224.2,682.2,686.6,199.0,278.4,283.5,57.9,200.3,165.9,258.2,652.7,595.6,260.9,84.0
PM,119.6,706.2,676.9,194.3,194.8,225.2,927.8,654.3,319.9,236.1,210.6,91.2,183.2,193.1,226.5,256.1,165.8,152.1,280.8,214.3,642.0,185.0,170.9,296.0,568.9,234.1,159.0,717.3,685.9,268.4,219.8,246.5,252.8,206.5,201.4,179.1,131.8,670.3,699.2,221.6,142.2,1238.5,342.6,663.4,13.9,733.7,196.8,737.3,577.2,298.9,632.9,204.0,233.0,651.0,195.0,644.4,663.4,168.3,200.0,536.2,184.0,116.7,176.3,328.2,673.2,184.1,664.2,689.0,679.6,254.3,284.5,635.4,712.2,187.0,157.5,186.3,703.3,201.7,0.0,225.7,463.0,200.3,217.5,623.2,288.1,268.5,709.7,608.0,198.2,608.6,661.6,205.1,270.0,212.1,36.6,292.1,218.4,252.7,750.5,139.8,677.9,188.7,182.6,195.1,232.9,226.0,217.4,700.3,616.2,190.2,132.6,328.3,724.3,728.7,233.1,320.5,324.3,255.0,121.5,271.3,180.7,693.5,636.4,183.4,167.9
PN,248.3,836.2,825.8,323.0,146.4,353.9,1056.5,786.4,448.6,278.4,132.6,310.8,313.2,211.5,346.6,386.1,182.6,189.0,333.4,343.0,770.7,287.1,304.1,347.3,698.9,238.9,149.3,846.0,815.9,397.1,222.9,376.5,381.5,335.2,303.5,330.3,235.2,800.3,829.2,350.3,227.3,1367.2,471.3,824.4,242.9,862.4,325.5,867.3,705.9,427.6,769.8,237.5,368.6,779.7,298.4,774.4,792.1,118.6,328.7,664.9,227.5,218.8,305.0,456.9,800.2,175.7,792.9,817.7,808.3,383.0,413.2,765.4,856.5,317.0,173.7,223.2,832.0,330.4,227.6,0.0,591.7,302.4,347.5,753.9,416.8,397.2,838.4,736.7,326.9,785.8,791.6,158.1,273.1,287.1,250.3,422.1,256.6,381.4,879.2,117.2,807.9,207.1,311.3,255.6,144.3,356.0,346.1,829.0,746.2,110.9,265.8,458.3,853.0,857.4,369.8,449.2,454.3,383.7,224.9,400.0,282.8,823.5,766.4,184.5,296.6
PQ,485.2,472.1,460.7,291.6,481.3,350.6,396.8,421.3,487.7,519.0,497.1,444.6,357.8,509.7,401.1,419.1,490.3,451.1,574.0,399.2,405.6,509.5,479.7,587.9,333.8,468.2,444.2,480.9,453.4,393.8,452.2,228.4,270.0,379.8,525.9,374.9,457.6,460.9,464.1,406.5,449.7,1061.3,515.9,459.3,369.0,497.3,344.6,502.2,340.8,299.5,404.7,466.8,424.8,408.8,520.8,409.3,427.0,453.5,384.9,258.2,489.6,441.2,361.2,345.4,435.1,470.6,441.4,452.6,443.2,400.5,409.9,400.3,490.6,374.0,471.4,485.3,466.9,386.6,383.0,512.3,0.0,524.8,366.6,388.8,442.3,421.7,473.3,464.1,371.5,372.2,426.5,529.6,502.4,527.7,419.7,461.2,505.8,249.9,514.1,425.0,442.8,505.3,300.7,496.2,557.4,406.1,365.8,463.9,381.1,475.4,426.2,429.7,472.2,492.3,414.4,488.3,342.8,435.2,447.3,361.9,505.2,458.4,401.3,490.6,352.8
PT,217.8,806.7,795.3,292.5,278.3,323.4,731.4,755.9,418.1,94.4,294.1,280.3,282.7,275.3,328.8,344.0,248.0,234.3,149.4,312.5,740.2,15.9,273.6,163.3,668.4,316.3,241.2,815.5,788.0,366.6,302.0,346.0,351.0,304.7,27.5,299.8,50.7,795.5,798.7,319.8,104.5,1336.7,440.8,793.9,212.4,831.9,295.0,836.8,675.4,397.1,739.3,286.2,338.1,743.4,55.2,743.9,761.6,250.5,298.2,634.4,272.8,96.0,274.5,426.4,769.7,267.6,776.0,787.2,777.8,352.5,382.7,734.9,825.2,287.3,237.5,268.5,801.5,299.9,198.4,273.1,561.2,0.0,317.0,723.4,367.2,366.7,807.9,798.7,296.4,706.8,761.1,253.7,352.2,103.1,219.8,391.6,301.9,350.9,848.7,222.0,777.4,270.9,280.8,48.3,279.0,325.5,329.2,798.5,715.7,272.4,220.1,427.8,806.8,826.9,339.3,418.7,423.8,353.2,61.0,369.5,80.0,793.0,735.9,248.3,266.1
QD,255.3,665.4,634.8,169.3,290.7,86.6,591.1,612.2,294.9,330.7,306.5,214.7,159.5,287.7,192.9,232.4,260.4,246.7,376.7,42.2,599.9,279.6,249.8,390.6,528.1,328.7,253.6,675.2,645.1,129.8,314.4,205.7,210.7,181.5,296.0,164.3,227.7,629.5,658.4,140.0,219.8,1196.4,317.6,621.3,139.1,691.6,21.9,696.5,535.1,256.8,590.8,298.6,76.0,608.9,290.9,603.6,621.3,262.9,118.4,494.1,285.2,211.3,94.7,286.1,613.7,280.0,635.7,646.9,637.5,229.3,145.9,594.6,684.9,57.5,249.9,280.9,661.2,33.1,153.1,321.6,420.9,294.9,0.0,581.1,263.1,55.0,667.6,621.6,173.2,615.0,620.8,299.7,364.6,306.7,189.8,268.4,314.3,210.6,708.4,234.4,637.1,283.3,157.6,289.7,327.5,99.7,192.4,658.2,575.4,284.8,211.5,191.0,682.2,686.6,216.1,295.5,283.5,68.5,217.4,132.7,275.3,652.7,595.6,260.7,86.3
QE,675.1,185.3,154.7,481.5,731.7,538.5,405.6,57.2,677.6,771.4,747.5,634.5,545.7,707.5,579.1,618.6,680.2,703.5,824.4,589.1,16.7,699.4,669.6,840.3,150.5,720.6,696.6,195.1,163.0,583.7,704.6,416.3,459.9,569.7,715.8,542.3,645.5,217.8,189.3,596.4,656.6,1043.6,705.8,126.7,558.9,141.6,534.5,216.4,146.7,489.4,7.6,719.2,607.8,181.3,708.7,20.4,124.4,705.9,574.8,201.6,735.4,631.1,551.1,535.3,47.9,721.0,114.9,63.7,54.3,590.4,599.8,100.0,190.0,563.1,671.9,737.7,192.1,576.5,574.2,762.7,389.9,714.7,554.5,0.0,651.3,611.6,173.0,42.2,561.4,97.4,209.1,719.5,754.8,726.5,609.6,649.1,756.2,439.8,228.3,677.4,142.5,703.1,490.6,748.6,747.3,594.0,543.0,151.0,93.3,727.8,631.3,617.6,187.6,192.0,596.3,678.2,530.7,625.1,635.2,551.8,695.1,241.0,124.5,697.8,542.7
QH,353.8,718.6,722.7,216.2,392.9,267.9,667.9,683.3,97.4,429.2,408.7,313.2,97.5,386.2,97.7,41.3,358.9,345.2,464.4,267.8,663.9,378.1,348.3,489.1,581.3,427.2,352.1,739.2,709.1,321.9,412.9,273.4,274.7,71.5,394.5,106.1,329.9,682.7,711.6,275.1,322.0,1260.4,117.2,721.3,237.6,755.6,250.3,760.5,599.1,320.8,666.7,397.1,297.1,670.8,393.1,656.8,685.3,361.4,253.5,561.8,387.4,309.8,229.8,350.1,684.3,367.7,703.4,710.9,701.5,143.1,338.0,658.6,738.9,231.0,352.1,379.4,725.2,258.9,255.3,409.3,484.9,393.4,261.5,650.8,0.0,322.0,731.6,726.1,124.3,679.0,674.0,398.2,463.1,405.2,288.3,74.6,416.5,274.6,772.4,332.9,704.8,381.8,172.0,388.2,426.0,280.8,141.9,722.2,643.1,383.3,298.5,386.8,734.2,750.6,67.3,98.0,336.7,308.5,305.1,324.8,373.8,720.4,648.8,362.9,221.4
QM,295.0,723.2,711.8,209.0,330.4,151.7,647.9,672.4,334.6,370.4,346.2,254.4,199.2,327.4,232.6,260.5,300.1,286.4,416.4,107.3,656.7,319.3,289.5,430.3,584.9,368.4,293.3,732.0,704.5,194.9,354.1,262.5,267.5,221.2,335.7,216.3,267.4,712.0,715.2,194.5,259.5,1253.2,357.3,710.4,178.8,748.4,87.0,753.3,591.9,313.6,655.8,338.3,28.5,659.9,330.6,660.4,678.1,302.6,172.9,550.9,324.9,251.0,149.2,342.9,686.2,319.7,692.5,703.7,694.3,269.0,211.0,651.4,741.7,121.8,289.6,320.6,718.0,58.5,192.8,361.3,477.7,334.6,65.0,639.9,283.7,0.0,724.4,715.2,212.9,610.2,677.6,339.4,404.3,346.4,229.5,308.1,354.0,267.4,765.2,274.1,693.9,323.0,197.3,329.4,367.2,164.8,245.7,715.0,632.2,324.5,236.0,256.1,723.3,743.4,255.8,335.2,340.3,13.4,257.1,197.8,315.0,709.5,652.4,300.4,140.8
QP,769.0,191.2,179.8,575.4,827.6,634.4,209.4,209.5,771.5,865.3,843.4,728.4,641.6,801.4,675.0,702.9,774.1,797.4,920.3,683.0,192.9,793.3,763.5,934.2,288.2,814.5,790.5,200.0,172.5,677.6,798.5,512.2,553.8,663.6,809.7,658.7,741.4,258.3,231.5,690.3,733.5,1137.5,799.7,56.7,652.8,146.5,628.4,172.7,295.2,583.3,158.0,813.1,708.6,176.2,804.6,153.4,125.1,799.8,668.7,295.5,835.9,725.0,645.0,629.2,164.4,816.9,50.6,173.9,230.5,684.3,693.7,82.8,161.1,657.8,763.6,831.6,249.5,670.4,666.8,858.6,483.8,808.6,650.4,173.9,726.1,705.5,0.0,276.7,655.3,209.3,235.4,813.4,848.7,820.4,703.5,745.0,852.1,533.7,184.6,771.3,66.2,797.0,584.5,842.5,841.2,689.9,649.6,144.6,127.9,821.7,710.0,713.5,61.8,78.1,698.2,772.1,626.6,719.0,731.1,645.7,789.0,207.0,265.2,774.4,636.6
QQ,785.8,263.5,265.4,592.2,800.3,642.9,86.8,113.3,788.3,882.1,740.9,745.2,514.8,818.2,704.5,687.2,790.9,814.2,928.8,699.8,150.2,810.1,780.3,807.4,230.7,831.3,807.3,305.8,132.1,694.4,815.3,385.4,570.6,680.4,826.5,653.0,614.6,322.2,257.9,707.1,767.3,1154.3,816.5,237.8,669.6,252.3,645.2,265.3,257.4,600.1,157.8,829.9,718.5,292.4,677.8,162.3,235.5,816.6,685.5,193.0,846.1,741.8,661.8,646.0,175.3,833.7,171.0,193.5,181.7,701.1,710.5,167.0,263.9,673.8,782.6,848.4,302.8,643.1,684.9,867.1,500.6,825.4,547.9,148.1,762.0,722.3,284.1,0.0,672.1,64.5,321.8,830.2,865.5,837.2,720.3,642.5,868.9,550.5,302.2,788.1,209.5,813.8,601.3,859.3,858.0,674.2,653.7,207.1,161.9,838.5,742.0,611.0,298.7,303.1,707.0,788.9,610.9,735.8,739.6,662.5,805.8,321.2,193.1,808.5,653.4
QT,272.6,649.2,637.8,135.0,308.0,197.5,573.9,598.4,155.4,348.0,323.8,232.0,95.4,305.0,32.3,81.3,277.7,264.0,394.0,186.6,582.7,296.9,267.1,407.9,510.9,346.0,270.9,658.0,630.5,240.7,331.7,188.5,193.5,42.0,313.3,86.1,245.0,638.0,641.2,193.9,237.1,1179.2,190.2,636.4,156.4,674.4,169.1,679.3,517.9,239.6,581.8,315.9,212.2,585.9,308.2,586.4,604.1,280.2,172.3,476.9,302.5,228.6,148.6,268.9,612.2,297.3,618.5,629.7,620.3,71.8,256.8,577.4,667.7,161.4,267.2,298.2,644.0,174.0,170.4,338.9,403.7,312.2,191.1,565.9,104.5,240.8,650.4,641.2,0.0,536.2,603.6,317.0,381.9,324.0,207.1,128.9,331.6,193.4,691.2,251.7,619.9,300.6,123.3,307.0,344.8,199.6,97.5,641.0,558.2,302.1,213.6,301.9,649.3,669.4,76.6,156.0,266.3,227.3,234.7,243.6,292.6,635.5,578.4,278.0,140.2
QX,662.0,260.9,230.3,468.4,713.6,520.4,99.9,193.9,664.5,818.5,729.4,621.4,583.1,694.4,577.9,656.0,660.1,683.4,873.5,624.5,108.7,686.3,656.5,820.2,69.8,719.2,695.2,273.4,240.6,563.6,703.2,398.2,439.8,549.6,695.7,544.7,682.9,137.1,108.6,576.3,675.0,1096.4,692.7,177.9,545.8,201.9,569.9,288.0,120.8,476.3,99.6,699.1,643.2,101.5,690.6,136.8,128.9,704.5,561.7,205.9,740.4,666.5,531.0,515.2,162.6,770.1,178.7,180.1,170.7,577.3,579.7,121.4,225.4,550.0,705.1,736.1,109.4,611.9,608.3,744.6,369.8,694.6,536.4,162.8,641.9,591.5,224.2,130.4,596.8,0.0,128.4,706.4,801.9,761.9,589.5,638.0,738.1,426.7,266.4,657.3,193.7,690.0,470.5,744.9,734.2,575.9,578.4,214.8,126.6,707.7,611.2,599.5,225.6,258.1,576.2,713.6,568.1,612.0,672.6,531.7,682.0,160.3,43.8,677.7,529.6
QY,736.7,47.9,76.5,543.1,807.0,602.1,258.4,256.5,739.2,844.7,822.8,696.1,609.3,769.1,642.7,682.2,741.8,728.1,899.7,650.7,267.2,761.0,731.2,913.6,172.9,793.9,769.9,93.8,117.4,645.3,777.9,479.9,521.5,631.3,777.4,614.1,709.1,23.6,181.4,658.0,718.2,1132.3,767.4,182.7,620.5,119.2,596.1,202.2,179.9,551.0,232.9,792.5,676.3,131.9,772.3,228.3,144.3,779.2,636.4,290.3,760.0,692.7,612.7,596.9,298.4,796.3,197.1,248.8,304.8,652.0,661.4,178.7,175.8,624.7,731.3,762.3,199.4,638.1,634.5,838.0,453.4,776.3,618.1,248.4,712.9,673.2,229.0,288.9,623.0,171.5,0.0,781.1,828.1,788.1,671.2,712.7,831.5,501.4,214.1,750.7,198.5,764.7,552.2,771.1,808.9,657.6,614.9,174.1,194.4,801.1,677.7,681.2,198.7,205.8,657.9,739.8,594.3,686.7,698.8,613.4,756.7,31.8,200.6,769.7,604.3
RI,198.6,787.5,776.1,273.3,183.0,304.2,712.2,736.7,398.9,228.7,169.2,261.1,263.5,137.0,296.9,324.8,108.1,149.0,283.7,293.3,721.0,237.4,254.4,297.6,649.2,231.0,136.4,796.3,768.8,347.4,216.7,326.8,331.8,285.5,253.8,280.6,185.5,776.3,779.5,300.6,177.6,1317.5,421.6,774.7,193.2,812.7,275.8,817.6,656.2,377.9,720.1,200.9,318.9,724.2,248.7,724.7,742.4,155.2,279.0,615.2,187.5,169.1,255.3,407.2,750.5,164.3,756.8,768.0,758.6,333.3,363.5,715.7,806.0,268.1,99.2,183.2,782.3,280.7,179.2,147.8,542.0,252.7,297.8,704.2,348.0,347.5,788.7,779.5,277.2,736.1,741.9,0.0,266.9,237.4,200.6,372.4,216.6,331.7,829.5,136.7,758.2,132.6,261.6,205.9,153.7,306.3,310.0,779.3,696.5,147.5,200.9,408.6,787.6,807.7,320.1,399.5,404.6,334.0,175.2,350.3,233.1,773.8,716.7,110.0,246.9
RL,277.0,834.0,822.6,351.7,219.7,382.6,758.7,783.2,477.3,325.6,235.5,339.5,341.9,248.1,385.2,403.2,235.2,132.1,380.6,371.7,767.5,344.8,332.8,394.5,727.6,81.6,182.6,842.8,815.3,425.8,141.0,405.2,410.2,363.9,362.8,359.0,294.5,854.7,857.9,379.0,286.6,1395.9,500.0,821.2,271.6,891.1,354.2,864.1,734.6,456.3,766.6,80.2,397.3,802.6,357.7,771.2,758.2,191.9,357.4,659.2,126.9,278.1,333.7,485.6,797.0,209.0,803.3,814.5,805.1,411.7,441.9,762.2,852.5,346.5,209.8,146.4,860.7,359.1,257.6,250.7,586.0,360.1,376.2,750.7,426.4,425.9,835.2,826.0,355.6,752.9,820.3,274.5,0.0,334.3,279.0,450.8,119.2,410.1,876.0,163.4,804.7,243.7,340.0,302.8,303.8,384.7,388.4,825.8,743.0,213.8,279.3,487.0,834.1,854.2,398.5,477.9,483.0,412.4,284.2,428.7,342.1,852.2,795.1,235.5,325.3
RX,246.0,834.9,823.5,320.7,306.5,351.6,759.6,784.1,446.3,37.7,322.3,308.5,310.9,303.5,344.3,372.2,276.2,262.5,69.9,340.7,768.4,100.1,301.8,83.8,696.6,290.7,269.4,843.7,816.2,394.8,274.7,374.2,379.2,332.9,108.9,328.0,78.9,823.7,826.9,348.0,132.7,1364.9,469.0,822.1,240.6,860.1,323.2,865.0,703.6,425.3,767.5,314.4,366.3,771.6,103.8,772.1,789.8,278.7,326.4,662.6,301.0,124.2,302.7,454.6,797.9,295.8,804.2,815.4,806.0,380.7,410.9,763.1,853.4,315.5,265.7,296.7,829.7,328.1,226.6,301.3,589.4,111.8,345.2,751.6,395.4,394.9,836.1,826.9,324.6,721.9,789.3,281.9,324.9,0.0,248.0,419.8,330.1,379.1,876.9,250.2,805.6,299.1,309.0,58.1,307.2,353.7,357.4,826.7,743.9,300.6,248.3,456.0,835.0,855.1,367.5,446.9,452.0,381.4,89.2,397.7,31.3,821.2,764.1,276.5,294.3
RZ,121.0,709.9,698.5,195.7,197.5,226.6,634.6,659.1,321.3,237.5,213.3,60.4,185.9,194.5,232.0,247.2,167.2,153.5,283.5,215.7,643.4,186.4,176.8,297.4,571.6,235.5,160.4,718.7,691.2,269.8,221.2,249.2,254.2,207.9,202.8,203.0,134.5,698.7,701.9,223.0,126.6,1239.9,344.0,697.1,50.6,735.1,198.2,740.0,578.6,300.3,642.5,205.4,241.3,646.6,197.7,647.1,664.8,169.7,201.4,537.6,192.0,118.1,177.7,329.6,672.9,186.8,679.2,690.4,681.0,255.7,285.9,638.1,728.4,190.5,156.7,187.7,704.7,203.1,36.6,228.4,464.4,201.7,220.2,626.6,270.4,269.9,711.1,701.9,199.6,658.5,664.3,206.5,271.4,213.5,0.0,294.8,221.1,254.1,751.9,141.2,680.6,190.1,184.0,196.5,234.3,228.7,232.4,701.7,618.9,191.6,123.3,331.0,710.0,730.1,242.5,321.9,327.0,256.4,124.2,272.7,182.1,696.2,639.1,167.5,169.3
SK,367.2,719.7,689.1,206.5,402.6,292.1,658.2,666.5,26.4,442.6,418.4,326.6,157.8,399.6,158.0,78.7,372.3,358.6,488.6,281.2,654.2,391.5,361.7,502.5,582.4,440.6,365.5,729.5,699.4,335.3,426.3,260.0,265.0,99.2,407.9,168.4,339.6,683.8,712.7,288.5,331.7,1250.7,71.3,707.9,251.0,745.9,263.7,750.8,589.4,311.1,653.3,410.5,306.8,657.4,402.8,657.9,675.6,374.8,266.9,548.4,397.1,323.2,243.2,340.4,683.7,391.9,690.0,701.2,691.8,121.2,351.4,648.9,724.4,255.2,361.8,392.8,715.5,268.6,265.0,433.5,475.2,406.8,285.7,635.4,104.0,335.4,721.9,675.9,148.3,620.8,675.1,411.6,476.5,418.6,301.7,0.0,426.2,264.9,762.7,346.3,691.4,395.2,150.1,401.6,439.4,294.2,120.0,712.5,629.7,396.7,323.4,396.5,720.8,740.9,106.1,29.9,337.8,321.9,329.3,332.4,387.2,707.0,649.9,372.6,234.8
SW,229.1,817.0,786.4,303.8,195.5,334.7,742.7,763.8,429.4,301.4,211.3,291.6,294.0,214.6,327.4,366.9,187.3,77.5,356.4,323.8,751.5,298.5,284.9,370.3,679.7,59.0,158.4,826.8,796.7,377.9,116.8,357.3,362.3,316.0,314.9,288.6,246.6,781.1,810.0,331.1,238.7,1348.0,452.1,772.9,223.7,843.2,306.3,848.1,686.7,408.4,750.6,28.9,349.4,760.5,309.8,755.2,772.9,167.7,309.5,645.7,72.3,230.2,285.8,437.7,781.0,184.8,787.3,798.5,789.1,363.8,394.0,746.2,836.5,297.8,176.8,91.8,812.8,311.2,208.4,226.5,572.5,313.8,328.3,732.7,397.6,378.0,819.2,773.2,307.7,705.0,772.4,226.6,111.6,310.1,231.1,402.9,0.0,362.2,860.0,139.2,788.7,210.2,292.1,278.6,279.6,336.8,326.9,809.8,727.0,189.6,246.6,439.1,833.8,838.2,342.6,430.0,435.1,364.5,236.3,380.8,294.2,804.3,747.2,187.6,277.4
TI,303.7,544.2,532.8,110.1,339.1,169.1,468.9,493.4,306.2,379.1,354.9,263.1,176.3,336.1,209.7,237.6,308.8,295.1,425.1,217.7,477.7,328.0,298.2,439.0,405.9,377.1,302.0,553.0,525.5,212.3,362.8,23.5,70.5,198.3,344.4,193.4,276.1,533.0,536.2,225.0,268.2,1074.2,334.4,531.4,187.5,569.4,163.1,574.3,412.9,119.8,476.8,347.0,243.3,480.9,339.3,481.4,499.1,311.3,203.4,371.9,333.6,259.7,179.7,145.9,507.2,328.4,513.5,524.7,515.3,219.0,228.4,472.4,562.7,192.5,298.3,329.3,539.0,205.1,201.5,370.0,298.7,343.3,185.1,460.9,260.8,240.2,545.4,536.2,190.0,444.3,498.6,348.1,413.0,355.1,238.2,279.7,362.7,0.0,586.2,282.8,514.9,331.7,119.2,338.1,375.9,224.6,184.3,536.0,453.2,333.2,244.7,248.2,544.3,564.4,232.9,306.8,143.3,253.7,265.8,180.4,323.7,530.5,473.4,309.1,171.3
UB,823.8,189.7,178.3,630.2,846.6,689.2,196.3,196.4,826.3,884.3,862.4,783.2,696.4,856.2,729.8,757.7,828.9,815.2,939.3,737.8,198.1,848.1,818.3,953.2,260.0,833.5,809.5,198.5,171.0,732.4,817.5,567.0,608.6,718.4,864.5,713.5,796.2,208.8,268.5,745.1,788.3,1156.5,854.5,187.5,707.6,127.0,683.2,57.6,267.0,638.1,203.3,832.1,763.4,213.2,859.4,198.7,179.6,818.8,723.5,314.5,853.7,779.8,699.8,684.0,151.3,835.9,181.4,219.2,229.6,739.1,748.5,155.2,46.0,712.6,818.4,849.4,286.5,725.2,721.6,877.6,540.5,863.4,705.2,219.2,780.9,760.3,175.9,263.6,710.1,272.1,185.9,868.2,867.7,875.2,758.3,799.8,871.1,588.5,0.0,790.3,160.2,851.8,639.3,858.2,896.0,744.7,704.4,74.7,182.4,840.7,764.8,768.3,130.5,146.8,753.0,826.9,681.4,773.8,785.9,700.5,843.8,217.8,287.7,829.2,691.4
UG,159.2,729.0,717.6,233.9,56.2,264.8,653.7,678.2,359.5,220.6,72.0,221.7,224.1,97.5,257.5,285.4,117.4,71.7,275.6,253.9,662.5,228.6,215.0,289.5,609.8,121.6,32.0,737.8,710.3,308.0,105.6,287.4,292.4,246.1,245.0,241.2,176.7,736.9,740.1,261.2,168.8,1278.1,382.2,716.2,153.8,773.3,236.4,759.1,616.8,338.5,661.6,120.2,279.5,684.8,239.9,666.2,703.0,28.4,239.6,554.2,110.2,160.3,215.9,367.8,692.0,58.4,698.3,709.5,700.1,293.9,324.1,657.2,747.5,228.7,59.2,105.9,742.9,241.3,139.8,87.2,481.0,243.9,258.4,645.7,308.6,308.1,730.2,721.0,237.8,696.7,702.5,154.1,155.8,229.3,161.2,333.0,139.3,292.3,771.0,0.0,699.7,93.1,222.2,197.8,140.3,266.9,270.6,720.8,638.0,50.3,161.5,369.2,729.1,749.2,280.7,360.1,365.2,294.6,166.4,310.9,224.3,734.4,677.3,91.3,207.5
UI,731.6,152.8,142.4,538.0,790.2,597.0,172.0,172.1,734.1,827.9,806.0,691.0,604.2,764.0,647.5,677.1,736.7,760.0,882.9,645.6,155.5,755.9,726.1,896.8,250.8,777.1,753.1,162.6,132.5,640.2,761.1,474.8,516.4,626.2,772.3,609.0,704.0,210.4,194.1,652.9,713.1,1100.1,762.3,65.3,615.4,109.1,591.0,180.7,257.8,545.9,128.8,775.7,664.3,138.8,767.2,116.0,87.7,762.4,631.3,258.1,791.9,687.6,607.6,591.8,160.1,779.5,110.8,136.5,193.1,646.9,656.3,45.4,169.1,619.6,726.2,794.2,212.1,633.0,629.4,821.2,446.4,771.2,613.0,136.5,707.8,668.1,79.3,202.5,617.9,197.7,191.7,776.0,811.3,783.0,666.1,707.6,814.7,496.3,192.6,733.9,0.0,759.6,547.1,805.1,803.8,652.5,609.8,146.9,90.5,784.3,672.6,676.1,45.0,49.4,652.8,734.7,589.2,681.6,693.7,608.3,751.6,169.6,227.8,737.0,599.2
UN,208.1,797.0,785.6,282.8,139.4,313.7,721.7,746.2,408.4,310.9,155.2,270.6,273.0,31.8,306.4,334.3,113.3,132.6,365.9,302.8,730.5,277.5,263.9,379.8,658.7,211.9,61.0,805.8,778.3,356.9,195.9,336.3,341.3,295.0,293.9,290.1,225.6,785.8,789.0,310.1,217.7,1327.0,431.1,784.2,202.7,822.2,285.3,827.1,665.7,387.4,729.6,184.5,328.4,733.7,288.8,734.2,751.9,111.6,288.5,624.7,171.1,209.2,264.8,416.7,760.0,88.9,766.3,777.5,768.1,342.8,373.0,725.2,815.5,277.6,43.3,166.8,791.8,290.2,188.7,170.4,551.5,292.8,307.3,713.7,357.5,357.0,798.2,789.0,286.7,745.6,751.4,152.6,246.1,304.6,210.1,381.9,200.2,341.2,839.0,83.1,767.7,0.0,271.1,287.6,223.5,315.8,319.5,788.8,706.0,133.5,210.4,418.1,797.1,817.2,329.6,409.0,414.1,343.5,215.3,359.8,273.2,783.3,726.2,75.4,256.4
VF,249.1,570.5,559.1,56.3,284.5,170.9,495.2,519.7,186.9,324.5,300.3,208.5,121.7,281.5,155.1,138.6,254.2,240.5,370.5,163.1,504.0,273.4,243.6,384.4,432.2,322.5,247.4,579.3,551.8,214.1,308.2,109.8,114.8,127.9,289.8,138.8,221.5,559.3,562.5,170.4,213.6,1100.5,231.8,557.7,132.9,595.7,145.6,600.6,439.2,160.9,503.1,292.4,188.7,507.2,284.7,507.7,525.4,256.7,148.8,398.2,279.0,205.1,125.1,190.2,533.5,273.8,539.8,551.0,541.6,99.7,230.2,498.7,589.0,137.9,243.7,274.7,565.3,150.5,146.9,315.4,325.0,288.7,167.6,487.2,170.7,217.3,571.7,562.5,135.4,457.5,524.9,293.5,358.4,300.5,183.6,160.4,308.1,114.7,612.5,228.2,541.2,277.1,0.0,283.5,321.3,176.1,65.0,562.3,479.5,278.6,190.1,250.0,570.6,590.7,162.5,187.5,187.6,203.8,211.2,182.2,269.1,556.8,499.7,254.5,116.7
VK,219.0,807.9,796.5,293.7,279.5,324.6,732.6,757.1,419.3,46.0,295.3,281.5,283.9,276.5,330.0,345.2,249.2,235.5,101.0,313.7,741.4,41.9,274.8,114.9,669.6,275.8,242.4,816.7,789.2,367.8,259.8,347.2,352.2,305.9,84.8,301.0,68.6,796.7,799.9,321.0,105.7,1337.9,442.0,795.1,213.6,833.1,296.2,838.0,676.6,398.3,740.5,287.4,339.3,744.6,112.5,745.1,762.8,251.7,299.4,635.6,274.0,97.2,275.7,427.6,770.9,268.8,777.2,788.4,779.0,353.7,383.9,736.1,826.4,288.5,238.7,269.7,802.7,301.1,199.6,274.3,562.4,57.2,318.2,724.6,368.4,367.9,809.1,799.9,297.6,708.0,762.3,254.9,310.0,54.7,221.0,392.8,303.1,352.1,849.9,223.2,778.6,272.1,282.0,0.0,280.2,326.7,330.4,799.7,716.9,273.6,221.3,429.0,808.0,828.1,340.5,419.9,425.0,354.4,62.2,370.7,86.1,794.2,737.1,249.5,267.3
VM,254.8,843.7,832.3,329.5,160.1,360.4,768.4,792.9,455.1,284.9,146.3,317.3,319.7,218.0,353.1,381.0,189.1,202.7,339.9,349.5,777.2,293.6,310.6,353.8,705.4,252.6,163.0,852.5,825.0,403.6,236.6,383.0,388.0,341.7,310.0,336.8,241.7,832.5,835.7,356.8,233.8,1373.7,477.8,830.9,249.4,868.9,332.0,873.8,712.4,434.1,776.3,251.2,375.1,780.4,304.9,780.9,798.6,132.3,335.2,671.4,241.2,225.3,311.5,463.4,806.7,189.4,813.0,824.2,814.8,389.5,419.7,771.9,862.2,324.3,180.2,236.9,838.5,336.9,235.4,124.9,598.2,308.9,354.0,760.4,404.2,403.7,844.9,835.7,333.4,792.3,798.1,164.6,286.8,293.6,256.8,428.6,270.3,387.9,885.7,130.9,814.4,213.6,317.8,262.1,0.0,362.5,366.2,835.5,752.7,124.6,257.1,464.8,843.8,863.9,376.3,455.7,460.8,390.2,231.4,406.5,289.3,830.0,772.9,191.0,303.1
VS,283.8,684.9,674.5,197.8,319.2,106.1,905.2,635.1,323.4,359.2,335.0,243.2,188.0,316.2,234.1,260.9,288.9,275.2,405.2,131.0,619.4,308.1,278.3,419.1,547.6,357.2,282.1,694.7,664.6,149.3,342.9,225.2,230.2,210.0,324.5,192.8,256.2,649.0,677.9,68.7,248.3,1215.9,346.1,640.8,167.6,711.1,77.7,716.0,554.6,276.3,618.5,327.1,168.9,628.4,319.4,623.1,640.8,291.4,65.2,513.6,313.7,239.8,84.1,305.6,648.9,308.5,641.6,666.4,657.0,257.8,165.4,614.1,704.4,105.0,280.6,309.4,680.7,132.9,181.6,350.1,440.4,323.4,99.7,600.6,272.5,154.8,687.1,641.1,201.7,634.5,640.3,328.2,393.1,335.2,218.3,296.9,342.8,230.1,727.9,262.9,656.6,311.8,186.1,318.2,356.0,0.0,234.5,677.7,594.9,313.3,224.8,210.5,688.5,706.1,244.6,324.0,303.0,168.3,245.9,152.2,303.8,672.2,615.1,289.2,90.9
VX,294.2,640.7,621.8,119.0,329.6,227.6,570.7,582.4,148.4,369.6,345.4,253.6,130.8,326.6,128.4,103.2,299.3,285.6,424.1,208.2,566.7,318.5,288.7,419.2,484.6,367.6,292.5,642.0,611.9,262.3,353.3,162.2,177.5,89.4,334.9,103.5,256.3,586.0,614.9,215.5,258.7,1163.2,193.3,620.4,178.0,658.4,190.7,663.3,501.9,223.6,565.8,337.5,233.8,569.9,329.8,578.9,588.1,301.8,193.9,450.6,324.1,250.2,170.2,252.9,589.0,327.4,602.5,613.7,604.3,61.2,278.4,569.9,645.4,171.9,288.8,319.8,628.0,195.6,192.0,360.5,387.7,333.8,202.4,549.9,146.5,262.4,634.4,625.2,107.3,509.9,577.3,338.6,403.5,345.6,228.7,113.4,353.2,177.4,675.2,273.3,612.4,322.2,85.1,328.6,366.4,221.2,0.0,625.0,531.9,323.7,235.2,312.7,638.7,653.4,124.0,149.0,240.0,248.9,256.3,244.9,314.2,609.2,552.1,299.6,161.8
WH,748.7,190.0,178.6,555.1,807.3,614.1,121.5,121.6,751.2,845.0,823.1,708.1,621.3,781.1,664.6,682.6,753.8,777.1,900.0,662.7,123.3,773.0,743.2,913.9,260.3,794.2,770.2,198.8,171.3,657.3,778.2,491.9,533.5,643.3,789.4,638.4,721.1,209.1,211.2,670.0,713.2,1117.2,779.4,139.4,632.5,127.3,608.1,83.1,266.7,563.0,128.5,792.8,688.3,155.9,784.3,123.9,104.8,779.5,648.4,275.2,815.6,704.7,624.7,608.9,76.5,796.6,121.5,144.4,154.8,664.0,673.4,80.4,71.5,637.5,743.3,811.3,229.2,650.1,646.5,838.3,463.5,788.3,630.1,144.4,705.8,685.2,153.4,188.8,635.0,217.4,186.2,793.1,828.4,800.1,683.2,724.7,831.8,513.4,95.0,751.0,122.9,776.7,564.2,822.2,820.9,669.6,629.3,0.0,107.6,801.4,689.7,693.2,130.8,147.1,677.9,751.8,606.3,698.7,710.8,625.4,768.7,218.1,244.9,754.1,616.3
WM,707.2,89.9,59.3,513.6,765.8,572.6,310.2,186.7,709.7,803.5,781.6,666.6,579.8,739.6,625.9,652.7,712.3,735.6,858.5,621.2,216.3,731.5,701.7,872.4,229.8,752.7,728.7,99.7,69.6,615.8,736.7,450.4,492.0,601.8,747.9,584.6,679.6,157.8,187.7,628.5,688.7,1075.7,737.9,114.4,591.0,46.2,566.6,121.0,236.8,521.5,229.7,751.3,646.8,138.2,742.8,216.9,81.3,738.0,606.9,233.7,774.1,663.2,583.2,567.4,169.5,755.1,96.5,237.4,247.8,622.5,631.9,78.1,94.6,595.2,704.0,769.8,205.7,608.6,605.0,796.8,422.0,746.8,588.6,237.4,664.3,643.7,128.4,256.6,593.5,147.5,128.8,751.6,786.9,758.6,641.7,683.2,790.3,471.9,132.9,709.5,97.9,735.2,522.7,780.7,779.4,628.1,585.4,92.9,0.0,759.9,648.2,651.7,100.4,118.8,628.4,710.3,564.8,657.2,669.3,583.9,727.2,106.7,176.6,712.6,574.8
WX,199.6,769.4,758.0,274.3,69.5,305.2,694.1,718.6,399.9,261.0,21.6,262.1,264.5,137.9,297.9,325.8,157.8,112.1,316.0,294.3,702.9,269.0,255.4,329.9,650.2,162.0,72.4,778.2,750.7,348.4,146.0,327.8,332.8,286.5,285.4,281.6,217.1,777.3,780.5,301.6,209.2,1318.5,422.6,756.6,194.2,813.7,276.8,799.5,657.2,378.9,702.0,160.6,319.9,725.2,280.3,706.6,743.4,41.7,280.0,594.6,150.6,200.7,256.3,408.2,732.4,98.8,738.7,749.9,740.5,334.3,364.5,697.6,787.9,269.1,99.6,146.3,783.3,281.7,180.2,90.9,521.4,284.3,298.8,686.1,349.0,348.5,770.6,761.4,278.2,688.6,742.9,157.8,196.2,269.7,201.6,373.4,179.7,332.7,811.4,40.3,740.1,133.5,262.6,238.2,144.0,307.3,311.0,761.2,678.4,0.0,201.9,409.6,769.5,789.6,321.1,400.5,405.6,335.0,206.8,351.3,264.7,774.8,717.7,131.7,247.9
XG,58.9,706.9,668.4,185.8,227.8,224.6,919.3,645.8,311.4,267.8,258.8,193.8,176.0,224.8,227.2,256.8,197.5,183.8,329.0,205.8,633.5,216.7,69.9,342.9,561.7,265.8,190.7,708.8,686.6,259.9,251.5,247.2,244.3,198.0,233.1,170.6,180.0,671.0,699.9,213.1,173.9,1230.0,334.1,654.9,125.9,725.2,188.3,730.1,568.7,290.4,624.4,235.7,224.5,642.5,243.2,645.1,654.9,200.0,191.5,535.6,215.7,148.4,167.8,319.7,664.7,232.3,655.7,680.5,671.1,245.8,276.0,636.1,703.7,179.8,189.2,218.0,694.8,193.2,110.6,273.9,454.5,232.0,218.2,614.7,279.6,260.0,701.2,599.5,189.7,608.0,654.4,236.8,301.7,243.8,133.3,284.9,266.6,244.2,742.0,171.5,678.6,220.4,174.1,226.8,264.6,218.8,208.9,691.8,616.9,221.9,0.0,329.0,715.8,720.2,224.6,312.0,325.0,246.5,169.7,262.8,212.4,694.2,629.2,215.1,159.4
XJ,384.6,697.5,666.9,219.9,420.0,103.3,636.0,644.3,416.0,460.0,435.8,344.0,286.1,417.0,329.4,359.0,389.7,376.0,506.0,230.1,632.0,408.9,379.1,519.9,560.2,458.0,382.9,707.3,677.2,60.1,443.7,237.8,242.8,308.1,425.3,280.7,357.0,661.6,690.5,269.3,349.1,1228.5,444.2,685.7,268.4,723.7,167.5,728.6,567.2,288.9,622.9,427.9,265.6,641.0,420.2,635.7,653.4,392.2,247.7,526.2,414.5,340.6,224.0,318.2,661.5,409.3,667.8,679.0,669.6,328.8,44.0,626.7,717.8,205.8,379.2,410.2,693.3,222.7,282.4,450.9,453.0,424.2,189.5,613.2,393.4,244.6,699.7,653.7,299.8,585.5,652.9,429.0,493.9,436.0,319.1,389.5,443.6,242.7,740.5,363.7,669.2,412.6,229.0,419.0,456.8,229.0,281.4,690.3,607.5,414.1,340.8,0.0,714.3,718.7,334.7,416.6,315.6,258.1,346.7,56.7,404.6,684.8,627.7,390.0,215.6
XM,763.4,177.1,174.2,569.8,819.9,652.2,227.2,203.9,765.9,859.7,835.7,722.8,659.4,795.8,705.5,706.8,768.5,791.8,912.6,677.4,187.3,787.7,757.9,928.6,277.1,808.9,784.9,192.3,162.2,672.0,792.9,504.5,548.2,658.0,804.1,653.1,759.2,205.1,225.9,684.7,727.9,1131.9,794.1,74.9,647.2,138.8,622.8,140.3,287.5,577.7,152.4,807.5,703.0,170.6,796.9,171.2,119.5,794.2,663.1,289.9,830.3,719.4,639.4,623.6,191.9,834.7,68.8,168.3,224.9,678.7,688.1,75.1,129.5,674.8,758.0,826.0,243.9,688.2,661.2,850.9,478.2,803.0,642.7,168.3,741.2,699.9,65.8,271.1,649.7,227.4,203.0,807.8,843.1,814.8,697.9,737.3,869.9,528.1,160.7,765.7,55.1,791.4,578.9,836.9,835.6,682.2,641.9,120.7,120.2,816.1,704.4,705.8,0.0,18.3,692.6,766.5,618.9,713.4,748.9,640.1,783.4,201.4,257.5,768.8,631.0
XY,771.7,193.9,182.5,578.1,830.3,637.1,212.1,212.2,774.2,868.0,846.1,731.1,644.3,804.1,690.4,705.6,776.8,800.1,923.0,685.7,195.6,796.0,766.2,936.9,290.9,817.2,793.2,202.7,175.2,680.3,801.2,514.9,556.5,666.3,812.4,661.4,744.1,263.5,234.2,693.0,736.2,1140.2,802.4,104.0,655.5,149.2,631.1,177.9,297.9,586.0,160.7,815.8,711.3,178.9,807.3,156.1,127.8,802.5,671.4,298.2,838.6,727.7,647.7,631.9,167.1,819.6,87.5,176.6,233.2,687.0,696.4,85.5,166.3,660.5,766.3,834.3,252.2,673.1,669.5,861.3,486.5,811.3,653.1,176.6,728.8,708.2,92.4,279.4,658.0,197.2,240.6,816.1,851.4,823.1,706.2,747.7,854.8,536.4,189.8,774.0,40.0,799.7,587.2,845.2,843.9,692.6,652.3,149.8,130.6,824.4,712.7,716.2,26.5,0.0,700.9,774.8,629.3,721.7,733.8,648.4,791.7,209.7,267.9,777.1,639.3
YF,316.8,684.4,661.8,179.2,352.2,233.7,912.7,639.2,113.2,392.2,368.0,276.2,67.2,349.2,64.8,66.2,321.9,308.2,430.2,230.8,626.9,341.1,311.3,444.1,547.1,390.2,315.1,702.2,672.1,284.9,375.9,232.7,237.7,34.5,357.5,85.9,289.2,656.5,685.4,238.1,298.3,1223.4,126.4,648.3,200.6,718.6,213.3,723.5,562.1,283.8,617.8,360.1,249.5,635.9,352.4,622.6,648.3,324.4,216.5,521.1,340.1,272.8,192.8,313.1,658.1,333.5,649.1,673.9,664.5,125.2,301.0,613.6,697.1,196.8,313.6,342.4,688.2,210.2,215.9,375.1,447.9,356.4,235.3,608.1,68.4,285.0,694.6,592.9,86.0,642.0,647.8,361.2,426.1,368.2,251.3,78.7,367.8,237.6,735.4,295.9,656.1,344.8,154.1,351.2,389.0,243.8,134.3,685.2,602.4,346.3,273.0,346.1,709.2,713.6,0.0,113.8,302.5,271.5,278.9,287.8,336.8,671.7,614.6,339.5,184.4
YM,385.8,739.3,727.9,225.1,421.2,310.7,664.0,688.5,67.9,461.2,437.0,345.2,181.8,418.2,186.6,85.7,390.9,377.2,507.2,299.8,672.8,410.1,380.3,521.1,601.0,459.2,384.1,748.1,720.6,353.9,444.9,278.6,283.6,117.8,426.5,189.8,358.2,728.1,731.3,307.1,350.3,1269.3,112.8,726.5,269.6,764.5,282.3,769.4,608.0,329.7,671.9,429.1,325.4,676.0,421.4,676.5,694.2,393.4,285.5,567.0,415.7,341.8,261.8,359.0,702.3,410.5,708.6,719.8,710.4,139.8,370.0,667.5,757.8,274.6,380.4,411.4,734.1,287.2,283.6,452.1,493.8,425.4,304.3,656.0,99.8,354.0,740.5,731.3,166.9,626.3,693.7,430.2,495.1,437.2,320.3,41.4,444.8,283.5,781.3,364.9,710.0,413.8,168.7,420.2,458.0,312.8,130.1,731.1,648.3,415.3,326.8,415.1,739.4,759.5,124.7,0.0,356.4,340.5,347.9,351.0,405.8,725.6,668.5,391.2,253.4
YQ,408.6,628.1,617.7,215.0,444.0,274.0,848.4,578.3,411.1,484.0,459.8,368.0,281.2,441.0,314.6,354.1,413.7,400.0,530.0,322.6,562.6,432.9,403.1,543.9,490.8,482.0,406.9,637.9,607.8,317.2,467.7,168.4,85.1,303.2,449.3,298.3,381.0,592.2,621.1,329.9,373.1,1159.1,439.3,616.3,292.4,654.3,268.0,659.2,497.8,80.3,561.7,451.9,348.2,571.6,444.2,566.3,584.0,416.2,308.3,456.8,438.5,364.6,284.6,65.6,592.1,433.3,584.8,609.6,600.2,323.9,333.3,557.3,648.4,296.6,403.2,434.2,623.9,310.0,306.4,474.9,383.6,448.2,290.0,545.8,384.8,345.1,630.3,584.3,294.9,577.7,583.5,453.0,517.9,460.0,343.1,384.6,467.6,155.3,671.1,387.7,599.8,436.6,224.1,443.0,480.8,329.5,289.2,620.9,538.1,438.1,364.8,353.1,644.9,649.3,329.8,411.7,0.0,358.6,370.7,285.3,428.6,615.4,558.3,414.0,276.2
YV,281.5,709.7,698.3,195.5,316.9,165.2,634.4,658.9,321.1,356.9,332.7,240.9,185.7,313.9,219.1,247.0,286.6,272.9,402.9,120.8,643.2,305.8,276.0,416.8,571.4,354.9,279.8,718.5,691.0,208.4,340.6,249.0,254.0,207.7,322.2,202.8,253.9,698.5,701.7,181.0,246.0,1239.7,343.8,696.9,165.3,734.9,100.5,739.8,578.4,300.1,642.3,324.8,15.0,646.4,317.1,646.9,664.6,289.1,159.4,537.4,311.4,237.5,135.7,329.4,672.7,306.2,679.0,690.2,680.8,255.5,224.5,637.9,728.2,135.3,276.1,307.1,704.5,67.9,179.3,347.8,464.2,321.1,78.5,626.4,270.2,13.4,710.9,701.7,199.4,609.8,664.1,325.9,390.8,332.9,216.0,294.6,340.5,253.9,751.7,260.6,680.4,309.5,183.8,315.9,353.7,178.3,232.2,701.5,618.7,311.0,222.5,269.6,709.8,729.9,242.3,321.7,326.8,0.0,243.6,211.3,301.5,696.0,638.9,286.9,127.3
YY,156.7,744.6,714.0,231.4,217.2,262.3,964.9,691.4,357.0,118.3,233.0,219.2,221.6,214.2,264.9,294.5,186.9,173.2,159.2,251.4,679.1,62.1,212.5,173.1,607.3,255.2,180.1,754.4,724.3,305.5,240.9,284.9,289.9,243.6,78.5,226.4,10.2,708.7,737.6,258.7,43.4,1275.6,379.7,700.5,151.3,770.8,233.9,775.7,614.3,336.0,670.0,225.1,277.0,688.1,73.4,682.8,700.5,189.4,237.1,573.3,211.7,34.9,213.4,365.3,708.6,206.5,714.9,726.1,716.7,291.4,321.6,673.8,764.9,225.4,176.4,207.4,740.4,238.8,136.0,212.0,500.1,77.4,255.9,660.3,325.2,305.6,746.8,737.6,235.3,645.7,700.0,192.6,291.1,89.2,158.7,330.5,240.8,289.8,787.6,160.9,716.3,209.8,219.7,72.2,217.9,264.4,264.8,737.4,654.6,211.3,174.2,366.7,745.7,765.8,278.2,357.6,362.7,292.1,0.0,308.4,57.8,731.9,674.8,187.2,205.0
ZB,327.8,641.7,630.3,163.1,363.2,116.7,566.4,590.9,359.2,403.2,379.0,287.2,229.3,360.2,272.6,290.6,332.9,319.2,449.2,173.3,575.2,352.1,322.3,463.1,503.4,401.2,326.1,650.5,623.0,99.8,386.9,181.0,186.0,251.3,368.5,246.4,300.2,630.5,633.7,212.5,292.3,1171.7,387.4,628.9,211.6,666.9,110.7,671.8,510.4,232.1,574.3,371.1,208.8,578.4,363.4,578.9,596.6,335.4,190.9,469.4,357.7,283.8,167.2,261.4,604.7,352.5,611.0,622.2,612.8,272.0,83.7,569.9,660.2,149.8,322.4,353.4,636.5,165.9,225.6,394.1,396.2,367.4,132.7,558.4,313.8,187.8,642.9,633.7,243.0,528.7,596.1,372.2,437.1,379.2,262.3,332.7,386.8,185.9,683.7,306.9,612.4,355.8,172.2,362.2,400.0,172.2,237.3,633.5,550.7,357.3,268.8,67.7,641.8,661.9,285.9,359.8,258.8,201.3,289.9,0.0,347.8,628.0,570.9,333.2,158.8
ZC,214.6,803.5,792.1,289.3,275.1,320.2,728.2,752.7,414.9,69.1,290.9,277.1,279.5,272.1,312.9,340.8,244.8,231.1,101.3,309.3,737.0,96.1,270.4,115.2,665.2,313.1,238.0,812.3,784.8,363.4,298.8,342.8,347.8,301.5,77.5,296.6,47.5,792.3,795.5,316.6,101.3,1333.5,437.6,790.7,209.2,828.7,291.8,833.6,672.2,393.9,736.1,283.0,334.9,740.2,72.4,740.7,758.4,247.3,295.0,631.2,269.6,92.8,271.3,423.2,766.5,264.4,772.8,784.0,774.6,349.3,379.5,731.7,822.0,284.1,234.3,265.3,798.3,296.7,195.2,269.9,558.0,80.4,313.8,720.2,364.0,363.5,804.7,795.5,293.2,752.1,757.9,250.5,349.0,31.3,216.6,388.4,298.7,347.7,845.5,218.8,774.2,267.7,277.6,89.5,275.8,322.3,326.0,795.3,712.5,269.2,216.9,424.6,803.6,823.7,336.1,415.5,420.6,350.0,57.8,366.3,0.0,789.8,732.7,245.1,262.9
ZE,748.3,16.0,44.6,554.7,806.9,613.7,224.0,242.8,750.8,844.6,822.7,707.7,620.9,780.7,664.2,693.8,753.4,776.7,899.6,662.3,220.0,772.6,742.8,913.5,195.0,793.8,769.8,61.9,85.5,656.9,777.8,491.5,533.1,642.9,789.0,640.2,720.7,45.7,203.5,669.6,712.8,1116.8,779.0,150.8,632.1,87.3,607.7,224.3,202.0,562.6,199.5,792.4,681.0,154.0,783.9,186.7,122.4,779.1,648.0,274.8,808.6,704.3,624.3,608.5,233.8,796.2,165.2,207.2,257.6,663.6,673.0,146.8,197.9,636.3,745.1,810.9,221.5,649.7,646.1,837.9,463.1,787.9,629.7,201.2,728.2,684.8,197.1,160.7,634.6,188.6,22.0,792.7,828.0,799.7,682.8,724.3,831.4,513.0,236.2,750.6,166.6,776.3,563.8,821.8,820.5,669.2,616.2,196.2,152.8,801.0,704.5,692.8,169.1,187.5,677.5,751.4,605.9,698.3,710.4,625.0,768.3,0.0,217.7,753.7,615.9
ZG,681.1,282.7,272.3,487.5,751.4,546.5,462.8,164.5,683.6,789.1,767.2,640.5,553.7,713.5,587.1,626.6,686.2,672.5,844.1,595.1,152.2,705.4,675.6,858.0,97.2,738.3,714.3,292.5,262.4,589.7,722.3,424.3,465.9,575.7,721.8,548.3,653.5,158.9,64.7,602.4,645.6,1067.0,711.8,245.1,564.9,221.0,540.5,273.6,91.4,495.4,143.1,736.9,613.8,87.9,716.7,155.9,134.8,723.6,580.8,225.0,704.4,637.1,557.1,541.3,166.0,740.7,227.2,199.2,189.8,596.4,605.8,186.1,262.0,569.1,675.7,706.7,65.5,582.5,578.9,782.4,397.8,720.7,562.5,133.4,638.2,617.6,259.1,173.9,567.4,40.0,150.2,725.5,772.5,732.5,615.6,657.1,775.9,445.8,285.5,695.1,228.6,709.1,496.6,715.5,753.3,602.0,549.0,245.5,145.7,745.5,622.1,625.6,258.0,278.1,610.3,684.2,538.7,631.1,643.2,557.8,701.1,182.1,0.0,686.5,548.7
ZR,185.5,784.8,742.8,260.2,137.6,291.1,993.7,720.2,385.8,292.7,153.4,248.0,261.8,59.8,293.7,323.3,90.7,110.0,347.7,280.2,707.9,254.9,241.3,361.6,647.5,192.0,59.2,783.2,753.1,334.3,177.7,313.7,318.7,272.4,271.3,245.0,203.0,737.5,777.8,287.5,212.1,1304.4,408.5,729.3,180.1,799.6,262.7,804.5,643.1,364.8,698.8,161.9,298.9,716.9,266.2,711.6,729.3,109.8,265.9,602.1,141.9,186.6,242.2,394.1,739.1,98.5,730.1,754.9,745.5,320.2,350.4,714.0,778.1,265.6,24.2,144.2,769.2,267.6,164.8,168.6,528.9,270.2,296.1,689.1,354.0,334.4,775.6,673.9,264.1,672.8,740.2,130.0,227.9,282.0,187.5,370.7,177.6,318.6,816.4,81.3,745.1,55.4,248.5,265.0,220.1,304.6,283.3,766.2,683.4,131.7,203.0,395.5,790.2,794.6,299.0,386.4,402.9,320.9,192.7,337.2,250.6,760.7,715.0,0.0,233.8
ZS,224.0,652.2,640.8,138.0,259.4,92.3,576.9,601.4,263.6,299.4,275.2,183.4,128.2,256.4,161.6,189.5,229.1,215.4,345.4,81.4,585.7,248.3,218.5,359.3,513.9,297.4,222.3,661.0,633.5,135.5,283.1,191.5,196.5,150.2,264.7,145.3,196.4,641.0,644.2,47.5,188.5,1182.2,286.3,639.4,107.8,677.4,63.9,682.3,520.9,242.6,584.8,267.3,121.8,588.9,259.6,589.4,607.1,231.6,32.1,479.9,253.9,180.0,8.4,271.9,615.2,248.7,621.5,632.7,623.3,198.0,151.6,580.4,670.7,56.2,218.6,249.6,647.0,83.6,121.8,290.3,406.7,263.6,85.9,568.9,212.7,141.0,653.4,644.2,141.9,600.8,606.6,268.4,333.3,275.4,158.5,237.1,283.0,196.4,694.2,203.1,622.9,252.0,126.3,258.4,296.2,94.4,174.7,644.0,561.2,253.5,165.0,196.7,652.3,672.4,184.8,264.2,269.3,136.9,186.1,138.4,244.0,638.5,581.4,229.4,0.0
