from_stop,AA,AB,AK,AM,AP,AZ,BB,BC,BD,BK,BQ,CC,CR,CT,CW,CY,DD,DV,DX,EB,EC,EI,EM,FB,FW,GC,GJ,GK,GM,GW,GX,HA,HB,HF,HP,HS,HZ,IK,IO,IR,IT,IU,IX,JA,JB,JC,JH,JS,JU,KB,KH,KI,KJ,KV,KW,LD,LP,LQ,MA,MC,MG,MJ,MY,NA,NG,NM,NN,NU,NW,OA,OE,OI,OQ,OZ,PA,PD,PJ,PN,PQ,PS,QC,QD,QH,QJ,QL,QT,QW,RQ,RS,RV,RX,SB,SE,SF,SM,SS,TD,TG,TI,TS,UD,UT,UY,UZ,VD,VK,VQ,VR,VX,WB,WD,WE,XC,XJ,XK,XP,XV,XZ,YB,YK,YL,YQ,YX,ZA,ZH,ZX
AA,0.0,145.4,187.2,424.0,398.9,275.8,388.3,289.6,137.5,269.0,404.0,323.7,260.0,281.5,79.2,178.8,336.5,295.8,313.7,342.4,380.4,319.5,376.2,154.1,355.8,199.6,262.5,368.5,427.3,302.3,369.3,485.6,400.3,425.6,321.2,456.8,239.2,362.2,331.7,261.1,159.7,418.3,347.5,237.9,336.4,395.0,320.5,188.3,130.7,425.5,164.9,276.3,173.2,207.8,462.9,340.4,206.5,430.8,314.3,256.4,343.2,412.1,347.9,195.5,340.4,449.2,216.4,361.9,303.6,76.7,355.9,306.1,265.7,250.8,350.7,163.5,293.2,453.1,385.9,428.4,131.5,294.4,314.8,269.5,329.2,298.1,312.2,277.6,258.9,379.3,98.2,337.9,363.4,384.6,159.7,264.8,258.0,411.5,133.6,345.3,428.1,316.5,368.2,459.8,392.0,360.0,388.4,259.3,410.2,334.7,274.8,436.1,157.4,320.3,258.3,338.1,363.9,435.4,419.6,328.6,334.5,372.6,1554.5,147.9,473.9,283.1
AB,182.7,0.0,232.6,425.0,444.3,322.0,416.1,335.0,83.6,314.4,433.5,369.1,261.0,308.8,233.5,224.2,381.9,314.4,357.0,387.8,410.7,348.7,405.7,157.8,385.3,229.1,292.0,387.9,457.6,331.8,419.7,515.1,418.9,455.1,340.6,486.3,281.6,392.5,362.0,290.6,163.4,447.8,377.8,283.4,381.8,424.5,365.9,84.0,134.4,453.9,210.3,306.6,27.8,211.5,492.4,385.8,192.6,460.3,359.7,291.7,388.6,441.6,382.0,242.9,369.9,475.0,235.0,362.9,349.0,227.4,356.9,336.4,296.0,297.0,380.2,199.5,338.6,482.6,431.3,457.9,177.7,323.9,345.1,281.4,404.2,337.0,331.6,307.1,288.4,406.1,144.4,368.2,408.8,401.5,163.4,294.3,304.2,441.0,179.0,364.7,457.6,346.0,397.7,490.1,421.5,394.5,417.9,304.7,439.7,379.5,320.2,465.6,202.8,356.1,288.6,367.6,364.9,467.5,449.1,358.1,364.0,402.1,1584.0,151.6,507.4,312.6
AK,181.8,228.3,0.0,439.7,432.2,309.9,404.0,322.9,220.4,302.3,437.3,357.0,275.7,314.8,261.9,82.1,369.8,329.1,347.0,375.7,414.5,352.8,409.5,237.0,389.1,232.9,295.8,402.6,461.4,335.6,402.6,518.9,433.6,458.9,355.3,490.1,272.5,396.3,365.8,294.4,241.6,451.6,381.6,271.2,369.7,428.3,353.8,272.0,213.6,458.8,147.6,310.4,256.1,289.7,496.2,373.7,270.8,464.1,347.6,290.5,376.5,445.4,382.2,51.5,373.7,482.5,249.7,382.9,336.9,244.9,371.6,340.2,299.8,284.9,384.0,19.5,326.5,486.4,419.2,461.7,118.0,327.7,348.9,273.2,362.5,330.8,346.3,310.9,292.2,412.6,132.3,372.0,396.7,400.3,241.6,298.1,292.1,444.8,68.0,379.4,461.4,349.8,401.5,493.9,425.3,393.3,421.7,292.6,443.5,358.0,308.1,469.4,140.0,353.6,292.4,371.4,379.6,468.7,452.9,361.9,367.8,405.9,1587.8,230.8,507.2,316.4
AM,496.7,529.9,554.6,0.0,536.7,471.1,545.0,454.5,534.5,363.0,149.6,451.0,336.8,197.0,576.0,546.2,404.3,177.6,436.5,469.7,325.4,280.4,101.9,426.6,238.6,377.6,411.1,151.3,21.6,185.1,512.1,171.2,145.9,61.5,204.8,137.4,433.7,245.8,276.7,217.4,397.0,51.3,231.1,395.2,423.3,177.0,458.3,586.1,403.2,65.2,532.3,425.7,570.2,445.1,143.5,471.3,426.2,176.4,442.9,431.5,481.0,194.1,483.8,562.9,335.8,129.8,363.1,334.4,482.9,559.0,328.4,176.0,212.0,446.1,340.8,521.5,443.9,93.9,523.7,174.0,499.7,177.5,109.3,400.5,392.0,435.3,303.1,426.2,203.1,81.7,423.0,282.9,501.2,504.8,397.0,413.4,405.3,295.5,501.0,336.2,130.5,311.9,113.8,58.5,94.4,446.9,89.7,432.3,59.4,387.5,444.6,126.9,524.8,259.0,320.1,130.4,290.5,51.1,165.2,317.8,217.3,118.2,1545.7,420.4,184.2,193.8
AP,343.3,389.8,402.0,538.2,0.0,318.5,412.6,331.5,381.9,282.7,535.8,365.6,374.2,413.3,423.4,393.6,324.0,427.6,355.6,384.3,513.0,451.3,508.0,369.7,487.6,331.4,394.3,501.1,559.9,434.1,148.0,617.4,532.1,557.4,453.8,588.6,281.1,494.8,464.3,392.9,340.1,550.1,480.1,279.8,343.0,526.8,55.5,433.5,346.3,557.3,377.2,408.9,417.6,388.2,594.7,382.3,369.3,562.6,356.2,299.1,45.8,543.9,390.8,410.3,472.2,581.0,348.2,481.4,345.5,406.4,470.1,438.7,398.3,293.5,482.5,378.3,335.1,584.9,12.9,560.2,347.1,426.2,447.4,371.7,311.7,50.6,444.8,409.4,390.7,511.1,270.4,470.5,55.1,31.8,340.1,396.6,300.7,480.7,348.4,477.9,559.9,448.3,500.0,592.4,523.8,366.6,517.6,301.2,542.0,307.2,316.7,567.9,372.2,452.1,390.9,469.9,478.1,567.2,551.4,460.4,466.3,504.4,1602.6,363.5,605.7,414.9
AZ,220.9,266.6,278.8,415.0,345.4,0.0,240.4,159.3,258.7,138.7,412.6,193.4,251.0,290.1,300.2,270.4,206.2,304.4,181.3,212.1,389.8,328.1,384.8,246.5,364.4,208.2,271.1,377.9,436.7,310.9,320.8,494.2,408.9,434.2,330.6,465.4,58.9,371.6,341.1,269.7,216.9,426.9,356.9,107.7,206.1,403.6,267.0,310.3,223.1,433.0,256.5,285.7,294.4,265.0,471.5,210.1,246.1,439.4,184.0,126.9,289.7,420.7,206.3,289.1,349.0,457.8,225.0,352.9,173.3,283.2,346.9,315.5,275.1,32.5,359.3,245.7,162.9,461.7,332.4,437.0,223.9,303.0,324.2,260.5,228.5,244.0,321.6,286.2,267.5,385.2,147.2,347.3,309.9,313.5,216.9,273.4,128.5,420.1,225.2,354.7,436.7,325.1,376.8,469.2,400.6,229.7,397.0,129.0,418.8,194.4,144.5,444.7,249.0,352.6,267.7,346.7,354.9,444.0,428.2,337.2,343.1,381.2,1563.1,240.3,482.5,291.7
BB,262.3,296.3,321.0,457.2,387.6,168.5,0.0,162.3,300.9,161.5,454.8,216.2,293.2,330.1,342.4,312.6,229.0,346.6,184.3,234.9,432.0,370.3,427.0,288.7,406.6,250.4,313.3,420.1,478.9,353.1,358.0,536.4,451.1,476.4,372.8,507.6,128.1,413.8,383.3,311.9,259.1,469.1,399.1,130.4,209.1,445.8,309.2,352.5,265.3,475.2,298.7,327.9,336.6,307.2,513.7,213.1,288.3,481.6,206.8,81.1,331.9,462.9,209.3,329.3,391.2,496.3,267.2,395.1,176.3,325.4,389.1,357.7,317.3,143.5,401.5,287.9,185.7,503.9,374.6,479.2,266.1,345.2,366.4,302.7,231.5,280.3,363.8,328.4,309.7,427.4,189.4,389.5,352.1,355.7,259.1,315.6,131.5,462.3,267.4,396.9,478.9,367.3,419.0,511.4,442.8,232.7,439.2,132.0,461.0,197.4,167.3,486.9,291.2,388.3,309.9,388.9,397.1,486.2,470.4,379.4,385.3,423.4,1605.3,282.5,524.7,333.9
BC,263.2,309.7,321.9,458.1,392.2,169.4,224.3,0.0,301.8,130.9,455.7,218.9,294.1,333.2,343.3,313.5,172.2,347.5,152.3,237.6,432.9,371.2,427.9,289.6,407.5,251.3,314.2,421.0,479.8,354.0,362.6,537.3,452.0,477.3,373.7,508.5,132.0,414.7,384.2,312.8,260.0,470.0,400.0,131.3,160.6,446.7,313.8,353.4,266.2,477.2,297.1,328.8,337.5,308.1,514.6,179.0,289.2,482.5,210.8,110.8,336.5,463.8,187.5,330.2,392.1,500.9,268.1,401.3,110.6,326.3,390.0,358.6,318.2,144.4,402.4,298.2,186.6,504.8,379.2,480.1,267.0,346.1,367.3,291.6,153.4,290.8,364.7,329.3,310.6,431.0,190.3,390.4,356.7,360.3,260.0,316.5,45.2,463.2,268.3,397.8,479.8,368.2,419.9,512.3,443.7,184.2,440.1,51.4,461.9,148.9,168.2,487.8,292.1,389.2,310.8,389.8,398.0,487.1,471.3,380.3,386.2,424.3,1606.2,283.4,525.6,334.8
BD,143.5,95.3,211.8,415.1,423.5,301.2,395.3,314.2,0.0,293.6,412.7,348.3,251.1,290.2,223.6,203.4,361.1,304.5,338.3,367.0,389.9,328.2,384.9,137.0,364.5,208.3,271.2,378.0,436.8,311.0,393.9,494.3,409.0,434.3,330.7,465.5,263.8,371.7,341.2,269.8,142.6,427.0,357.0,262.5,361.0,403.7,345.1,51.6,113.6,434.2,187.0,285.8,89.9,190.7,471.6,365.0,171.8,439.5,338.9,281.8,367.8,420.8,373.5,220.1,349.1,457.9,225.1,358.3,328.2,206.6,347.0,315.6,275.2,276.2,359.4,188.1,317.8,461.8,410.5,437.1,156.9,303.1,324.3,248.6,353.8,322.1,321.7,286.3,267.6,388.0,123.6,347.4,388.0,391.6,142.6,273.5,283.4,420.2,158.2,354.8,436.8,325.2,376.9,469.3,400.7,384.6,397.1,283.9,418.9,349.3,299.4,444.8,182.0,352.7,267.8,346.8,355.0,444.1,428.3,337.3,343.2,381.3,1563.2,130.8,482.6,291.8
BK,231.4,277.9,290.1,426.3,282.6,137.6,212.3,132.8,270.0,0.0,423.9,73.0,262.3,301.4,311.5,281.7,66.3,315.7,116.9,91.7,401.1,339.4,396.1,257.8,375.7,219.5,282.4,389.2,448.0,322.2,253.0,505.5,420.2,445.5,341.9,476.7,100.2,382.9,352.4,281.0,228.2,438.2,368.2,31.0,101.6,414.9,204.2,321.6,234.4,445.4,265.3,297.0,305.7,276.3,482.8,149.6,257.4,450.7,134.1,98.8,226.9,432.0,167.5,298.4,360.3,469.1,236.3,369.5,145.2,294.5,358.2,326.8,286.4,112.6,370.6,266.4,97.1,473.0,269.6,448.3,235.2,314.3,335.5,259.8,70.3,181.2,332.9,297.5,278.8,399.2,158.5,358.6,247.1,250.7,228.2,284.7,83.6,431.4,236.5,366.0,448.0,336.4,388.1,480.5,411.9,125.2,408.3,100.9,430.1,65.8,146.5,456.0,260.3,357.4,279.0,358.0,366.2,455.3,439.5,348.5,354.4,392.5,1574.4,251.6,493.8,303.0
BQ,400.7,447.2,459.4,138.3,561.2,438.9,533.0,451.9,439.3,478.8,0.0,566.8,372.3,313.1,480.8,451.0,520.1,186.1,554.4,585.5,291.7,396.2,218.0,401.9,204.9,329.5,392.4,117.6,160.0,151.4,531.6,191.1,49.6,177.6,171.1,188.7,401.5,212.1,243.0,333.5,372.3,189.7,197.4,400.2,539.1,143.3,482.8,490.9,378.5,157.4,434.6,407.0,475.0,420.4,194.8,502.7,401.5,80.1,558.7,419.5,505.5,160.4,511.2,467.7,451.6,181.1,346.3,387.7,465.9,463.8,305.0,292.1,328.1,413.9,388.8,435.7,455.5,185.0,548.2,120.3,404.5,293.6,151.5,369.8,507.8,459.8,275.7,407.5,169.4,111.2,327.8,249.2,525.7,529.3,372.3,394.7,421.1,411.3,405.8,308.8,160.0,427.7,34.4,196.9,123.9,562.7,205.8,421.6,189.6,503.3,437.1,168.0,429.6,397.0,389.0,246.5,256.8,189.5,125.1,433.6,183.6,30.0,1512.0,395.7,179.4,309.9
CC,282.6,329.1,341.3,477.5,348.4,188.8,263.5,182.4,321.2,64.6,475.1,0.0,313.5,352.6,362.7,332.9,132.1,366.9,182.7,18.6,452.3,390.6,447.3,309.0,426.9,270.7,333.6,440.4,499.2,373.4,318.8,556.7,471.4,496.7,393.1,527.9,151.4,434.1,403.6,332.2,279.4,489.4,419.4,80.4,167.4,466.1,270.0,372.8,285.6,496.6,316.5,348.2,356.9,327.5,534.0,215.4,308.6,501.9,85.7,150.0,292.7,483.2,241.7,349.6,411.5,520.3,287.5,420.7,196.4,345.7,409.4,378.0,337.6,163.8,421.8,317.6,48.7,524.2,335.4,499.5,286.4,365.5,386.7,311.0,136.1,247.0,384.1,348.7,330.0,450.4,209.7,409.8,312.9,316.5,279.4,335.9,149.4,482.6,287.7,417.2,499.2,387.6,439.3,531.7,463.1,191.0,459.5,152.1,481.3,131.6,98.1,507.2,311.5,391.4,330.2,409.2,417.4,506.5,490.7,399.7,405.6,443.7,1625.6,302.8,545.0,354.2
CR,270.9,299.0,311.2,361.7,413.0,290.7,384.8,303.7,291.1,283.1,359.3,337.8,0.0,217.7,332.6,302.8,350.6,251.1,325.7,356.5,336.5,90.7,314.6,253.7,311.1,40.7,74.2,324.6,383.4,257.6,388.4,440.9,355.6,380.9,277.3,412.1,250.3,318.3,287.8,199.5,224.1,373.6,303.6,252.0,350.5,350.3,334.6,342.7,230.3,379.7,288.9,88.8,326.8,272.2,418.2,354.5,253.3,386.1,328.4,271.3,357.3,367.4,357.6,321.5,97.9,400.8,26.2,299.6,317.7,315.6,293.6,245.3,204.9,265.7,306.0,278.1,307.3,408.4,400.0,383.7,256.3,232.8,270.9,63.6,448.9,305.7,268.3,89.3,214.2,331.9,179.6,294.0,377.5,381.1,224.1,76.5,272.9,289.3,257.6,301.4,383.4,74.0,323.5,415.9,347.3,374.1,326.8,273.4,365.5,424.2,288.9,391.4,281.4,215.4,16.6,276.5,301.6,393.3,374.9,86.1,289.8,327.9,1509.8,247.5,433.2,221.5
CT,289.5,305.1,329.8,217.7,431.6,307.1,401.2,322.3,309.7,311.5,306.2,356.4,208.4,0.0,349.0,321.4,352.8,195.8,344.3,375.1,194.7,151.7,95.0,272.3,258.0,199.9,282.7,269.3,241.6,204.5,407.0,346.7,300.3,187.8,224.2,312.9,268.9,265.2,177.6,20.4,242.7,249.7,248.3,270.7,371.8,297.2,353.2,361.3,248.9,240.7,307.5,297.3,345.4,290.8,319.0,373.1,269.7,333.0,347.0,289.9,375.9,314.3,369.3,340.1,207.4,301.6,232.5,177.9,336.3,334.2,171.9,25.3,12.8,282.1,186.5,296.7,325.9,269.4,418.6,330.6,272.7,69.1,217.8,272.1,370.1,324.3,146.6,297.8,161.1,254.5,196.0,235.6,396.1,397.5,242.7,285.0,289.3,244.0,276.2,179.7,306.0,183.5,270.4,276.3,269.9,393.2,107.2,292.0,241.6,345.4,307.5,302.4,300.0,167.8,189.5,56.5,196.0,269.4,321.8,189.4,236.7,274.8,1456.7,266.1,355.0,57.8
CW,69.2,202.2,256.5,475.7,468.2,345.9,440.0,358.9,206.8,338.3,473.3,393.0,311.7,348.6,0.0,248.1,405.8,365.1,380.9,411.7,450.5,388.5,445.5,223.4,425.1,268.9,331.8,438.6,497.4,371.6,443.6,554.9,469.6,494.9,391.3,526.1,305.5,432.3,401.8,330.4,229.0,487.6,417.6,307.3,405.7,464.3,389.8,258.4,200.0,493.7,234.2,346.4,242.5,277.1,532.2,409.7,258.2,500.1,383.6,326.5,412.5,481.4,417.2,264.8,409.7,514.8,285.7,413.6,372.9,146.0,407.6,376.2,335.8,320.9,420.0,232.8,362.5,522.4,455.2,497.7,201.6,363.7,384.9,321.2,428.1,360.9,382.3,346.9,328.2,448.6,168.3,408.0,432.7,436.3,229.0,334.1,328.1,480.8,202.9,415.4,497.4,385.8,437.5,529.9,461.3,429.3,457.7,328.6,479.5,394.0,344.1,505.4,226.7,389.6,328.4,407.4,415.6,504.7,488.9,397.9,403.8,441.9,1623.8,217.2,547.2,352.4
CY,163.9,210.4,110.9,421.8,414.3,292.0,386.1,305.0,202.5,284.4,419.4,339.1,257.8,296.9,244.0,0.0,351.9,311.2,329.1,357.8,396.6,334.6,391.6,219.1,371.2,215.0,277.9,384.7,443.5,317.7,384.7,501.0,415.7,441.0,337.4,472.2,251.6,378.4,347.9,276.5,223.7,433.7,363.7,253.4,351.8,410.4,335.9,254.1,195.7,440.9,62.9,292.5,238.2,271.8,478.3,355.8,252.9,446.2,329.7,272.6,358.6,427.5,352.0,54.0,355.8,464.6,231.8,359.7,319.0,227.0,353.7,322.3,281.9,267.0,366.1,73.3,308.6,468.5,401.3,443.8,78.9,309.8,331.0,267.3,344.6,312.9,328.4,293.0,274.3,392.0,114.4,354.1,378.8,382.4,223.7,280.2,274.2,426.9,81.4,361.5,443.5,331.9,383.6,476.0,407.4,375.4,403.8,274.7,425.6,340.1,290.2,451.5,57.8,352.9,274.5,353.5,361.7,450.8,435.0,344.0,349.9,388.0,1569.9,212.9,489.3,298.5
DD,315.7,362.2,374.4,510.6,363.2,221.9,296.6,213.4,354.3,85.6,508.2,173.6,346.6,385.7,395.8,366.0,0.0,400.0,197.5,192.3,485.4,423.7,480.4,342.1,460.0,303.8,366.7,473.5,532.3,406.5,333.6,589.8,504.5,529.8,426.2,561.0,184.5,467.2,436.7,365.3,312.5,522.5,452.5,115.3,182.2,499.2,284.8,405.9,318.7,529.7,349.6,381.3,390.0,360.6,567.1,230.2,341.7,535.0,165.5,183.1,307.5,516.3,248.1,382.7,444.6,553.4,320.6,453.8,229.5,378.8,442.5,411.1,370.7,196.9,454.9,350.7,166.5,557.3,350.2,532.6,319.5,398.6,419.8,344.1,150.9,261.8,417.2,381.8,363.1,483.5,242.8,442.9,327.7,331.3,312.5,369.0,164.2,515.7,320.8,450.3,532.3,420.7,472.4,564.8,496.2,205.8,492.6,185.2,514.4,146.4,164.7,540.3,344.6,448.2,363.3,442.3,450.5,539.6,523.8,432.8,438.7,476.8,1658.7,335.9,578.1,387.3
DV,322.8,369.3,381.5,175.5,483.3,361.0,455.1,374.0,361.4,353.4,196.4,408.1,294.4,305.1,402.9,373.1,420.9,0.0,396.0,426.8,213.8,304.7,207.8,324.0,148.2,251.6,314.5,161.7,179.8,94.7,458.7,278.0,192.7,167.4,114.4,249.2,320.6,155.4,165.1,323.3,294.4,160.1,140.7,322.3,420.8,187.4,404.9,413.0,300.6,198.5,359.2,329.1,397.1,342.5,255.3,424.8,323.6,223.2,398.7,341.6,427.6,204.5,421.0,389.8,360.4,241.6,268.4,304.5,388.0,385.9,227.1,281.9,317.9,336.0,310.9,348.4,377.6,227.2,470.3,220.8,326.6,283.4,57.4,303.9,497.9,383.3,197.8,329.6,91.5,169.0,249.9,171.3,447.8,451.4,294.4,316.8,343.2,401.4,327.9,230.9,220.5,336.5,160.6,202.4,184.4,444.4,195.6,343.7,152.0,493.4,359.2,228.5,351.7,364.9,311.1,236.3,178.9,177.2,212.0,342.4,126.9,165.0,1434.1,317.8,266.3,299.7
DX,274.6,290.2,314.9,449.0,385.1,160.3,215.2,140.6,294.8,123.8,448.7,211.8,285.0,324.0,336.3,304.4,165.1,338.4,0.0,230.5,425.9,363.9,420.9,282.6,400.5,244.3,307.2,411.9,472.8,347.0,360.5,530.3,442.9,470.3,364.6,501.5,122.0,405.6,377.2,305.8,253.0,463.0,393.0,124.4,153.5,439.7,306.7,344.3,259.2,469.1,292.6,321.8,330.5,301.1,507.6,32.6,280.1,475.5,203.7,101.7,329.4,456.8,43.5,325.2,385.1,490.2,259.0,386.9,155.2,319.3,380.9,349.5,309.1,137.4,395.4,281.8,179.6,497.8,372.1,473.1,257.9,339.1,360.3,296.6,175.9,277.8,355.6,322.3,303.6,421.3,181.2,381.3,349.6,353.2,253.0,309.5,89.3,456.2,261.3,388.7,472.8,361.2,412.9,505.3,436.7,177.1,433.1,110.9,454.9,151.2,161.2,480.8,285.1,386.6,301.7,382.8,388.9,482.7,464.3,373.3,379.2,417.3,1599.2,276.4,522.6,327.8
EB,311.3,357.8,370.0,506.2,377.1,217.5,292.2,211.1,349.9,93.3,503.8,28.6,342.2,381.3,391.4,361.6,160.8,395.6,211.4,0.0,481.0,419.3,476.0,337.7,455.6,299.4,362.3,469.1,527.9,402.1,347.5,585.4,500.1,525.4,421.8,556.6,180.1,462.8,432.3,360.9,308.1,518.1,448.1,109.1,196.1,494.8,298.7,401.5,314.3,525.3,345.2,376.9,385.6,356.2,562.7,244.1,337.3,530.6,114.4,178.7,321.4,511.9,270.4,378.3,440.2,549.0,316.2,449.4,225.1,374.4,438.1,406.7,366.3,192.5,450.5,346.3,77.4,552.9,364.1,528.2,315.1,394.2,415.4,339.7,164.8,275.7,412.8,377.4,358.7,479.1,238.4,438.5,341.6,345.2,308.1,364.6,178.1,511.3,316.4,445.9,527.9,416.3,468.0,560.4,491.8,219.7,488.2,180.8,510.0,160.3,126.8,535.9,340.2,451.9,358.9,437.9,446.1,535.2,519.4,428.4,434.3,472.4,1654.3,331.5,573.7,382.9
EC,346.3,392.8,405.0,304.5,506.8,384.5,478.6,397.5,384.9,376.9,302.1,431.6,313.6,217.0,426.4,396.6,458.0,193.9,419.5,450.3,0.0,256.9,364.1,347.5,253.9,275.1,338.0,267.4,326.2,200.4,482.2,383.7,298.4,323.7,220.1,354.9,344.1,261.1,100.6,198.8,317.9,316.4,246.4,345.9,477.0,293.1,428.4,436.5,324.1,322.5,382.7,352.6,420.6,366.0,361.0,448.3,347.1,328.9,422.2,365.1,451.1,310.2,451.4,413.3,312.6,347.3,291.9,188.4,411.5,409.4,111.0,244.6,204.2,359.5,194.8,371.9,401.1,351.2,493.8,326.5,350.1,232.1,213.7,327.4,475.3,405.4,81.7,353.1,131.3,274.7,273.4,158.6,471.3,474.9,317.9,340.3,366.7,349.2,351.4,45.1,326.2,288.7,266.3,358.7,290.1,500.6,351.9,367.2,308.3,441.2,382.7,334.2,375.2,289.8,296.9,275.8,119.0,336.1,317.7,294.6,232.6,270.7,1519.6,341.3,376.0,220.8
EI,353.2,368.8,393.5,317.4,518.8,452.9,526.8,436.6,373.4,345.1,394.2,433.1,81.9,172.5,414.6,384.8,386.4,285.7,418.6,451.8,284.9,0.0,269.4,336.0,346.0,123.0,156.5,359.2,339.1,292.5,494.2,419.2,390.2,287.8,312.2,447.0,412.8,352.9,267.5,154.3,306.4,349.7,338.5,377.2,405.4,385.2,440.4,424.7,312.6,340.7,370.9,170.8,409.1,354.5,453.1,453.4,335.3,421.0,425.0,413.6,463.1,402.3,459.0,403.8,81.2,435.7,108.2,267.8,465.0,397.9,261.8,200.1,159.4,427.9,274.5,360.4,426.0,369.4,505.8,355.6,338.6,187.6,305.8,145.9,403.7,411.5,236.8,171.6,249.1,366.8,261.6,325.5,483.3,486.9,306.4,158.8,387.4,244.1,339.9,269.6,418.3,57.3,358.4,376.3,382.2,428.7,281.6,414.4,341.6,379.0,426.7,426.3,363.7,161.8,65.2,231.3,285.9,369.4,346.8,63.2,324.7,362.8,1548.9,329.8,411.5,176.3
EM,366.2,412.7,424.9,122.6,513.1,447.5,521.4,430.9,404.8,339.4,230.0,427.4,303.5,95.0,446.3,416.5,380.7,250.6,415.0,446.1,292.0,247.1,0.0,367.4,316.0,295.0,377.8,231.7,144.3,262.5,483.5,251.6,226.3,92.7,282.2,217.8,410.1,323.2,274.9,115.4,337.8,154.6,308.5,371.6,399.7,257.4,434.7,456.4,344.0,146.7,400.1,392.4,440.5,385.9,223.9,447.7,367.0,256.8,419.3,407.9,457.4,274.5,465.6,433.2,302.5,210.2,329.8,280.5,459.3,429.3,269.2,74.0,110.0,422.5,281.6,401.2,420.3,174.3,500.1,254.4,370.0,75.5,182.3,355.2,368.4,411.7,243.9,392.9,256.2,162.1,293.3,332.9,477.6,481.2,337.8,380.1,381.7,271.9,371.3,277.0,210.9,278.6,194.2,181.2,174.8,423.3,12.2,408.7,146.5,363.9,421.0,207.3,395.1,257.6,286.8,28.4,293.3,171.7,245.6,284.5,294.7,198.6,1543.2,361.2,264.6,91.8
FB,186.8,198.3,255.1,398.4,466.8,344.5,438.6,357.5,190.4,336.9,396.0,391.6,234.4,273.5,266.9,246.7,404.4,287.8,381.6,410.3,373.2,311.5,368.2,0.0,347.8,191.6,254.5,361.3,420.1,294.3,437.2,477.6,392.3,417.6,314.0,448.8,307.1,355.0,324.5,253.1,125.9,410.3,340.3,305.8,404.3,387.0,388.4,242.0,31.2,417.5,230.3,269.1,226.1,174.0,454.9,408.3,155.1,422.8,382.2,325.1,411.1,404.1,416.8,263.4,332.4,441.2,208.4,341.6,371.5,249.9,330.3,298.9,258.5,319.5,342.7,231.4,361.1,445.1,453.8,420.4,200.2,286.4,307.6,231.9,397.1,365.4,305.0,269.6,250.9,371.3,166.9,330.7,431.3,434.9,125.9,256.8,326.7,403.5,201.5,338.1,420.1,308.5,360.2,452.6,384.0,427.9,380.4,327.2,402.2,392.6,342.7,428.1,225.3,344.1,251.1,330.1,338.3,427.4,411.6,320.6,326.5,364.6,1546.5,52.5,465.9,275.1
FW,346.5,393.0,405.2,221.3,507.0,384.7,478.8,397.7,385.1,377.1,218.9,431.8,318.1,382.0,426.6,396.8,444.6,131.9,421.8,450.5,237.5,328.7,286.9,347.7,0.0,275.3,338.2,184.2,243.0,60.4,477.4,300.5,215.2,246.5,80.1,271.7,347.3,94.9,188.8,402.4,318.1,239.2,80.2,346.0,444.5,209.9,428.6,436.7,324.3,240.4,380.4,352.8,420.8,366.2,277.8,448.5,347.3,245.7,422.4,365.3,451.3,227.0,457.0,413.5,384.1,264.1,292.1,333.5,411.7,409.6,250.8,361.0,397.0,359.7,334.6,381.5,401.3,268.0,494.0,243.3,350.3,362.5,136.5,315.6,437.3,405.6,221.5,353.3,115.2,194.2,273.6,195.0,471.5,475.1,318.1,340.5,366.9,480.5,351.6,254.6,243.0,360.2,183.1,279.9,206.9,468.1,274.7,367.4,231.1,432.8,382.9,251.0,375.4,353.2,334.8,315.4,202.6,256.3,234.5,366.1,16.5,187.5,1457.8,341.5,288.8,378.8
GC,211.7,258.2,270.4,320.9,372.2,249.9,344.0,262.9,250.3,242.3,318.5,297.0,42.7,196.0,291.8,262.0,309.8,210.3,287.0,315.7,295.7,133.8,290.7,212.9,270.3,0.0,62.8,283.8,342.6,216.8,342.6,400.1,314.8,340.1,236.5,371.3,212.5,277.5,247.0,175.6,183.3,332.8,262.8,211.2,309.7,309.5,293.8,301.9,189.5,340.0,245.6,77.4,286.0,231.4,377.4,313.7,212.5,345.3,287.6,230.5,316.5,326.6,322.2,278.7,140.7,363.7,16.7,264.1,276.9,274.8,252.8,221.4,181.0,224.9,265.2,246.7,266.5,367.6,359.2,342.9,215.5,208.9,230.1,40.2,302.5,270.8,227.5,77.9,173.4,293.8,138.8,253.2,336.7,340.3,183.3,65.1,232.1,326.0,216.8,260.6,342.6,116.8,282.7,375.1,306.5,333.3,302.9,232.6,324.7,298.0,248.1,350.6,240.6,226.4,59.4,252.6,260.8,349.9,334.1,128.9,249.0,287.1,1469.0,206.7,388.4,197.6
GJ,270.9,317.4,329.6,380.1,431.4,309.1,403.2,322.1,309.5,301.5,377.7,356.2,92.5,255.2,351.0,321.2,369.0,269.5,346.2,374.9,354.9,183.6,349.9,272.1,329.5,59.1,0.0,343.0,401.8,276.0,401.8,459.3,374.0,399.3,295.7,430.5,271.7,336.7,306.2,234.8,242.5,392.0,322.0,270.4,368.9,368.7,353.0,361.1,248.7,399.2,304.8,14.6,345.2,290.6,436.6,372.9,271.7,404.5,346.8,289.7,375.7,385.8,381.4,337.9,190.5,422.9,66.5,323.3,336.1,334.0,312.0,280.6,240.2,284.1,324.4,305.9,325.7,426.8,418.4,402.1,274.7,268.1,289.3,16.4,361.7,330.0,286.7,40.1,232.6,353.0,198.0,312.4,395.9,399.5,242.5,27.3,291.3,381.9,276.0,319.8,401.8,166.6,341.9,434.3,365.7,392.5,362.1,291.8,383.9,357.2,307.3,409.8,299.8,293.4,109.2,311.8,320.0,409.1,393.3,178.7,308.2,346.3,1528.2,265.9,447.6,256.8
GK,352.5,386.5,411.2,126.5,513.0,390.7,484.8,403.7,391.1,383.1,124.1,437.8,324.1,301.3,432.6,402.8,508.6,137.9,425.7,456.5,243.5,334.4,206.2,353.7,156.7,281.3,344.2,0.0,148.2,103.2,488.4,205.7,120.4,165.8,122.9,176.9,353.3,163.9,194.8,321.7,324.1,177.9,149.2,352.0,527.6,25.6,434.6,442.7,330.3,144.5,388.9,358.8,426.8,372.2,183.0,454.5,353.3,150.9,428.4,371.3,457.3,42.7,450.7,419.5,390.1,169.3,298.1,334.2,417.7,415.6,256.8,280.3,316.3,365.7,340.6,378.1,407.3,173.2,500.0,148.5,356.3,281.8,103.3,333.6,496.3,411.6,227.5,359.3,121.2,96.7,279.6,201.0,477.5,481.1,324.1,346.5,372.9,399.8,357.6,260.6,148.2,366.2,88.3,185.1,112.1,551.2,194.0,373.4,177.8,491.8,388.9,156.2,381.4,385.5,340.8,234.7,208.6,177.7,139.7,372.1,135.4,92.7,1463.8,347.5,194.0,298.1
GM,536.0,564.1,576.3,21.6,558.4,492.8,566.7,476.2,556.2,384.7,171.3,472.7,358.5,218.7,597.7,567.9,426.0,190.9,458.2,491.4,343.1,301.8,123.6,448.3,256.3,399.3,432.8,173.0,0.0,202.8,528.8,192.9,167.6,83.2,222.5,159.1,452.4,263.5,294.4,239.1,418.7,29.6,248.8,416.9,445.0,198.7,480.0,607.8,424.9,88.0,554.0,447.4,591.9,466.8,165.2,493.0,447.9,198.1,464.6,453.2,502.7,215.8,498.6,584.6,357.5,147.8,384.8,356.1,504.6,580.7,350.1,197.7,233.7,467.8,362.5,552.6,465.6,115.6,545.4,195.7,521.4,199.2,122.6,422.2,443.3,457.0,324.8,447.9,220.8,100.7,444.7,300.6,522.9,526.5,418.7,435.1,427.0,317.2,522.7,357.9,152.2,333.6,135.5,54.6,116.1,468.6,111.4,454.0,37.7,409.2,466.3,148.6,546.5,302.9,341.8,152.1,308.2,32.0,186.9,339.5,235.0,139.9,1563.4,442.1,201.2,215.5
GW,298.2,344.7,356.9,173.0,458.7,336.4,430.5,349.4,336.8,328.8,170.6,383.5,269.8,333.7,378.3,348.5,396.3,83.6,373.5,402.2,189.2,280.4,238.6,299.4,85.6,227.0,289.9,135.9,194.7,0.0,429.1,252.2,166.9,198.2,19.7,223.4,299.0,92.8,140.5,354.1,269.8,190.9,78.1,297.7,396.2,161.6,380.3,388.4,276.0,192.1,332.1,304.5,372.5,317.9,229.5,400.2,299.0,197.4,374.1,317.0,403.0,178.7,408.7,365.2,335.8,215.8,243.8,285.2,363.4,361.3,202.5,312.7,348.7,311.4,286.3,333.2,353.0,219.7,445.7,195.0,302.0,314.2,88.2,267.3,389.0,357.3,173.2,305.0,66.9,145.9,225.3,146.7,423.2,426.8,269.8,292.2,318.6,432.2,303.3,206.3,194.7,311.9,134.8,231.6,158.6,419.8,226.4,319.1,182.8,384.5,334.6,202.7,327.1,388.1,286.5,267.1,154.3,208.0,186.2,317.8,64.3,139.2,1409.5,293.2,240.5,330.5
GX,351.6,367.2,391.9,528.1,143.0,313.4,402.5,321.4,371.8,272.6,525.7,355.5,369.1,401.0,418.3,388.5,313.9,417.5,343.4,374.2,507.9,440.9,497.9,359.6,477.5,321.3,384.2,496.0,554.8,424.0,0.0,607.3,522.0,547.3,443.7,578.5,268.0,489.7,459.2,382.8,330.0,540.0,475.0,269.8,332.9,516.7,151.1,428.4,336.2,546.1,369.6,403.8,407.5,378.1,584.6,372.2,364.2,552.5,346.1,289.0,87.3,533.8,368.4,402.2,462.1,567.2,338.1,471.0,335.4,396.3,460.0,433.6,393.2,288.4,472.4,358.8,325.0,574.8,130.0,550.1,337.0,416.1,442.3,378.6,331.2,146.2,434.7,399.3,380.6,498.3,265.3,465.4,107.5,116.1,330.0,386.5,290.6,470.6,338.3,472.8,549.8,438.2,489.9,587.3,513.7,361.5,507.5,291.1,531.9,306.5,306.6,557.8,362.1,426.5,385.8,459.8,473.0,559.7,541.3,450.3,456.2,494.3,1592.5,353.4,599.6,404.8
HA,585.2,631.7,643.9,171.1,626.0,560.4,634.3,543.8,623.8,452.3,194.2,540.3,426.1,330.3,665.3,635.5,493.6,283.9,527.9,559.0,389.5,369.7,250.8,499.7,302.7,466.9,500.4,215.4,192.8,249.2,596.4,0.0,190.5,210.4,268.9,23.6,523.0,309.9,340.8,309.9,470.1,222.5,295.2,484.5,512.6,241.1,547.6,675.4,476.3,190.2,619.1,515.0,659.5,518.2,17.5,560.6,499.3,198.7,532.2,520.8,570.3,258.2,578.5,652.2,425.1,31.2,452.4,429.0,572.2,648.3,402.8,324.9,315.3,535.4,430.1,620.2,533.2,217.8,613.0,121.0,589.0,326.4,249.3,477.8,481.3,524.6,373.5,515.5,267.2,120.0,512.3,347.0,590.5,594.1,470.1,502.7,494.6,384.8,590.3,406.6,87.5,401.2,158.4,229.7,107.3,536.2,238.6,521.6,222.4,476.8,533.9,53.2,614.1,354.4,409.4,279.3,354.6,222.3,112.2,407.1,281.4,162.8,1455.3,493.5,12.9,331.9
HB,408.3,442.3,467.0,145.9,568.8,446.5,540.6,459.5,446.9,477.6,40.9,565.6,379.9,320.7,488.4,458.6,518.9,193.7,553.2,584.3,299.3,394.7,225.6,409.5,212.5,337.1,400.0,125.2,167.6,159.0,544.2,189.9,0.0,185.2,178.7,196.3,409.1,219.7,250.6,335.2,379.9,197.3,205.0,407.9,537.9,150.9,490.4,498.5,386.1,163.9,444.7,414.6,482.6,428.0,202.4,585.9,409.1,30.4,557.5,427.1,513.1,168.0,513.4,475.3,450.4,185.0,353.9,390.0,473.5,471.4,312.6,299.7,335.7,421.5,396.4,433.9,463.1,192.6,555.8,70.6,412.1,301.2,159.1,389.4,536.2,467.4,283.3,415.1,177.0,116.1,335.4,256.8,533.3,536.9,379.9,402.3,428.7,410.1,413.4,316.4,167.6,426.5,42.0,204.5,131.5,561.5,213.4,429.2,197.2,512.9,444.7,175.6,437.2,395.8,434.7,254.1,264.4,197.1,79.4,432.4,191.2,37.6,1519.6,403.3,178.2,317.5
HF,486.0,532.5,544.7,61.5,526.8,461.2,535.1,444.6,524.6,353.1,168.9,441.1,326.9,187.1,566.1,536.3,394.4,189.5,428.7,459.8,341.3,270.5,92.0,416.7,254.9,367.7,401.2,170.6,83.2,201.4,497.2,190.5,165.2,0.0,221.1,156.7,423.8,262.1,293.0,207.5,387.1,93.5,247.4,385.3,413.4,196.3,448.4,576.2,393.3,82.9,519.9,415.8,560.3,435.2,162.8,461.4,416.3,195.7,433.0,421.6,471.1,213.4,479.3,553.0,325.9,149.1,353.2,329.8,473.0,549.1,318.5,166.1,202.1,436.2,330.9,521.0,434.0,83.2,513.8,193.3,489.8,167.6,121.2,378.6,382.1,425.4,293.2,416.3,219.4,101.0,413.1,299.2,491.3,494.9,387.1,403.5,395.4,285.6,491.1,326.3,149.8,302.0,133.1,120.1,113.7,437.0,79.8,422.4,85.4,377.6,434.7,146.2,514.9,271.3,310.2,120.5,306.8,110.6,184.5,307.9,233.6,137.5,1556.9,410.5,203.5,183.9
HP,332.8,360.9,373.1,189.2,474.9,352.6,446.7,365.6,353.0,345.0,186.8,399.7,286.0,352.1,394.5,364.7,412.5,99.8,387.6,418.4,205.4,296.6,254.8,315.6,101.8,243.2,306.1,152.1,210.9,16.2,450.3,268.4,183.1,214.4,0.0,239.6,312.2,109.0,156.7,370.3,286.0,207.1,94.3,313.9,412.4,177.8,396.5,404.6,292.2,208.3,350.8,320.7,388.7,334.1,245.7,416.4,315.2,213.6,390.3,333.2,419.2,194.9,419.5,381.4,352.0,232.0,260.0,296.1,379.6,377.5,218.7,328.9,364.9,327.6,302.5,340.0,369.2,235.9,461.9,211.2,318.2,330.4,104.4,295.5,434.8,367.6,189.4,321.2,83.1,162.1,241.5,162.9,439.4,443.0,286.0,308.4,334.8,448.4,319.5,222.5,210.9,328.1,151.0,247.8,174.8,436.0,242.6,335.3,199.0,400.7,350.8,218.9,343.3,321.1,302.7,283.3,170.5,224.2,202.4,334.0,80.5,155.4,1425.7,309.4,256.7,346.7
HS,474.8,521.3,533.5,147.4,659.8,594.2,668.1,577.6,513.4,486.1,190.0,574.1,459.9,322.2,554.9,525.1,527.4,260.2,561.7,592.8,365.8,403.5,227.1,476.0,279.0,403.6,466.5,191.7,169.1,225.5,630.2,33.7,186.3,186.7,245.2,0.0,556.8,286.2,317.1,342.6,446.4,198.8,271.5,518.3,546.4,217.4,581.4,565.0,452.6,166.5,508.7,481.1,549.1,494.5,6.1,594.4,475.6,216.8,566.0,554.6,604.1,234.5,612.3,541.8,458.9,7.6,420.4,461.8,606.0,537.9,379.1,301.2,337.2,569.2,462.9,509.8,567.0,194.1,646.8,154.8,478.6,302.7,225.6,443.9,515.1,558.4,349.8,481.6,243.5,96.3,401.9,323.3,624.3,627.9,446.4,468.8,528.4,418.6,479.9,382.9,63.8,435.0,154.2,206.0,83.6,570.0,214.9,555.4,198.7,510.6,567.7,29.5,503.7,388.2,443.2,255.6,330.9,198.6,146.0,440.9,257.7,158.6,1489.1,469.8,46.7,319.0
HZ,207.6,223.2,247.9,384.1,314.5,43.1,207.2,128.4,227.8,107.8,381.7,162.5,217.8,257.0,267.0,237.2,175.3,273.5,150.4,181.2,356.6,296.9,353.9,215.6,333.5,177.3,240.2,344.7,403.5,280.0,289.9,463.3,378.0,403.3,297.4,434.5,0.0,338.4,307.9,238.8,186.0,396.0,323.7,76.8,175.2,372.7,236.1,277.1,192.2,402.1,225.6,252.5,263.5,234.1,440.6,179.2,212.9,408.5,153.1,96.0,258.8,389.8,175.4,258.2,318.1,423.2,194.1,322.0,142.4,252.3,313.7,282.3,241.9,18.1,328.4,214.8,132.0,430.8,301.5,406.1,193.0,272.1,291.0,227.3,197.6,207.2,288.4,255.3,236.6,354.3,116.3,314.1,279.0,280.3,186.0,242.5,97.6,389.2,194.3,321.5,405.8,294.2,345.9,436.0,369.7,196.5,366.1,98.1,387.9,172.9,113.6,413.8,218.1,321.7,234.5,315.8,321.7,415.7,397.3,306.3,312.2,350.3,1532.2,209.4,455.6,260.8
IK,353.9,400.4,412.6,228.7,514.4,392.1,486.2,405.1,392.5,384.5,226.3,439.2,325.5,389.4,434.0,404.2,452.0,139.3,427.1,457.9,244.9,336.1,294.3,355.1,75.1,282.7,345.6,191.6,250.4,67.8,489.8,307.9,222.6,253.9,87.5,279.1,354.7,0.0,196.2,409.8,325.5,246.6,58.0,353.4,451.9,217.3,436.0,444.1,331.7,246.7,390.3,360.2,428.2,373.6,285.2,455.9,354.7,253.1,429.8,372.7,458.7,234.4,452.1,420.9,391.5,267.8,299.5,335.6,419.1,417.0,258.2,368.4,404.4,367.1,342.0,379.5,408.7,275.4,501.4,250.7,357.7,369.9,143.9,335.0,474.3,413.0,228.9,360.7,122.6,201.6,281.0,202.4,478.9,482.5,325.5,347.9,374.3,487.9,359.0,262.0,250.4,367.6,190.5,287.3,214.3,475.5,282.1,374.8,238.5,440.2,390.3,258.4,382.8,354.1,342.2,322.8,210.0,266.3,241.9,373.5,53.8,194.9,1465.2,348.9,296.2,386.2
IO,322.1,368.6,380.8,248.7,482.6,360.3,454.4,373.3,360.7,352.7,246.3,407.4,289.4,192.8,402.2,372.4,433.8,138.1,395.3,426.1,73.5,232.7,308.3,323.3,198.1,250.9,313.8,211.6,270.4,144.6,458.0,327.9,242.6,267.9,164.3,299.1,322.9,205.3,0.0,174.6,293.7,260.6,190.6,321.7,452.8,237.3,404.2,412.3,299.9,266.7,358.5,328.4,396.4,341.8,305.2,424.1,322.9,273.1,398.0,340.9,426.9,254.4,420.3,389.1,288.4,291.5,267.7,164.2,387.3,385.2,86.8,220.4,180.0,335.3,170.6,347.7,376.9,295.4,469.6,270.7,325.9,207.9,157.9,303.2,451.1,381.2,57.5,328.9,75.5,218.9,249.2,57.9,447.1,450.7,293.7,316.1,342.5,325.0,327.2,90.6,270.4,264.5,210.5,302.9,234.3,476.4,296.1,343.0,252.5,417.0,358.5,278.4,351.0,257.5,272.7,336.8,18.3,280.3,261.9,270.4,176.8,214.9,1463.8,317.1,320.2,196.6
IR,250.7,297.2,309.4,238.1,411.2,288.9,383.0,301.9,289.3,291.1,285.8,336.0,188.0,20.4,330.8,301.0,332.4,177.6,326.0,354.7,176.5,131.6,115.4,251.9,237.6,179.5,262.3,251.1,259.8,184.1,381.6,367.1,282.1,208.2,203.8,333.3,251.5,244.8,159.4,0.0,222.3,270.1,230.1,250.2,351.4,276.8,332.8,340.9,228.5,262.2,284.6,276.9,325.0,270.4,339.4,352.7,251.5,312.6,326.6,269.5,355.5,293.9,361.2,317.7,187.0,325.7,214.3,165.0,315.9,313.8,153.7,45.7,5.4,263.9,166.1,285.7,305.5,289.8,398.2,310.2,254.5,48.7,197.4,239.7,320.1,309.8,128.4,277.4,140.7,261.1,177.8,217.4,375.7,379.3,222.3,264.6,271.1,223.6,255.8,161.5,309.9,163.1,250.0,296.7,273.8,375.0,127.6,271.6,262.0,315.6,287.1,317.9,279.6,132.4,171.3,76.9,177.8,287.2,301.4,169.0,216.3,254.4,1436.3,245.7,355.7,37.4
IT,153.9,165.4,222.2,329.8,367.6,245.3,339.4,258.3,157.5,237.7,327.4,292.4,165.8,204.9,234.0,213.8,305.2,219.2,282.4,311.1,304.6,242.9,299.6,111.1,279.2,123.0,185.9,292.7,351.5,225.7,338.0,409.0,323.7,349.0,245.4,380.2,207.9,286.4,255.9,184.5,0.0,341.7,271.7,206.6,305.1,318.4,289.2,209.1,87.7,348.9,197.4,200.5,193.2,65.8,386.3,309.1,29.1,354.2,283.0,225.9,311.9,335.5,317.6,230.5,263.8,372.6,139.8,273.0,272.3,217.0,261.7,230.3,189.9,220.3,274.1,198.5,261.9,376.5,354.6,351.8,167.3,217.8,239.0,163.3,431.4,266.2,236.4,201.0,182.3,302.7,134.0,262.1,332.1,335.7,0.0,188.2,227.5,334.9,168.6,269.5,351.5,239.9,291.6,384.0,315.4,328.7,311.8,228.0,333.6,426.9,243.5,359.5,192.4,260.9,182.5,261.5,269.7,358.8,343.0,252.0,257.9,296.0,1477.9,104.9,397.3,206.5
IU,422.4,468.9,481.1,41.3,567.7,502.1,576.0,485.5,461.0,394.0,191.0,482.0,367.8,228.0,502.5,472.7,435.3,161.2,469.6,500.7,313.4,311.4,132.9,423.6,226.6,351.2,442.1,192.7,19.6,173.1,538.1,212.6,187.3,92.5,192.8,178.8,464.7,233.8,264.7,248.4,394.0,0.0,219.1,426.2,454.3,218.4,489.3,512.6,400.2,107.7,456.3,456.7,496.7,442.1,184.9,502.3,423.2,217.8,473.9,462.5,512.0,235.5,520.2,489.4,366.8,171.2,394.1,370.7,513.9,485.5,326.7,207.0,243.0,477.1,371.8,457.4,474.9,135.3,554.7,215.4,426.2,208.5,92.9,419.5,423.0,466.3,297.4,457.2,191.1,123.1,349.5,270.9,532.2,535.8,394.0,444.4,436.3,326.5,427.5,330.5,171.9,342.9,155.2,42.2,135.8,477.9,120.7,463.3,8.0,418.5,475.6,168.3,451.3,290.0,351.1,161.4,278.5,17.0,206.6,348.8,205.3,159.6,1533.7,417.4,225.6,224.8
IX,368.8,384.4,409.1,225.2,510.9,388.6,482.7,401.6,389.0,381.0,222.8,435.7,322.0,385.9,430.5,400.7,448.5,135.8,425.7,454.4,241.4,332.6,290.8,351.6,71.6,279.2,342.1,188.1,246.9,64.3,481.3,304.4,219.1,250.4,84.0,275.6,348.2,49.2,192.7,406.3,322.0,243.1,0.0,349.9,448.4,213.8,432.5,440.6,328.2,243.2,386.8,356.7,424.7,370.1,281.7,452.4,351.2,249.6,426.3,369.2,455.2,230.9,448.6,417.4,388.0,264.3,296.0,332.1,415.6,413.5,254.7,364.9,400.9,363.6,338.5,376.0,405.2,271.9,497.9,247.2,354.2,366.4,140.4,331.5,441.2,409.5,225.4,357.2,119.1,195.4,277.5,198.9,475.4,479.0,322.0,344.4,370.8,484.4,355.5,258.5,246.9,364.1,187.0,283.8,210.8,472.0,278.6,371.3,235.0,436.7,386.8,254.9,379.3,357.1,338.7,319.3,206.5,260.2,238.4,370.0,50.3,191.4,1461.7,345.4,296.7,382.7
JA,218.7,234.3,259.0,395.2,314.8,106.5,181.2,100.1,238.9,31.0,392.8,98.2,231.3,268.1,280.4,250.6,98.5,284.7,122.1,116.9,370.0,308.0,365.0,226.7,344.6,188.4,251.3,358.2,416.9,291.1,290.2,474.4,389.1,414.4,310.9,445.6,66.1,351.9,321.4,249.9,197.1,407.1,337.2,0.0,133.8,383.8,236.4,290.5,203.3,413.2,236.7,265.9,274.6,245.2,451.7,150.9,226.3,419.6,76.3,67.8,259.1,400.9,147.1,269.3,329.2,434.3,205.3,333.1,114.1,263.4,327.2,295.8,255.4,81.6,339.5,225.9,67.7,441.9,301.8,417.2,204.2,283.2,304.4,240.7,132.1,207.5,301.9,266.4,247.7,365.4,127.5,327.6,279.3,282.9,197.1,253.6,69.4,400.3,205.4,334.9,416.9,305.3,357.0,449.4,380.8,157.4,377.2,69.8,399.0,107.4,49.3,424.9,229.2,326.3,248.0,326.9,335.2,426.8,408.4,317.4,323.3,361.4,1543.3,220.5,466.7,271.9
JB,258.8,305.3,317.5,453.7,349.8,165.0,219.9,129.4,297.4,88.5,451.3,176.5,289.7,328.8,338.9,309.1,129.8,343.1,113.5,195.2,428.5,366.8,423.5,285.2,403.1,246.9,309.8,416.6,475.4,349.6,320.2,532.9,447.6,472.9,369.3,504.1,127.6,410.3,379.8,308.4,255.6,465.6,395.6,120.7,0.0,442.3,271.4,349.0,261.8,472.8,292.7,324.4,333.1,303.7,510.2,146.2,284.8,478.1,168.4,106.4,294.1,459.4,164.1,325.8,387.7,496.5,263.7,396.9,157.8,321.9,385.6,354.2,313.8,140.0,398.0,293.8,169.4,500.4,336.8,475.7,262.6,341.7,362.9,287.2,64.6,248.4,360.3,324.9,306.2,426.6,185.9,386.0,314.3,317.9,255.6,312.1,80.2,458.8,263.9,393.4,475.4,363.8,415.5,507.9,439.3,90.6,435.7,107.2,457.5,100.2,170.1,483.4,287.7,384.8,306.4,385.4,393.6,482.7,466.9,375.9,381.8,419.9,1601.8,279.0,521.2,330.4
JC,367.2,413.7,425.9,141.2,527.7,405.4,499.5,418.4,405.8,397.8,138.8,452.5,338.8,316.0,447.3,417.5,523.3,152.6,442.5,471.2,258.2,349.4,220.9,368.4,171.4,296.0,358.9,14.6,162.9,117.9,498.1,220.4,135.1,180.5,137.6,191.6,368.0,178.6,209.5,336.4,338.8,192.6,163.9,366.7,542.3,0.0,449.3,457.4,345.0,160.3,401.1,373.5,441.5,386.9,197.7,469.2,368.0,165.6,443.1,386.0,472.0,17.0,477.7,434.2,404.8,184.0,312.8,354.2,432.4,430.3,271.5,295.0,331.0,380.4,355.3,402.2,422.0,187.9,514.7,163.2,371.0,296.5,118.0,336.3,511.0,426.3,242.2,374.0,135.9,114.1,294.3,215.7,492.2,495.8,338.8,361.2,387.6,414.5,372.3,275.3,162.9,380.9,103.0,199.8,126.8,565.9,208.7,388.1,192.5,506.5,403.6,170.9,396.1,384.1,355.5,249.4,223.3,192.4,154.4,386.8,150.1,107.4,1478.5,362.2,208.7,312.8
JH,283.7,330.2,342.4,478.6,55.5,258.9,353.0,271.9,322.3,223.1,476.2,306.0,314.6,353.7,363.8,334.0,264.4,368.0,296.0,324.7,453.4,391.7,448.4,310.1,428.0,271.8,334.7,441.5,500.3,374.5,158.7,557.8,472.5,497.8,394.2,529.0,221.5,435.2,404.7,333.3,280.5,490.5,420.5,220.2,283.4,467.2,0.0,373.9,286.7,497.7,317.6,349.3,358.0,328.6,535.1,322.7,309.7,503.0,296.6,239.5,63.9,484.3,331.2,350.7,412.6,521.4,288.6,421.8,285.9,346.8,410.5,379.1,338.7,233.9,422.9,318.7,275.5,525.3,72.6,500.6,287.5,366.6,387.8,312.1,252.1,22.9,385.2,349.8,331.1,451.5,210.8,410.9,33.5,56.8,280.5,337.0,241.1,421.1,288.8,418.3,500.3,388.7,440.4,532.8,464.2,307.0,458.0,241.6,482.4,247.6,257.1,508.3,312.6,416.2,331.3,410.3,418.5,507.6,491.8,400.8,406.7,444.8,1576.9,303.9,546.1,355.3
JS,202.5,73.5,270.8,474.1,482.5,360.2,454.3,373.2,58.9,352.6,471.7,407.3,310.1,347.0,282.6,262.4,420.1,363.5,395.2,426.0,448.9,386.9,443.9,196.0,423.5,267.3,330.2,437.0,495.8,370.0,457.9,553.3,468.0,493.3,389.7,524.5,322.8,430.7,400.2,328.8,201.6,486.0,416.0,321.6,420.0,462.7,404.1,0.0,172.6,492.1,248.5,344.8,38.2,249.7,530.6,424.0,230.8,498.5,397.9,340.8,426.8,479.8,420.2,281.1,408.1,513.2,284.1,412.0,387.2,265.6,406.0,374.6,334.2,335.2,418.4,237.7,376.8,520.8,469.5,496.1,215.9,362.1,383.3,319.6,442.4,381.1,380.7,345.3,326.6,444.3,182.6,406.4,447.0,450.6,201.6,332.5,342.4,479.2,217.2,413.8,495.8,384.2,435.9,528.3,459.7,443.6,456.1,342.9,477.9,408.3,358.4,503.8,241.0,419.8,326.8,405.8,414.0,505.7,487.3,396.3,402.2,440.3,1622.2,189.8,545.6,350.8
JU,155.6,167.1,223.9,367.2,435.6,313.3,407.4,326.3,159.2,305.7,364.8,360.4,203.2,242.3,235.7,215.5,373.2,256.6,350.4,379.1,342.0,280.3,337.0,23.4,316.6,160.4,223.3,330.1,388.9,263.1,406.0,446.4,361.1,386.4,282.8,417.6,275.9,323.8,293.3,221.9,94.7,379.1,309.1,274.6,373.1,355.8,357.2,210.8,0.0,386.3,199.1,237.9,194.9,142.8,423.7,377.1,123.9,391.6,351.0,293.9,379.9,372.9,385.6,232.2,301.2,410.0,177.2,310.4,340.3,218.7,299.1,267.7,227.3,288.3,311.5,200.2,329.9,413.9,422.6,389.2,169.0,255.2,276.4,200.7,365.9,334.2,273.8,238.4,219.7,340.1,135.7,299.5,400.1,403.7,94.7,225.6,295.5,372.3,170.3,306.9,388.9,277.3,329.0,421.4,352.8,396.7,349.2,296.0,371.0,361.4,311.5,396.9,194.1,298.3,219.9,298.9,307.1,396.2,380.4,289.4,295.3,333.4,1515.3,21.3,434.7,243.9
KB,461.9,477.5,502.2,75.2,590.8,524.1,599.1,508.6,482.1,417.1,158.7,505.1,389.8,253.3,522.5,492.7,458.4,227.8,490.6,523.8,333.4,334.2,156.0,444.7,247.7,372.3,465.2,160.4,96.9,194.2,566.2,180.3,153.9,83.7,212.8,146.5,484.8,253.8,284.7,271.5,415.1,127.7,240.2,449.2,477.4,186.1,512.4,532.6,421.3,0.0,478.8,478.7,517.8,463.2,152.6,525.4,443.2,185.5,497.0,484.5,535.1,203.2,531.0,512.5,389.9,135.2,416.1,387.4,537.0,506.6,346.7,229.0,265.0,499.1,394.9,469.1,498.0,27.5,577.8,183.1,446.2,231.6,162.3,453.5,475.7,483.5,317.4,480.3,212.2,88.1,370.6,290.9,555.3,557.8,415.1,467.5,458.3,349.6,448.6,350.5,139.6,366.0,122.9,133.8,103.5,499.9,143.8,486.4,127.6,451.0,498.7,136.0,472.4,312.0,373.1,184.5,298.5,130.1,174.3,371.9,226.4,127.3,1554.8,438.5,188.6,247.9
KH,165.2,211.7,136.3,423.1,415.6,293.3,387.4,306.3,203.8,285.7,420.7,340.4,259.1,296.0,245.3,51.8,353.2,312.5,328.3,359.1,397.9,336.2,392.9,220.4,372.5,216.3,279.2,386.0,444.8,319.0,391.0,502.3,417.0,442.3,338.7,473.5,252.9,379.7,349.2,277.8,225.0,435.0,365.0,254.6,353.1,411.7,337.2,255.4,197.0,441.1,0.0,293.8,239.5,273.1,479.6,357.1,254.2,447.5,331.0,273.9,359.9,428.8,353.3,105.9,357.1,465.9,233.1,361.0,320.3,228.3,355.0,323.6,283.2,268.3,367.4,112.6,309.9,469.8,402.6,445.1,32.5,311.1,332.3,268.6,345.9,308.3,329.7,294.3,275.6,393.3,115.7,355.4,380.1,383.7,225.0,281.5,275.5,428.2,82.7,362.8,444.8,333.2,384.9,477.3,408.7,376.7,405.1,276.0,426.9,352.2,291.5,452.8,85.3,354.2,275.8,354.8,363.0,452.1,436.3,345.3,351.2,389.3,1571.2,214.2,490.6,299.8
KI,284.6,331.1,343.3,393.8,445.1,322.8,416.9,335.8,323.2,315.2,391.4,369.9,106.2,266.7,364.7,334.9,382.7,283.2,357.8,388.6,368.6,197.0,363.6,285.8,343.2,72.8,13.7,356.7,415.5,289.7,420.5,473.0,387.7,413.0,309.4,444.2,282.4,350.4,319.9,248.5,256.2,405.7,335.7,284.1,382.6,382.4,366.7,374.8,262.4,411.8,321.0,0.0,358.9,304.3,450.3,386.6,285.4,418.2,360.5,303.4,389.4,399.5,389.7,353.6,204.2,432.9,80.2,331.7,349.8,347.7,325.7,294.3,253.9,297.8,338.1,310.2,339.4,440.5,432.1,415.8,288.4,281.8,303.0,23.5,405.0,337.8,300.4,53.8,246.3,364.0,211.7,326.1,409.6,413.2,256.2,41.0,305.0,395.6,289.7,333.5,415.5,180.3,355.6,448.0,379.4,406.2,375.8,305.5,397.6,370.9,321.0,423.5,313.5,289.9,122.9,325.5,333.7,425.4,407.0,192.4,321.9,360.0,1541.9,279.6,465.3,270.5
KJ,188.7,24.3,257.0,460.3,468.7,346.4,440.5,359.4,102.7,338.8,457.9,393.5,296.3,335.4,268.8,248.6,406.3,349.7,383.5,412.2,435.1,373.4,430.1,182.2,409.7,253.5,316.4,423.2,482.0,356.2,439.1,539.5,454.2,479.5,375.9,510.7,309.0,416.9,386.4,315.0,187.8,472.2,402.2,307.7,406.2,448.9,390.3,43.7,158.8,479.4,232.2,331.0,0.0,235.9,516.8,410.2,217.0,484.7,384.1,327.0,413.0,466.0,418.7,265.3,394.3,503.1,270.3,403.5,373.4,251.8,392.2,360.8,320.4,321.4,404.6,233.3,363.0,507.0,455.7,482.3,202.1,348.3,369.5,293.8,399.0,367.3,366.9,331.5,312.8,433.2,168.8,392.6,433.2,436.8,187.8,318.7,328.6,465.4,203.4,400.0,482.0,370.4,422.1,514.5,445.9,429.8,442.3,329.1,464.1,394.5,344.6,490.0,227.2,391.4,313.0,392.0,400.2,489.3,473.5,382.5,388.4,426.5,1608.4,176.0,527.8,337.0
KV,191.2,202.7,259.5,367.1,404.9,282.6,376.7,295.6,194.8,275.0,364.7,329.7,203.1,242.2,271.3,251.1,342.5,256.5,319.7,348.4,341.9,280.2,336.9,148.4,316.5,160.3,223.2,330.0,388.8,263.0,375.3,446.3,361.0,386.3,282.7,417.5,245.2,323.7,293.2,221.8,37.2,379.0,309.0,243.9,342.4,355.7,326.5,246.4,125.0,386.2,234.7,237.8,230.5,0.0,423.6,346.4,59.9,391.5,320.3,263.2,349.2,372.8,354.9,267.8,301.1,409.9,177.1,310.3,309.6,254.3,299.0,267.6,227.2,257.6,311.4,235.8,299.2,413.8,391.9,389.1,204.6,255.1,276.3,200.6,468.7,303.5,273.7,238.3,219.6,340.0,171.3,299.4,369.4,373.0,37.2,225.5,264.8,372.2,205.9,306.8,388.8,277.2,328.9,421.3,352.7,366.0,349.1,265.3,370.9,464.2,280.8,396.8,229.7,298.2,219.8,298.8,307.0,396.1,380.3,289.3,295.2,333.3,1515.2,142.2,434.6,243.8
KW,480.9,527.4,539.6,153.5,653.7,588.1,662.0,571.5,519.5,480.0,196.1,568.0,453.8,328.3,561.0,531.2,521.3,266.3,555.6,586.7,371.9,397.4,233.2,482.1,285.1,409.7,472.6,197.8,175.2,231.6,624.1,27.6,192.4,192.8,251.3,6.1,550.7,292.3,323.2,337.6,452.5,204.9,277.6,512.2,540.3,223.5,575.3,571.1,458.7,172.6,514.8,487.2,555.2,500.6,0.0,588.3,481.7,222.9,559.9,548.5,598.0,240.6,606.2,547.9,452.8,13.7,426.5,456.7,599.9,544.0,385.2,307.3,343.0,563.1,457.8,515.9,560.9,200.2,640.7,148.7,484.7,308.8,231.7,450.0,509.0,552.3,355.9,487.7,249.6,102.4,408.0,329.4,618.2,621.8,452.5,474.9,522.3,412.5,486.0,389.0,69.9,428.9,160.3,212.1,89.7,563.9,221.0,549.3,204.8,504.5,561.6,35.6,509.8,398.2,437.1,261.7,337.0,204.7,139.9,434.8,263.8,164.7,1483.0,475.9,40.6,325.1
LD,299.6,346.1,358.3,494.5,435.0,205.8,260.7,184.0,338.2,173.7,492.1,261.7,330.5,369.6,379.7,349.9,215.0,383.9,49.8,280.4,469.3,407.6,464.3,326.0,443.9,287.7,350.6,457.4,516.2,390.4,405.4,573.7,488.4,513.7,410.1,544.9,168.4,451.1,420.6,349.2,296.4,506.4,436.4,167.7,203.4,483.1,356.6,389.8,302.6,513.6,333.5,365.2,373.9,344.5,551.0,0.0,325.6,518.9,253.6,147.2,379.3,500.2,64.0,366.6,428.5,537.3,304.5,437.7,198.6,362.7,426.4,395.0,354.6,180.8,438.8,334.6,223.0,541.2,422.0,516.5,303.4,382.5,403.7,328.0,196.2,333.6,401.1,365.7,347.0,467.4,226.7,426.8,399.5,403.1,296.4,352.9,134.8,499.6,304.7,434.2,516.2,404.6,456.3,548.7,480.1,227.0,476.5,154.3,498.3,191.7,204.6,524.2,328.5,440.2,347.2,426.2,434.4,523.5,507.7,416.7,422.6,460.7,1642.6,319.8,562.0,371.2
LP,194.8,193.8,263.1,370.7,408.5,286.2,380.3,299.2,198.4,278.6,368.3,333.3,206.7,243.6,274.9,254.7,346.1,260.1,321.2,352.0,345.5,283.5,340.5,152.0,320.1,163.9,226.8,333.6,392.4,266.6,378.9,449.9,364.6,389.9,286.3,421.1,248.8,327.3,296.8,225.4,40.8,382.6,312.6,247.6,346.0,359.3,330.1,250.0,128.6,388.7,240.8,241.4,234.1,80.2,427.2,350.0,0.0,395.1,323.9,266.8,352.8,376.4,353.1,273.4,304.7,409.8,180.7,308.6,313.2,257.9,302.6,271.2,230.8,261.2,315.0,230.0,302.8,417.4,395.5,392.7,208.2,258.7,279.9,216.2,472.3,301.2,277.3,241.9,223.2,340.9,174.9,303.0,373.0,376.6,40.8,229.1,268.4,375.8,209.5,310.4,392.4,280.8,332.5,424.9,356.3,369.6,352.7,268.9,374.5,467.8,284.4,400.4,233.3,301.8,223.4,302.4,310.6,402.3,383.9,292.9,298.8,336.9,1518.8,145.8,442.2,247.4
LQ,450.2,496.7,508.9,187.8,649.7,488.4,658.0,567.5,488.8,476.0,82.8,564.0,449.8,354.0,530.3,500.5,517.3,235.6,551.6,582.7,341.2,393.4,267.5,451.4,254.4,379.0,441.9,167.1,209.5,200.9,620.1,188.3,41.8,227.1,220.6,212.0,451.0,261.6,292.5,333.6,421.8,239.2,246.9,508.2,536.3,192.8,571.3,540.4,428.0,206.9,484.1,456.5,524.5,469.9,205.9,584.3,451.0,0.0,555.9,544.5,594.0,209.9,602.2,517.2,448.8,219.6,395.8,437.2,595.9,513.3,354.5,341.6,339.0,463.4,438.3,485.2,556.9,234.5,636.7,69.0,454.0,343.1,201.0,419.3,505.0,548.3,325.2,457.0,218.9,160.7,377.3,298.7,614.2,617.8,421.8,444.2,518.3,408.5,455.3,358.3,209.5,424.9,83.9,246.4,173.4,559.9,255.3,545.3,239.1,500.5,557.6,217.5,479.1,394.2,433.1,296.0,306.3,239.0,77.8,430.8,233.1,79.5,1479.0,445.2,176.6,355.6
MA,277.8,324.3,336.5,472.7,372.1,184.0,258.7,177.6,316.4,88.3,470.3,95.3,308.7,347.8,357.9,328.1,155.8,362.1,201.7,114.0,447.5,385.8,442.5,304.2,422.1,265.9,328.8,435.6,494.4,368.6,342.5,551.9,466.6,491.9,388.3,523.1,146.6,429.3,398.8,327.4,274.6,484.6,414.6,69.9,191.1,461.3,293.7,368.0,280.8,491.8,311.7,343.4,352.1,322.7,529.2,228.4,303.8,497.1,0.0,145.2,316.4,478.4,236.9,344.8,406.7,515.5,282.7,415.9,191.6,340.9,404.6,373.2,332.8,159.0,417.0,312.8,64.8,519.4,359.1,494.7,281.6,360.7,381.9,306.2,159.8,270.7,379.3,343.9,325.2,445.6,204.9,405.0,336.6,340.2,274.6,331.1,146.8,477.8,282.9,412.4,494.4,382.8,434.5,526.9,458.3,214.7,454.7,147.3,476.5,155.3,87.6,502.4,306.7,386.6,325.4,404.4,412.6,501.7,485.9,394.9,400.8,438.9,1620.8,298.0,540.2,349.4
MC,210.9,257.4,269.6,405.8,336.2,117.1,123.2,110.9,249.5,110.1,403.4,164.8,241.8,280.9,291.0,261.2,177.6,295.2,132.9,183.5,380.6,318.6,375.6,237.3,355.2,199.0,261.9,368.7,427.5,301.7,306.6,485.0,399.7,425.0,321.4,456.2,76.7,362.4,331.9,260.5,207.7,417.7,347.7,79.1,157.7,394.4,257.8,301.1,213.9,424.9,247.3,276.5,285.2,255.8,462.3,161.7,236.9,430.2,155.4,0.0,280.5,411.5,164.8,277.9,339.8,448.6,215.8,343.7,124.9,274.0,337.7,306.3,265.9,92.1,350.1,236.5,134.3,452.5,323.2,427.8,214.7,293.8,315.0,251.3,180.1,234.8,312.4,277.0,258.3,376.0,138.0,338.1,300.7,304.3,207.7,264.2,80.1,410.9,216.0,345.5,427.5,315.9,367.6,460.0,391.4,181.3,387.8,80.6,409.6,146.0,115.9,435.5,239.8,351.5,258.5,337.5,345.7,434.8,419.0,328.0,333.9,372.0,1553.9,231.1,473.3,282.5
MG,297.4,343.9,356.1,492.3,55.6,272.6,366.7,285.6,336.0,236.8,489.9,319.7,328.3,367.4,377.5,347.7,278.1,381.7,309.7,338.4,467.1,405.4,462.1,323.8,441.7,285.5,348.4,455.2,514.0,388.2,102.1,571.5,486.2,511.5,407.9,542.7,235.2,448.9,418.4,347.0,294.2,504.2,434.2,233.9,297.1,480.9,63.7,387.6,300.4,511.4,331.3,363.0,371.7,342.3,548.8,336.4,323.4,516.7,310.3,253.2,0.0,498.0,344.9,364.4,426.3,535.1,302.3,435.5,299.6,360.5,424.2,392.8,352.4,247.6,436.6,332.4,289.2,539.0,42.6,514.3,301.2,380.3,401.5,325.8,265.8,86.7,398.9,363.5,344.8,465.2,224.5,424.6,20.1,23.7,294.2,350.7,254.8,434.8,302.5,432.0,514.0,402.4,454.1,546.5,477.9,320.7,471.7,255.3,496.1,261.3,270.8,522.0,326.3,390.7,345.0,424.0,432.2,521.3,505.5,414.5,420.4,458.5,1556.7,317.6,559.8,369.0
MJ,376.9,423.4,435.6,150.9,537.4,415.1,509.2,428.1,415.5,407.5,148.5,462.2,348.5,325.7,457.0,427.2,533.0,162.3,452.2,480.9,267.9,359.1,230.6,378.1,181.1,305.7,368.6,24.4,172.6,127.6,507.8,230.1,144.8,190.2,147.3,201.3,377.7,188.3,219.2,346.1,348.5,202.3,173.6,376.4,552.0,9.7,459.0,467.1,354.7,170.0,410.8,383.2,451.2,396.6,207.4,478.9,377.7,175.3,452.8,395.7,481.7,0.0,487.4,443.9,414.5,193.7,322.5,363.9,442.1,440.0,281.2,304.7,340.7,390.1,365.0,411.9,431.7,197.6,524.4,172.9,380.7,306.2,127.7,346.0,520.7,436.0,251.9,383.7,145.6,123.8,304.0,225.4,501.9,505.5,348.5,370.9,397.3,424.2,382.0,285.0,172.6,390.6,112.7,209.5,136.5,575.6,218.4,397.8,202.2,516.2,413.3,180.6,405.8,387.7,365.2,259.1,233.0,202.1,164.1,396.5,159.8,117.1,1488.2,371.9,218.4,322.5
MY,289.6,331.8,344.0,480.2,429.7,195.0,249.9,169.7,323.9,168.4,477.8,239.2,321.0,353.1,354.3,324.5,209.7,358.5,50.2,257.9,452.8,393.3,450.0,311.7,429.6,273.4,336.3,432.0,490.8,376.1,400.1,559.4,463.0,499.4,384.7,530.6,154.1,425.7,395.2,334.9,282.1,492.1,419.9,153.4,198.1,468.8,351.3,364.4,288.3,499.3,321.7,354.4,359.6,330.2,536.7,61.2,300.2,504.6,229.8,130.7,374.0,485.9,0.0,352.3,414.2,523.0,288.0,407.0,184.3,348.4,401.0,384.2,329.2,164.3,424.5,320.3,208.7,526.9,416.7,502.2,289.1,368.2,387.2,323.5,190.9,327.2,384.6,351.4,332.7,453.1,201.3,416.0,394.2,386.7,282.1,338.6,109.4,485.3,290.4,417.7,501.9,390.3,442.0,523.3,465.8,225.2,462.2,140.0,484.0,193.6,190.3,509.9,314.2,414.8,321.8,411.9,417.9,509.2,493.4,402.4,408.3,446.4,1628.3,305.5,547.7,356.9
NA,201.7,217.3,80.0,448.0,433.7,318.2,405.5,324.4,221.9,303.8,438.8,358.5,284.0,314.1,270.2,30.5,371.3,337.4,346.4,377.2,416.0,354.0,411.0,238.5,390.6,234.4,297.3,410.9,469.7,337.1,409.1,520.4,441.9,460.4,363.6,491.6,271.0,404.6,374.1,295.9,243.1,453.1,389.9,272.8,371.2,429.8,355.3,280.3,215.1,459.2,93.5,318.7,257.6,291.2,497.7,375.2,272.3,465.6,349.1,298.8,378.0,446.9,371.4,0.0,375.2,480.3,258.0,385.9,338.4,246.4,373.1,348.5,308.1,293.2,385.5,53.2,328.0,487.9,420.7,463.2,109.5,329.2,357.2,293.5,393.6,326.4,354.6,312.4,293.7,411.4,140.6,380.3,398.2,408.6,243.1,299.6,293.6,446.3,82.2,387.7,462.9,351.3,403.0,502.2,426.8,401.6,423.2,294.1,445.0,368.9,309.6,470.9,88.4,385.6,300.7,372.9,387.9,472.8,454.4,363.4,369.3,407.4,1589.3,232.3,512.7,317.9
NG,347.2,393.7,405.9,338.6,539.7,474.1,548.0,457.5,385.8,366.0,454.0,454.0,94.6,195.6,427.3,397.5,407.3,345.8,441.6,472.7,305.8,66.7,290.3,348.4,405.8,135.4,168.9,419.3,360.3,352.3,510.1,440.1,450.3,308.7,372.0,506.8,436.7,413.0,288.7,175.2,318.8,370.6,398.3,398.2,426.3,445.0,461.3,437.4,325.0,362.7,381.1,183.5,421.5,366.9,512.9,474.3,348.0,480.8,445.9,434.5,484.0,462.1,492.2,414.2,0.0,499.2,120.9,294.3,485.9,410.3,283.0,221.0,180.6,449.1,295.4,382.2,446.9,390.3,526.7,376.5,351.0,208.5,365.6,146.3,395.0,438.3,257.7,184.0,308.9,429.3,274.3,346.7,504.2,507.8,318.8,171.2,408.3,265.0,352.3,290.8,478.1,15.8,418.2,397.2,442.0,449.9,302.5,435.3,362.5,390.5,447.6,486.1,376.1,191.1,77.9,252.2,307.1,387.7,367.7,75.6,384.5,422.6,1569.8,342.2,428.4,197.2
NM,485.6,501.2,525.9,136.1,654.3,585.0,658.9,572.1,505.8,480.6,182.4,568.6,450.7,316.8,547.3,513.8,521.9,248.9,554.1,587.3,354.5,397.7,219.5,468.4,271.4,396.0,458.9,184.1,161.5,217.9,629.7,41.3,178.7,179.1,233.9,7.6,548.3,274.9,305.8,335.0,438.8,191.2,260.2,512.7,540.9,209.8,575.9,553.7,445.0,157.8,499.9,473.5,541.5,486.9,13.7,588.9,464.3,209.2,560.5,545.4,598.6,226.9,603.1,536.2,453.4,0.0,409.1,448.9,600.5,530.3,367.8,289.9,329.6,560.0,455.3,492.8,561.5,186.5,641.3,162.4,467.3,295.1,218.0,448.3,539.2,547.0,338.5,474.0,235.9,91.4,394.3,312.0,618.8,618.7,438.8,461.2,522.9,413.1,472.3,371.6,56.2,429.5,146.6,194.7,76.0,560.8,207.3,549.9,191.1,514.5,562.2,21.9,496.1,395.1,434.0,248.0,323.3,193.6,153.6,435.4,250.1,151.0,1496.7,462.2,49.6,311.4
NN,226.2,272.7,284.9,335.4,386.7,264.4,358.5,277.4,264.8,256.8,333.0,311.5,25.9,208.3,306.3,276.5,324.3,224.8,299.4,330.2,310.2,116.7,305.2,227.4,284.8,14.4,47.9,298.3,357.1,231.3,362.1,414.6,329.3,354.6,251.0,385.8,224.0,292.0,261.5,190.1,197.8,347.3,277.3,225.7,324.2,324.0,308.3,316.4,204.0,353.4,262.6,62.5,300.5,245.9,391.9,328.2,227.0,359.8,302.1,245.0,331.0,341.1,324.4,293.2,123.9,378.2,0.0,273.3,291.4,289.3,267.3,235.9,195.5,239.4,279.7,251.8,281.0,382.1,373.7,357.4,230.0,223.4,244.6,37.3,346.6,285.3,242.0,63.0,187.9,305.6,153.3,267.7,351.2,354.8,197.8,50.2,246.6,315.3,231.3,275.1,357.1,100.0,297.2,389.6,321.0,347.8,317.4,247.1,339.2,312.5,262.6,365.1,255.1,226.8,42.6,267.1,275.3,364.4,348.6,112.1,263.5,301.6,1483.5,221.2,402.9,212.1
NU,363.9,397.9,422.6,379.6,524.4,402.1,496.2,415.1,402.5,394.5,377.2,449.2,331.2,234.6,444.0,414.2,475.6,269.0,437.1,467.9,192.8,274.8,331.5,365.1,329.0,292.7,355.6,342.5,401.3,275.5,494.8,458.8,373.5,398.8,295.2,430.0,361.7,336.2,175.7,216.4,335.5,391.5,321.5,363.4,494.6,368.2,446.0,454.1,341.7,397.6,400.3,370.2,438.2,383.6,436.1,465.9,364.7,404.0,439.8,382.7,468.7,385.3,462.1,430.9,330.2,418.7,309.5,0.0,429.1,427.0,170.0,262.2,221.8,377.1,74.2,389.5,418.7,426.3,511.4,401.6,367.7,249.7,288.8,345.0,492.9,417.1,144.7,370.7,206.4,352.5,291.0,233.7,488.9,492.5,335.5,357.9,384.3,366.8,369.0,177.8,401.3,306.3,341.4,433.8,365.2,518.2,427.0,384.8,383.4,458.8,400.3,409.3,392.8,275.6,314.5,293.4,194.1,408.6,392.8,312.2,307.7,345.8,1549.5,358.9,451.1,238.4
NW,273.5,320.0,332.2,468.4,416.9,179.7,234.6,86.9,312.1,155.6,466.0,227.4,304.4,343.5,353.6,323.8,196.9,357.8,162.6,246.1,443.2,381.5,438.2,299.9,417.8,261.6,324.5,431.3,490.1,364.3,387.3,547.6,462.3,487.6,384.0,518.8,142.3,425.0,394.5,323.1,270.3,480.3,410.3,141.6,185.3,457.0,338.5,363.7,276.5,487.5,307.4,339.1,347.8,318.4,524.9,189.3,299.5,492.8,218.0,121.1,361.2,474.1,197.8,340.5,402.4,511.2,278.4,411.6,0.0,336.6,400.3,368.9,328.5,154.7,412.7,308.5,196.9,515.1,403.9,490.4,277.3,356.4,377.6,301.9,178.1,315.5,375.0,339.6,320.9,441.3,200.6,400.7,381.4,385.0,270.3,326.8,78.5,473.5,278.6,408.1,490.1,378.5,430.2,522.6,454.0,208.9,450.4,56.6,472.2,173.6,178.5,498.1,302.4,414.1,321.1,400.1,408.3,497.4,481.6,390.6,396.5,434.6,1616.5,293.7,535.9,345.1
OA,75.9,187.7,229.5,448.7,441.2,318.9,413.0,331.9,179.8,311.3,446.3,366.0,284.7,323.8,156.0,221.1,378.8,338.1,356.0,384.7,423.5,361.8,418.5,196.4,398.1,241.9,304.8,411.6,470.4,344.6,411.6,527.9,442.6,467.9,364.3,499.1,281.5,405.3,374.8,303.4,202.0,460.6,390.6,280.2,378.7,437.3,362.8,231.4,173.0,467.8,204.7,319.4,215.5,250.1,505.2,382.7,231.2,473.1,356.6,299.5,385.5,454.4,391.2,237.8,382.7,491.5,258.7,391.9,345.9,0.0,380.6,349.2,308.8,293.9,393.0,205.8,335.5,495.4,428.2,470.7,174.6,336.7,357.9,282.2,371.5,339.8,355.3,319.9,301.2,421.6,141.3,381.0,405.7,409.3,202.0,307.1,301.1,453.8,175.9,388.4,470.4,358.8,410.5,502.9,434.3,402.3,430.7,301.6,452.5,367.0,317.1,478.4,199.7,386.3,301.4,380.4,388.6,477.7,461.9,370.9,376.8,414.9,1596.8,190.2,516.2,325.4
OE,295.9,329.9,354.6,300.2,456.4,334.1,428.2,347.1,334.5,326.5,297.8,381.2,263.2,166.6,376.0,346.2,407.6,189.6,369.1,399.9,113.4,206.5,263.5,297.1,249.6,224.7,287.6,263.1,321.9,196.1,426.8,379.4,294.1,319.4,215.8,350.6,293.7,256.8,96.3,148.4,267.5,312.1,242.1,295.5,426.6,288.8,378.0,386.1,273.7,318.2,332.3,302.2,370.2,315.6,356.7,397.9,296.7,324.6,371.8,314.7,400.7,305.9,405.4,362.9,262.2,339.3,241.5,138.0,361.1,359.0,0.0,194.2,153.8,309.1,144.4,321.5,350.7,346.9,443.4,322.2,299.7,181.7,209.4,277.0,424.9,355.0,45.3,302.7,127.0,270.4,223.0,154.3,420.9,424.5,267.5,289.9,316.3,298.8,301.0,78.4,321.9,238.3,262.0,354.4,285.8,450.2,347.6,316.8,304.0,390.8,332.3,329.9,324.8,207.6,246.5,225.4,114.7,329.2,313.4,244.2,228.3,266.4,1481.5,290.9,367.7,170.4
OI,306.5,353.0,365.2,198.7,467.0,344.7,438.8,357.7,345.1,346.9,306.1,391.8,243.8,35.3,386.6,356.8,388.2,233.4,379.7,410.5,232.3,187.4,76.0,307.7,293.4,235.3,318.1,306.9,220.4,239.9,442.4,327.7,302.4,168.8,259.6,293.9,304.3,300.6,215.2,55.7,278.1,230.7,285.9,306.0,407.2,332.6,388.6,396.7,284.3,221.7,342.9,332.7,380.8,326.2,300.0,408.5,307.3,332.9,382.4,325.3,411.3,349.7,416.0,373.5,242.8,282.6,270.1,215.5,371.7,369.6,209.5,0.0,50.3,319.7,221.9,332.1,361.3,250.4,454.0,330.5,310.3,58.7,253.2,307.5,405.5,359.7,184.2,333.2,196.5,235.5,233.6,273.2,431.5,435.1,278.1,320.4,326.9,279.4,311.6,217.3,287.0,218.9,270.3,257.3,250.9,430.8,88.2,327.4,222.6,371.4,342.9,283.4,335.4,205.4,227.1,61.6,233.6,250.4,321.7,224.8,272.1,274.7,1492.1,301.5,336.0,75.0
OQ,256.1,290.1,314.8,232.7,416.6,294.3,388.4,307.3,294.7,296.5,291.2,341.4,193.4,12.8,336.2,306.4,337.8,183.0,329.3,360.1,181.9,136.7,110.0,257.3,243.0,184.9,267.7,256.5,254.4,189.5,392.0,361.7,287.5,202.8,209.2,327.9,256.9,250.2,164.8,5.4,227.7,264.7,235.5,255.7,356.8,282.2,338.2,346.3,233.9,256.8,292.5,282.3,330.4,275.8,334.0,358.1,256.9,318.0,332.0,274.9,360.9,299.3,354.3,323.1,192.4,320.3,219.7,165.1,321.3,319.2,159.1,40.3,0.0,269.3,171.5,281.7,310.9,284.4,403.6,315.6,259.9,54.1,202.8,257.1,355.1,315.2,133.8,282.8,146.1,266.5,183.2,222.8,381.1,384.7,227.7,270.0,276.5,229.0,261.2,166.9,315.3,168.5,255.4,291.3,279.2,380.4,122.2,277.0,256.6,321.0,292.5,317.4,285.0,161.5,176.7,71.5,183.2,281.8,306.8,174.4,221.7,259.8,1441.7,251.1,361.1,42.8
OZ,187.6,234.1,246.3,382.5,312.9,25.0,207.9,126.8,226.2,106.2,380.1,160.9,218.5,257.6,267.7,237.9,173.7,271.9,148.8,179.6,357.3,295.3,352.3,214.0,331.9,175.7,238.6,345.4,404.2,278.4,288.3,461.7,376.4,401.7,298.1,432.9,26.4,339.1,308.6,237.2,184.4,394.4,324.4,75.2,173.6,371.1,234.5,277.8,190.6,400.5,224.0,253.2,261.9,232.5,439.0,177.6,213.6,406.9,151.5,94.4,257.2,388.2,173.8,256.6,316.5,425.3,192.5,320.4,140.8,250.7,314.4,283.0,242.6,0.0,326.8,213.2,130.4,429.2,299.9,404.5,191.4,270.5,291.7,228.0,196.0,211.5,289.1,253.7,235.0,352.7,114.7,314.8,277.4,281.0,184.4,240.9,96.0,387.6,192.7,322.2,404.2,292.6,344.3,436.7,368.1,197.2,364.5,96.5,386.3,161.9,112.0,412.2,216.5,320.1,235.2,314.2,322.4,411.5,395.7,304.7,310.6,348.7,1530.6,207.8,450.0,259.2
PA,347.8,394.3,406.5,363.5,508.3,386.0,480.1,399.0,386.4,378.4,361.1,433.1,315.1,220.7,427.9,398.1,459.5,252.9,423.1,451.8,176.7,258.7,315.4,349.0,312.9,276.6,339.5,326.4,385.2,259.4,478.7,442.7,357.4,382.7,279.1,413.9,348.6,320.1,159.6,200.3,319.4,375.4,305.4,347.3,478.5,352.1,429.9,438.0,325.6,382.6,381.7,354.1,422.1,367.5,420.0,449.8,348.6,387.9,423.7,366.6,452.6,369.2,458.3,414.8,314.1,406.3,293.4,77.0,413.0,410.9,153.9,246.1,205.7,361.0,0.0,382.8,402.6,410.2,495.3,385.5,351.6,233.6,272.7,316.9,447.2,406.9,128.6,354.6,190.3,336.4,274.9,217.6,472.8,476.4,319.4,341.8,368.2,350.7,352.9,161.7,385.2,290.2,325.3,417.7,349.1,502.1,410.9,368.7,367.3,442.7,384.2,393.2,376.7,259.5,298.4,277.3,178.0,392.5,376.7,296.1,291.6,329.7,1533.4,342.8,431.0,222.3
PD,174.5,190.1,37.5,403.2,406.5,273.4,367.5,297.2,194.7,276.6,411.6,331.3,250.0,286.9,225.4,62.5,344.1,292.6,319.2,350.0,378.0,326.8,383.8,211.3,363.4,207.2,270.1,376.9,424.9,309.9,381.9,493.2,397.1,433.2,318.8,464.4,243.8,370.6,329.3,268.7,215.9,425.9,345.1,245.6,344.0,402.6,328.1,235.5,187.9,432.0,124.9,273.9,230.4,264.0,470.5,348.0,234.3,438.4,321.9,264.8,350.8,419.7,344.2,33.9,348.0,453.1,224.0,341.1,311.2,219.2,335.1,314.5,274.1,248.4,358.3,0.0,300.8,460.7,393.5,436.0,81.5,302.0,312.4,248.7,366.4,299.2,320.6,285.2,266.5,384.2,106.6,346.3,371.0,363.8,215.9,272.4,266.4,419.1,42.3,353.7,435.7,324.1,375.8,457.4,399.6,356.8,396.0,266.9,417.8,332.3,282.4,443.7,117.4,327.9,266.7,345.7,353.9,445.6,427.2,336.2,342.1,380.2,1562.1,205.1,485.5,290.7
PJ,279.2,325.7,337.9,474.1,354.9,185.4,260.1,179.0,317.8,71.1,471.7,50.1,310.1,349.2,359.3,329.5,138.6,363.5,189.2,68.8,448.9,387.2,443.9,305.6,423.5,267.3,330.2,437.0,495.8,370.0,325.3,553.3,468.0,493.3,389.7,524.5,148.0,430.7,400.2,328.8,276.0,486.0,416.0,71.3,173.9,462.7,276.5,369.4,282.2,493.2,313.1,344.8,353.5,324.1,530.6,229.8,305.2,498.5,76.6,146.6,299.2,479.8,238.3,346.2,408.1,516.9,284.1,417.3,193.0,342.3,406.0,374.6,334.2,160.4,418.4,314.2,0.0,520.8,341.9,496.1,283.0,362.1,383.3,307.6,142.6,253.5,380.7,345.3,326.6,447.0,206.3,406.4,319.4,323.0,276.0,332.5,148.2,479.2,284.3,413.8,495.8,384.2,435.9,528.3,459.7,197.5,456.1,148.7,477.9,138.1,89.0,503.8,308.1,419.8,326.8,405.8,414.0,503.1,487.3,396.3,402.2,440.3,1622.2,299.4,541.6,350.8
PN,559.9,606.4,618.6,113.7,600.7,535.1,609.0,518.5,598.5,427.0,196.1,515.0,400.8,261.0,640.0,610.2,468.3,263.4,502.6,533.7,371.9,344.4,165.9,482.1,285.1,441.6,475.1,197.8,135.4,231.6,571.1,217.7,192.4,73.8,251.3,183.9,497.7,292.3,323.2,281.4,452.5,165.1,277.6,459.2,487.3,223.5,522.3,650.1,458.7,37.3,593.8,489.7,634.2,500.6,190.0,535.3,481.7,222.9,506.9,495.5,545.0,240.6,553.2,626.9,399.8,176.3,427.1,403.7,546.9,623.0,385.2,240.0,276.0,510.1,404.8,594.9,507.9,0.0,587.7,220.5,563.7,241.5,195.1,452.5,456.0,499.3,355.9,490.2,249.6,128.2,487.0,329.4,565.2,568.8,452.5,477.4,469.3,359.5,565.0,389.0,177.0,375.9,160.3,172.3,140.9,510.9,153.7,496.3,159.3,451.5,508.6,173.4,588.8,323.0,384.1,194.4,337.0,164.9,211.7,381.8,263.8,164.7,1592.2,475.9,230.7,257.8
PQ,330.3,376.8,389.0,525.2,12.9,305.5,399.6,318.5,368.9,269.7,522.8,352.6,361.2,400.3,410.4,380.6,311.0,414.6,342.6,371.3,500.0,438.3,495.0,356.7,474.6,318.4,381.3,488.1,546.9,421.1,135.0,604.4,519.1,544.4,440.8,575.6,268.1,481.8,451.3,379.9,327.1,537.1,467.1,266.8,330.0,513.8,52.6,420.5,333.3,544.3,364.2,395.9,404.6,375.2,581.7,369.3,356.3,549.6,343.2,286.1,32.8,530.9,377.8,397.3,459.2,568.0,335.2,468.4,332.5,393.4,457.1,425.7,385.3,280.5,469.5,365.3,322.1,571.9,0.0,547.2,334.1,413.2,434.4,358.7,298.7,47.7,431.8,396.4,377.7,498.1,257.4,457.5,42.1,18.8,327.1,383.6,287.7,467.7,335.4,464.9,546.9,435.3,487.0,579.4,510.8,353.6,504.6,288.2,529.0,294.2,303.7,554.9,359.2,423.6,377.9,456.9,465.1,554.2,538.4,447.4,453.3,491.4,1589.6,350.5,592.7,401.9
PS,426.4,472.9,485.1,164.0,580.6,515.0,588.9,498.4,465.0,406.9,111.6,494.9,380.7,284.9,506.5,476.7,448.2,211.8,482.5,513.6,317.4,324.3,210.4,427.6,230.6,355.2,455.0,143.3,185.7,177.1,551.0,119.2,70.6,203.3,196.8,142.9,477.6,237.8,268.7,264.5,398.0,215.4,223.1,439.1,467.2,169.0,502.2,516.6,404.2,183.1,460.3,469.6,500.7,446.1,136.8,515.2,427.2,77.6,486.8,475.4,524.9,186.1,533.1,493.4,379.7,150.5,407.0,383.6,526.8,489.5,330.7,284.5,269.9,490.0,384.7,461.4,487.8,210.7,567.6,0.0,430.2,286.0,177.2,432.4,435.9,479.2,301.4,470.1,195.1,136.9,353.5,274.9,545.1,548.7,398.0,457.3,449.2,339.4,431.5,334.5,185.7,355.8,79.4,222.6,149.6,490.8,198.2,476.2,215.3,431.4,488.5,172.5,455.3,325.1,364.0,238.9,282.5,215.2,8.8,361.7,209.3,83.8,1409.9,421.4,107.5,286.5
QC,132.6,179.1,103.7,390.5,383.0,260.7,354.8,273.7,171.2,253.1,388.1,307.8,226.5,265.6,212.7,77.8,320.6,279.9,297.8,326.5,365.3,303.3,360.3,187.8,339.9,183.7,246.6,353.4,412.2,286.4,353.4,469.7,384.4,409.7,306.1,440.9,220.3,347.1,316.6,245.2,192.4,402.4,332.4,222.1,320.5,379.1,304.6,222.8,164.4,408.5,32.5,261.2,206.9,240.5,447.0,324.5,221.6,414.9,298.4,241.3,327.3,396.2,320.7,114.0,324.5,433.3,200.5,328.4,287.7,195.7,322.4,291.0,250.6,235.7,334.8,80.0,277.3,437.2,370.0,412.5,0.0,278.5,299.7,236.0,313.3,275.7,297.1,261.7,243.0,360.7,83.1,322.8,347.5,351.1,192.4,248.9,242.9,395.6,50.1,330.2,412.2,300.6,352.3,444.7,376.1,344.1,372.5,243.4,394.3,308.8,258.9,420.2,52.7,321.6,243.2,322.2,330.4,419.5,403.7,312.7,318.6,356.7,1538.6,181.6,458.0,267.2
QD,294.0,340.5,352.7,189.4,454.5,332.2,426.3,345.2,332.6,334.4,296.8,379.3,231.3,59.1,374.1,344.3,375.7,220.9,369.3,398.0,219.8,174.9,66.7,295.2,280.9,222.8,305.6,294.4,211.1,227.4,424.9,318.4,293.1,159.5,247.1,284.6,294.8,288.1,202.7,38.7,265.6,221.4,273.4,293.5,394.7,320.1,376.1,384.2,271.8,213.5,327.9,320.2,368.3,313.7,290.7,396.0,294.8,323.6,369.9,312.8,398.8,337.2,404.5,361.0,230.3,277.0,257.6,208.3,359.2,357.1,197.0,67.9,44.1,307.2,209.4,329.0,348.8,241.1,441.5,321.2,297.8,0.0,240.7,283.0,363.4,353.1,171.7,320.7,184.0,228.9,221.1,260.7,419.0,422.6,265.6,307.9,314.4,266.9,299.1,204.8,277.7,206.4,261.0,248.0,241.6,418.3,78.9,314.9,213.3,358.9,330.4,274.1,322.9,192.9,214.6,89.7,221.1,238.5,312.4,212.3,259.6,265.4,1479.6,289.0,331.4,11.3
QH,329.4,363.4,388.1,118.0,489.9,367.6,461.7,380.6,368.0,411.4,142.6,499.4,301.0,245.4,409.5,379.7,452.7,68.2,402.6,518.1,220.4,328.8,150.3,330.6,133.6,258.2,321.1,107.9,122.3,80.1,465.3,224.2,138.9,109.9,99.8,195.4,330.2,140.8,171.7,265.8,301.0,102.6,126.1,328.9,471.7,133.6,411.5,419.6,307.2,141.0,365.8,335.7,403.7,349.1,201.5,431.4,330.2,169.4,405.3,348.2,434.2,150.7,427.6,396.4,384.2,184.1,275.0,311.1,394.6,392.5,233.7,224.4,260.4,342.6,317.5,355.0,384.2,169.7,476.9,167.0,333.2,225.9,0.0,310.5,440.4,388.5,204.4,336.2,98.1,115.2,256.5,177.9,454.4,458.0,301.0,323.4,349.8,343.9,334.5,237.5,166.7,360.3,106.8,144.9,130.6,495.3,138.1,350.3,94.5,435.9,365.8,174.7,358.3,329.6,317.7,178.8,185.5,122.3,158.2,366.2,112.3,111.2,1440.7,324.4,216.5,242.2
QJ,261.9,307.6,319.8,370.3,421.6,299.3,393.4,312.3,299.7,291.7,367.9,346.4,82.7,245.4,341.2,311.4,359.2,259.7,336.4,365.1,345.1,173.5,340.1,262.3,319.7,49.3,10.5,333.2,392.0,266.2,392.0,449.5,364.2,389.5,285.9,420.7,261.9,326.9,296.4,225.0,232.7,382.2,312.2,260.6,359.1,358.9,343.2,351.3,238.9,388.3,297.5,25.1,335.4,280.8,426.8,363.1,261.9,394.7,337.0,279.9,365.9,376.0,359.3,328.1,180.7,409.4,56.7,308.2,326.3,324.2,302.2,270.8,230.4,274.3,314.6,296.1,315.9,417.0,408.6,392.3,264.9,258.3,279.5,0.0,381.5,320.2,276.9,30.3,222.8,340.5,188.2,302.6,386.1,389.7,232.7,17.5,281.5,372.1,266.2,310.0,392.0,156.8,332.1,424.5,355.9,382.7,352.3,282.0,374.1,356.8,297.5,400.0,290.0,290.1,99.4,302.0,310.2,401.9,383.5,168.9,298.4,336.5,1518.4,256.1,441.8,247.0
QL,290.9,306.5,331.2,467.4,339.4,178.7,233.6,143.1,311.1,78.1,465.0,166.1,323.0,340.3,352.6,322.8,119.4,376.4,125.1,184.8,442.2,380.2,437.2,298.9,416.8,260.6,323.5,449.9,489.1,363.3,314.8,546.6,480.9,486.6,402.6,517.8,138.3,424.0,393.5,322.1,269.3,479.3,409.3,110.2,74.6,456.0,261.0,362.7,275.5,485.4,328.5,338.1,346.8,317.4,523.9,159.9,298.5,491.8,158.0,120.1,283.7,473.1,165.5,341.5,401.4,506.5,297.0,424.9,171.5,335.6,418.9,387.5,347.1,153.7,411.7,298.1,159.0,514.1,326.4,489.4,276.3,355.4,376.6,312.9,0.0,232.1,393.6,338.6,319.9,437.6,219.2,419.3,303.9,307.5,269.3,325.8,113.5,472.5,277.6,426.7,489.1,377.5,429.2,521.6,453.0,51.9,449.4,120.9,471.2,44.9,159.7,497.1,301.4,418.1,320.1,399.1,426.9,499.0,480.6,389.6,395.5,433.6,1615.5,292.7,538.9,344.1
QT,262.1,308.6,319.4,457.0,30.6,235.9,324.1,248.9,299.3,200.1,453.2,283.0,291.6,332.1,334.9,312.4,241.4,345.0,274.4,301.7,424.5,370.1,425.4,287.1,405.0,248.8,311.7,418.5,477.3,351.5,180.3,534.8,449.5,474.8,365.3,506.0,199.9,412.2,375.8,310.3,257.5,467.5,397.5,198.6,260.4,444.2,22.9,352.3,263.7,476.1,291.2,320.4,335.0,305.6,512.1,299.7,288.1,480.0,273.6,216.5,80.6,461.3,302.8,329.1,389.6,499.8,259.7,387.6,262.9,323.8,387.5,356.1,309.8,210.9,399.9,297.1,252.5,502.3,47.7,477.6,258.6,343.6,358.9,295.2,230.5,0.0,362.2,326.8,308.1,429.9,181.9,387.9,56.5,72.5,257.5,314.0,212.2,398.1,265.8,395.3,477.3,365.7,417.4,503.9,441.2,284.0,435.0,218.6,459.4,235.4,234.1,485.3,289.6,386.7,308.3,387.3,389.6,486.0,468.8,377.8,383.7,421.8,1553.9,280.9,524.5,332.3
QW,280.5,313.7,338.4,270.0,440.2,317.9,412.0,330.9,318.3,310.3,267.6,365.0,247.0,152.6,359.8,330.0,391.4,159.4,352.9,383.7,80.3,190.3,329.6,280.9,219.4,208.5,271.4,232.9,291.7,165.9,410.6,349.2,263.9,289.2,185.6,320.4,280.5,226.6,66.1,132.2,251.3,281.9,211.9,279.3,410.4,258.6,361.8,369.9,257.5,288.0,316.1,286.0,354.0,299.4,326.5,381.7,280.5,294.4,355.6,298.5,384.5,275.7,384.8,346.7,246.0,312.8,225.3,121.8,344.9,342.8,64.4,178.0,137.6,292.9,128.2,305.3,334.5,316.7,427.2,292.0,283.5,165.5,179.2,260.8,408.7,338.8,0.0,286.5,96.8,240.2,206.8,124.1,404.7,408.3,251.3,273.7,300.1,282.6,284.8,33.0,291.7,222.1,231.8,324.2,255.6,434.0,317.4,300.6,273.8,384.0,316.1,299.7,308.6,223.2,230.3,209.2,84.5,299.0,283.2,228.0,198.1,236.2,1465.3,274.7,337.5,154.2
RQ,267.2,313.7,325.9,376.4,427.7,305.4,399.5,318.4,305.8,297.8,374.0,352.5,88.8,251.5,347.3,317.5,365.3,265.8,342.5,371.2,351.2,179.9,346.2,268.4,325.8,55.4,41.3,339.3,398.1,272.3,398.1,455.6,370.3,395.6,292.0,426.8,268.0,333.0,302.5,231.1,238.8,388.3,318.3,266.7,365.2,365.0,349.3,357.4,245.0,395.5,301.1,55.9,341.5,286.9,432.9,369.2,268.0,400.8,343.1,286.0,372.0,382.1,377.7,334.2,186.8,419.2,62.8,319.6,332.4,330.3,308.3,276.9,236.5,280.4,320.7,302.2,322.0,423.1,414.7,398.4,271.0,264.4,285.6,22.6,358.0,326.3,283.0,0.0,228.9,349.3,194.3,308.7,392.2,395.8,238.8,12.7,287.6,378.2,272.3,316.1,398.1,162.9,338.2,430.6,362.0,388.8,358.4,288.1,380.2,353.5,303.6,406.1,296.1,289.7,105.5,308.1,316.3,405.4,389.6,175.0,304.5,342.6,1524.5,262.2,443.9,253.1
RS,276.9,323.4,335.6,173.1,437.4,315.1,409.2,328.1,315.5,307.5,170.7,362.2,248.5,327.8,357.0,327.2,375.0,62.5,352.2,380.9,122.2,281.7,232.7,278.1,122.5,205.7,268.6,136.0,194.8,69.0,407.8,252.3,167.0,192.3,88.7,223.5,277.7,129.7,73.5,223.3,248.5,185.0,115.0,276.4,374.9,161.7,359.0,367.1,254.7,192.2,310.8,283.2,351.2,296.6,229.6,378.9,277.7,197.5,352.8,295.7,381.7,178.8,387.4,343.9,337.1,215.9,222.5,218.2,342.1,340.0,135.5,306.8,228.7,290.1,219.3,311.9,331.7,219.8,424.4,195.1,280.7,308.3,82.3,246.0,367.7,336.0,106.2,283.7,0.0,146.0,204.0,79.7,401.9,405.5,248.5,270.9,297.3,373.7,282.0,139.3,194.8,313.2,134.9,227.3,158.7,398.5,220.5,297.8,176.9,363.2,313.3,202.8,305.8,299.7,265.2,261.2,87.3,202.1,186.3,319.1,101.2,139.3,1388.2,271.9,240.6,324.6
RV,405.7,421.3,446.0,81.7,547.8,425.5,601.8,514.0,425.9,422.5,102.5,510.5,393.6,258.7,464.7,434.9,463.8,170.0,496.0,529.2,275.6,339.6,161.4,388.5,191.5,316.1,379.0,104.2,100.7,138.0,523.2,120.1,96.1,121.0,155.0,86.3,385.1,196.0,226.9,276.9,358.9,133.1,184.0,454.6,482.8,129.9,469.4,474.8,365.1,99.7,421.0,393.6,461.6,407.0,92.4,530.8,385.4,129.3,502.4,488.3,492.1,147.0,545.0,456.3,395.3,75.0,330.2,366.3,542.4,450.4,288.9,232.8,268.8,400.5,375.4,412.9,503.4,128.4,534.8,126.9,388.4,237.0,138.1,368.4,481.1,440.5,259.6,394.1,156.0,0.0,314.4,233.1,512.3,513.2,358.9,381.3,464.8,355.0,392.4,292.7,48.7,371.4,66.7,137.6,12.6,506.4,149.2,491.8,133.0,456.4,504.1,56.7,416.2,318.5,376.9,189.9,240.7,135.5,118.1,377.3,170.2,71.1,1498.6,382.3,128.4,253.3
RX,72.8,106.8,131.5,307.3,299.8,177.5,271.6,190.5,111.4,169.9,304.9,224.6,143.3,180.2,152.9,123.1,237.4,196.7,212.5,243.3,282.1,220.1,277.1,128.0,256.7,100.5,163.4,270.2,329.0,203.2,275.2,386.5,301.2,326.5,222.9,357.7,137.1,263.9,233.4,162.0,109.2,319.2,249.2,138.8,237.3,295.9,221.4,163.0,104.6,325.3,109.2,178.0,147.1,157.3,363.8,241.3,138.4,331.7,215.2,158.1,244.1,313.0,237.5,139.8,241.3,346.4,117.3,245.2,204.5,135.9,239.2,207.8,167.4,152.5,251.6,98.4,194.1,354.0,286.8,329.3,76.6,195.3,216.5,152.8,259.7,192.5,213.9,178.5,159.8,280.2,0.0,239.6,264.3,267.9,109.2,165.7,159.7,312.4,77.9,247.0,329.0,217.4,269.1,361.5,292.9,260.9,289.3,160.2,311.1,225.6,175.7,337.0,101.7,238.4,160.0,239.0,247.2,336.3,320.5,229.5,235.4,273.5,1455.4,121.8,378.8,184.0
SB,349.2,395.7,407.9,245.4,509.7,387.4,481.5,400.4,387.8,379.8,243.0,434.5,361.5,264.9,429.3,399.5,447.3,134.8,424.5,453.2,145.6,304.8,305.0,350.4,194.8,278.0,340.9,208.3,267.1,141.3,480.1,324.6,239.3,264.6,161.0,295.8,347.0,202.0,72.0,246.7,320.8,257.3,187.3,348.7,447.2,234.0,431.3,439.4,327.0,264.5,385.6,355.5,423.5,368.9,301.9,451.2,350.0,269.8,425.1,368.0,454.0,251.1,454.3,416.2,360.5,288.2,294.8,236.3,414.4,412.3,158.9,379.1,252.1,362.4,242.7,384.2,404.0,292.1,496.7,267.4,353.0,280.0,154.6,330.3,440.0,408.3,129.6,356.0,72.2,218.3,276.3,0.0,474.2,477.8,320.8,343.2,369.6,397.1,354.3,162.7,267.1,336.6,207.2,299.6,231.0,470.8,292.8,370.1,249.2,435.5,385.6,275.1,378.1,323.1,344.8,333.5,50.8,274.4,258.6,342.5,173.5,211.6,1460.5,344.2,312.9,268.7
SE,327.8,374.3,386.5,522.7,55.1,303.0,397.1,316.0,366.4,267.2,520.3,350.1,358.7,397.8,407.9,378.1,308.5,412.1,340.1,368.8,497.5,435.8,492.5,354.2,472.1,315.9,378.8,485.6,544.4,418.6,132.5,601.9,516.6,541.9,438.3,573.1,265.6,479.3,448.8,377.4,324.6,534.6,464.6,264.3,327.5,511.3,43.5,418.0,330.8,541.8,361.7,393.4,402.1,372.7,579.2,366.8,353.8,547.1,340.7,283.6,30.3,528.4,375.3,394.8,456.7,565.5,332.7,465.9,330.0,390.9,454.6,423.2,382.8,278.0,467.0,362.8,319.6,569.4,42.1,544.7,331.6,410.7,431.9,356.2,296.2,66.5,429.3,393.9,375.2,495.6,254.9,455.0,0.0,23.2,324.6,381.1,285.2,465.2,332.9,462.4,544.4,432.8,484.5,576.9,508.3,351.1,502.1,285.7,526.5,291.7,301.2,552.4,356.7,453.8,375.4,454.4,462.6,551.7,535.9,444.9,450.8,488.9,1587.1,348.0,590.2,399.4
SF,312.2,345.4,370.1,506.3,31.8,286.6,380.7,299.6,350.0,250.8,503.9,333.7,342.3,379.2,391.5,361.7,292.1,395.7,321.6,352.4,481.1,419.4,476.1,337.8,455.7,299.5,362.4,469.2,528.0,402.2,121.1,585.5,500.2,525.5,421.9,556.7,249.2,462.9,432.4,361.0,308.2,518.2,448.2,248.0,311.1,494.9,66.8,401.6,314.4,524.3,347.8,377.0,385.7,356.3,562.8,350.4,337.4,530.7,324.3,267.2,13.9,512.0,353.5,378.4,440.3,545.4,316.3,444.2,313.6,374.5,438.2,406.8,366.4,261.6,450.6,337.0,303.2,553.0,18.8,528.3,315.2,394.3,415.5,351.8,309.4,72.5,412.9,377.5,358.8,476.5,238.5,438.6,23.2,0.0,308.2,364.7,268.8,448.8,316.5,446.0,528.0,416.4,468.1,560.5,491.9,334.7,485.7,269.3,510.1,275.3,284.8,536.0,340.3,420.2,359.0,438.0,446.2,537.9,519.5,428.5,434.4,472.5,1570.7,331.6,577.8,383.0
SM,153.9,165.4,222.2,329.8,367.6,245.3,339.4,258.3,157.5,237.7,327.4,292.4,165.8,204.9,234.0,213.8,305.2,219.2,282.4,311.1,304.6,242.9,299.6,111.1,279.2,123.0,185.9,292.7,351.5,225.7,338.0,409.0,323.7,349.0,245.4,380.2,207.9,286.4,255.9,184.5,0.0,341.7,271.7,206.6,305.1,318.4,289.2,209.1,87.7,348.9,197.4,200.5,193.2,65.8,386.3,309.1,29.1,354.2,283.0,225.9,311.9,335.5,317.6,230.5,263.8,372.6,139.8,273.0,272.3,217.0,261.7,230.3,189.9,220.3,274.1,198.5,261.9,376.5,354.6,351.8,167.3,217.8,239.0,163.3,431.4,266.2,236.4,201.0,182.3,302.7,134.0,262.1,332.1,335.7,0.0,188.2,227.5,334.9,168.6,269.5,351.5,239.9,291.6,384.0,315.4,328.7,311.8,228.0,333.6,426.9,243.5,359.5,192.4,260.9,182.5,261.5,269.7,358.8,343.0,252.0,257.9,296.0,1477.9,104.9,397.3,206.5
SS,254.4,300.9,313.1,363.6,414.9,292.6,386.7,305.6,293.0,285.0,361.2,339.7,76.0,238.7,334.5,304.7,352.5,253.0,329.7,358.4,338.4,167.1,333.4,255.6,313.0,42.6,28.5,326.5,385.3,259.5,385.3,442.8,357.5,382.8,279.2,414.0,255.2,320.2,289.7,218.3,226.0,375.5,305.5,253.9,352.4,352.2,336.5,344.6,232.2,382.7,288.3,43.1,328.7,274.1,420.1,356.4,255.2,388.0,330.3,273.2,359.2,369.3,364.9,321.4,174.0,406.4,50.0,306.8,319.6,317.5,295.5,264.1,223.7,267.6,307.9,289.4,309.2,410.3,401.9,385.6,258.2,251.6,272.8,9.9,345.2,313.5,270.2,12.7,216.1,336.5,181.5,295.9,379.4,383.0,226.0,0.0,274.8,365.4,259.5,303.3,385.3,150.1,325.4,417.8,349.2,376.0,345.6,275.3,367.4,340.7,290.8,393.3,283.3,259.7,92.7,295.3,303.5,392.6,376.8,162.2,291.7,329.8,1511.7,249.4,431.1,240.3
TD,239.6,267.7,279.9,416.1,331.8,127.4,182.3,44.0,259.8,70.5,413.7,158.5,252.1,289.0,301.3,271.5,111.8,305.5,90.2,177.2,390.9,328.9,385.9,247.6,365.5,209.3,272.2,379.0,437.8,312.0,307.2,495.3,410.0,435.3,331.7,466.5,90.0,372.7,342.2,270.8,218.0,428.0,358.0,89.4,100.2,404.7,253.4,311.4,224.2,434.1,257.6,286.8,295.5,266.1,472.6,125.0,247.2,440.5,150.4,68.8,276.1,421.8,114.2,288.2,350.1,458.9,226.1,354.0,81.0,284.3,348.0,316.6,276.2,102.4,360.4,256.2,151.4,462.8,318.8,438.1,225.0,304.1,325.3,261.6,122.6,224.5,322.7,287.3,268.6,386.3,148.3,348.4,296.3,299.9,218.0,274.5,0.0,421.2,226.3,355.8,437.8,326.2,377.9,470.3,401.7,123.8,398.1,21.8,419.9,97.9,126.2,445.8,250.1,353.7,268.8,347.8,356.0,445.1,429.3,338.3,344.2,382.3,1564.2,241.4,483.6,292.8
TG,426.5,473.0,485.2,326.1,467.3,401.7,475.6,385.1,465.1,293.6,473.2,381.6,293.0,253.7,506.6,476.8,334.9,365.0,369.2,400.3,363.9,236.6,301.8,452.9,425.0,333.8,367.3,438.5,347.8,371.5,437.7,427.6,469.5,296.2,391.2,421.3,364.3,432.2,346.8,233.3,423.3,358.1,417.5,325.8,353.9,464.2,388.9,516.7,429.5,350.2,460.4,381.9,500.8,471.4,427.4,401.9,452.5,441.7,373.5,362.1,411.6,481.3,419.8,493.5,292.0,413.7,319.3,352.4,413.5,489.6,341.1,279.1,238.7,376.7,353.5,461.5,374.5,377.8,454.3,364.0,430.3,266.6,384.8,344.7,322.6,365.9,315.8,382.4,328.1,365.6,353.6,404.8,431.8,435.4,423.3,369.6,335.9,0.0,431.6,348.9,414.4,268.1,437.4,384.7,378.3,377.5,289.6,362.9,350.0,318.1,375.2,410.8,455.4,101.0,276.3,310.3,365.2,375.2,355.2,274.0,403.7,441.8,1479.4,446.7,415.9,255.3
TI,113.7,160.2,53.5,371.6,364.1,241.8,335.9,254.8,152.3,234.2,369.2,288.9,207.6,246.7,193.8,77.8,301.7,261.0,278.9,307.6,346.4,284.7,341.4,168.9,321.0,164.8,227.7,334.5,393.3,267.5,334.5,450.8,365.5,390.8,287.2,422.0,204.4,328.2,297.7,226.3,173.5,383.5,313.5,203.1,301.6,360.2,285.7,203.9,145.5,390.7,80.0,242.3,188.0,221.6,428.1,305.6,202.7,396.0,279.5,222.4,308.4,377.3,314.1,61.8,305.6,414.4,181.6,314.8,268.8,176.8,303.5,272.1,231.7,216.8,315.9,29.8,258.4,418.3,351.1,393.6,49.9,259.6,280.8,205.1,294.4,262.7,278.2,242.8,224.1,344.5,64.2,303.9,328.6,332.2,173.5,230.0,224.0,376.7,0.0,311.3,393.3,281.7,333.4,425.8,357.2,325.2,353.6,224.5,375.4,289.9,240.0,401.3,75.0,302.7,224.3,303.3,311.5,400.6,384.8,293.8,299.7,337.8,1519.7,162.7,439.1,248.3
TS,323.8,369.5,381.7,313.3,483.5,361.2,455.3,374.2,361.6,353.6,310.9,408.3,290.3,193.7,403.1,373.3,434.7,202.7,396.2,427.0,47.2,233.9,372.9,324.2,262.7,251.8,314.7,276.2,335.0,209.2,458.9,392.5,307.2,332.5,228.9,363.7,320.8,269.9,109.4,175.5,294.6,325.2,255.2,322.5,453.7,301.9,405.1,413.2,300.8,331.3,359.4,329.3,397.3,342.7,369.8,425.0,323.8,337.7,398.9,341.8,427.8,319.0,421.2,392.0,289.3,352.4,268.6,165.1,388.2,386.1,107.7,221.3,180.9,336.2,171.5,348.6,377.8,360.0,470.5,335.3,326.8,208.8,222.5,304.1,452.0,376.2,43.2,329.8,140.1,283.5,250.1,167.4,448.0,451.6,294.6,317.0,343.4,325.9,328.1,0.0,335.0,265.4,275.1,367.5,298.9,477.3,360.7,343.9,317.1,417.9,359.4,343.0,351.9,258.4,273.6,252.5,127.8,344.9,326.5,271.3,241.4,279.5,1508.6,318.0,384.8,197.5
UD,436.1,482.6,494.8,130.5,596.6,474.3,653.3,562.8,474.7,471.3,151.3,559.3,445.1,305.3,516.2,486.4,512.6,221.5,546.9,578.0,327.1,388.7,210.2,437.3,240.3,364.9,427.8,153.0,152.2,186.8,567.0,107.6,147.6,169.8,206.5,73.8,436.9,247.5,278.4,325.7,407.7,181.9,232.8,503.5,531.6,178.7,518.2,526.3,413.9,149.6,470.0,442.4,510.4,455.8,79.9,579.6,436.9,178.1,551.2,539.8,540.9,195.8,597.5,503.1,444.1,66.2,381.7,423.1,591.2,499.2,340.4,284.3,320.3,449.3,424.2,471.1,552.2,177.2,583.6,175.7,439.9,285.8,186.9,405.2,500.3,495.2,311.1,442.9,204.8,48.7,363.2,284.6,561.1,564.7,407.7,430.1,513.6,403.8,441.2,344.2,0.0,420.2,115.5,189.1,36.0,555.2,198.0,540.6,181.8,495.8,552.9,44.2,465.0,389.5,428.4,238.7,292.2,181.7,166.9,426.1,219.0,119.9,1547.4,431.1,120.6,302.1
UT,331.3,377.8,390.0,322.7,523.8,458.2,532.1,441.6,369.9,350.1,438.1,438.1,78.7,179.7,411.4,381.6,391.4,329.9,425.7,456.8,289.9,50.8,274.4,332.5,389.9,119.5,153.0,403.4,344.4,336.4,494.2,424.2,434.4,292.8,356.1,490.9,420.8,397.1,272.8,159.3,302.9,354.7,382.4,382.3,410.4,429.1,445.4,421.5,309.1,346.8,365.2,167.6,405.6,351.0,497.0,458.4,332.1,464.9,430.0,418.6,468.1,446.2,476.3,398.3,23.8,483.3,105.0,278.4,470.0,394.4,267.1,205.1,164.7,433.2,279.5,366.3,431.0,374.4,510.8,360.6,335.1,192.6,349.7,130.4,379.1,422.4,241.8,168.1,293.0,413.4,258.4,330.8,488.3,491.9,302.9,155.3,392.4,249.1,336.4,274.9,462.2,0.0,402.3,381.3,426.1,434.0,286.6,419.4,346.6,374.6,431.7,470.2,360.2,160.6,62.0,236.3,291.2,371.8,351.8,59.7,368.6,406.7,1553.9,326.3,412.5,181.3
UY,366.2,412.7,424.9,103.8,526.7,404.4,498.5,417.4,404.8,444.3,35.7,532.3,337.8,278.6,446.3,416.5,485.6,151.6,519.9,551.0,257.2,361.7,183.5,367.4,170.4,295.0,357.9,83.1,125.5,116.9,497.1,156.6,32.0,143.1,136.6,154.2,367.0,177.6,208.5,299.0,337.8,155.2,162.9,365.7,504.6,108.8,448.3,456.4,344.0,122.9,400.1,372.5,440.5,385.9,160.3,468.2,367.0,62.5,524.2,385.0,471.0,125.9,476.7,433.2,417.1,146.6,311.8,353.2,431.4,429.3,270.5,257.6,293.6,379.4,354.3,401.2,421.0,150.5,513.7,99.4,370.0,259.1,117.0,335.3,473.3,425.3,241.2,373.0,134.9,76.7,293.3,214.7,491.2,494.8,337.8,360.2,386.6,376.8,371.3,274.3,125.5,393.2,0.0,162.4,89.4,528.2,171.3,387.1,155.1,468.8,402.6,133.5,395.1,362.5,354.5,212.0,222.3,155.0,90.6,399.1,149.1,4.4,1477.5,361.2,144.9,275.4
UZ,539.8,585.5,597.7,43.0,579.8,514.2,588.1,497.6,577.6,406.1,192.7,494.1,379.9,240.1,619.1,589.3,447.4,220.7,481.7,512.8,368.5,323.2,145.0,469.7,281.7,420.7,454.2,194.4,39.2,228.2,555.2,214.3,189.0,104.6,247.9,180.5,473.8,288.9,319.8,260.5,440.1,68.1,274.2,438.2,466.4,220.1,501.4,629.2,446.3,108.3,575.4,468.8,613.3,488.2,186.6,514.4,469.3,219.5,486.0,474.6,524.1,237.2,520.0,608.0,378.9,169.2,406.2,377.5,526.0,602.1,371.5,219.1,255.1,489.2,383.9,564.6,487.0,137.0,566.8,217.1,542.8,220.6,152.4,443.6,464.7,472.5,346.2,469.3,246.2,122.1,466.1,326.0,544.3,547.9,440.1,456.5,448.4,338.6,544.1,379.3,173.6,355.0,156.9,0.0,137.5,490.0,132.8,475.4,76.2,440.0,487.7,170.0,567.9,324.3,363.2,173.5,333.6,48.0,208.3,360.9,260.4,161.3,1588.8,463.5,227.3,236.9
VD,400.0,446.5,458.7,94.4,560.5,438.2,617.2,526.7,438.6,435.2,115.2,523.2,409.0,269.2,480.1,450.3,476.5,185.4,510.8,541.9,291.0,352.6,174.1,401.2,204.2,328.8,391.7,116.9,116.1,150.7,530.9,107.4,111.5,133.7,170.4,73.6,400.8,211.4,242.3,289.6,371.6,145.8,196.7,467.4,495.5,142.6,482.1,490.2,377.8,113.5,433.9,406.3,474.3,419.7,79.7,543.5,400.8,142.0,515.1,503.7,504.8,159.7,561.4,467.0,408.0,66.0,345.6,387.0,555.1,463.1,304.3,248.2,284.2,413.2,388.1,435.0,516.1,141.1,547.5,139.6,403.8,249.7,150.8,369.1,464.2,459.1,275.0,406.8,168.7,12.6,327.1,248.5,525.0,528.6,371.6,394.0,477.5,367.7,405.1,308.1,36.0,384.1,79.4,153.0,0.0,519.1,161.9,504.5,145.7,459.7,516.8,44.0,428.9,353.4,392.3,202.6,256.1,145.6,130.8,390.0,182.9,83.8,1511.3,395.0,120.4,266.0
VK,282.1,328.6,340.8,477.0,373.1,188.3,243.2,152.7,320.7,111.8,474.6,199.8,313.0,352.1,362.2,332.4,153.1,366.4,136.8,218.5,451.8,389.8,446.8,308.5,426.4,270.2,333.1,439.9,498.7,372.9,348.5,556.2,470.9,496.2,392.6,527.4,147.9,433.6,403.1,331.7,278.9,488.9,418.9,144.0,70.3,465.6,294.7,372.3,285.1,496.1,318.5,347.7,356.4,327.0,533.5,169.5,308.1,501.4,191.7,129.7,317.4,482.7,175.1,349.1,411.0,516.1,287.0,414.9,181.1,345.2,408.9,377.5,337.1,163.3,421.3,307.7,192.7,523.7,360.1,499.0,285.9,365.0,386.2,322.5,72.4,273.1,383.6,348.2,329.5,449.9,209.2,409.3,337.6,341.2,278.9,335.4,103.5,482.1,287.2,416.7,498.7,387.1,438.8,531.2,462.6,0.0,459.0,130.5,480.8,91.3,193.4,506.7,311.0,390.9,329.7,408.7,416.9,506.0,490.2,399.2,405.1,443.2,1625.1,302.3,544.5,353.7
VQ,460.1,506.6,518.8,110.4,500.9,435.3,509.2,418.7,498.7,327.2,217.8,415.2,301.0,107.2,540.2,510.4,368.5,238.4,402.8,433.9,304.2,244.6,12.2,379.6,303.8,341.8,375.3,219.5,132.1,250.3,471.3,239.4,214.1,80.5,270.0,205.6,397.9,311.0,287.1,127.6,350.0,142.4,296.3,359.4,387.5,245.2,422.5,550.3,356.2,134.5,494.0,389.9,534.4,398.1,211.7,435.5,379.2,244.6,407.1,395.7,445.2,262.3,453.4,527.1,300.0,198.0,327.3,292.7,447.1,523.2,281.4,86.2,122.2,410.3,293.8,495.1,408.1,162.1,487.9,242.2,463.9,87.7,170.1,352.7,356.2,399.5,256.1,390.4,268.3,149.9,387.2,345.1,465.4,469.0,350.0,377.6,369.5,259.7,465.2,289.2,198.7,276.1,182.0,169.0,162.6,411.1,0.0,396.5,134.3,351.7,408.8,195.1,489.0,229.3,284.3,40.6,305.5,159.5,233.4,282.0,282.5,186.4,1531.0,373.4,252.4,104.0
VR,211.7,258.2,270.4,406.6,355.1,117.9,172.8,30.2,250.3,93.8,404.2,165.6,242.6,281.7,291.8,262.0,135.1,296.0,100.8,184.3,381.4,319.7,376.4,238.1,356.0,199.8,262.7,369.5,428.3,302.5,325.5,485.8,400.5,425.8,322.2,457.0,80.5,363.2,332.7,261.3,208.5,418.5,348.5,79.8,123.5,395.2,276.7,301.9,214.7,425.7,245.6,277.3,286.0,256.6,463.1,127.5,237.7,431.0,156.2,59.3,299.4,412.3,136.0,278.7,340.6,449.4,216.6,349.8,59.1,274.8,338.5,307.1,266.7,92.9,350.9,246.7,135.1,453.3,342.1,428.6,215.5,294.6,315.8,240.1,116.3,253.7,313.2,277.8,259.1,379.5,138.8,338.9,319.6,323.2,208.5,265.0,21.8,411.7,216.8,346.3,428.3,316.7,368.4,460.8,392.2,147.1,388.6,0.0,410.4,111.8,116.7,436.3,240.6,320.5,259.3,338.3,346.5,435.6,419.8,328.8,334.7,372.8,1554.7,231.9,474.1,283.3
VX,414.3,460.8,473.0,49.4,559.6,494.0,567.9,477.4,452.9,385.9,199.1,473.9,359.7,219.9,494.4,464.6,427.2,153.1,461.5,492.6,305.3,303.3,124.8,415.5,218.5,343.1,434.0,192.8,27.7,165.0,530.0,220.7,195.4,84.4,184.7,186.9,456.6,225.7,256.6,240.3,385.9,8.0,211.0,418.1,446.2,218.5,481.2,504.5,392.1,115.8,448.2,448.6,488.6,434.0,193.0,494.2,415.1,225.9,465.8,454.4,503.9,235.6,512.1,481.3,358.7,179.3,386.0,362.6,505.8,477.4,318.6,198.9,234.9,469.0,363.7,449.3,466.8,143.4,546.6,223.5,418.1,200.4,84.8,411.4,414.9,458.2,289.3,449.1,183.0,131.2,341.4,262.8,524.1,527.7,385.9,436.3,428.2,318.4,419.4,322.4,180.0,334.8,163.3,50.3,143.9,469.8,112.6,455.2,0.0,410.4,467.5,176.4,443.2,288.0,343.0,153.3,270.4,25.1,214.7,340.7,197.2,167.7,1525.6,409.3,233.7,216.7
WB,286.7,333.2,344.1,472.1,352.3,192.9,238.3,156.0,324.0,91.0,477.9,179.0,308.1,356.7,357.3,337.0,132.3,361.5,141.4,197.7,456.4,394.7,450.1,311.8,429.7,273.5,336.4,435.0,493.8,376.2,324.0,559.5,474.2,499.5,387.7,530.7,155.5,436.9,406.4,335.0,282.2,492.2,422.2,124.5,107.6,468.9,273.9,376.9,288.4,500.7,321.8,352.3,359.7,330.3,536.8,172.8,303.2,504.7,170.9,124.8,296.6,486.0,185.3,353.7,414.3,524.4,282.1,418.2,184.4,348.5,404.0,380.8,332.2,166.6,424.6,321.7,171.9,527.0,339.3,502.3,289.2,368.3,381.3,325.8,34.2,246.3,378.7,351.5,332.8,454.5,204.3,412.6,316.8,312.2,282.2,338.7,98.6,485.4,290.5,411.8,502.0,390.4,442.1,534.5,465.9,76.7,462.3,133.8,484.1,0.0,172.6,510.0,314.3,417.8,324.8,412.0,420.2,510.6,493.5,402.5,408.4,446.5,1628.4,305.6,549.1,357.0
WD,268.6,315.1,327.3,463.5,375.6,174.8,249.5,168.4,307.2,91.8,461.1,107.3,299.5,338.6,348.7,318.9,159.3,352.9,192.5,126.0,438.3,376.6,433.3,295.0,412.9,256.7,319.6,426.4,485.2,359.4,346.0,542.7,457.4,482.7,379.1,513.9,137.4,420.1,389.6,318.2,265.4,475.4,405.4,60.7,194.6,452.1,297.2,358.8,271.6,482.6,302.5,334.2,342.9,313.5,520.0,219.2,294.6,487.9,107.2,136.0,319.9,469.2,227.7,335.6,397.5,506.3,273.5,406.7,182.4,331.7,395.4,364.0,323.6,149.8,407.8,303.6,76.8,510.2,362.6,485.5,272.4,351.5,372.7,297.0,163.3,274.2,370.1,334.7,316.0,436.4,195.7,395.8,340.1,343.7,265.4,321.9,137.6,468.6,273.7,403.2,485.2,373.6,425.3,517.7,449.1,218.2,445.5,138.1,467.3,158.8,0.0,493.2,297.5,394.6,316.2,395.2,403.4,492.5,476.7,385.7,391.6,429.7,1611.6,288.8,531.0,340.2
WE,444.3,490.8,503.0,116.9,631.4,565.8,639.7,549.2,482.9,457.7,159.5,545.7,431.5,291.7,524.4,494.6,499.0,229.7,533.3,564.4,335.3,375.1,196.6,445.5,248.5,373.1,436.0,161.2,138.6,195.0,601.8,63.3,155.8,156.2,214.7,29.5,528.4,255.7,286.6,312.1,415.9,168.3,241.0,489.9,518.0,186.9,553.0,534.5,422.1,136.0,478.2,450.6,518.6,464.0,35.6,566.0,445.1,186.3,537.6,526.2,575.7,204.0,583.9,511.3,430.5,21.9,389.9,431.3,577.6,507.4,348.6,270.7,306.7,540.8,432.4,479.3,538.6,163.6,618.4,183.9,448.1,272.2,195.1,413.4,486.7,530.0,319.3,451.1,213.0,66.7,371.4,292.8,595.9,599.5,415.9,438.3,500.0,390.2,449.4,352.4,34.2,406.6,123.7,175.5,54.0,541.6,184.4,527.0,168.2,482.2,539.3,0.0,473.2,353.7,414.8,225.1,300.4,168.1,175.1,412.5,227.2,128.1,1555.6,439.3,76.3,288.5
XC,154.8,201.3,125.9,412.7,405.2,282.9,377.0,295.9,193.4,275.3,410.3,330.0,248.7,287.8,234.9,53.8,342.8,302.1,320.0,348.7,387.5,325.8,382.5,210.0,362.1,205.9,268.8,375.6,434.4,308.6,375.6,491.9,406.6,431.9,328.3,463.1,245.5,369.3,338.8,267.4,214.6,424.6,354.6,244.2,342.7,401.3,326.8,245.0,186.6,431.8,66.3,283.4,229.1,262.7,469.2,346.7,243.8,437.1,320.6,263.5,349.5,418.4,355.2,84.7,346.7,455.5,222.7,355.9,309.9,217.9,344.6,313.2,272.8,257.9,357.0,102.2,299.5,459.4,392.2,434.7,69.8,300.7,321.9,246.2,335.5,303.8,319.3,283.9,265.2,385.6,105.3,345.0,369.7,373.3,214.6,271.1,265.1,417.8,72.3,352.4,434.4,322.8,374.5,466.9,398.3,366.3,394.7,265.6,416.5,331.0,281.1,442.4,0.0,326.6,265.4,344.4,352.6,441.7,425.9,334.9,340.8,378.9,1560.8,203.8,480.2,289.4
XJ,419.6,483.3,495.5,295.6,453.9,388.3,485.9,395.4,451.7,303.9,388.2,391.9,208.0,166.5,516.9,487.1,321.5,293.7,353.7,386.9,292.6,165.3,263.4,463.2,353.7,262.5,288.4,353.5,326.3,292.6,448.0,397.1,384.5,265.7,290.1,424.9,354.4,353.3,261.8,162.0,416.4,327.6,332.5,318.8,364.2,385.3,399.2,527.0,416.1,327.6,449.5,296.9,487.4,481.7,453.2,388.5,462.8,421.1,352.0,355.2,421.9,396.3,426.4,480.1,207.0,417.3,234.3,262.1,423.8,482.7,256.1,194.1,167.4,387.0,268.5,448.1,384.8,356.3,440.9,350.6,416.9,195.3,299.8,271.7,362.5,352.5,230.8,297.4,256.8,360.8,346.7,325.9,418.4,422.0,416.4,290.7,322.5,105.6,418.2,263.9,418.4,196.8,352.4,354.2,382.3,387.8,289.3,356.0,328.5,320.6,385.5,420.3,448.5,0.0,197.4,225.3,293.9,353.7,324.7,195.1,324.8,356.8,1472.5,457.0,385.4,170.3
XK,269.2,315.7,327.9,378.4,429.7,307.4,401.5,320.4,307.8,373.6,376.0,354.5,16.6,201.0,349.3,319.5,414.9,267.8,344.5,373.2,313.4,74.3,297.9,270.4,327.8,57.4,90.9,341.3,400.1,274.3,400.1,457.6,372.3,397.6,294.0,428.8,267.0,335.0,304.5,182.8,240.8,390.3,320.3,268.7,433.9,367.0,351.3,359.4,247.0,396.4,305.6,105.5,343.5,288.9,434.9,371.2,270.0,402.8,345.1,288.0,374.0,384.1,367.4,336.2,81.2,417.5,42.9,296.6,334.4,332.3,290.6,228.6,188.2,282.4,303.0,304.2,324.0,425.1,416.7,400.4,273.0,216.1,287.6,80.3,432.2,328.3,265.3,106.0,230.9,348.6,196.3,310.7,394.2,397.8,240.8,93.2,289.6,272.6,274.3,298.4,400.1,57.3,340.2,432.6,364.0,457.5,310.1,290.1,382.2,408.9,305.6,408.1,298.1,166.9,0.0,259.8,318.3,410.0,391.6,69.4,306.5,344.6,1526.5,264.2,449.9,204.8
XP,337.7,384.2,396.4,161.1,498.2,375.9,559.9,469.4,376.3,377.9,268.5,465.9,275.0,66.5,417.8,388.0,419.2,264.6,453.5,484.6,263.5,218.6,38.4,338.9,324.6,266.5,349.3,270.2,182.8,271.1,468.6,290.1,264.8,131.2,290.8,256.3,338.5,331.8,246.4,86.9,309.3,193.1,317.1,410.1,438.2,295.9,419.8,427.9,315.5,185.2,371.6,363.9,412.0,357.4,262.4,486.2,338.5,295.3,457.8,446.4,442.5,313.0,504.1,404.7,274.0,248.7,301.3,252.0,402.9,400.8,240.7,81.6,81.5,350.9,253.1,372.7,458.8,212.8,485.2,292.9,341.5,88.5,220.8,326.7,406.9,396.8,215.4,364.4,227.7,200.6,264.8,304.4,462.7,466.3,309.3,351.6,420.2,310.4,342.8,248.5,249.4,250.1,232.7,219.7,213.3,461.8,50.6,447.2,185.0,402.4,374.1,245.8,366.6,266.3,258.3,0.0,264.8,210.2,284.1,256.0,303.3,237.1,1523.3,332.7,303.1,104.8
XV,361.7,377.3,402.0,261.7,503.8,381.5,475.6,394.5,381.9,373.9,259.3,428.6,310.6,216.2,423.4,393.6,455.0,151.1,416.5,447.3,94.7,253.9,321.3,344.5,211.1,272.1,335.0,224.6,283.4,157.6,474.2,340.9,255.6,280.9,177.3,312.1,344.1,218.3,21.2,195.8,314.9,273.6,203.6,342.9,474.0,250.3,425.4,433.5,321.1,280.8,379.7,349.6,417.6,363.0,318.2,445.3,344.1,286.1,419.2,362.1,448.1,267.4,448.4,410.3,309.6,304.5,288.9,185.4,408.5,406.4,108.0,241.6,201.2,356.5,191.8,368.9,398.1,308.4,490.8,283.7,347.1,229.1,170.9,324.4,472.3,396.5,78.7,350.1,88.5,234.6,270.4,39.5,468.3,471.9,314.9,337.3,363.7,346.2,348.4,111.8,283.4,285.7,223.5,315.9,247.3,497.6,309.1,364.2,265.5,449.0,379.7,291.4,372.2,272.2,293.9,349.8,0.0,290.7,274.9,291.6,189.8,227.9,1476.8,338.3,329.2,217.8
XZ,457.4,473.0,497.7,60.6,584.3,521.2,592.6,502.1,477.6,410.6,210.3,498.6,384.4,246.8,521.6,489.3,451.9,177.8,484.1,517.3,330.0,327.7,149.5,440.2,243.2,367.8,458.7,212.0,41.4,189.7,559.7,231.9,209.1,109.1,209.4,198.1,478.3,250.4,281.3,265.0,410.6,16.5,235.7,442.7,470.9,237.7,505.9,529.2,416.8,125.9,475.4,473.3,513.3,458.7,204.2,518.9,442.3,237.1,490.5,481.6,528.6,254.8,524.5,508.0,383.4,186.8,410.7,384.5,530.5,502.1,343.3,226.1,259.6,496.2,388.4,464.6,491.5,154.6,571.3,234.7,442.8,225.1,112.0,448.1,469.2,477.0,314.0,473.8,207.7,139.7,368.6,290.0,548.8,552.4,410.6,461.0,452.9,343.1,444.1,347.1,191.2,359.5,174.5,25.1,155.1,497.0,137.3,479.9,24.6,444.5,492.2,187.6,467.9,328.8,370.2,178.0,297.6,0.0,225.9,365.4,221.9,178.9,1550.3,434.0,240.2,241.4
YB,417.6,464.1,476.3,155.2,571.8,506.2,580.1,489.6,456.2,398.1,106.4,486.1,371.9,276.1,497.7,467.9,439.4,203.0,473.7,504.8,308.6,315.5,201.6,418.8,221.8,346.4,446.2,134.5,176.9,168.3,542.2,110.4,79.4,194.5,188.0,134.1,468.8,229.0,259.9,255.7,389.2,206.6,214.3,430.3,458.4,160.2,493.4,507.8,395.4,174.3,451.5,460.8,491.9,437.3,128.0,506.4,418.4,86.4,478.0,466.6,516.1,177.3,524.3,484.6,370.9,141.7,398.2,374.8,518.0,480.7,321.9,275.7,261.1,481.2,375.9,452.6,479.0,201.9,558.8,8.8,421.4,277.2,168.4,423.6,427.1,470.4,292.6,461.3,186.3,128.1,344.7,266.1,536.3,539.9,389.2,448.5,440.4,330.6,422.7,325.7,176.9,347.0,70.6,213.8,140.8,482.0,189.4,467.4,206.5,422.6,479.7,163.7,446.5,294.1,355.2,230.1,273.7,206.4,0.0,352.9,200.5,75.0,1401.1,412.6,98.7,277.7
YK,323.9,370.4,382.6,433.1,484.4,362.1,456.2,468.0,362.5,376.5,430.7,464.5,71.3,206.1,404.0,374.2,417.8,322.5,452.1,483.2,316.3,77.2,300.8,325.1,382.5,112.1,145.6,396.0,454.8,329.0,454.8,512.3,427.0,319.2,348.7,483.5,324.7,389.7,299.2,185.7,295.5,445.0,375.0,323.4,436.8,421.7,406.0,414.1,301.7,452.2,357.8,160.2,398.2,343.6,489.6,484.8,324.7,457.5,456.4,342.7,428.7,438.8,502.7,390.9,84.1,475.9,97.6,304.8,389.1,387.0,293.5,231.5,191.1,337.1,305.9,358.9,457.4,479.8,471.4,455.1,327.7,219.0,342.3,123.0,405.5,383.0,268.2,160.7,285.6,406.0,251.0,365.4,448.9,452.5,295.5,147.9,418.8,275.5,329.0,301.3,454.8,60.2,394.9,487.3,418.7,460.4,313.0,344.8,436.9,401.0,360.3,462.8,352.8,193.5,54.6,262.7,317.6,462.1,446.3,0.0,361.2,399.3,1580.3,318.9,500.6,207.7
YL,329.9,376.4,388.6,204.7,490.4,368.1,462.2,381.1,368.5,360.5,202.3,415.2,301.5,365.4,410.0,380.2,428.0,115.3,405.2,433.9,220.9,312.1,270.3,331.1,21.2,258.7,321.6,167.6,226.4,43.8,460.8,283.9,198.6,229.9,63.5,255.1,330.7,78.3,172.2,385.8,301.5,222.6,63.6,329.4,427.9,193.3,412.0,420.1,307.7,223.8,363.8,336.2,404.2,349.6,261.2,431.9,330.7,229.1,405.8,348.7,434.7,210.4,440.4,396.9,367.5,247.5,275.5,316.9,395.1,393.0,234.2,344.4,380.4,343.1,318.0,364.9,384.7,251.4,477.4,226.7,333.7,345.9,119.9,299.0,420.7,389.0,204.9,336.7,98.6,177.6,257.0,178.4,454.9,458.5,301.5,323.9,350.3,463.9,335.0,238.0,226.4,343.6,166.5,263.3,190.3,451.5,258.1,350.8,214.5,416.2,366.3,234.4,358.8,419.8,318.2,298.8,186.0,239.7,217.9,349.5,0.0,170.9,1441.2,324.9,272.2,362.2
YQ,370.6,417.1,429.3,108.2,531.1,408.8,502.9,421.8,409.2,448.7,31.3,536.7,342.2,283.0,450.7,420.9,490.0,156.0,524.3,555.4,261.6,366.1,187.9,371.8,174.8,299.4,362.3,87.5,129.9,121.3,501.5,161.0,27.6,147.5,141.0,158.6,371.4,182.0,212.9,303.4,342.2,159.6,167.3,370.1,509.0,113.2,452.7,460.8,348.4,127.3,404.5,376.9,444.9,390.3,164.7,472.6,371.4,58.1,528.6,389.4,475.4,130.3,481.1,437.6,421.5,151.0,316.2,357.6,435.8,433.7,274.9,262.0,298.0,383.8,358.7,405.6,425.4,154.9,518.1,98.3,374.4,263.5,121.4,339.7,477.7,429.7,245.6,377.4,139.3,81.1,297.7,219.1,495.6,499.2,342.2,364.6,391.0,381.2,375.7,278.7,129.9,397.6,4.4,166.8,93.8,532.6,175.7,391.5,159.5,473.2,407.0,137.9,399.5,366.9,358.9,216.4,226.7,159.4,95.0,403.5,153.5,0.0,1481.9,365.6,149.3,279.8
YX,1569.4,1615.9,1628.1,1532.8,1640.2,1607.6,1741.6,1651.1,1608.0,1559.6,1486.5,1647.6,1541.0,1583.0,1649.5,1619.7,1600.9,1449.2,1635.2,1666.3,1534.6,1551.6,1508.5,1570.6,1509.2,1498.2,1561.1,1514.6,1554.5,1455.7,1609.7,1476.9,1482.8,1502.9,1475.4,1500.6,1570.2,1516.4,1485.9,1562.6,1541.0,1564.8,1501.7,1591.8,1619.9,1540.3,1595.7,1659.6,1547.2,1554.4,1603.3,1575.7,1643.7,1589.1,1494.5,1667.9,1570.2,1491.0,1639.5,1628.1,1584.5,1557.4,1685.8,1636.4,1607.0,1508.2,1515.0,1581.7,1679.5,1632.5,1547.9,1582.6,1568.0,1582.6,1582.8,1604.4,1640.5,1582.0,1627.2,1413.3,1573.2,1584.1,1469.0,1538.5,1588.6,1572.7,1518.6,1576.2,1412.3,1508.2,1496.5,1492.1,1604.7,1608.3,1541.0,1563.4,1601.9,1637.5,1574.5,1551.7,1557.0,1583.1,1450.7,1591.4,1520.9,1643.5,1496.3,1628.9,1556.7,1584.1,1641.2,1530.2,1598.3,1601.0,1557.7,1537.0,1499.7,1581.9,1404.5,1589.0,1487.9,1455.1,0.0,1564.4,1465.2,1584.6
ZA,143.7,155.2,212.0,355.3,423.7,301.4,395.5,314.4,147.3,293.8,352.9,348.5,191.3,230.4,223.8,203.6,361.3,244.7,338.5,367.2,330.1,268.4,325.1,40.7,304.7,148.5,211.4,318.2,377.0,251.2,394.1,434.5,349.2,374.5,270.9,405.7,264.0,311.9,281.4,210.0,82.8,367.2,297.2,262.7,361.2,343.9,345.3,198.9,17.3,374.4,187.2,226.0,183.0,130.9,411.8,365.2,112.0,379.7,339.1,282.0,368.0,361.0,373.7,220.3,289.3,398.1,165.3,298.5,328.4,206.8,287.2,255.8,215.4,276.4,299.6,188.3,318.0,402.0,410.7,377.3,157.1,243.3,264.5,188.8,354.0,322.3,261.9,226.5,207.8,328.2,123.8,287.6,388.2,391.8,82.8,213.7,283.6,360.4,158.4,295.0,377.0,265.4,317.1,409.5,340.9,384.8,337.3,284.1,359.1,349.5,299.6,385.0,182.2,292.9,208.0,287.0,295.2,384.3,368.5,277.5,283.4,321.5,1503.4,0.0,422.8,232.0
ZH,590.6,606.2,630.9,178.8,613.0,552.1,621.3,530.8,610.8,439.3,181.2,527.3,417.8,315.1,657.0,627.2,480.6,282.5,512.8,546.0,388.1,356.4,242.8,493.6,296.6,453.9,487.4,209.3,200.5,243.1,588.4,11.6,177.5,222.1,267.5,35.3,507.0,308.5,339.4,296.9,464.0,234.2,289.1,471.4,499.6,235.0,534.6,667.1,470.2,200.8,608.6,506.7,646.5,512.1,29.2,547.6,497.9,185.7,519.2,512.5,557.3,252.1,553.2,641.2,412.1,46.6,444.1,410.7,559.2,635.3,396.7,321.6,307.0,522.4,417.1,597.8,520.2,229.5,600.0,108.0,576.0,318.4,243.2,481.5,497.9,505.7,372.1,502.5,261.1,134.4,504.0,345.6,577.5,585.8,464.0,489.7,481.6,371.8,577.3,400.5,99.2,388.2,145.4,241.4,119.0,523.2,230.6,508.6,234.1,473.2,520.9,64.9,601.1,357.5,401.1,271.3,353.2,236.6,99.2,394.1,275.3,149.8,1442.3,487.4,0.0,318.9
ZX,282.7,329.2,341.4,215.7,443.2,320.9,415.0,333.9,321.3,323.1,317.8,368.0,220.0,47.8,362.8,333.0,364.4,209.6,358.0,386.7,208.5,163.6,93.0,283.9,269.6,211.5,294.3,283.1,237.4,216.1,413.6,344.7,314.1,185.8,235.8,310.9,283.5,276.8,191.4,27.4,254.3,247.7,262.1,282.2,383.4,308.8,364.8,372.9,260.5,239.8,316.6,308.9,357.0,302.4,317.0,384.7,283.5,344.6,358.6,301.5,387.5,325.9,393.2,349.7,219.0,303.3,246.3,197.0,347.9,345.8,185.7,73.2,32.8,295.9,198.1,317.7,337.5,267.4,430.2,342.2,286.5,11.3,229.4,271.7,352.1,341.8,160.4,309.4,172.7,255.2,209.8,249.4,407.7,411.3,254.3,296.6,303.1,255.6,287.8,193.5,304.0,195.1,282.0,274.3,267.9,407.0,105.2,303.6,239.6,347.6,319.1,300.4,311.6,164.4,203.3,104.4,209.8,264.8,333.4,201.0,248.3,286.4,1468.3,277.7,357.7,0.0
